index,label,pred,score,logit,ssim,text_score,text_logit,image_score,image_logit
0,1,1,0.9999018,9.228116,0.722679615020752,0.99933016,7.307687,0.99972945,8.214862
1,1,1,0.999902,9.230547,0.7518451809883118,0.9998265,8.659018,0.9998704,8.951156
2,0,0,7.4304895e-05,-9.507259,0.6254051327705383,8.576899e-06,-11.6664295,0.00022256041,-8.4100895
3,1,1,0.999835,8.709487,0.6691939830780029,0.99996793,10.347232,0.00016548496,-8.706465
4,0,0,0.00011014229,-9.113627,0.5261998176574707,3.8770246e-05,-10.157819,0.9998161,8.600746
5,0,0,7.432644e-05,-9.506969,0.7541322112083435,1.0278039e-05,-11.485491,0.00017533601,-8.648631
6,0,0,8.956456e-05,-9.320461,0.6510049700737,0.029633645,-3.4887633,0.00025328697,-8.280734
7,1,0,4.9699174e-05,-9.909472,1.0,3.0645944e-05,-10.39298,0.7836866,1.2872808
8,1,1,0.999902,9.230547,0.8952653408050537,0.99997866,10.754592,0.9998492,8.799883
9,0,0,7.430256e-05,-9.507291,0.6942775845527649,1.3619937e-05,-11.203962,0.00023241655,-8.366747
10,1,1,0.9998908,9.12226,0.5373644232749939,0.9820576,4.0024815,0.9999186,9.415469
11,1,1,0.999902,9.230547,0.49076682329177856,0.9999486,9.876711,0.99988794,9.097013
12,1,1,0.999902,9.230547,0.7022958397865295,0.9999894,11.44876,0.99983084,8.68492
13,0,0,7.4343385e-05,-9.506742,0.5295981764793396,1.5858208e-05,-11.051807,0.00014209746,-8.858855
14,0,0,0.03510809,-3.3135846,1.0,0.38568535,-0.46548533,0.01690964,-4.062817
15,1,1,0.99990153,9.225692,0.5384381413459778,0.9990767,6.986723,0.9998579,8.858973
16,0,0,7.438763e-05,-9.506146,0.6789749264717102,0.00028369855,-8.167315,0.00028617884,-8.1586075
17,1,1,0.999902,9.230547,0.6475788354873657,0.9997583,8.327435,0.99976724,8.365502
18,1,1,0.9999052,9.263948,0.6203051209449768,0.99998,10.821364,0.5139285,0.055728316
19,1,1,0.9999018,9.228116,0.677627444267273,0.9995895,7.7977004,0.9998933,9.14513
20,1,0,6.9281996e-05,-9.577256,1.0,0.00017438862,-8.65405,0.9296031,2.5806084
21,0,0,7.426275e-05,-9.507827,0.7089515328407288,3.3622724e-05,-10.300275,0.0003405293,-7.9846687
22,0,0,7.428145e-05,-9.507575,0.7959935665130615,5.7619877e-06,-12.064222,0.00027295158,-8.205943
23,1,1,0.9998349,8.708765,0.524682879447937,0.9997919,8.477152,0.00017907919,-8.627503
24,0,0,7.436068e-05,-9.506509,0.6695063710212708,0.00016882957,-8.686452,0.00024231462,-8.325031
25,0,0,7.428329e-05,-9.50755,0.9052045941352844,5.026461e-05,-9.898159,0.00030924304,-8.081074
26,0,0,0.0013952571,-6.5732803,0.7398141622543335,0.23637195,-1.1726743,0.00022476712,-8.400221
27,0,1,0.9999298,9.563889,1.0,0.9999752,10.603349,0.17575942,-1.5453464
28,0,0,7.4295975e-05,-9.50738,0.626325249671936,1.2571073e-05,-11.2841,0.0002462136,-8.309065
29,1,1,0.99983513,8.71021,0.7731428146362305,0.99998665,11.227935,0.00028387335,-8.166698
30,1,1,0.9998348,8.708043,0.6362026333808899,0.9995889,7.796234,0.0002277669,-8.38696
31,0,1,0.9999007,9.217252,1.0,0.9580711,3.1289473,0.15335818,-1.7085015
32,1,0,6.847424e-05,-9.5889845,1.0,0.00011342415,-9.084263,0.92735195,2.5467064
33,0,0,7.206614e-05,-9.537854,0.7518754601478577,1.5409556e-05,-11.080507,0.4917777,-0.032892376
34,1,1,0.999902,9.230547,0.6345531344413757,0.99998534,11.128027,0.99987936,9.022377
35,1,1,0.999902,9.230547,0.8179818391799927,0.99995625,10.038069,0.9998621,8.889148
36,0,0,0.00011017862,-9.113297,0.7340067625045776,2.4651616e-05,-10.610643,0.9998665,8.920969
37,1,1,0.9999007,9.217252,0.7200095653533936,0.9975957,6.0281,0.99986804,8.932628
38,0,0,7.431114e-05,-9.507175,0.6367653608322144,8.798398e-06,-11.640932,0.00020859629,-8.474901
39,0,0,7.426183e-05,-9.507839,0.7031760215759277,0.000109604065,-9.118526,0.0004118532,-7.7944317
40,1,1,0.99983525,8.710934,0.7543291449546814,0.99998665,11.227232,0.0003079482,-8.085271
41,0,0,7.4319636e-05,-9.507061,0.7458572387695312,4.9022114e-05,-9.92319,0.00022598726,-8.394806
42,0,0,7.4321055e-05,-9.507042,0.6908445358276367,6.9905855e-06,-11.870939,0.00018453189,-8.597504
43,1,1,0.999907,9.282998,0.8345847129821777,0.9997708,8.380672,0.4699676,-0.12027417
44,1,0,8.88445e-05,-9.328534,1.0,9.767916e-05,-9.233725,0.9711665,3.5169585
45,1,1,0.999198,7.127624,0.6956005096435547,0.8455029,1.6997561,0.00025505575,-8.273773
46,0,0,7.427203e-05,-9.507702,0.7747747302055359,4.7534006e-05,-9.954018,0.00033232025,-8.009079
47,1,1,0.9999052,9.263948,0.9359400272369385,0.9998429,8.7584,0.5069113,0.027646735
48,0,1,0.9999212,9.448552,1.0,0.9922971,4.858427,0.1419828,-1.7989182
49,0,0,8.785827e-05,-9.339698,0.7614492177963257,0.026891584,-3.5886822,0.0001999719,-8.517134
50,1,1,0.9999063,9.275334,0.6109439134597778,0.99996877,10.373367,0.5587996,0.23629163
51,1,0,0.00010074301,-9.202837,1.0,0.00019217876,-8.556892,0.98838824,4.4440594
52,1,1,0.999835,8.709487,0.7073563933372498,0.9999876,11.29793,0.00015978221,-8.741539
53,1,0,7.095963e-05,-9.5533285,1.0,0.00015776597,-8.75424,0.9342256,2.6534882
54,0,1,0.99986565,8.914936,1.0,0.9951267,5.3191175,0.0296566,-3.4879653
55,0,0,7.186677e-05,-9.540625,0.6701390743255615,1.5315587e-05,-11.086624,0.45613712,-0.17590368
56,0,0,7.431376e-05,-9.50714,0.6537135243415833,7.29528e-06,-11.828276,0.00020136384,-8.510196
57,1,1,0.999835,8.709487,0.7291067242622375,0.9999863,11.194128,0.00020640613,-8.485458
58,1,1,0.99970055,8.113251,0.6211555600166321,0.9245129,2.5053055,0.00022323812,-8.407048
59,1,1,0.99983525,8.710934,0.7977331876754761,0.99999,11.516258,0.0002949802,-8.128307
60,0,0,7.427245e-05,-9.507696,0.6955813765525818,1.3641891e-05,-11.202352,0.0003004181,-8.110035
61,1,1,0.99983513,8.71021,0.5954925417900085,0.9999831,10.98324,0.00023212688,-8.367994
62,1,1,0.9997509,8.297456,0.6459734439849854,0.8931532,2.1233616,0.99988306,9.054047
63,1,1,0.999902,9.230547,0.6070442795753479,0.99997985,10.811404,0.9998596,8.870492
64,1,0,5.022992e-05,-9.8988495,1.0,6.111163e-05,-9.702747,0.759222,1.1484189
65,1,1,0.9998348,8.708043,0.7665185928344727,0.9995771,7.768058,0.00027534814,-8.197199
66,0,1,0.9999299,9.565588,1.0,0.99955684,7.721134,0.27426898,-0.9730701
67,0,0,7.4396434e-05,-9.506028,0.7295793890953064,0.0002503311,-8.292476,0.00023585436,-8.35206
68,0,0,7.5303695e-05,-9.493906,0.5910637378692627,0.0025353103,-5.9749007,0.00030995763,-8.078765
69,1,0,9.757322e-05,-9.23481,1.0,3.4849672e-05,-10.264432,0.9842727,4.136504
70,1,1,0.99983513,8.71021,0.7123385667800903,0.99998546,11.135883,0.00026141753,-8.24913
71,1,1,0.999902,9.230547,0.585357666015625,0.99989414,9.153437,0.999897,9.18087
72,1,0,5.707917e-05,-9.771014,1.0,1.11529525e-05,-11.403795,0.29383162,-0.8768468
73,0,1,0.9998666,8.922061,1.0,0.9893449,4.531009,0.035666592,-3.2972226
74,0,1,0.999915,9.372819,1.0,0.99992955,9.560015,0.10527249,-2.139967
75,0,0,7.4303265e-05,-9.507281,0.8441483974456787,2.689146e-05,-10.523675,0.0002427991,-8.323033
76,1,1,0.999902,9.230547,0.4643957316875458,0.9999826,10.959198,0.9998448,8.771031
77,0,1,0.99989283,9.140995,1.0,0.9999069,9.282055,0.059228774,-2.7652926
78,0,1,0.9733931,3.5996168,1.0,0.6451242,0.5976751,0.1252932,-1.9432322
79,0,0,0.000110140485,-9.113644,0.5611228346824646,1.04634755e-05,-11.467609,0.9998337,8.702032
80,0,0,7.43054e-05,-9.507253,0.5745253562927246,8.799296e-06,-11.64083,0.00022175506,-8.413715
81,0,0,0.00011035243,-9.111721,0.6899372339248657,0.00045689262,-7.690605,0.99975806,8.326631
82,0,1,0.99991953,9.427592,1.0,0.9942624,5.154974,0.34591994,-0.63702255
83,1,0,4.9302467e-05,-9.917487,1.0,8.437102e-06,-11.682863,0.20440568,-1.3589828
84,1,1,0.9998344,8.70588,0.5955397486686707,0.99934226,7.32608,0.00015212134,-8.79068
85,0,1,0.9999211,9.447041,1.0,0.9999435,9.781077,0.6806472,0.7567478
86,1,1,0.9999056,9.26773,0.8441158533096313,0.99998426,11.056876,0.5438641,0.17590843
87,0,1,0.9995167,7.6344423,1.0,0.85968417,1.812669,0.045451455,-3.0445936
88,1,1,0.9998952,9.163495,0.5762549638748169,0.9884431,4.4488506,0.9998264,8.658097
89,1,1,0.99983513,8.71021,0.6834583282470703,0.99997485,10.589752,0.00024155478,-8.328173
90,1,1,0.999902,9.230547,0.7495594024658203,0.99996006,10.127609,0.9998685,8.936161
91,0,1,0.99987817,9.012747,1.0,0.99998426,11.057604,0.039405536,-3.193646
92,1,1,0.999902,9.230547,0.6752839088439941,0.99999,11.511341,0.99987066,8.953491
93,1,1,0.99983513,8.71021,0.7586535811424255,0.99997234,10.493873,0.00027551147,-8.196606
94,1,0,5.8266756e-05,-9.750421,1.0,7.196466e-06,-11.841913,0.8890595,2.08117
95,1,1,0.9998265,8.659107,0.8063517212867737,0.99106544,4.7088614,0.00043740319,-7.7342176
96,1,1,0.99981457,8.592648,0.5647050142288208,0.98120785,3.9553473,0.00014246255,-8.856289
97,1,1,0.9998925,9.137663,0.5970067977905273,0.98424673,4.1348295,0.9998306,8.683471
98,1,1,0.999902,9.230547,0.760141909122467,0.9999895,11.459617,0.9998671,8.92548
99,0,0,7.4309646e-05,-9.507195,0.5928798317909241,1.2521884e-05,-11.28802,0.00021540839,-8.4427595
100,1,1,0.9998349,8.708765,0.6590036153793335,0.9998223,8.635157,0.00021684197,-8.436125
101,0,0,7.510805e-05,-9.496508,0.7300018072128296,0.001960996,-6.23234,0.00021134301,-8.461817
102,0,0,7.145615e-05,-9.546355,0.6331442594528198,1.0625178e-05,-11.452273,0.5130142,0.0520685
103,1,1,0.9999019,9.229331,0.6597172617912292,0.9997341,8.23209,0.99988174,9.042475
104,1,1,0.999902,9.230547,0.5714899897575378,0.99994504,9.808091,0.99987066,8.952962
105,1,1,0.9999014,9.224482,0.4467199742794037,0.99890876,6.8193207,0.9998734,8.974088
106,0,0,7.455602e-05,-9.503885,0.4794045686721802,0.0005495148,-7.505925,0.00014904555,-8.81111
107,1,1,0.999835,8.709487,0.5831795930862427,0.99998474,11.089605,0.00019443326,-8.545227
108,1,1,0.999902,9.230547,0.610558807849884,0.9999684,10.362326,0.9998994,9.203918
109,1,1,0.999902,9.230547,0.7962363362312317,0.9999747,10.585833,0.9998641,8.90377
110,0,1,0.99977976,8.420576,1.0,0.9034672,2.2363567,0.5199946,0.08002111
111,1,1,0.99983513,8.71021,0.7535048127174377,0.99998796,11.323236,0.00024853583,-8.299675
112,0,0,0.000110155306,-9.113509,0.7010067105293274,2.6477635e-05,-10.539184,0.9998392,8.735308
113,1,1,0.9998349,8.708765,0.6019638776779175,0.99992263,9.466858,0.0001343097,-8.915228
114,0,1,0.99993134,9.586209,1.0,0.99912137,7.0362997,0.2037431,-1.363062
115,1,1,0.9998317,8.689454,0.6756265759468079,0.996472,5.6434984,0.00020657093,-8.48466
116,0,1,0.9999112,9.328912,1.0,0.99997485,10.592559,0.4288499,-0.2865451
117,0,1,0.9992755,7.229312,1.0,0.8056719,1.4221283,0.27241614,-0.98239845
118,1,1,0.999902,9.230547,0.7670814394950867,0.9999869,11.243908,0.9998847,9.068156
119,0,0,7.434388e-05,-9.506735,0.776578426361084,3.902765e-05,-10.151201,0.00016221323,-8.726437
120,1,1,0.999835,8.709487,0.5395102500915527,0.999908,9.293539,0.0001869864,-8.584288
121,1,1,0.9995065,7.6134405,0.8259369730949402,0.8808298,2.0003114,0.00031225363,-8.0713825
122,1,1,0.999902,9.230547,0.748886227607727,0.9999641,10.233706,0.99983895,8.734098
123,1,1,0.9998349,8.708765,0.6544110178947449,0.9998312,8.686505,0.00019598,-8.537302
124,1,1,0.999835,8.709487,0.7088380455970764,0.99996734,10.328482,0.00019028175,-8.566814
125,1,1,0.9998348,8.708043,0.6806304454803467,0.9997002,8.111819,0.00020478808,-8.49333
126,1,1,0.999902,9.230547,0.8537794947624207,0.9999838,11.028131,0.9998764,8.9986925
127,0,0,7.43543e-05,-9.506595,0.5001488327980042,2.271373e-05,-10.692518,0.0001237115,-8.997435
128,1,1,0.999902,9.230547,0.6882442831993103,0.9999784,10.742735,0.9998851,9.071543
129,1,1,0.9999075,9.28814,0.6156821846961975,0.99993443,9.632771,0.46575168,-0.13720813
130,1,1,0.9999019,9.229331,0.6315933465957642,0.9998141,8.589643,0.9999099,9.314073
131,1,0,5.538763e-05,-9.801099,1.0,3.330475e-05,-10.309777,0.8725859,1.9240183
132,0,0,7.4316806e-05,-9.507099,0.7207942605018616,6.164176e-06,-11.99675,0.00019329166,-8.551117
133,1,1,0.9999019,9.229331,0.59869784116745,0.9997199,8.180307,0.9998896,9.11124
134,0,0,7.434352e-05,-9.50674,0.7022470831871033,7.6890225e-05,-9.473055,0.00019740418,-8.53006
135,0,0,7.433976e-05,-9.50679,0.49526676535606384,7.347843e-06,-11.821096,0.00014257834,-8.855476
136,1,0,9.7202865e-05,-9.238613,1.0,7.475985e-06,-11.803807,0.9837834,4.1053743
137,0,1,0.9999318,9.593178,1.0,0.99997234,10.497232,0.9116528,2.333985
138,0,1,0.99993587,9.654463,1.0,0.9999788,10.758314,0.8739498,1.9363427
139,1,1,0.99990547,9.266467,0.821298360824585,0.9999893,11.446723,0.5420632,0.1686514
140,0,0,7.431574e-05,-9.507113,0.5721709728240967,9.2775745e-06,-11.587901,0.00019852142,-8.524415
141,0,0,7.1650684e-05,-9.543636,0.88909912109375,2.0467889e-05,-10.796633,0.4491636,-0.20405065
142,1,1,0.99983513,8.71021,0.6722617149353027,0.9999821,10.93369,0.00029703128,-8.121376
143,1,1,0.999902,9.230547,0.5568881034851074,0.99998724,11.265369,0.99988234,9.047297
144,1,1,0.999902,9.230547,0.6317081451416016,0.99996793,10.347128,0.9998797,9.025801
145,1,1,0.9999021,9.231764,0.6732437014579773,0.9999751,10.598719,0.9998053,8.54343
146,0,1,0.99992454,9.491839,1.0,0.9999732,10.525387,0.9459131,2.861559
147,0,0,7.42806e-05,-9.5075865,0.7031171917915344,3.1162006e-05,-10.37628,0.00029794255,-8.118312
148,1,1,0.999902,9.230547,0.8689519762992859,0.9999794,10.788099,0.99985695,8.852461
149,0,0,0.00011033465,-9.111882,0.6131928563117981,0.00023485307,-8.356316,0.9998938,9.150018
150,1,1,0.99983406,8.703722,0.8279998302459717,0.99883896,6.757276,0.00024846382,-8.299965
151,1,1,0.99989104,9.124446,0.5680216550827026,0.9761979,3.713892,0.478629,-0.08553611
152,0,1,0.99993587,9.654463,1.0,0.99730945,5.9152937,0.84620273,1.7051234
153,1,0,0.00011078429,-9.107815,1.0,0.06405121,-2.6818779,0.9223818,2.4751582
154,0,0,7.421878e-05,-9.508419,0.45726698637008667,1.5736212e-05,-11.05953,0.00042391222,-7.76556
155,1,1,0.99983513,8.71021,0.5837243795394897,0.99996984,10.408544,0.0002986877,-8.115813
156,0,1,0.99984217,8.753815,1.0,0.9344497,2.657139,0.52133745,0.08540153
157,1,1,0.9928693,4.936192,1.0,0.69316417,0.8149539,0.80990726,1.4494077
158,1,1,0.9999058,9.270258,0.8928620219230652,0.99996495,10.257583,0.4916867,-0.033256248
159,0,0,7.4281306e-05,-9.507577,0.5546748042106628,1.1051752e-05,-11.41291,0.0002779456,-8.187807
160,0,0,7.095963e-05,-9.5533285,0.8786734938621521,9.480852e-06,-11.566227,0.4336452,-0.266994
161,0,0,7.442836e-05,-9.505599,0.6199066042900085,0.00028615072,-8.158706,0.00019640387,-8.535141
162,1,1,0.999835,8.709487,0.6125614047050476,0.99998295,10.976421,0.00020646006,-8.485197
163,1,0,8.3466104e-05,-9.390986,1.0,0.00053145294,-7.5393643,0.9614462,3.2163868
164,1,1,0.999835,8.709487,0.6115583181381226,0.9999149,9.371891,0.00019638253,-8.53525
165,1,1,0.999835,8.709487,0.6287683248519897,0.9998926,9.138936,0.0002090112,-8.472914
166,1,1,0.99983525,8.710934,0.8539739847183228,0.9999908,11.59458,0.00031783857,-8.053649
167,1,1,0.99983513,8.71021,0.6398395299911499,0.99999225,11.768657,0.0002232541,-8.406977
168,0,0,7.43341e-05,-9.506866,0.802780270576477,7.571998e-05,-9.488393,0.00021736197,-8.433729
169,1,1,0.99990547,9.266467,0.6744365096092224,0.9999746,10.57926,0.5015436,0.0061744153
170,0,0,7.428095e-05,-9.507582,0.8318626880645752,2.106038e-05,-10.768096,0.00028789687,-8.15262
171,1,1,0.999902,9.230547,0.711489737033844,0.99997926,10.7825,0.9998777,9.008698
172,0,1,0.98170567,3.9827,1.0,0.6538849,0.63616,0.8113042,1.4585068
173,0,0,7.4336014e-05,-9.506841,0.6033018827438354,2.1755515e-05,-10.735621,0.00016427455,-8.713807
174,1,1,0.9264821,2.5338655,0.6431448459625244,0.6065276,0.43273953,0.08767395,-2.3423727
175,1,1,0.99983513,8.71021,0.5972935557365417,0.999992,11.730822,0.00021472716,-8.445928
176,0,1,0.99993587,9.654463,1.0,0.9996786,8.042437,0.8730654,1.9283385
177,0,0,7.429584e-05,-9.507381,0.7505461573600769,5.5088035e-06,-12.109158,0.00024017277,-8.333912
178,1,1,0.9999018,9.228116,0.6835824847221375,0.99952066,7.6425977,0.99986804,8.933319
179,1,1,0.99983513,8.71021,0.7981755137443542,0.99999154,11.686226,0.00023928247,-8.337626
180,1,1,0.999835,8.709487,0.6124151945114136,0.99997926,10.785631,0.00020693267,-8.48291
181,1,1,0.999835,8.709487,0.7216034531593323,0.99990773,9.290542,0.00024939343,-8.296229
182,1,1,0.999835,8.709487,0.5303833484649658,0.999979,10.773646,0.000147435,-8.821976
183,0,0,7.4293e-05,-9.50742,0.7303045988082886,2.7894532e-05,-10.487052,0.00026689513,-8.228388
184,0,0,0.00011006438,-9.114335,0.5669053196907043,5.105138e-06,-12.185258,0.99975246,8.30392
185,1,1,0.999835,8.709487,0.6203526258468628,0.99998915,11.429552,0.00015737278,-8.756736
186,0,0,7.432155e-05,-9.507035,0.6614732146263123,5.4607346e-05,-9.815288,0.00022662812,-8.3919735
187,0,0,0.00047012142,-7.6620493,0.6305923461914062,0.1716425,-1.574031,0.51338917,0.0535696
188,1,0,9.074916e-05,-9.307321,1.0,0.000102393744,-9.186583,0.97421014,3.6316447
189,0,0,7.432183e-05,-9.507031,0.7532759308815002,0.0005913475,-7.432515,0.00071698765,-7.2397346
190,1,1,0.99983513,8.71021,0.7975783348083496,0.99996126,10.158874,0.00028087856,-8.177307
191,1,1,0.999835,8.709487,0.7050992846488953,0.9999919,11.719363,0.00020068609,-8.513568
192,0,0,7.525947e-05,-9.4944935,0.5738142728805542,0.0024014327,-6.0292854,0.00028333312,-8.168604
193,0,1,0.9999343,9.630585,1.0,0.9999261,9.512691,0.78434503,1.2911692
194,1,1,0.999902,9.230547,0.545394778251648,0.9999709,10.445261,0.99985254,8.821541
195,1,1,0.999835,8.709487,0.7414141297340393,0.99993205,9.596288,0.00018364847,-8.6023035
196,1,0,9.994365e-05,-9.210804,1.0,0.0022093893,-6.1128273,0.985796,4.239925
197,1,0,6.7477034e-05,-9.603656,1.0,2.5251076e-05,-10.5866165,0.924488,2.5049477
198,0,0,7.4316944e-05,-9.507097,0.8092392683029175,0.00014964094,-8.807122,0.00032371227,-8.035332
199,1,0,0.00230945,-6.068434,1.0,0.26854807,-1.0020015,0.7876606,1.3108813
200,1,1,0.999835,8.709487,0.570465624332428,0.9999845,11.076237,0.00015644947,-8.762621
201,1,1,0.999902,9.230547,0.49711209535598755,0.9999615,10.1662245,0.9998018,8.526302
202,1,1,0.999902,9.230547,0.6890138983726501,0.9999846,11.086266,0.9998796,9.025074
203,1,1,0.9998354,8.711658,0.6863736510276794,0.9999651,10.261684,0.00042261241,-7.7686324
204,0,1,0.99993193,9.594928,1.0,0.9999896,11.472695,0.23081504,-1.2037147
205,1,1,0.999902,9.230547,0.7219732999801636,0.9999529,9.963217,0.9998497,8.802671
206,1,1,0.99983513,8.71021,0.762625515460968,0.9999881,11.337895,0.00023675643,-8.348242
207,0,1,0.99992955,9.560498,1.0,0.994193,5.14287,0.23312117,-1.1907704
208,0,0,0.00011271835,-9.090506,0.6587470769882202,0.004020221,-5.51239,0.9998228,8.637707
209,0,0,0.000110216344,-9.112955,0.5997673273086548,2.3924764e-05,-10.640573,0.99990916,9.307005
210,1,1,0.99983466,8.707321,0.6326307058334351,0.99963486,7.914776,0.00018105087,-8.616551
211,1,1,0.9999076,9.28943,0.7668869495391846,0.99983,8.679558,0.4627887,-0.14912096
212,0,1,0.99991274,9.346518,1.0,0.9996381,7.9238043,0.4148271,-0.3440455
213,0,0,7.428889e-05,-9.507475,0.7147142887115479,1.3255841e-05,-11.231059,0.0002629995,-8.243095
214,0,1,0.9999281,9.540396,1.0,0.99998915,11.435994,0.16191481,-1.6440494
215,0,0,7.433523e-05,-9.506851,0.6237760782241821,1.0854327e-05,-11.430936,0.00015602654,-8.765328
216,0,0,7.433842e-05,-9.506808,0.7147971987724304,3.8220216e-05,-10.172108,0.0001737256,-8.65786
217,0,0,7.4276555e-05,-9.507641,0.7877960801124573,6.042732e-06,-12.016648,0.00028429722,-8.165206
218,0,1,0.9999263,9.515823,1.0,0.9829244,4.052879,0.7803565,1.2677454
219,0,0,7.43056e-05,-9.50725,0.7673247456550598,1.2168885e-05,-11.316616,0.00022410933,-8.403152
220,0,1,0.99992037,9.438018,1.0,0.99998796,11.322422,0.12249694,-1.9689944
221,0,0,7.433842e-05,-9.506808,0.6938841938972473,0.00016466709,-8.71142,0.00028879195,-8.149515
222,0,0,7.4339485e-05,-9.506794,0.6199885010719299,4.6593477e-06,-12.27663,0.00014075043,-8.8683815
223,1,1,0.999833,8.697277,0.5647258758544922,0.9976896,6.0680094,0.00028159717,-8.174751
224,0,0,7.43431e-05,-9.506745,0.6473300457000732,8.060314e-06,-11.72855,0.0001357184,-8.904793
225,1,1,0.999835,8.709487,0.7352824211120605,0.99993217,9.597834,0.00020765112,-8.479444
226,0,0,7.162773e-05,-9.543957,0.672185480594635,8.827724e-05,-9.33494,0.44776347,-0.20971128
227,1,1,0.9999052,9.263948,0.6972012519836426,0.9999628,10.200137,0.53274107,0.13115206
228,0,0,7.427748e-05,-9.507628,0.8253985643386841,7.1951554e-06,-11.842095,0.00028314086,-8.169283
229,1,1,0.999902,9.230547,0.7268415093421936,0.9999722,10.490139,0.9998379,8.726809
230,0,0,7.435111e-05,-9.506638,0.4151395261287689,0.00012020467,-9.026195,0.00021961117,-8.423432
231,0,1,0.9999366,9.665678,1.0,0.9999683,10.359879,0.8576745,1.7961075
232,1,0,8.6491236e-05,-9.355381,1.0,5.6495453e-05,-9.781294,0.9672596,3.3858552
233,1,1,0.9999019,9.229331,0.6841428279876709,0.9997181,8.174047,0.9998822,9.046902
234,0,1,0.9999124,9.342427,1.0,0.9752592,3.6742501,0.9429098,2.8043382
235,0,1,0.99988854,9.1017275,1.0,0.97317004,3.591041,0.085082844,-2.3752081
236,0,1,0.9999218,9.456146,1.0,0.9987301,6.6675534,0.68896484,0.7952843
237,0,1,0.9999311,9.582743,1.0,0.99970704,8.135363,0.91530836,2.3802438
238,0,0,0.0012378484,-6.693142,1.0,0.2287211,-1.2155468,0.37448508,-0.51302314
239,0,1,0.9999305,9.574128,1.0,0.9999374,9.678177,0.26686403,-1.0105919
240,0,0,7.431319e-05,-9.507148,0.6763619184494019,1.2442807e-05,-11.294355,0.00020721184,-8.481562
241,0,1,0.99979323,8.483704,1.0,0.9519398,2.9860492,0.014409717,-4.225338
242,1,1,0.999835,8.709487,0.6905378103256226,0.99996316,10.209787,0.00016705689,-8.697009
243,0,0,7.422551e-05,-9.508328,0.9481081366539001,1.1082266e-05,-11.410153,0.00040441405,-7.812667
244,1,1,0.999902,9.230547,0.6504613757133484,0.9999901,11.527859,0.9998945,9.157056
245,0,0,7.149737e-05,-9.545778,0.6826794147491455,4.70632e-05,-9.963972,0.44483167,-0.22157545
246,1,1,0.99990606,9.272793,0.8127982020378113,0.9999883,11.353258,0.55503196,0.22102322
247,1,0,8.401391e-05,-9.384444,1.0,0.004926789,-5.308129,0.9583694,3.136398
248,1,1,0.999902,9.230547,0.7538065910339355,0.99995375,9.980965,0.9998741,8.979722
249,1,1,0.99983513,8.71021,0.7423738837242126,0.99997795,10.721847,0.0002226678,-8.409607
250,1,1,0.99983513,8.71021,0.7419838905334473,0.99996924,10.388617,0.0002400395,-8.334467
251,0,1,0.9999219,9.457672,1.0,0.99974316,8.266953,0.3482942,-0.62654567
252,1,1,0.9999021,9.231764,0.854405403137207,0.99998784,11.314986,0.99979764,8.505287
253,1,1,0.9998286,8.6712055,0.7358767986297607,0.9934842,5.0269876,0.00016859808,-8.687824
254,0,0,0.000110209,-9.113022,0.8721528053283691,0.00012150237,-9.015455,0.99983275,8.695739
255,1,1,0.999902,9.230547,0.6492157578468323,0.99996626,10.29577,0.99987566,8.992151
256,0,1,0.9999193,9.424633,1.0,0.9987834,6.710479,0.12077831,-1.9850804
257,0,0,0.35334462,-0.6043697,1.0,0.48169595,-0.07324891,0.40912664,-0.36757708
258,1,1,0.9999052,9.263948,0.6393305063247681,0.9999484,9.871948,0.52926934,0.11721131
259,0,0,7.430972e-05,-9.5071945,0.7316171526908875,4.2413667e-06,-12.370621,0.00020761686,-8.479609
260,1,1,0.9999019,9.229331,0.43429067730903625,0.99986196,8.887933,0.9999175,9.403261
261,0,1,0.9813457,3.962849,0.7030783295631409,0.6781077,0.7450888,0.00026761112,-8.225708
262,1,1,0.9999021,9.231764,0.7173439264297485,0.9999893,11.444835,0.99975055,8.296139
263,0,1,0.9998568,8.851332,1.0,0.96301776,3.2596354,0.054027762,-2.8627152
264,1,1,0.99983513,8.71021,0.6134804487228394,0.9999895,11.462949,0.00024871386,-8.298959
265,0,0,0.00011001443,-9.114789,0.6404017210006714,7.9101e-06,-11.747362,0.9996946,8.09331
266,1,1,0.99983513,8.71021,0.6535184383392334,0.9999763,10.648376,0.00023358485,-8.361732
267,0,1,0.9998536,8.829097,1.0,0.99709904,5.839781,0.016770326,-4.071232
268,1,1,0.999835,8.709487,0.7163999080657959,0.9998785,9.015985,0.0002275006,-8.38813
269,1,1,0.999902,9.230547,0.715781569480896,0.99997735,10.696533,0.99984336,8.761505
270,0,0,7.434778e-05,-9.506682,0.7052181363105774,0.00019570846,-8.538689,0.00029579294,-8.125555
271,0,0,7.4281736e-05,-9.507571,0.7896173596382141,2.874667e-05,-10.45696,0.00029323556,-8.134241
272,0,0,7.430993e-05,-9.507192,0.7902262806892395,1.7677889e-05,-10.943178,0.0002195377,-8.423767
273,0,1,0.9999268,9.522317,1.0,0.99994373,9.784676,0.15329221,-1.7090096
274,1,1,0.9999021,9.231764,0.6394062638282776,0.99393433,5.0990343,0.5451759,0.18119794
275,1,1,0.9998217,8.631991,0.6946978569030762,0.9870129,4.3307276,0.00020079748,-8.513013
276,0,1,0.9999057,9.268993,1.0,0.9999348,9.638174,0.49504718,-0.019811958
277,0,1,0.999821,8.627986,1.0,0.9189142,2.4276853,0.58941174,0.36153406
278,1,1,0.999835,8.709487,0.6145290732383728,0.99998665,11.227887,0.00018866033,-8.575374
279,0,0,7.430568e-05,-9.507249,0.7580944895744324,9.520881e-06,-11.562014,0.00022159758,-8.414426
280,1,1,0.999902,9.230547,0.7528102993965149,0.9999931,11.883405,0.99985623,8.847632
281,1,1,0.999835,8.709487,0.6382632851600647,0.9999901,11.517598,0.00019570418,-8.538711
282,1,1,0.9999021,9.231764,0.684659481048584,0.9999232,9.474893,0.99973375,8.230837
283,1,1,0.99982613,8.657047,0.6937347650527954,0.9910014,4.701644,0.0002316524,-8.370041
284,1,0,7.492985e-05,-9.498883,0.6963039040565491,0.0015900567,-6.4423943,0.00026659656,-8.229507
285,0,1,0.99989116,9.125541,1.0,0.99883705,6.755664,0.057854276,-2.7902327
286,0,1,0.99982554,8.653625,1.0,0.91813076,2.4172168,0.4263598,-0.29671878
287,0,0,7.436919e-05,-9.506394,0.45422589778900146,6.065765e-05,-9.710204,0.0001247266,-8.989262
288,1,1,0.999902,9.230547,0.7734163403511047,0.9999814,10.895505,0.9998869,9.087479
289,1,1,0.99983513,8.71021,0.619013249874115,0.9999894,11.454737,0.00025177372,-8.286728
290,0,0,7.5880154e-05,-9.4862795,0.6167619824409485,0.003749435,-5.5823936,0.00017122213,-8.672378
291,1,1,0.999902,9.230547,0.6494857668876648,0.9999479,9.861454,0.99983716,8.722527
292,0,0,7.429165e-05,-9.507438,0.7439033389091492,1.5280748e-05,-11.0889015,0.0002584358,-8.260605
293,0,0,0.00011018272,-9.11326,0.8448639512062073,1.21000785e-05,-11.322287,0.9998797,9.025658
294,1,0,0.15629649,-1.6860464,0.5628241896629333,0.4316306,-0.2752015,0.9999074,9.287447
295,0,0,7.7759505e-05,-9.461812,0.6013062000274658,0.007938591,-4.828049,0.00011891083,-9.037018
296,1,1,0.9489161,2.9218504,0.6133942604064941,0.6332682,0.5462632,0.000149905,-8.805359
297,0,1,0.9997993,8.513555,1.0,0.9017002,2.2162604,0.6515263,0.6257549
298,0,0,7.4926924e-05,-9.498922,0.8421359658241272,0.0015454834,-6.470872,0.00023171096,-8.369788
299,0,0,0.00011015457,-9.113516,0.4904257357120514,1.9210578e-05,-10.86003,0.99984336,8.761923
300,1,1,0.9999051,9.2626915,0.656274676322937,0.999936,9.656245,0.51761854,0.07050341
301,1,1,0.99983394,8.703004,0.6578473448753357,0.9988109,6.7333374,0.00020929537,-8.471555
302,1,1,0.999902,9.230547,0.830871045589447,0.99999297,11.867521,0.9998423,8.754684
303,1,1,0.9998964,9.174938,0.6474428772926331,0.9903743,4.633649,0.9998996,9.206467
304,1,0,4.97605e-05,-9.908239,1.0,5.4432392e-05,-9.818497,0.7782505,1.2554998
305,1,1,0.999835,8.709487,0.7007006406784058,0.9997887,8.461953,0.00028571044,-8.160246
306,1,0,5.069033e-05,-9.889725,1.0,0.00101207,-6.894745,0.75458914,1.1232394
307,0,1,0.99990547,9.266467,1.0,0.99998546,11.138626,0.5028582,0.011432871
308,1,1,0.99983525,8.710934,0.8178789615631104,0.9999695,10.395331,0.00030794615,-8.085278
309,1,0,0.000107640066,-9.13661,0.4284685552120209,0.09036041,-2.3092422,0.12293148,-1.964958
310,0,1,0.99992526,9.501364,1.0,0.994054,5.1190796,0.29895133,-0.8522965
311,1,1,0.9998006,8.520111,0.4611988663673401,0.9709348,3.508718,0.00014180916,-8.860887
312,1,1,0.999835,8.709487,0.8856998085975647,0.99991417,9.363228,0.0002272049,-8.389431
313,1,1,0.99988854,9.1017275,0.7141740322113037,0.97885656,3.8350546,0.9998914,9.127472
314,1,1,0.999902,9.230547,0.555821418762207,0.99997807,10.726173,0.9998704,8.950774
315,1,1,0.99983513,8.71021,0.7708410620689392,0.99998,10.818586,0.00026219833,-8.246147
316,0,0,0.00011015246,-9.113535,0.6823787689208984,1.5408998e-05,-11.0805435,0.9998437,8.764109
317,1,1,0.999902,9.230547,0.576871395111084,0.99997604,10.638611,0.9998814,9.039173
318,0,0,7.43604e-05,-9.506513,0.5810339450836182,0.00014591446,-8.832344,0.00022197464,-8.412725
319,1,1,0.999902,9.230547,0.6438695788383484,0.99998295,10.98177,0.9998901,9.115938
320,1,1,0.9998349,8.708765,0.6724377870559692,0.99987864,9.016311,0.000164239,-8.714024
321,0,1,0.9999083,9.297202,1.0,0.99997246,10.498438,0.088024884,-2.3379931
322,0,1,0.9998822,9.046585,1.0,0.99900717,6.913915,0.04526256,-3.0489562
323,0,0,7.4507894e-05,-9.504531,0.6360535025596619,0.0004821077,-7.636861,0.00019573087,-8.538574
324,0,0,7.432417e-05,-9.507,0.7216381430625916,1.0392757e-05,-11.474391,0.00018065202,-8.618757
325,1,0,6.9516274e-05,-9.57388,1.0,8.5013795e-05,-9.372612,0.41085774,-0.3604207
326,0,0,8.602575e-05,-9.360778,0.7588593363761902,0.02393787,-3.7080646,0.00029292595,-8.135298
327,0,0,0.00057520875,-7.460202,0.6488154530525208,0.18615644,-1.4751809,0.00024352872,-8.320032
328,1,1,0.999902,9.230547,0.6436802744865417,0.99988365,9.058907,0.9997874,8.455958
329,1,1,0.99983513,8.71021,0.7483745813369751,0.9999894,11.458475,0.00023992693,-8.334936
330,0,0,7.099462e-05,-9.552835,0.7242984771728516,7.2702073e-06,-11.831718,0.43432808,-0.26421413
331,0,1,0.9999027,9.237874,1.0,0.999589,7.7965508,0.07676203,-2.487177
332,1,1,0.99983513,8.71021,0.5747238993644714,0.9999839,11.040222,0.00023060609,-8.374569
333,1,1,0.999835,8.709487,0.629555344581604,0.99980325,8.5335455,0.00031021956,-8.07792
334,1,1,0.9998342,8.704441,0.6796737909317017,0.999084,6.9945607,0.00021473493,-8.445891
335,0,1,0.9998715,8.9593935,1.0,0.99977964,8.419763,0.03196286,-3.4106958
336,0,0,0.00011017799,-9.113303,0.7104352116584778,1.4773515e-05,-11.12266,0.9998727,8.96861
337,1,1,0.99983525,8.710934,0.8006666898727417,0.999987,11.248649,0.00032651421,-8.0267105
338,0,0,8.0473845e-05,-9.427498,0.853766918182373,0.0136353215,-4.2813625,0.00015971002,-8.741991
339,0,0,7.9885875e-05,-9.434832,1.0,0.014123681,-4.245678,0.9398727,2.7492795
340,0,1,0.99993265,9.605492,1.0,0.9998753,8.989679,0.9058316,2.2637687
341,1,1,0.99983513,8.71021,0.56522536277771,0.9999535,9.9764385,0.00023290081,-8.364665
342,1,1,0.999835,8.709487,0.642504096031189,0.9999747,10.584777,0.00017085845,-8.674504
343,0,0,0.00011617573,-9.06029,0.7727421522140503,0.009006037,-4.7008133,0.9998215,8.630741
344,0,0,7.428591e-05,-9.507515,0.8216649889945984,9.058833e-06,-11.611761,0.0002657753,-8.232594
345,1,1,0.9998983,9.193524,0.6654465794563293,0.99337125,5.0096903,0.99985707,8.85337
346,1,1,0.99983454,8.7066,0.6221923828125,0.9992823,7.2387066,0.00027380048,-8.202837
347,1,1,0.999835,8.709487,0.6048688888549805,0.99997973,10.809341,0.00015697007,-8.759298
348,0,0,0.002057599,-6.184156,0.7560451030731201,0.25644252,-1.0645416,0.00017091563,-8.67417
349,0,1,0.9998715,8.9593935,1.0,0.9940724,5.1221905,0.036751587,-3.26613
350,1,1,0.999902,9.230547,0.5812942385673523,0.9999845,11.071427,0.999877,9.003089
351,1,1,0.999835,8.709487,0.6450897455215454,0.99998116,10.877619,0.00020949481,-8.470602
352,1,1,0.9999019,9.229331,0.6813844442367554,0.99976,8.334269,0.9998135,8.586951
353,0,0,7.425036e-05,-9.507994,0.6785999536514282,4.156104e-06,-12.390928,0.000341891,-7.9806767
354,1,0,4.981296e-05,-9.907186,1.0,5.9512862e-05,-9.729259,0.8022092,1.4001598
355,0,0,7.42891e-05,-9.507472,0.7081116437911987,9.436768e-06,-11.570888,0.00025892557,-8.258711
356,0,1,0.99987376,8.977179,1.0,0.9918697,4.803999,0.041297004,-3.1447914
357,0,0,7.428237e-05,-9.507563,0.6309874057769775,1.00268035e-05,-11.510239,0.0002745795,-8.199995
358,1,1,0.99990034,9.213656,0.7832289338111877,0.99693775,5.7855244,0.99987626,8.997068
359,0,0,7.432701e-05,-9.506962,0.5258549451828003,1.1764028e-05,-11.350452,0.00017543316,-8.648077
360,1,1,0.999902,9.230547,0.7916146516799927,0.9999907,11.591908,0.9998996,9.206994
361,1,1,0.999835,8.709487,0.5563517212867737,0.99997294,10.5170555,0.00015745338,-8.756224
362,1,1,0.999835,8.709487,0.8261305689811707,0.99992585,9.509665,0.00024854532,-8.299637
363,1,0,0.019675897,-3.9084888,1.0,0.3613893,-0.5693392,0.020539237,-3.864665
364,1,1,0.9999019,9.229331,0.6761023998260498,0.9997583,8.327642,0.99988246,9.049225
365,1,1,0.9998349,8.708765,0.7929554581642151,0.99973816,8.2476845,0.00022581645,-8.395562
366,0,1,0.9998523,8.820177,1.0,0.99955815,7.724211,0.013839828,-4.2662683
367,1,0,6.0047536e-05,-9.720314,1.0,1.9582312e-05,-10.840864,0.8974449,2.1691513
368,0,0,7.435395e-05,-9.506599,0.501115620136261,1.4442127e-05,-11.145347,0.00011695904,-9.05357
369,0,1,0.9999312,9.584475,1.0,0.99992466,9.4940605,0.1945221,-1.4208901
370,1,1,0.999835,8.709487,0.5393009185791016,0.9999113,9.330585,0.0001818462,-8.612167
371,1,1,0.999835,8.709487,0.7408680319786072,0.9999862,11.184868,0.00019347275,-8.55018
372,0,0,9.497818e-05,-9.261768,0.6758999824523926,0.037436076,-3.2469656,0.00015254285,-8.787912
373,1,1,0.999902,9.230547,0.6457129120826721,0.9999776,10.708181,0.9998815,9.040482
374,1,1,0.999902,9.230547,0.7834088206291199,0.9999825,10.952976,0.99982184,8.632786
375,1,1,0.999835,8.709487,0.8722250461578369,0.99968994,8.078225,0.000356398,-7.939106
376,1,0,7.685914e-05,-9.473459,1.0,0.048041187,-2.986463,0.70016605,0.8480886
377,0,1,0.99993503,9.641535,1.0,0.9993412,7.324401,0.88231945,2.0145805
378,0,0,7.4319e-05,-9.50707,0.6328859329223633,2.3672912e-05,-10.651155,0.00020433404,-8.49555
379,1,1,0.999902,9.230547,0.5506734251976013,0.9999902,11.535187,0.99986863,8.937351
380,1,1,0.999902,9.230547,0.7714911699295044,0.9999838,11.02813,0.99987423,8.981012
381,1,1,0.9999019,9.229331,0.7108451128005981,0.99960953,7.847602,0.99981385,8.588696
382,0,1,0.9999343,9.630585,1.0,0.9998561,8.846552,0.78437227,1.2913301
383,0,0,7.807097e-05,-9.457814,0.4759005904197693,0.008657628,-4.740619,0.0001620685,-8.727329
384,1,1,0.999902,9.230547,0.6519134044647217,0.99990237,9.233732,0.99991,9.315672
385,0,0,7.432687e-05,-9.506964,0.6192323565483093,8.761624e-06,-11.645121,0.00017308109,-8.661577
386,0,1,0.9999299,9.565588,1.0,0.9999839,11.0345955,0.1764653,-1.5404813
387,0,0,0.00011013703,-9.113675,0.7827939987182617,8.169369e-06,-11.715111,0.99983144,8.688047
388,1,1,0.999835,8.709487,0.5677109360694885,0.99998546,11.137786,0.00016818191,-8.690296
389,1,1,0.99983513,8.71021,0.745705246925354,0.99998736,11.282248,0.00023822353,-8.342063
390,1,1,0.9999021,9.231764,0.5592238903045654,0.99997675,10.667078,0.99980754,8.555506
391,1,1,0.99991,9.3155775,0.7839037179946899,0.9999653,10.26819,0.6019172,0.41345984
392,0,1,0.99986875,8.93828,1.0,0.99997175,10.474623,0.028899116,-3.5146194
393,0,0,7.913692e-05,-9.444252,0.5353222489356995,0.0109529365,-4.5031343,0.00020010235,-8.516481
394,0,1,0.9999274,9.530495,1.0,0.9999777,10.711546,0.9343937,2.6562257
395,1,0,5.0216124e-05,-9.899124,1.0,0.0007687012,-7.170039,0.7663744,1.1879511
396,0,0,7.428591e-05,-9.507515,0.6928060054779053,1.7317336e-05,-10.963785,0.00027345718,-8.204092
397,0,0,7.431376e-05,-9.50714,0.7126848101615906,1.1740179e-05,-11.352482,0.00020530522,-8.490808
398,0,0,0.00011016045,-9.113462,0.7484889626502991,1.8794606e-05,-10.881922,0.9998503,8.806726
399,1,1,0.999835,8.709487,0.6936936974525452,0.9999708,10.442316,0.00020935704,-8.47126
400,0,0,7.4278396e-05,-9.507616,0.6243416666984558,6.1173505e-06,-12.004375,0.00028009398,-8.180105
401,1,1,0.999902,9.230547,0.6992990970611572,0.9999478,9.859148,0.9998511,8.811993
402,1,0,9.350261e-05,-9.277428,1.0,0.00012485345,-8.988245,0.9783919,3.8128414
403,0,0,7.430808e-05,-9.507216,0.5935447216033936,2.2214617e-05,-10.714738,0.00022769676,-8.387268
404,1,1,0.99991596,9.384104,0.7190331220626831,0.9999758,10.630653,0.39227974,-0.4377395
405,0,0,7.430504e-05,-9.507257,0.7182215452194214,9.422398e-06,-11.572412,0.00022288658,-8.408625
406,0,0,9.859232e-05,-9.224419,0.7482515573501587,0.042260017,-3.120735,0.00022803331,-8.385791
407,0,0,0.39108256,-0.4427641,0.760144054889679,0.49901977,-0.0039207786,0.00025941088,-8.256838
408,1,1,0.9998325,8.694426,0.7025863528251648,0.99736816,5.937418,0.00016474121,-8.71097
409,0,0,0.00011056552,-9.109792,0.6259461045265198,0.0006435611,-7.34785,0.99986434,8.905397
410,1,1,0.999835,8.709487,0.8268430829048157,0.9999726,10.503578,0.00016973882,-8.68108
411,0,0,7.431085e-05,-9.507179,0.6406046152114868,6.48527e-06,-11.945971,0.00020718576,-8.481688
412,1,1,0.99983513,8.71021,0.7688218355178833,0.9999645,10.246485,0.00030194223,-8.104973
413,0,0,7.426459e-05,-9.507802,0.8208869099617004,3.866468e-05,-10.160545,0.00034107518,-7.9830666
414,1,1,0.542187,0.16915002,1.0,0.51306957,0.0522902,0.6622597,0.67338055
415,0,1,0.9999181,9.409969,1.0,0.9999819,10.92104,0.66067773,0.6663158
416,1,1,0.9999021,9.231764,0.8525186777114868,0.99998903,11.416345,0.9997924,8.479826
417,1,1,0.999902,9.230547,0.4932670295238495,0.9999764,10.6550865,0.9998561,8.846534
418,0,1,0.99989974,9.207693,1.0,0.986634,4.3015842,0.57896817,0.31853896
419,0,0,7.433636e-05,-9.506836,0.6242658495903015,1.830981e-05,-10.908055,0.0001601767,-8.739073
420,1,1,0.99882907,6.7487826,0.5638534426689148,0.82094955,1.5227944,0.00018276524,-8.607125
421,1,1,0.999835,8.709487,0.7433251738548279,0.99997795,10.721886,0.00020205005,-8.506793
422,0,0,0.049238708,-2.960583,1.0,0.39952978,-0.4074248,0.11855127,-2.0062213
423,0,0,0.000110189125,-9.113202,0.705857515335083,2.6058971e-05,-10.555122,0.99987733,9.005917
424,0,0,7.434466e-05,-9.506724,0.5865174531936646,2.2109218e-05,-10.719494,0.00014504041,-8.838353
425,0,0,7.42578e-05,-9.507894,0.9362778067588806,1.1768539e-05,-11.350069,0.00033193652,-8.010235
426,0,0,7.776522e-05,-9.461739,0.7429825663566589,0.008059742,-4.8127813,0.00022735899,-8.388753
427,0,1,0.9999294,9.558808,1.0,0.99763036,6.042636,0.1823649,-1.5004065
428,1,1,0.9998348,8.708043,0.4681936204433441,0.9998104,8.570494,0.00010047084,-9.205543
429,0,0,0.00011107403,-9.105203,0.7847975492477417,0.0014108972,-6.5621176,0.9998877,9.094557
430,1,1,0.99990535,9.265207,0.7197352051734924,0.9999813,10.883787,0.5386935,0.1550839
431,1,1,0.9998342,8.704441,0.7258349657058716,0.9989768,6.8838134,0.00020928998,-8.4715805
432,1,1,0.9998349,8.708765,0.7287874817848206,0.999665,8.0012,0.0002588967,-8.258822
433,1,1,0.99990106,9.2208605,0.666269838809967,0.99811804,6.273532,0.9998499,8.804392
434,0,1,0.99986815,8.933748,1.0,0.99987483,8.986315,0.028335618,-3.534891
435,0,1,0.9999088,9.302418,1.0,0.9997619,8.342687,0.59139794,0.3697474
436,0,1,0.9999299,9.565588,1.0,0.99997616,10.641573,0.17715506,-1.5357424
437,1,1,0.999902,9.230547,0.7063943147659302,0.9999889,11.409198,0.9999206,9.441196
438,1,1,0.999835,8.709487,0.7117321491241455,0.99998593,11.169697,0.00020571965,-8.4887905
439,0,1,0.9998627,8.892993,1.0,0.94107175,2.7706983,0.62200135,0.49805158
440,1,1,0.99983466,8.707321,0.6410834193229675,0.9995079,7.616249,0.00023459124,-8.357431
441,0,0,0.00012600451,-8.979067,0.4381173551082611,0.07004472,-2.5860026,0.00019063696,-8.564949
442,1,1,0.99983513,8.71021,0.8537377119064331,0.9999889,11.407424,0.00021021794,-8.467155
443,0,0,0.00012374985,-8.997125,0.6571142673492432,0.068257675,-2.6137664,0.0003506274,-7.9554358
444,1,1,0.9999019,9.229331,0.5866224765777588,0.999711,8.148668,0.9999105,9.321036
445,1,1,0.999902,9.230547,0.6186536550521851,0.9999858,11.167135,0.9998828,9.051989
446,0,0,7.426027e-05,-9.50786,0.7720639705657959,2.3901617e-05,-10.641541,0.0003373533,-7.9940424
447,0,0,0.000100519035,-9.205063,0.63495934009552,0.044690274,-3.0622797,0.0002656618,-8.233021
448,0,0,7.425949e-05,-9.507871,0.8642870783805847,4.024651e-05,-10.120447,0.00035406367,-7.9456797
449,1,1,0.99980956,8.566,0.7935011386871338,0.97709626,3.7532883,0.00033998466,-7.98627
450,0,0,7.431929e-05,-9.507066,0.7356464266777039,1.2748072e-05,-11.270118,0.00019375667,-8.548714
451,0,0,0.000110131674,-9.113724,0.7686473727226257,8.381542e-06,-11.68947,0.9998254,8.653107
452,0,1,0.9998443,8.767506,1.0,0.99992836,9.54352,0.007084269,-4.942769
453,0,1,0.99993575,9.652605,1.0,0.9999558,10.027142,0.8037314,1.4097809
454,1,1,0.9999021,9.231764,0.6810526847839355,0.9999846,11.081482,0.9997547,8.31288
455,1,1,0.999902,9.230547,0.5467457175254822,0.99996793,10.346055,0.9999335,9.618059
456,0,1,0.99985933,8.868975,1.0,0.99935657,7.3481045,0.020221537,-3.8805783
457,0,0,7.4314536e-05,-9.50713,0.6529670357704163,1.2616364e-05,-11.280503,0.00020440164,-8.495219
458,0,0,7.205322e-05,-9.5380335,0.6231905221939087,5.566324e-05,-9.796135,0.46362156,-0.14577134
459,0,0,7.432977e-05,-9.506925,0.7595773339271545,1.20134055e-05,-11.329475,0.00016942706,-8.682919
460,0,1,0.99993503,9.641535,1.0,0.99960226,7.829187,0.88425577,2.0333633
461,0,0,7.4282296e-05,-9.507564,0.662975549697876,2.7637689e-05,-10.496303,0.00029109628,-8.141565
462,0,0,7.434466e-05,-9.506724,0.8449176549911499,0.00011326786,-9.085642,0.00022781336,-8.386756
463,1,1,0.999902,9.230547,0.8230130672454834,0.99991345,9.3545685,0.9998685,8.936696
464,0,0,7.4334166e-05,-9.5068655,0.5639466047286987,1.2089432e-05,-11.323167,0.00015961166,-8.742607
465,0,1,0.9999238,9.482405,1.0,0.9992447,7.1875706,0.70107484,0.8524214
466,0,0,0.00011007455,-9.114243,0.41985946893692017,1.2948957e-05,-11.254482,0.9997583,8.3274
467,0,0,9.579545e-05,-9.2532,0.6284394264221191,0.03855169,-3.216441,0.00015989286,-8.740847
468,0,0,0.0016682509,-6.39431,0.7844094038009644,0.24574012,-1.1214623,0.00029873184,-8.115665
469,0,0,7.424151e-05,-9.508113,0.71501225233078,3.0795152e-05,-10.388123,0.00038605294,-7.85915
470,1,1,0.9999,9.210074,0.6745660305023193,0.9962114,5.5719743,0.9998029,8.531377
471,1,1,0.9999052,9.263948,0.8297003507614136,0.9999492,9.88818,0.51020855,0.040839806
472,0,0,7.431645e-05,-9.507104,0.6268604397773743,2.4218944e-05,-10.628351,0.00021045962,-8.466006
473,1,1,0.99981576,8.599098,0.6822988390922546,0.98200285,3.999379,0.00026645197,-8.23005
474,1,1,0.999835,8.709487,0.6538301706314087,0.9999721,10.48598,0.00016330159,-8.7197485
475,0,1,0.9998939,9.151057,1.0,0.9999924,11.780855,0.060962487,-2.7345967
476,1,1,0.999835,8.709487,0.6579077839851379,0.99991894,9.421023,0.00017278263,-8.663303
477,1,0,6.0967268e-05,-9.705112,1.0,4.213098e-05,-10.074685,0.9013771,2.2126193
478,0,0,7.432375e-05,-9.507006,0.7002659440040588,1.6398491e-05,-11.018305,0.0001868702,-8.584909
479,1,1,0.99983346,8.700136,0.49017125368118286,0.9983525,6.4068785,0.00017157105,-8.6703415
480,0,1,0.9999367,9.66756,1.0,0.99961734,7.8681407,0.8320718,1.6003819
481,1,1,0.9998267,8.660482,0.7388989329338074,0.9915644,4.7668257,0.00021037755,-8.466396
482,0,0,7.886706e-05,-9.447668,0.8172471523284912,0.010357003,-4.5596814,0.00016719186,-8.696201
483,0,1,0.9998493,8.800198,1.0,0.9999403,9.726565,0.011053045,-4.4939346
484,1,1,0.999902,9.230547,0.8600685596466064,0.99997866,10.754093,0.9998779,9.0109215
485,1,0,6.4720145e-05,-9.645373,1.0,0.00015018384,-8.8035,0.59834665,0.39858106
486,0,0,7.432829e-05,-9.506945,0.7444958090782166,3.1096817e-05,-10.378374,0.00019011418,-8.567696
487,1,1,0.99983513,8.71021,0.6579863429069519,0.9999291,9.553133,0.00025162857,-8.287305
488,0,0,7.4251984e-05,-9.507972,0.5792748332023621,7.872645e-06,-11.752109,0.00034163165,-7.981436
489,1,1,0.999902,9.230547,0.669110894203186,0.9999795,10.794823,0.99984217,8.754087
490,1,1,0.99983513,8.71021,0.6263447999954224,0.99998057,10.85131,0.00022575339,-8.395842
491,0,0,7.4163814e-05,-9.50916,0.7709495425224304,1.4949911e-05,-11.11079,0.00054756383,-7.509484
492,0,1,0.99993646,9.6638,1.0,0.9999552,10.0123,0.81906545,1.510029
493,1,1,0.9998348,8.708043,0.662584125995636,0.99962604,7.8910413,0.00020979127,-8.469188
494,0,1,0.99993646,9.6638,1.0,0.99934274,7.3267317,0.8568893,1.7896905
495,1,1,0.999902,9.230547,0.5440014004707336,0.99997663,10.66601,0.99983656,8.719086
496,1,1,0.9998379,8.726983,1.0,0.9241387,2.4999568,0.9829747,4.0558867
497,0,1,0.999907,9.282998,1.0,0.9999871,11.261533,0.5693555,0.279222
498,1,0,9.446063e-05,-9.267233,1.0,2.1292435e-05,-10.757137,0.97988224,3.885828
499,0,0,7.430688e-05,-9.507233,0.6902040839195251,8.7508844e-05,-9.343683,0.00028996228,-8.14547
500,0,0,7.025172e-05,-9.563355,0.9507351517677307,7.618499e-06,-11.784924,0.5356703,0.14292395
501,1,1,0.999902,9.230547,0.6106658577919006,0.9999597,10.119606,0.9998518,8.817424
502,0,0,0.00011019029,-9.113192,0.835905909538269,7.777322e-06,-11.764291,0.9998914,9.12751
503,0,0,0.00011014018,-9.1136465,0.70393306016922,1.0949279e-05,-11.422226,0.9998331,8.698431
504,1,1,0.999902,9.230547,0.7380586862564087,0.9999906,11.576668,0.99986446,8.906561
505,1,1,0.9999056,9.26773,0.635942280292511,0.9999393,9.7102785,0.49629968,-0.014801547
506,0,1,0.99991536,9.377035,1.0,0.99998605,11.18115,0.3967015,-0.41922796
507,1,1,0.9998348,8.708043,0.48484936356544495,0.99977607,8.404085,0.00011896277,-9.036581
508,0,1,0.9998878,9.09533,1.0,0.930772,2.5986097,0.8155189,1.486278
509,1,1,0.99982697,8.6618595,0.860343337059021,0.99162686,4.774316,0.0003423068,-7.9794607
510,0,0,7.85662e-05,-9.45149,0.731826901435852,0.009739613,-4.6217666,0.0001848859,-8.595587
511,0,1,0.9998536,8.829097,1.0,0.99811184,6.2702546,0.015998641,-4.1191235
512,1,1,0.99983215,8.692292,0.7149713635444641,0.9969097,5.7763977,0.0002442943,-8.316893
513,1,1,0.999902,9.230547,0.5936260223388672,0.9999635,10.220211,0.99988997,9.115246
514,0,0,7.432793e-05,-9.506949,0.6652323603630066,1.5798794e-05,-11.055561,0.00017683531,-8.640115
515,0,1,0.9999299,9.565588,1.0,0.99998224,10.939575,0.92302233,2.4841387
516,0,0,0.000110156136,-9.113502,0.8011932373046875,1.4311289e-05,-11.154448,0.9998486,8.795644
517,0,0,7.435289e-05,-9.506614,0.5461502075195312,2.433338e-05,-10.623637,0.00012828154,-8.961155
518,0,1,0.9999311,9.582743,1.0,0.9888975,4.48942,0.8039653,1.4112641
519,0,0,7.431468e-05,-9.507128,0.7848528027534485,5.0717954e-06,-12.191811,0.00019719874,-8.531101
520,0,0,7.177822e-05,-9.541858,0.8306232690811157,9.426261e-06,-11.572001,0.5039941,0.015976831
521,0,0,0.00021775237,-8.431934,0.7484521269798279,0.119219996,-1.9998374,0.00032573318,-8.029106
522,1,1,0.999902,9.230547,0.529859721660614,0.99993837,9.695068,0.9998834,9.056377
523,0,0,0.094208054,-2.263304,1.0,0.41981822,-0.32351968,0.32516643,-0.73012894
524,0,0,7.431326e-05,-9.507147,0.8317309617996216,7.682983e-06,-11.776495,0.00020270921,-8.503535
525,0,1,0.9998481,8.792316,1.0,0.99992096,9.446199,0.0101676425,-4.5783253
526,1,1,0.99990773,9.290721,0.7535662055015564,0.99952984,7.661918,0.5820982,0.33139282
527,0,1,0.6473854,0.60756624,0.7919628620147705,0.54002136,0.16042882,0.00032405872,-8.034262
528,0,0,0.00012814986,-8.962182,0.5178266763687134,0.07388103,-2.5285466,0.43126464,-0.2766934
529,0,0,7.551598e-05,-9.491091,0.6796057820320129,0.0029419973,-5.8257203,0.00021804197,-8.430605
530,1,1,0.99989414,9.153308,0.7489960789680481,0.98676515,4.3115807,0.99985194,8.817762
531,0,1,0.99987197,8.963112,1.0,0.99998355,11.015069,0.032301873,-3.399795
532,0,0,0.00011010206,-9.113993,0.7533165216445923,1.9906283e-05,-10.824455,0.9997843,8.441204
533,1,1,0.999835,8.709487,0.7113341093063354,0.9999362,9.660955,0.00022808962,-8.385544
534,0,0,7.428726e-05,-9.507497,0.8154024481773376,8.25045e-06,-11.705235,0.00026205063,-8.246711
535,1,1,0.999902,9.230547,0.6888213753700256,0.999972,10.483371,0.99989057,9.120279
536,1,1,0.999902,9.230547,0.5958706736564636,0.99998605,11.178409,0.9998504,8.807457
537,0,0,0.000110136716,-9.113678,0.8113192319869995,1.1997469e-05,-11.330803,0.9998286,8.6713295
538,0,1,0.99993074,9.577565,1.0,0.99994266,9.765853,0.26270792,-1.0319413
539,1,1,0.999902,9.230547,0.6831589937210083,0.9998932,9.144536,0.9998945,9.15657
540,0,0,7.969915e-05,-9.437172,0.7984684109687805,0.01239065,-4.378345,0.0004921458,-7.6162434
541,0,0,8.5861844e-05,-9.362685,0.7242040038108826,0.023626812,-3.7214627,0.00025407257,-8.277637
542,0,0,7.430235e-05,-9.507294,0.7026940584182739,6.4924425e-06,-11.944865,0.00022643848,-8.392811
543,0,0,7.432771e-05,-9.506952,0.7214767336845398,5.752094e-06,-12.065941,0.00016837798,-8.689131
544,1,1,0.99983513,8.71021,0.7203560471534729,0.9999906,11.57726,0.00026630645,-8.230597
545,0,0,0.00015922161,-8.745054,0.7872118353843689,0.09275423,-2.2804601,0.00038389518,-7.864757
546,0,1,0.999928,9.538739,1.0,0.99664307,5.6933765,0.925116,2.513979
547,1,1,0.99983513,8.71021,0.759192168712616,0.99996924,10.388737,0.00028408234,-8.165962
548,0,1,0.9998809,9.035511,1.0,0.99673367,5.7208047,0.045530565,-3.0427718
549,0,0,0.010108659,-4.584203,0.7462820410728455,0.31099457,-0.79547375,0.9998654,8.913457
550,1,0,7.290166e-05,-9.526326,1.0,0.0031511995,-5.756816,0.5096273,0.038514018
551,1,1,0.9998336,8.700852,0.5673854947090149,0.99846774,6.4794703,0.00013436645,-8.914805
552,0,1,0.99990714,9.284282,1.0,0.9999739,10.552938,0.47093716,-0.11638236
553,1,1,0.999902,9.230547,0.6840067505836487,0.99987686,9.001877,0.9998652,8.911452
554,0,0,7.426218e-05,-9.507834,0.8052486777305603,5.8116155e-05,-9.753009,0.00036433432,-7.917074
555,1,0,7.150985e-05,-9.545604,1.0,0.000860927,-7.0566397,0.51959246,0.07841006
556,0,1,0.99984765,8.789181,1.0,0.9994436,7.493482,0.01007773,-4.5872984
557,0,0,0.010974561,-4.50114,0.7022857666015625,0.33490166,-0.68609804,0.000191813,-8.558798
558,1,1,0.99990547,9.266467,0.655336856842041,0.99996054,10.141116,0.5010842,0.0043369234
559,1,1,0.99990165,9.226904,0.6475776433944702,0.9992612,7.2097754,0.99988794,9.096958
560,0,1,0.99989414,9.153308,1.0,0.99984205,8.75324,0.06146496,-2.725853
561,1,1,0.999835,8.709487,0.590050220489502,0.99998784,11.318743,0.00016082161,-8.735054
562,1,1,0.999835,8.709487,0.6077801585197449,0.99993384,9.623274,0.00019638405,-8.535242
563,0,1,0.9999274,9.530495,1.0,0.99997234,10.493816,0.72346914,0.96173555
564,1,0,5.4117085e-05,-9.8243065,1.0,0.00052992784,-7.5422397,0.86240053,1.8353729
565,0,0,7.142079e-05,-9.54685,0.6386850476264954,0.0002338293,-8.360685,0.44122934,-0.23617446
566,1,1,0.999902,9.230547,0.7165215015411377,0.9999044,9.254686,0.99983203,8.691969
567,0,0,7.140512e-05,-9.54707,0.6954486966133118,3.4371686e-05,-10.278243,0.44273818,-0.23005666
568,0,0,7.2063944e-05,-9.537885,0.61014324426651,1.0583765e-05,-11.456179,0.49178934,-0.032845587
569,1,1,0.999902,9.230547,0.4804703891277313,0.99998677,11.233965,0.99988854,9.101573
570,0,0,7.437841e-05,-9.50627,0.7241492867469788,0.00010167685,-9.193609,0.0001409996,-8.866612
571,0,0,7.4317584e-05,-9.507089,0.6532487869262695,1.09582425e-05,-11.421408,0.00019609589,-8.536711
572,1,1,0.9999051,9.2626915,0.6544602513313293,0.9998909,9.122941,0.528988,0.11608234
573,1,0,0.00012687113,-8.972212,1.0,0.041649096,-3.1359344,0.98032147,3.9083545
574,1,0,7.03998e-05,-9.56125,1.0,4.6950237e-05,-9.966375,0.53359336,0.13457607
575,0,0,7.434324e-05,-9.506743,0.596808910369873,8.80943e-06,-11.639679,0.00013601156,-8.902635
576,0,1,0.99991024,9.318231,1.0,0.9999865,11.2185335,0.43704936,-0.25314584
577,0,0,7.429625e-05,-9.507376,0.7242790460586548,5.3485208e-05,-9.836052,0.00028279822,-8.170494
578,1,1,0.99983513,8.71021,0.7490968108177185,0.99998975,11.487675,0.00021960992,-8.423438
579,1,1,0.99983513,8.71021,0.7593012452125549,0.9999621,10.181244,0.00024377427,-8.319024
580,1,1,0.999835,8.709487,0.631115198135376,0.9999927,11.829662,0.00019272356,-8.554061
581,1,1,0.9998312,8.6866255,0.7977235317230225,0.9958424,5.4786425,0.00028322532,-8.168984
582,1,1,0.999835,8.709487,0.6616376638412476,0.99996424,10.237829,0.00018939984,-8.571461
583,0,1,0.9999317,9.591432,1.0,0.99996865,10.368339,0.20611835,-1.3484838
584,0,1,0.99990535,9.265207,1.0,0.99966073,7.9883175,0.49940562,-0.00237751
585,0,0,7.075901e-05,-9.55616,0.6538329124450684,0.00051111757,-7.5783997,0.42651594,-0.29608026
586,1,0,6.681591e-05,-9.6135025,1.0,4.520226e-05,-10.004318,0.57751346,0.31257412
587,0,1,0.9998399,8.739564,1.0,0.99861884,6.5834394,0.004645262,-5.3672514
588,1,1,0.99990153,9.225692,0.6450842618942261,0.998871,6.7853227,0.999801,8.521582
589,0,0,7.434161e-05,-9.506765,0.7425128221511841,1.2888197e-05,-11.259186,0.0001433748,-8.849905
590,0,1,0.99991703,9.396953,1.0,0.9949091,5.2751937,0.11949858,-1.9971871
591,1,1,0.999835,8.709487,0.7208501100540161,0.9997843,8.441559,0.0002667252,-8.229025
592,0,1,0.9999114,9.3316,1.0,0.99948186,7.564584,0.61616325,0.47329473
593,0,0,7.1716364e-05,-9.54272,0.7249877452850342,1.0298634e-05,-11.483489,0.50595385,0.023816586
594,0,1,0.9998423,8.75457,1.0,0.9985139,6.5101414,0.0065547037,-5.020996
595,1,0,4.941082e-05,-9.915292,1.0,1.2334633e-05,-11.303087,0.20641991,-1.346642
596,0,0,7.43487e-05,-9.50667,0.7967261672019958,0.00015495931,-8.772193,0.00025684622,-8.266776
597,1,1,0.999902,9.230547,0.5662078261375427,0.9999527,9.9579735,0.9998864,9.082455
598,1,1,0.99983513,8.71021,0.7774590849876404,0.99998057,10.850332,0.0002185965,-8.428064
599,1,1,0.99991035,9.319559,0.508689284324646,0.9999602,10.132235,0.6052675,0.4274624
600,1,0,6.342746e-05,-9.66555,1.0,1.2352843e-05,-11.301612,0.91103905,2.3263884
601,1,1,0.9999013,9.223273,0.6122713685035706,0.99854267,6.5296664,0.9998977,9.187426
602,0,0,7.42483e-05,-9.508021,0.7034537196159363,2.3425964e-05,-10.661642,0.00036391884,-7.9182158
603,0,0,0.00011010962,-9.113924,0.7221559286117554,8.2132e-06,-11.70976,0.999801,8.521661
604,1,1,0.999902,9.230547,0.8789969682693481,0.999979,10.773678,0.99986637,8.920074
605,0,1,0.99992764,9.533784,1.0,0.99987817,9.013145,0.93328583,2.6382942
606,0,0,7.632706e-05,-9.480407,0.7263992428779602,0.0048905965,-5.3155384,0.00027298514,-8.20582
607,1,1,0.99983525,8.710934,0.7985796928405762,0.9999635,10.218363,0.00034161762,-7.981477
608,0,0,9.850971e-05,-9.225257,0.4819093942642212,0.04210063,-3.12468,0.00015196852,-8.791685
609,0,1,0.9999063,9.275334,1.0,0.9999429,9.769851,0.48176143,-0.07298674
610,1,1,0.9999019,9.229331,0.6527092456817627,0.99976116,8.339305,0.99987245,8.966534
611,1,1,0.9998299,8.678885,0.7316346168518066,0.99468625,5.2321253,0.00017810224,-8.632975
612,0,0,7.570149e-05,-9.488637,0.8488090634346008,0.0034500659,-5.665906,0.00028446558,-8.164614
613,0,0,7.195263e-05,-9.539431,0.7182626724243164,0.00021413548,-8.448688,0.50084615,0.0033845603
614,1,1,0.999835,8.709487,0.7200585007667542,0.99986625,8.919917,0.0002745978,-8.199928
615,0,0,7.430256e-05,-9.507291,0.7706716060638428,2.4069097e-05,-10.634558,0.00024194339,-8.326565
616,0,0,7.4328425e-05,-9.506943,0.6793290376663208,2.7924369e-05,-10.485983,0.0001869265,-8.584608
617,0,1,0.99990976,9.312932,1.0,0.99981207,8.57914,0.6000583,0.4057083
618,0,0,7.427819e-05,-9.507619,0.7026877403259277,1.2876133e-05,-11.260122,0.00028662718,-8.157042
619,0,1,0.9998803,9.030519,1.0,0.9999794,10.791443,0.04194951,-3.1284337
620,1,1,0.999902,9.230547,0.6760953664779663,0.9999875,11.283981,0.99987423,8.980781
621,1,1,0.99983513,8.71021,0.6166995167732239,0.9999026,9.237219,0.00030207238,-8.104542
622,0,0,7.736048e-05,-9.466957,0.7719542384147644,0.007222961,-4.923241,0.00027825532,-8.186693
623,0,1,0.9998542,8.833178,1.0,0.999295,7.2566156,0.015623836,-4.1432104
624,1,0,7.880826e-05,-9.448414,1.0,0.017291335,-4.0401073,0.42935503,-0.28448308
625,0,1,0.99986327,8.897344,1.0,0.99881613,6.737769,0.024301976,-3.6925955
626,0,0,7.445861e-05,-9.505193,0.6756574511528015,0.00035948018,-7.930492,0.00019495883,-8.542527
627,1,1,0.9998988,9.198225,0.6572505235671997,0.99419135,5.142585,0.99985564,8.843129
628,1,0,5.3417054e-05,-9.837327,1.0,0.00019397403,-8.547592,0.7070825,0.88125646
629,1,1,0.99974567,8.276611,0.7860835194587708,0.9413928,2.7765026,0.0002697043,-8.217915
630,0,0,7.430526e-05,-9.507255,0.7717864513397217,1.6376549e-05,-11.019644,0.00022879576,-8.382452
631,1,1,0.9999021,9.231764,0.707435131072998,0.9999771,10.683559,0.9998006,8.52
632,1,1,0.999902,9.230547,0.66603022813797,0.9999784,10.745031,0.9998375,8.725106
633,1,1,0.9999019,9.229331,0.6851019859313965,0.99968934,8.076455,0.99982965,8.677847
634,1,1,0.999902,9.230547,0.5923348069190979,0.99998784,11.316203,0.99982005,8.622727
635,1,1,0.999902,9.230547,0.7399156093597412,0.99993634,9.661835,0.9998951,9.1626215
636,1,1,0.99983513,8.71021,0.7768009901046753,0.999951,9.923372,0.00025508544,-8.273657
637,0,0,7.451692e-05,-9.50441,0.6281548738479614,0.00052495,-7.5516825,0.00021472799,-8.445924
638,1,1,0.99912375,7.038985,0.7249588370323181,0.83955663,1.6549327,0.00024640947,-8.3082695
639,1,1,0.999835,8.709487,0.6590394973754883,0.99997234,10.49617,0.00017894416,-8.628258
640,1,0,0.03509347,-3.314016,1.0,0.37692353,-0.50262696,0.9061765,2.267819
641,0,0,7.434104e-05,-9.506773,0.6411900520324707,1.966655e-05,-10.836572,0.00015100796,-8.798027
642,0,0,7.434629e-05,-9.506702,0.7526940107345581,8.356431e-05,-9.389811,0.00019724519,-8.530866
643,0,0,7.42515e-05,-9.507978,0.7852903604507446,1.6965236e-05,-10.984327,0.00035094877,-7.9545193
644,0,0,7.4306816e-05,-9.507234,0.7588431239128113,8.30309e-06,-11.698874,0.00021800955,-8.430754
645,1,1,0.99983454,8.7066,0.6481894254684448,0.9994972,7.5947504,0.00017364875,-8.658302
646,1,0,5.4341366e-05,-9.82017,1.0,0.00019642747,-8.535021,0.69633263,0.82989454
647,1,1,0.999835,8.709487,0.7973161935806274,0.9999639,10.227354,0.00021758466,-8.432705
648,1,1,0.999902,9.230547,0.7228971719741821,0.999984,11.040876,0.9998975,9.185442
649,0,0,7.433239e-05,-9.506889,0.7986607551574707,0.000108789594,-9.125986,0.0002515127,-8.2877655
650,1,1,0.999902,9.230547,0.7328845858573914,0.99998367,11.021294,0.9998734,8.974428
651,1,0,8.381345e-05,-9.386833,1.0,0.035736118,-3.2952032,0.9173281,2.406586
652,1,1,0.999902,9.230547,0.7237288951873779,0.9999702,10.421217,0.9998963,9.173748
653,0,1,0.9998591,8.867281,1.0,0.9998053,8.543343,0.019670324,-3.9087777
654,1,1,0.999902,9.230547,0.6727054715156555,0.99998724,11.27268,0.99989116,9.125222
655,0,0,7.431843e-05,-9.507077,0.7271780371665955,7.3434294e-06,-11.821697,0.00019074332,-8.564391
656,1,1,0.999835,8.709487,0.4792298674583435,0.9999763,10.6485815,0.00014799346,-8.818194
657,1,1,0.9999018,9.228116,0.6008172035217285,0.99956614,7.742423,0.99987257,8.96788
658,1,1,0.999835,8.709487,0.775226891040802,0.999966,10.289943,0.0002116814,-8.4602165
659,1,0,7.1522474e-05,-9.545427,1.0,0.0001421525,-8.858468,0.5126991,0.05080742
660,0,1,0.999908,9.293308,1.0,0.99984634,8.780972,0.58268684,0.33381304
661,0,0,7.431078e-05,-9.50718,0.7638410329818726,5.567991e-05,-9.7958355,0.00025212974,-8.285315
662,1,1,0.999902,9.230547,0.5682723522186279,0.99998343,11.010754,0.99986017,8.874918
663,0,1,0.99993384,9.623351,1.0,0.9999876,11.2997265,0.7780416,1.2542897
664,0,0,7.427834e-05,-9.507617,0.8309463262557983,0.00011020951,-9.113017,0.0003751488,-7.8878126
665,1,1,0.99986815,8.933748,0.7683983445167542,0.9563728,3.0874667,0.9998336,8.701233
666,0,0,0.00011020501,-9.113058,0.6011376976966858,1.2413106e-05,-11.296745,0.9999045,9.25644
667,0,0,7.423089e-05,-9.508256,0.7661840319633484,3.170831e-05,-10.3589,0.00041090825,-7.7967296
668,1,1,0.9999021,9.231764,0.519256591796875,0.99998784,11.314676,0.9998066,8.550365
669,1,0,7.00179e-05,-9.5666895,1.0,0.00013433685,-8.915026,0.93170315,2.613151
670,1,1,0.999835,8.709487,0.5635140538215637,0.9999893,11.444422,0.00016485421,-8.710284
671,1,1,0.99983513,8.71021,0.769553005695343,0.9999578,10.072361,0.00029228764,-8.13748
672,0,0,7.721559e-05,-9.468832,0.8159357905387878,0.006883852,-4.971669,0.0002604905,-8.252684
673,0,1,0.99983084,8.684508,1.0,0.9811497,3.9521973,0.01128535,-4.4729004
674,0,0,7.459841e-05,-9.503317,0.5901429057121277,0.00069860474,-7.2657266,0.00019006942,-8.567931
675,0,0,7.431539e-05,-9.507118,0.41529056429862976,7.878856e-06,-11.75132,0.00019812828,-8.526398
676,1,1,0.999835,8.709487,0.6304773688316345,0.99990225,9.23265,0.000190004,-8.568275
677,0,0,7.4403244e-05,-9.505937,0.7764391303062439,0.0003189365,-8.0501995,0.00028312465,-8.16934
678,0,0,7.453163e-05,-9.504212,0.59064120054245,0.00054863555,-7.5075274,0.00020326335,-8.500805
679,1,1,0.99983525,8.710934,0.651001513004303,0.99996793,10.348362,0.00036851005,-7.905674
680,0,0,7.431659e-05,-9.507102,0.802315890789032,8.244457e-06,-11.705961,0.00019576373,-8.538406
681,1,1,0.9999021,9.231764,0.45522841811180115,0.9999863,11.200725,0.9997521,8.3021755
682,0,0,7.437934e-05,-9.506258,0.6158090233802795,0.00025890386,-8.258795,0.0002822665,-8.172377
683,0,0,7.431503e-05,-9.507123,0.8081337213516235,8.9196155e-06,-11.627249,0.00019981046,-8.517941
684,0,0,7.4422685e-05,-9.505675,0.7228429317474365,0.00022904393,-8.381368,0.00015718352,-8.757939
685,1,1,0.99983525,8.710934,0.8495222330093384,0.9999491,9.885224,0.00032808623,-8.021906
686,1,1,0.99990535,9.265207,0.7635754346847534,0.99996006,10.128977,0.5050499,0.020200223
687,0,0,7.432623e-05,-9.506972,0.5068734288215637,4.4143828e-05,-10.028013,0.00020653843,-8.4848175
688,1,1,0.999835,8.709487,0.6968629360198975,0.9999045,9.256698,0.00022473626,-8.400358
689,1,1,0.999835,8.709487,0.6948882341384888,0.9999552,10.013359,0.00021948515,-8.424006
690,0,1,0.9999124,9.342427,1.0,0.99969125,8.082677,0.0983757,-2.215404
691,1,1,0.99983513,8.71021,0.8144183158874512,0.9997147,8.161703,0.0004007851,-7.8216844
692,1,1,0.99982244,8.636012,0.6853936314582825,0.9876391,4.380784,0.00023604016,-8.351273
693,1,1,0.9998354,8.711658,0.8170259594917297,0.999959,10.101002,0.00042027183,-7.7741885
694,1,1,0.999902,9.230547,0.6356179118156433,0.99994934,9.89014,0.99984515,8.772955
695,1,1,0.9999021,9.231764,0.726067841053009,0.9999864,11.205225,0.9998147,8.593266
696,1,1,0.9999018,9.228116,0.757668673992157,0.9995295,7.6612296,0.99982256,8.636361
697,1,1,0.9999019,9.229331,0.5734245777130127,0.9995975,7.8172336,0.9998629,8.894641
698,0,0,7.430788e-05,-9.507219,0.8623256087303162,7.148613e-06,-11.848585,0.0002143896,-8.447501
699,1,1,0.999835,8.709487,0.6885837912559509,0.9999,9.210743,0.0002589357,-8.258672
700,0,0,0.00046620684,-7.670415,0.7928006649017334,0.17300439,-1.5644825,0.00016258456,-8.72415
701,1,1,0.999835,8.709487,0.4704746603965759,0.99996245,10.190679,0.00016179244,-8.729034
702,1,0,0.00016052056,-8.736928,1.0,0.11527148,-2.0379908,0.8522855,1.7526402
703,0,1,0.9991047,7.017432,1.0,0.8233004,1.5388703,0.035652228,-3.2976403
704,1,0,9.4393276e-05,-9.267946,1.0,0.0036836574,-5.6001587,0.9768028,3.740253
705,0,0,7.432815e-05,-9.506947,0.6603825092315674,6.6905595e-06,-11.914806,0.00016810976,-8.690725
706,0,1,0.99993217,9.598437,1.0,0.99998784,11.321142,0.76150197,1.1609315
707,1,1,0.9999021,9.231764,0.6019765734672546,0.999974,10.555839,0.9997999,8.51666
708,1,1,0.999902,9.230547,0.6730620265007019,0.99996364,10.223507,0.99987507,8.987614
709,1,1,0.999835,8.709487,0.8122747540473938,0.99958795,7.7939463,0.00043560768,-7.7383327
710,0,0,7.433091e-05,-9.506909,0.6910770535469055,9.045573e-06,-11.613226,0.0001640842,-8.714967
711,1,0,8.538614e-05,-9.368241,1.0,0.05606092,-2.8236227,0.87233645,1.9217768
712,1,0,9.537962e-05,-9.25755,1.0,0.000114024704,-9.078981,0.9811359,3.9514508
713,1,1,0.9999021,9.231764,0.6042088866233826,0.99996126,10.1581135,0.9997348,8.235077
714,0,1,0.9999291,9.553753,1.0,0.99998116,10.879852,0.2858459,-0.91564584
715,1,1,0.999835,8.709487,0.6513854265213013,0.9999901,11.521993,0.00018091351,-8.617311
716,1,1,0.999835,8.709487,0.7451600432395935,0.9999641,10.234056,0.00020163071,-8.508871
717,1,1,0.99940634,7.428606,0.8456207513809204,0.86674815,1.8725073,0.00031800073,-8.053139
718,0,1,0.9998878,9.09533,1.0,0.9959611,5.5077453,0.05560922,-2.832191
719,1,1,0.9999021,9.231764,0.7535030245780945,0.99998665,11.226029,0.99978274,8.433874
720,0,0,0.000110149005,-9.113566,0.8177983164787292,1.1018162e-05,-11.415955,0.9998429,8.758225
721,1,1,0.9961654,5.559847,0.6766370534896851,0.7540723,1.1204507,0.00025364294,-8.279329
722,1,1,0.99613696,5.552431,0.7378183007240295,0.75367284,1.1182977,0.00031371514,-8.066711
723,1,0,5.6774406e-05,-9.776368,1.0,2.7911188e-05,-10.486455,0.8810434,2.002348
724,1,1,0.9998211,8.628653,0.8122934103012085,0.98637646,4.2822413,0.00032295275,-8.037682
725,0,0,0.00034002305,-7.986157,0.7951347231864929,0.15207125,-1.7184474,0.0002031686,-8.501271
726,1,0,8.657854e-05,-9.354372,1.0,0.00021312619,-8.453413,0.9672746,3.3863316
727,0,0,7.436919e-05,-9.506394,0.464325875043869,0.00013029993,-8.945541,0.00018790597,-8.579381
728,0,1,0.9827808,4.044362,1.0,0.679805,0.7528758,0.009297846,-4.668631
729,0,0,7.2148585e-05,-9.536711,0.8306258320808411,1.1587699e-05,-11.365555,0.47247794,-0.110199615
730,0,0,0.2251434,-1.2359405,0.4499533474445343,0.45948857,-0.16240169,0.2654831,-1.0176618
731,0,0,0.00011020951,-9.113017,0.5231108069419861,4.9583858e-05,-9.911796,0.99988353,9.057516
732,0,0,0.00011006427,-9.114336,0.7096197009086609,8.894935e-05,-9.327354,0.99969375,8.090532
733,0,0,7.530794e-05,-9.49385,0.6399148106575012,0.0024667026,-6.0024033,0.00023610296,-8.3510065
734,0,1,0.99985766,8.857179,1.0,0.9999713,10.456512,0.018207435,-3.98755
735,0,1,0.9999337,9.621551,1.0,0.9948329,5.2602615,0.80559224,1.4216199
736,0,0,0.000106412925,-9.148077,0.6277817487716675,0.05150484,-2.9132009,0.00023184973,-8.369189
737,0,1,0.9999292,9.555435,1.0,0.99997306,10.52388,0.28457698,-0.9218701
738,1,1,0.999902,9.230547,0.9104225635528564,0.99997723,10.691513,0.9998839,9.06078
739,0,1,0.9999169,9.395516,1.0,0.9984982,6.4996095,0.38005137,-0.4893301
740,0,0,7.433899e-05,-9.506801,0.6929342150688171,4.409751e-06,-12.331688,0.00014157973,-8.862506
741,0,0,7.427649e-05,-9.507642,0.8611177206039429,2.8438097e-05,-10.467752,0.00030476783,-8.095655
742,1,1,0.99990606,9.272793,0.8062969446182251,0.999962,10.176365,0.5545437,0.21904631
743,1,1,0.99983513,8.71021,0.7519029974937439,0.99998224,10.941496,0.000256464,-8.268266
744,1,1,0.999835,8.709487,0.6077147126197815,0.99999166,11.691147,0.00019912331,-8.521387
745,1,1,0.99990606,9.272793,0.7710755467414856,0.99993575,9.653423,0.48705292,-0.05179988
746,0,0,7.571911e-05,-9.488404,0.6340726613998413,0.0034126653,-5.676843,0.00020979406,-8.469174
747,1,1,0.9998349,8.708765,0.5918694734573364,0.9999758,10.628027,0.00013277389,-8.92673
748,1,1,0.9997898,8.467119,0.44516175985336304,0.9639155,3.285142,0.0001636297,-8.717741
749,0,0,7.425659e-05,-9.50791,0.8740387558937073,8.546379e-06,-11.669994,0.00033171446,-8.010904
750,1,1,0.999902,9.230547,0.750690221786499,0.99998915,11.432288,0.9998392,8.735391
751,1,1,0.999835,8.709487,0.7441536784172058,0.99986553,8.914128,0.0002872334,-8.154928
752,0,0,7.4317155e-05,-9.507094,0.6932992339134216,1.4377005e-05,-11.149866,0.00019996199,-8.517183
753,1,1,0.99990106,9.2208605,0.5959612727165222,0.9981956,6.315714,0.9999074,9.286812
754,1,1,0.9998348,8.708043,0.7304167151451111,0.99967325,8.02585,0.00022143983,-8.415138
755,1,1,0.9998098,8.567252,0.5981518626213074,0.9774335,3.7684612,0.00016829323,-8.689634
756,0,0,7.566288e-05,-9.489147,0.6287766098976135,0.003232044,-5.7314034,0.00016421174,-8.71419
757,1,0,5.4952798e-05,-9.808981,1.0,0.013978932,-4.2561264,0.7572512,1.1376679
758,0,1,0.99993503,9.641535,1.0,0.9998622,8.889545,0.79444957,1.3519582
759,0,0,7.643616e-05,-9.478978,0.6265507340431213,0.005051313,-5.283043,0.00018678469,-8.585367
760,1,0,9.499557e-05,-9.261585,1.0,1.1422672e-05,-11.379899,0.98066485,3.926303
761,1,1,0.999902,9.230547,0.6553307771682739,0.9999572,10.0598545,0.9998542,8.83362
762,0,1,0.9998565,8.848837,1.0,0.9999745,10.574208,0.017120034,-4.0502377
763,0,1,0.9999318,9.593178,1.0,0.99996483,10.255978,0.20811154,-1.3363464
764,0,1,0.99992764,9.533784,1.0,0.99997306,10.523809,0.72525495,0.97067964
765,1,1,0.999902,9.230547,0.6154175400733948,0.9999739,10.555475,0.99989736,9.184819
766,0,1,0.9999205,9.439516,1.0,0.99968755,8.070503,0.35834014,-0.5825758
767,1,0,5.055796e-05,-9.89234,1.0,0.00042082483,-7.772873,0.8214944,1.5265055
768,1,1,0.999835,8.709487,0.7181922793388367,0.99998903,11.423319,0.00019279799,-8.553675
769,0,0,7.4309144e-05,-9.507202,0.6478713154792786,4.6616795e-05,-9.973503,0.00024749135,-8.303887
770,0,0,7.85006e-05,-9.452326,0.805075466632843,0.017105637,-4.0510936,0.42613834,-0.2976243
771,1,0,5.0907547e-05,-9.885448,1.0,2.555228e-05,-10.574759,0.2294667,-1.2113249
772,0,1,0.99993193,9.594928,1.0,0.99994636,9.832827,0.23462918,-1.1823542
773,0,0,7.43365e-05,-9.506834,0.5352426767349243,2.2355604e-05,-10.708411,0.00016375174,-8.716995
774,1,1,0.999902,9.230547,0.5835798382759094,0.99997056,10.43363,0.9998574,8.855712
775,0,0,7.432588e-05,-9.506977,0.6200236678123474,1.2882728e-05,-11.25961,0.00017907098,-8.627549
776,0,0,0.00011019312,-9.113166,0.7332492470741272,5.7220786e-06,-12.071173,0.9998958,9.169191
777,0,1,0.9998503,8.806548,1.0,0.99921894,7.15414,0.012332295,-4.383125
778,0,0,7.8726844e-05,-9.449448,0.6895010471343994,0.010083397,-4.5867305,0.00018900044,-8.573572
779,0,1,0.9999293,9.55712,1.0,0.9994505,7.5059752,0.9245989,2.5065372
780,1,1,0.99983466,8.707321,0.6689138412475586,0.9995912,7.80176,0.00018301478,-8.605761
781,1,0,8.111734e-05,-9.419533,1.0,5.801797e-05,-9.7547,0.95740724,3.112544
782,0,0,7.428931e-05,-9.507469,0.8723714351654053,2.1848164e-05,-10.731372,0.00026998963,-8.216857
783,0,1,0.999864,8.902589,1.0,0.9996068,7.8408346,0.024414152,-3.6878753
784,0,0,7.4336574e-05,-9.506833,0.6688175797462463,4.6722136e-05,-9.971246,0.0001856354,-8.59154
785,0,0,0.000110192814,-9.113169,0.5715674161911011,2.5662657e-05,-10.570448,0.9998816,9.041521
786,1,1,0.9997441,8.270535,0.6782724857330322,0.9406991,2.7639992,0.00030291823,-8.101745
787,1,1,0.99990296,9.240328,0.6445418000221252,0.9948967,5.2727604,0.5503577,0.20211618
788,0,0,7.433502e-05,-9.506854,0.7433291077613831,9.692556e-06,-11.544143,0.00015551485,-8.768614
789,1,1,0.999902,9.230547,0.668917179107666,0.9999869,11.243809,0.9998634,8.898242
790,0,0,7.435005e-05,-9.506652,0.7130874395370483,0.00013254759,-8.928436,0.0002332806,-8.363035
791,1,1,0.999902,9.230547,0.8030790090560913,0.9999405,9.7300415,0.99988425,9.064528
792,0,1,0.9999144,9.36583,1.0,0.99996305,10.206056,0.4032198,-0.3920671
793,0,1,0.9999026,9.236649,1.0,0.96536547,3.327656,0.33783925,-0.6729382
794,1,1,0.999835,8.709487,0.8028442859649658,0.9999087,9.301274,0.00019217364,-8.556919
795,1,1,0.99990153,9.225692,0.4975847005844116,0.9990503,6.958459,0.9998104,8.570366
796,1,1,0.9998354,8.711658,0.794661819934845,0.99998343,11.008655,0.0004402452,-7.7277384
797,0,1,0.99991333,9.353372,1.0,0.9999882,11.35215,0.97772276,3.781658
798,0,1,0.99990726,9.285566,1.0,0.9999398,9.717173,0.99028885,4.624718
799,0,0,7.433679e-05,-9.50683,0.7538017630577087,1.8501853e-05,-10.897621,0.00015948783,-8.743383
800,0,1,0.9995946,7.810302,0.7207184433937073,0.84510964,1.6967487,0.9610135,3.204773
801,0,1,0.9998721,8.964044,1.0,0.9946839,5.231676,0.03691805,-3.261438
802,0,1,0.999931,9.581014,1.0,0.9999633,10.212835,0.19112548,-1.4427136
803,0,0,7.432779e-05,-9.506951,0.7678325772285461,1.1594067e-05,-11.3650055,0.00017344636,-8.659469
804,1,1,0.9999056,9.26773,0.5961917638778687,0.9998965,9.176289,0.4965107,-0.013957486
805,1,0,7.712698e-05,-9.46998,1.0,8.7058215e-05,-9.348846,0.9491353,2.9263835
806,0,1,0.99993193,9.594928,1.0,0.9999901,11.519704,0.23175372,-1.1984351
807,1,0,7.073809e-05,-9.556456,1.0,1.2133761e-05,-11.319507,0.4296023,-0.28347394
808,0,0,7.116488e-05,-9.55044,0.7396461367607117,1.8289129e-05,-10.909185,0.5196188,0.07851568
809,1,1,0.999902,9.230547,0.6300634145736694,0.9999256,9.506941,0.9998647,8.908149
810,1,1,0.9999021,9.231764,0.6664719581604004,0.9999678,10.342276,0.9997583,8.327694
811,1,1,0.999902,9.230547,0.7707276344299316,0.99989104,9.124827,0.99988484,9.069593
812,0,0,7.427117e-05,-9.507713,0.5331363081932068,3.9033353e-06,-12.453675,0.0002944292,-8.1301775
813,1,1,0.99983335,8.699421,0.6192590594291687,0.99830806,6.380166,0.00014051495,-8.870056
814,1,1,0.99983513,8.71021,0.7688596248626709,0.9999883,11.361038,0.00023681628,-8.347989
815,1,1,0.999902,9.230547,0.7492372393608093,0.99996686,10.315427,0.9998652,8.911098
816,1,1,0.9998344,8.70588,0.7311078906059265,0.99938285,7.38988,0.00017606122,-8.644503
817,0,0,7.417633e-05,-9.508991,0.7940915822982788,2.6215355e-05,-10.549139,0.00052972813,-7.542617
818,1,1,0.9998344,8.70588,0.8158509731292725,0.9992525,7.1980495,0.00022033455,-8.420143
819,0,1,0.9998727,8.968715,1.0,0.9999757,10.625032,0.03305792,-3.3758774
820,0,0,0.0001285524,-8.959045,0.5800185799598694,0.024256442,-3.6945176,0.99976224,8.344115
821,1,1,0.999835,8.709487,0.7244713306427002,0.9999871,11.26059,0.00017690024,-8.639748
822,1,1,0.99983513,8.71021,0.6419695615768433,0.9999887,11.385975,0.00021718463,-8.4345455
823,0,0,7.5950455e-05,-9.485353,0.8407896757125854,0.0039476748,-5.530673,0.0002040103,-8.497136
824,0,0,0.000110148576,-9.11357,0.7536226511001587,1.6059528e-05,-11.039192,0.9998388,8.733339
825,0,0,0.00011348906,-9.083691,0.6417404413223267,0.005229285,-5.2482376,0.9997762,8.404682
826,0,1,0.99980515,8.543098,1.0,0.89714617,2.1659098,0.33748373,-0.67452776
827,1,1,0.999902,9.230547,0.5782840251922607,0.99998784,11.313253,0.9998436,8.762869
828,1,1,0.99983513,8.71021,0.7015525102615356,0.999979,10.769302,0.00022608208,-8.394386
829,1,0,5.259401e-05,-9.852856,1.0,4.525807e-05,-10.003084,0.8505074,1.7385863
830,1,1,0.999902,9.230547,0.741431713104248,0.99993265,9.604935,0.99987745,9.006737
831,1,0,5.394952e-05,-9.827408,1.0,1.11322415e-05,-11.405654,0.8623971,1.835344
832,1,1,0.999902,9.230547,0.7888859510421753,0.99999297,11.8694935,0.99986386,8.901761
833,1,1,0.9998343,8.70516,0.8557472825050354,0.99906546,6.9744544,0.00024913417,-8.29727
834,1,1,0.9998354,8.711658,0.850456178188324,0.99998033,10.834458,0.00041539496,-7.7858653
835,0,0,7.428641e-05,-9.507508,0.8037495613098145,2.1926793e-05,-10.727779,0.00027638287,-8.193447
836,0,1,0.9998907,9.121168,1.0,0.9997658,8.359262,0.05614334,-2.8220663
837,0,1,0.99986994,8.947405,1.0,0.999931,9.581023,0.03024723,-3.4676366
838,0,0,7.432177e-05,-9.507032,0.7101474404335022,4.828114e-05,-9.938421,0.0002203625,-8.420016
839,0,0,0.00011019323,-9.113165,0.7896889448165894,2.6954103e-05,-10.521348,0.99988115,9.037939
840,0,0,8.397193e-05,-9.384944,0.7782424092292786,0.020323066,-3.8754663,0.00024951762,-8.295732
841,1,1,0.999902,9.230547,0.6873858571052551,0.9999913,11.653882,0.9998832,9.055061
842,1,1,0.9999051,9.2626915,0.6789630055427551,0.9999739,10.553522,0.5244358,0.097821265
843,0,0,7.4324664e-05,-9.506993,0.7430859208106995,4.6857156e-05,-9.96836,0.00021253445,-8.456194
844,1,1,0.999835,8.709487,0.7134697437286377,0.9999443,9.796869,0.00018931138,-8.571928
845,1,1,0.9997743,8.395977,0.7189531922340393,0.95511645,3.0577612,0.00021135368,-8.461766
846,0,0,0.0025186471,-5.9815116,0.7418058514595032,0.26654372,-1.0122298,0.00017935534,-8.625962
847,1,1,0.999902,9.230547,0.5930779576301575,0.9999727,10.506795,0.99984705,8.785801
848,1,1,0.9999063,9.275334,0.7457594871520996,0.99998176,10.913033,0.48271814,-0.06915502
849,0,0,7.214308e-05,-9.536787,0.651694118976593,1.2937109e-05,-11.255398,0.4717129,-0.113269344
850,0,0,7.431666e-05,-9.507101,0.6787441372871399,3.014711e-05,-10.409391,0.00021547267,-8.442461
851,0,0,7.429384e-05,-9.507408,0.7753285765647888,6.337554e-06,-11.969011,0.0002453302,-8.31266
852,0,0,7.4321266e-05,-9.507039,0.6045607328414917,5.8315477e-06,-12.052222,0.000183075,-8.605432
853,1,0,7.1514565e-05,-9.545538,1.0,1.2522446e-05,-11.287975,0.44561425,-0.21840703
854,0,1,0.9998485,8.794674,1.0,0.99997187,10.477493,0.010377472,-4.5576863
855,1,0,7.9401856e-05,-9.440909,1.0,0.005449375,-5.20679,0.94861156,2.9155865
856,1,1,0.999835,8.709487,0.7260879278182983,0.99999106,11.622976,0.00019670598,-8.533604
857,1,1,0.99983513,8.71021,0.712116003036499,0.9999821,10.931196,0.00023895259,-8.339006
858,1,1,0.999835,8.709487,0.5300632119178772,0.99999046,11.558472,0.00016599271,-8.703401
859,0,1,0.9998733,8.973408,1.0,0.93354195,2.6424146,0.9458428,2.8601851
860,0,0,7.4317584e-05,-9.507089,0.6354306936264038,1.1609502e-05,-11.363675,0.00019660154,-8.534135
861,1,1,0.99983513,8.71021,0.7292457222938538,0.99997854,10.747958,0.000229943,-8.377449
862,1,1,0.9998349,8.708765,0.5233731269836426,0.9999722,10.490436,0.000113093665,-9.087181
863,0,0,7.429094e-05,-9.507447,0.7945401668548584,7.6011756e-06,-11.7872,0.00025329372,-8.280707
864,1,1,0.9999019,9.229331,0.7121303081512451,0.9997656,8.357893,0.99982834,8.669949
865,0,0,0.00011019912,-9.1131115,0.849063515663147,8.845503e-06,-11.635592,0.99990046,9.214574
866,1,0,5.4703192e-05,-9.813534,1.0,0.00077947375,-7.1561117,0.69438756,0.82071257
867,1,1,0.9999021,9.231764,0.817805826663971,0.9999893,11.439589,0.9998072,8.553535
868,1,1,0.9999021,9.231764,0.6537498235702515,0.9999769,10.675043,0.999796,8.497051
869,1,0,9.4887386e-05,-9.262725,1.0,0.0011030992,-6.808528,0.9796427,3.8737485
870,0,1,0.999912,9.338353,1.0,0.999944,9.788803,0.42201507,-0.31450674
871,0,0,7.431184e-05,-9.507166,0.7255380153656006,2.6257414e-05,-10.547536,0.00022286129,-8.408738
872,1,1,0.99983513,8.71021,0.7797410488128662,0.9999876,11.302286,0.00029359866,-8.133003
873,0,0,7.430851e-05,-9.507211,0.7553594708442688,1.0929771e-05,-11.424009,0.00021636985,-8.438305
874,1,1,0.999902,9.230547,0.668270468711853,0.9999645,10.246435,0.99988294,9.052732
875,0,0,7.4320844e-05,-9.507045,0.7146567702293396,5.8379606e-05,-9.748486,0.00023160601,-8.370241
876,1,1,0.999902,9.230547,0.8628379702568054,0.9999311,9.582139,0.9998349,8.709246
877,1,1,0.99983513,8.71021,0.6421481966972351,0.99998665,11.222994,0.00024668447,-8.307154
878,0,0,0.0003029994,-8.101477,0.7285553812980652,0.14398736,-1.7825596,0.00020995535,-8.468406
879,1,0,4.967165e-05,-9.910027,1.0,3.9540617e-05,-10.138143,0.11132706,-2.077257
880,0,0,7.4570235e-05,-9.503695,0.7078372836112976,0.0007981608,-7.132402,0.00034491665,-7.971863
881,1,1,0.9999062,9.274063,0.9105815887451172,0.99998045,10.845543,0.48576266,-0.05696462
882,1,1,0.9999021,9.231764,0.7230766415596008,0.999948,9.865145,0.9996277,7.8955383
883,1,1,0.99983513,8.71021,0.7038857340812683,0.99999285,11.854469,0.00028668676,-8.156834
884,0,0,7.434062e-05,-9.506779,0.6700188517570496,6.6482615e-05,-9.618504,0.00019463472,-8.544191
885,0,0,7.1751805e-05,-9.542226,0.6450232267379761,0.00023154421,-8.370508,0.44957557,-0.20238572
886,0,1,0.99993145,9.587947,1.0,0.99998426,11.059879,0.25061718,-1.0953234
887,1,0,4.9938528e-05,-9.904668,1.0,9.10634e-05,-9.303864,0.76932573,1.2045078
888,0,0,0.00011020773,-9.113033,0.6643998026847839,1.954925e-05,-10.842554,0.9999026,9.237357
889,1,1,0.9993468,7.3329625,0.7694625854492188,0.85977876,1.8134537,0.00035587585,-7.9405727
890,1,0,6.5060674e-05,-9.640125,1.0,0.0013213048,-6.6278133,0.9150535,2.37696
891,1,1,0.9999018,9.228116,0.6967270374298096,0.99938536,7.393917,0.9997266,8.204208
892,0,0,7.438295e-05,-9.506209,0.633105993270874,0.0001425366,-8.855769,0.00016816428,-8.690401
893,0,1,0.9998622,8.889526,1.0,0.99995136,9.93022,0.02244076,-3.77418
894,1,1,0.9998098,8.567252,0.5922986268997192,0.9775171,3.7722595,0.00014851581,-8.814671
895,1,1,0.99983466,8.707321,0.8072981834411621,0.9993667,7.3639755,0.0003071571,-8.087844
896,0,1,0.999913,9.349254,1.0,0.9942595,5.1544447,0.97162837,3.5335844
897,0,0,7.43095e-05,-9.507197,0.6358798742294312,2.5280375e-05,-10.585457,0.00022727078,-8.389141
898,0,0,0.10393558,-2.154241,0.5535431504249573,0.43191153,-0.27405638,0.00022501544,-8.3991165
899,1,1,0.999835,8.709487,0.707633376121521,0.9999366,9.665446,0.00021725257,-8.434233
900,0,0,7.432304e-05,-9.507015,0.6431941986083984,2.0152052e-05,-10.812184,0.00019199854,-8.557831
901,1,1,0.999902,9.230547,0.6116408109664917,0.99998367,11.020383,0.99984574,8.776762
902,0,0,7.430064e-05,-9.507317,0.716869592666626,5.7985903e-06,-12.05789,0.00022966124,-8.378675
903,0,0,0.00011023085,-9.1128235,0.711540162563324,6.7412206e-05,-9.604617,0.999895,9.160812
904,1,0,8.609148e-05,-9.360014,1.0,2.1814894e-05,-10.732896,0.9665991,3.3652005
905,0,0,7.489235e-05,-9.499384,0.6795996427536011,0.0013866877,-6.5794497,0.00016254348,-8.724402
906,0,1,0.9999144,9.36583,1.0,0.9995347,7.672495,0.103955135,-2.154031
907,1,1,0.9996897,8.077655,0.5941884517669678,0.9210711,2.4569895,0.00018154338,-8.613834
908,1,0,9.007848e-05,-9.314739,1.0,6.525516e-06,-11.939784,0.9732301,3.5933447
909,0,1,0.9999318,9.593178,1.0,0.99987495,8.986551,0.23810606,-1.1630912
910,1,1,0.9999019,9.229331,0.7468354105949402,0.9998616,8.885425,0.99991846,9.414314
911,1,1,0.99983513,8.71021,0.6612949371337891,0.99999225,11.766045,0.0002237984,-8.404541
912,1,0,9.295666e-05,-9.283284,1.0,0.007126248,-4.9368186,0.9716248,3.533454
913,1,1,0.99983513,8.71021,0.7153922319412231,0.99999285,11.852064,0.00023662714,-8.348788
914,0,0,7.436125e-05,-9.506501,0.9403349757194519,0.00015316463,-8.783844,0.00022675714,-8.391404
915,1,1,0.9999052,9.263948,0.7448581457138062,0.9999826,10.962064,0.5094521,0.03781283
916,1,1,0.99983513,8.71021,0.7712399363517761,0.9999608,10.146341,0.00023839007,-8.341364
917,1,0,8.879605e-05,-9.32908,1.0,0.00010230649,-9.187435,0.97108364,3.5140064
918,1,1,0.999835,8.709487,0.6976887583732605,0.9999671,10.320374,0.00021938744,-8.424452
919,0,1,0.9999237,9.480841,1.0,0.9913073,4.7365365,0.7258451,0.9736435
920,1,1,0.9999012,9.222066,0.7297070622444153,0.9984339,6.4575734,0.99985397,8.831657
921,0,1,0.99992776,9.535433,1.0,0.99998164,10.903338,0.9328167,2.630785
922,0,0,7.4292635e-05,-9.507424,0.7778782844543457,9.501624e-06,-11.564038,0.00025099408,-8.28983
923,1,1,0.999902,9.230547,0.49137556552886963,0.9999839,11.03577,0.99989617,9.172424
924,1,1,0.9998349,8.708765,0.7312058210372925,0.9997396,8.253164,0.00022566688,-8.396225
925,1,1,0.999902,9.230547,0.6499840021133423,0.99996364,10.222294,0.9998462,8.780089
926,1,0,6.840506e-05,-9.589995,1.0,5.5315672e-06,-12.105034,0.39762482,-0.41537166
927,0,1,0.99992573,9.507765,1.0,0.9999442,9.794231,0.712103,0.9056198
928,1,1,0.99983513,8.71021,0.5619849562644958,0.99998724,11.267693,0.00021421368,-8.448322
929,0,1,0.9999305,9.574128,1.0,0.99995065,9.916659,0.26819792,-1.0037848
930,0,0,7.438217e-05,-9.50622,0.8020352721214294,0.00014190965,-8.860178,0.0001692756,-8.683813
931,0,1,0.9998952,9.163495,1.0,0.97857964,3.8217616,0.45248932,-0.19061781
932,1,1,0.999835,8.709487,0.706419050693512,0.9998945,9.157259,0.0002123894,-8.456877
933,0,0,7.4299656e-05,-9.50733,0.7082809209823608,4.9020696e-06,-12.225848,0.00023089255,-8.373327
934,1,1,0.999902,9.230547,0.7449458241462708,0.9999895,11.464251,0.99989367,9.148916
935,0,0,0.000110187764,-9.1132145,0.8028662204742432,6.757183e-06,-11.904898,0.99988914,9.107423
936,0,1,0.9998485,8.794674,1.0,0.9997888,8.462606,0.010469106,-4.5488024
937,1,0,6.14252e-05,-9.697629,1.0,1.3478385e-05,-11.21441,0.33154607,-0.7012007
938,1,1,0.99983466,8.707321,0.7392897605895996,0.9995167,7.6343346,0.00020483458,-8.493103
939,1,1,0.99983466,8.707321,0.7218139171600342,0.9996088,7.84577,0.00013825818,-8.88625
940,0,0,0.00011027491,-9.112424,0.7675873637199402,0.00016860612,-8.687777,0.9998735,8.975689
941,1,1,0.9999052,9.263948,0.6923675537109375,0.9999883,11.362076,0.5103709,0.041489452
942,1,1,0.99990535,9.265207,0.7198951244354248,0.9999893,11.439333,0.50584555,0.023383215
943,1,0,7.063394e-05,-9.557929,1.0,3.0974166e-05,-10.382326,0.42768314,-0.2913103
944,1,1,0.9998349,8.708765,0.7427170872688293,0.9997546,8.312239,0.00022992089,-8.377545
945,0,1,0.99993086,9.579288,1.0,0.9998511,8.811923,0.26017445,-1.0450621
946,1,1,0.999835,8.709487,0.6432889699935913,0.99999154,11.678144,0.00014626131,-8.829969
947,1,1,0.99983513,8.71021,0.7705435156822205,0.9999876,11.301258,0.000228344,-8.384429
948,0,0,7.42379e-05,-9.508162,0.8319833874702454,2.5693365e-05,-10.569252,0.00038967739,-7.8498015
949,1,0,6.943717e-05,-9.575019,1.0,0.0070381355,-4.949349,0.3781548,-0.4973875
950,0,0,7.4357355e-05,-9.506554,0.6571148633956909,9.163623e-05,-9.297592,0.00017941983,-8.625603
951,0,0,8.128699e-05,-9.417443,0.33239951729774475,0.0152596375,-4.1671667,0.0001868137,-8.585212
952,1,1,0.99983513,8.71021,0.8390968441963196,0.9999472,9.847863,0.00027100396,-8.213106
953,1,1,0.999835,8.709487,0.6500563025474548,0.99995387,9.984249,0.00020611468,-8.486872
954,0,0,7.696843e-05,-9.472038,0.6062454581260681,0.006298769,-5.0610824,0.0002276512,-8.387468
955,0,0,7.435083e-05,-9.506641,0.75250643491745,0.00011364381,-9.082328,0.00021426454,-8.448085
956,0,1,0.9999161,9.385523,1.0,0.9603898,3.1882505,0.8470459,1.711617
957,1,0,8.850439e-05,-9.33237,1.0,1.7261491e-05,-10.967015,0.9706768,3.4996116
958,1,1,0.999902,9.230547,0.7886924743652344,0.9998517,8.816289,0.99985635,8.847836
959,1,1,0.9999007,9.217252,0.6913061738014221,0.9975988,6.029396,0.9998499,8.804489
960,0,1,0.9997272,8.20646,1.0,0.8597975,1.8136086,0.83948267,1.6543844
961,1,1,0.999902,9.230547,0.7864805459976196,0.9999634,10.21468,0.9998975,9.185196
962,0,1,0.99992883,9.550397,1.0,0.9999633,10.211785,0.92794216,2.5555
963,0,1,0.9999087,9.301111,1.0,0.9995432,7.690807,0.45036033,-0.19921489
964,0,1,0.9999356,9.650752,1.0,0.9999875,11.288506,0.87734187,1.9674957
965,1,1,0.999835,8.709487,0.5072391629219055,0.99998724,11.272311,0.00020769607,-8.479227
966,0,0,7.442687e-05,-9.505619,0.5408958196640015,0.00020923291,-8.471853,0.00012971417,-8.9500475
967,0,0,7.4303694e-05,-9.507276,0.8220629692077637,6.0457e-06,-12.016157,0.00022294547,-8.4083605
968,0,0,7.511565e-05,-9.496407,0.8312432765960693,0.0021225167,-6.153028,0.0003449076,-7.971889
969,1,1,0.999902,9.230547,0.578048586845398,0.9999865,11.219121,0.9999243,9.489302
970,1,1,0.999835,8.709487,0.7696572542190552,0.9999628,10.19905,0.00019699203,-8.53215
971,0,0,0.00012634994,-8.976329,0.7069097757339478,0.07033993,-2.5814793,0.00021201954,-8.45862
972,0,1,0.99993336,9.616169,1.0,0.9989724,6.8794894,0.89818156,2.1771815
973,1,0,6.0843326e-05,-9.707148,1.0,0.004887803,-5.3161125,0.8929564,2.1213014
974,0,0,7.430376e-05,-9.507275,0.7281290292739868,2.769111e-05,-10.494371,0.00024244723,-8.324484
975,1,1,0.99983525,8.710934,0.8162758350372314,0.99989355,9.148218,0.00036275238,-7.9214272
976,1,1,0.99983525,8.710934,0.7418333292007446,0.99997604,10.639692,0.0003824027,-7.868654
977,0,1,0.99992144,9.451583,1.0,0.99232495,4.862079,0.9442335,2.8292
978,1,1,0.99990535,9.265207,0.7824392914772034,0.99993837,9.694108,0.5370408,0.14843516
979,0,0,7.433126e-05,-9.506905,0.7007163166999817,5.564106e-05,-9.796534,0.00020574946,-8.488646
980,0,1,0.9998642,8.904344,1.0,0.99996555,10.276455,0.024332114,-3.6913252
981,0,0,7.430235e-05,-9.507294,0.7056213021278381,7.1120894e-06,-11.853707,0.00022688214,-8.390853
982,0,1,0.9999057,9.268993,1.0,0.9999683,10.357179,0.49535558,-0.018578202
983,1,1,0.99983513,8.71021,0.5887297987937927,0.99998605,11.184338,0.0002117991,-8.459661
984,0,0,7.43882e-05,-9.506139,0.46673494577407837,9.850078e-05,-9.2253475,0.000116251875,-9.059635
985,1,1,0.999835,8.709487,0.5583125352859497,0.99994695,9.845278,0.00016420471,-8.714232
986,1,0,6.136694e-05,-9.698578,1.0,2.6264279e-05,-10.547275,0.9030561,2.2316518
987,0,0,7.429753e-05,-9.507359,0.7271758317947388,1.9553949e-05,-10.842314,0.00024912847,-8.297293
988,0,1,0.9999081,9.294605,1.0,0.994191,5.1425276,0.42854548,-0.28778797
989,0,1,0.57974356,0.32172078,1.0,0.5184314,0.07375911,0.70011634,0.8478522
990,0,0,7.431787e-05,-9.507085,0.6953277587890625,8.094624e-06,-11.724302,0.00019257073,-8.554854
991,1,1,0.999828,8.667733,0.5728369355201721,0.9269356,2.5405433,0.99985516,8.839893
992,1,1,0.99983466,8.707321,0.6739163398742676,0.99956423,7.7379017,0.00020969106,-8.469666
993,1,1,0.9998919,9.132134,0.6345424056053162,0.9834816,4.086623,0.99988306,9.053848
994,1,1,0.999835,8.709487,0.5663768649101257,0.99996185,10.174713,0.0001665198,-8.70023
995,1,0,0.16502842,-1.62128,1.0,0.44427162,-0.22384349,0.514284,0.057151616
996,0,0,7.42207e-05,-9.508393,0.6848478317260742,3.6545913e-05,-10.216905,0.000438474,-7.7317715
997,0,0,7.43117e-05,-9.507168,0.6495912671089172,2.9603692e-05,-10.427582,0.00022632752,-8.393301
998,1,1,0.999902,9.230547,0.7480955719947815,0.9999554,10.017291,0.999813,8.584136
999,1,1,0.9999056,9.26773,0.886334240436554,0.99997747,10.701056,0.54509073,0.18085405
1000,1,1,0.999835,8.709487,0.70474773645401,0.9998871,9.08883,0.0002291597,-8.380862
1001,1,1,0.999902,9.230547,0.6371849775314331,0.99996924,10.39077,0.99986064,8.878695
1002,1,0,4.8808095e-05,-9.927566,1.0,0.00021200902,-8.45867,0.19245294,-1.4341496
1003,1,1,0.999835,8.709487,0.7082144021987915,0.99998605,11.178324,0.00018121667,-8.615636
1004,0,0,0.06899415,-2.602244,0.5660696625709534,0.4140254,-0.34734917,0.00020373873,-8.498468
1005,0,0,0.00011017737,-9.113309,0.7664095163345337,5.2938112e-06,-12.148967,0.99987864,9.016869
1006,1,0,6.5233005e-05,-9.63748,1.0,7.8849764e-05,-9.447887,0.917267,2.405781
1007,0,0,0.00011017002,-9.113376,0.7515964508056641,8.433457e-05,-9.380634,0.99981517,8.595673
1008,0,0,8.2481034e-05,-9.40286,0.7174135446548462,0.021540109,-3.8160632,0.49860144,-0.0055944026
1009,0,0,7.4322685e-05,-9.50702,0.939198911190033,0.00011721517,-9.051382,0.00028123282,-8.176046
1010,1,1,0.999907,9.282998,0.7703969478607178,0.9999616,10.168261,0.4710384,-0.115976214
1011,1,1,0.99990344,9.2452545,0.7707585692405701,0.9955711,5.415146,0.5525953,0.21116233
1012,1,1,0.9999019,9.229331,0.7593133449554443,0.99975866,8.32926,0.9998723,8.966341
1013,1,1,0.99983513,8.71021,0.7220368385314941,0.99998856,11.383007,0.0002320107,-8.368495
1014,0,0,7.4302916e-05,-9.507286,0.7532520890235901,1.6972663e-05,-10.98389,0.00023463237,-8.357256
1015,0,1,0.99993277,9.607264,1.0,0.9999753,10.612023,0.9055829,2.2608566
1016,0,1,0.9998965,9.17609,1.0,0.99996877,10.375046,0.06523813,-2.6622477
1017,1,1,0.999902,9.230547,0.6629921197891235,0.9999713,10.459541,0.9998815,9.040426
1018,1,1,0.9998349,8.708765,0.5920025706291199,0.9997831,8.435758,0.00023606422,-8.351171
1019,1,0,4.9468144e-05,-9.914132,1.0,0.00083640305,-7.085563,0.117794074,-2.0134876
1020,0,1,0.9999342,9.628772,1.0,0.99995744,10.065288,0.7826999,1.2814697
1021,1,1,0.9999075,9.28814,0.5898481011390686,0.99995434,9.995533,0.5769104,0.31010288
1022,0,0,0.0001779975,-8.633563,0.8408004641532898,0.06338479,-2.6930485,0.9998111,8.573993
1023,0,0,7.432226e-05,-9.507026,0.5444716811180115,6.2706255e-05,-9.676987,0.00023244691,-8.366616
1024,1,1,0.99983406,8.703722,0.8569687604904175,0.99889565,6.8074017,0.00024075557,-8.331488
1025,1,1,0.999902,9.230547,0.6311361193656921,0.9999728,10.513327,0.9998753,8.989557
1026,1,1,0.999902,9.230547,0.6625671982765198,0.9999553,10.01675,0.9998764,8.997862
1027,1,1,0.99983525,8.710934,0.7145529985427856,0.99988365,9.058568,0.00038014416,-7.87458
1028,0,0,7.450115e-05,-9.5046215,0.5231115818023682,0.0005318429,-7.5386305,0.00025669398,-8.267369
1029,1,0,5.260585e-05,-9.852631,1.0,0.00012675433,-8.973133,0.8503726,1.7375267
1030,1,1,0.99983513,8.71021,0.727089524269104,0.99998856,11.382202,0.00028947284,-8.14716
1031,1,1,0.999902,9.230547,0.872428297996521,0.99999154,11.685987,0.99983907,8.734545
1032,0,0,0.023820017,-3.7131207,0.7323234677314758,0.3685599,-0.53839993,0.00027594998,-8.195015
1033,1,0,6.0217215e-05,-9.717492,1.0,0.015453096,-4.154372,0.8666672,1.8718066
1034,0,1,0.9998617,8.886071,1.0,0.9993575,7.349441,0.022443077,-3.7740743
1035,0,1,0.9999193,9.424633,1.0,0.99995935,10.110478,0.66863734,0.7020283
1036,1,1,0.99983525,8.710934,0.8683266043663025,0.99999154,11.685644,0.00034417986,-7.974002
1037,1,1,0.99911517,7.0292287,0.9085318446159363,0.8078425,1.4360516,0.5111944,0.044785082
1038,1,1,0.99983513,8.71021,0.6321679353713989,0.9999912,11.644049,0.00025112,-8.289329
1039,1,1,0.999902,9.230547,0.7278642058372498,0.99999285,11.853056,0.999895,9.161316
1040,1,1,0.999902,9.230547,0.5582935810089111,0.9999869,11.244388,0.99985135,8.813577
1041,0,0,7.436827e-05,-9.506407,0.6265427470207214,9.398981e-05,-9.27223,0.00015708359,-8.758575
1042,0,0,7.425256e-05,-9.507964,0.7241692543029785,3.4332537e-05,-10.279383,0.00036438092,-7.9169464
1043,1,1,0.9998324,8.693713,0.7342855930328369,0.99717206,5.865351,0.00023603297,-8.351303
1044,0,0,7.434367e-05,-9.506738,0.6616548895835876,4.8923426e-05,-9.925205,0.0001715385,-8.670531
1045,0,0,7.434898e-05,-9.506666,0.8015952110290527,9.294045e-05,-9.283459,0.00019950226,-8.519485
1046,0,1,0.99976355,8.34953,1.0,0.8974463,2.169166,0.53398514,0.13615046
1047,1,1,0.99983513,8.71021,0.8371394276618958,0.9998529,8.82415,0.00035276197,-7.949364
1048,1,1,0.999835,8.709487,0.5841320753097534,0.999985,11.107929,0.00018729082,-8.582661
1049,1,1,0.9999057,9.268993,0.8335098028182983,0.9998363,8.717508,0.54852587,0.19471633
1050,0,0,7.4250995e-05,-9.507985,0.784735381603241,1.4243931e-05,-11.159165,0.00034951573,-7.9586124
1051,1,0,5.2134554e-05,-9.86163,1.0,3.4505847e-05,-10.274347,0.72328997,0.9608401
1052,1,1,0.999902,9.230547,0.6134178042411804,0.9999682,10.3535,0.9998529,8.824695
1053,0,0,7.431999e-05,-9.507056,0.6970861554145813,1.776147e-05,-10.938461,0.00019668703,-8.5337
1054,0,0,7.43285e-05,-9.506942,0.6612708568572998,2.2335294e-05,-10.70932,0.00018177893,-8.612537
1055,0,1,0.9999113,9.3302555,1.0,0.9999311,9.582511,0.98210824,4.0053596
1056,1,0,0.00015217313,-8.790339,1.0,0.115514405,-2.035611,0.80417734,1.4126103
1057,1,1,0.999835,8.709487,0.6123749613761902,0.9999827,10.967619,0.00019980989,-8.517944
1058,1,0,5.4076227e-05,-9.825062,1.0,0.0001024034,-9.186488,0.86315125,1.8417141
1059,0,1,0.9285645,2.5648448,1.0,0.60085297,0.4090203,0.36147946,-0.5689487
1060,1,1,0.999835,8.709487,0.8522480726242065,0.9999745,10.577782,0.0001953032,-8.540762
1061,1,1,0.999902,9.230547,0.6381770968437195,0.99998677,11.23567,0.99984443,8.768687
1062,0,0,7.436707e-05,-9.506423,0.551200270652771,4.5262605e-05,-10.002984,0.00011534828,-9.067439
1063,0,0,7.4407144e-05,-9.505884,0.5671837329864502,0.00019251987,-8.555119,0.00015901102,-8.746378
1064,0,0,7.430624e-05,-9.507241,0.8810972571372986,1.9933104e-05,-10.823109,0.00022964636,-8.37874
1065,0,1,0.99990034,9.213656,1.0,0.9998325,8.694809,0.07199075,-2.556504
1066,0,0,7.4296746e-05,-9.507369,0.9331207275390625,1.9781231e-05,-10.830757,0.00025110203,-8.2894
1067,1,0,0.00014967618,-8.806887,1.0,0.087528914,-2.3441873,0.5064265,0.025707334
1068,1,1,0.999759,8.330549,0.6314540505409241,0.9474009,2.8910236,0.00028240483,-8.171886
1069,0,1,0.9998503,8.806548,1.0,0.99939907,7.4163713,0.0122064715,-4.3935075
1070,1,1,0.9998907,9.121168,0.756493330001831,0.9817591,3.9856765,0.9998331,8.698219
1071,0,0,0.00016147403,-8.731005,0.834990382194519,0.09395514,-2.2662714,0.00024078909,-8.331348
1072,1,1,0.999835,8.709487,0.7685584425926208,0.9999846,11.080697,0.00019785154,-8.527796
1073,1,0,6.617004e-05,-9.623217,1.0,0.039283354,-3.1968787,0.7694846,1.2054032
1074,1,1,0.999902,9.230547,0.6584610342979431,0.99998784,11.319185,0.99989235,9.136434
1075,0,0,7.4347285e-05,-9.506689,0.7117713689804077,0.00010871856,-9.126639,0.00021782254,-8.431612
1076,1,1,0.999902,9.230547,0.7858945727348328,0.99998975,11.493256,0.99985194,8.818103
1077,0,1,0.9998541,8.83236,1.0,0.9425292,2.7972898,0.5129679,0.05188313
1078,0,1,0.99941826,7.4489026,1.0,0.85869056,1.8044567,0.018590074,-3.9663625
1079,0,0,0.000110123794,-9.113795,0.6136485934257507,9.637372e-06,-11.549852,0.99981576,8.599024
1080,0,0,7.43156e-05,-9.507115,0.5413504838943481,1.4061952e-05,-11.172024,0.0002034326,-8.499972
1081,1,1,0.9999021,9.231764,0.5234856009483337,0.99997497,10.596538,0.999746,8.277971
1082,1,1,0.999902,9.230547,0.747673749923706,0.999956,10.032751,0.9998392,8.73557
1083,1,1,0.99983513,8.71021,0.7738540172576904,0.99998224,10.93726,0.0002963801,-8.123571
1084,0,0,7.4365365e-05,-9.506446,0.7171934247016907,9.7944714e-05,-9.2310095,0.00016714787,-8.696465
1085,0,0,7.445144e-05,-9.505289,0.5092418789863586,0.00031391648,-8.06607,0.0001697113,-8.681242
1086,1,1,0.999902,9.230547,0.8151628971099854,0.99995804,10.078402,0.9998379,8.726873
1087,1,1,0.999902,9.230547,0.5751709938049316,0.99998343,11.00944,0.9998934,9.146375
1088,0,0,7.43173e-05,-9.507092,0.7106953263282776,9.5038895e-06,-11.5638,0.00019519209,-8.541331
1089,1,0,5.8035403e-05,-9.754399,1.0,1.0520057e-05,-11.462216,0.8878794,2.069261
1090,1,1,0.999902,9.230547,0.5496209263801575,0.99998724,11.272118,0.9998567,8.85067
1091,1,1,0.99983513,8.71021,0.8339089751243591,0.9999758,10.628504,0.00025871338,-8.259531
1092,1,1,0.9998331,8.69799,0.7140516042709351,0.9980227,6.2240305,0.00017028302,-8.677878
1093,1,1,0.99989104,9.124446,0.5211853981018066,0.9822411,4.012946,0.99989116,9.125299
1094,1,1,0.99983513,8.71021,0.8053803443908691,0.9999865,11.212385,0.00023798808,-8.343052
1095,1,1,0.999902,9.230547,0.5407313108444214,0.9999871,11.258432,0.99984944,8.801531
1096,0,1,0.9998404,8.742547,1.0,0.9996265,7.892174,0.0043186066,-5.4404945
1097,0,0,7.447672e-05,-9.50495,0.6907212734222412,0.0003763703,-7.8845606,0.00016956864,-8.682083
1098,1,1,0.9998319,8.690872,0.6885146498680115,0.99661946,5.68633,0.00027196758,-8.209556
1099,0,1,0.9999269,9.523947,1.0,0.9999795,10.796358,0.72030663,0.94598305
1100,0,1,0.9998883,9.09959,1.0,0.9998821,9.046038,0.052552834,-2.891952
1101,0,0,7.4284355e-05,-9.507536,0.7102800011634827,3.2874617e-05,-10.322777,0.00029113237,-8.141441
1102,1,1,0.999902,9.230547,0.6182479858398438,0.9999474,9.853372,0.9998683,8.935118
1103,1,0,6.837604e-05,-9.59042,1.0,0.00028986996,-8.145788,0.9268566,2.539376
1104,0,0,7.431298e-05,-9.507151,0.826151967048645,1.2526568e-05,-11.287646,0.0002077963,-8.4787445
1105,1,1,0.999902,9.230547,0.6904241442680359,0.9999877,11.312061,0.9998293,8.675846
1106,0,0,7.215044e-05,-9.536685,0.6538915038108826,9.569719e-06,-11.556897,0.47284976,-0.10870792
1107,0,1,0.9999273,9.528853,1.0,0.9992874,7.2458496,0.15816057,-1.6719786
1108,1,1,0.999835,8.709487,0.6082431077957153,0.9999423,9.760512,0.00018470916,-8.596543
1109,0,1,0.9999201,9.435028,1.0,0.99939835,7.415324,0.95921254,3.1577377
1110,0,0,7.434501e-05,-9.50672,0.6409714221954346,1.2170138e-05,-11.316513,0.00013527033,-8.9081
1111,1,1,0.999835,8.709487,0.6472610235214233,0.999908,9.292864,0.0001832334,-8.604567
1112,0,0,0.00012151778,-9.015328,0.8025016784667969,0.016300658,-4.100115,0.9995796,7.774001
1113,0,0,7.4326934e-05,-9.506963,0.6954100728034973,1.2678769e-05,-11.275569,0.00017647335,-8.642164
1114,0,1,0.99987686,9.00204,1.0,0.9999578,10.071766,0.037862573,-3.2351942
1115,1,0,7.676026e-05,-9.474747,1.0,0.018058572,-3.9959111,0.9270696,2.5425236
1116,0,0,7.4313466e-05,-9.507144,0.7486835718154907,5.155615e-05,-9.872787,0.00024228134,-8.325169
1117,1,1,0.999902,9.230547,0.6524085402488708,0.9999814,10.891759,0.9998907,9.121543
1118,1,1,0.999835,8.709487,0.7668269872665405,0.99985576,8.843777,0.00022254321,-8.410167
1119,1,1,0.999902,9.230547,0.8103692531585693,0.9999443,9.795047,0.99986863,8.937537
1120,1,1,0.999902,9.230547,0.612126886844635,0.9999769,10.676051,0.9998511,8.812596
1121,0,0,7.569709e-05,-9.488695,0.8465352654457092,0.00334964,-5.695547,0.00019924069,-8.520798
1122,1,1,0.99983513,8.71021,0.8623012900352478,0.99998105,10.874407,0.00022582852,-8.395509
1123,1,1,0.99990106,9.2208605,0.7382046580314636,0.9980909,6.2592216,0.9998505,8.808655
1124,1,0,8.675109e-05,-9.352381,1.0,3.2316537e-05,-10.339899,0.96772575,3.4006796
1125,1,1,0.9999018,9.228116,0.61851966381073,0.99948174,7.564474,0.9998678,8.930723
1126,0,1,0.9999089,9.303726,1.0,0.99996626,10.297669,0.98714566,4.3411403
1127,0,0,7.446663e-05,-9.505085,0.7600188851356506,0.00043470238,-7.740414,0.00024578228,-8.310819
1128,0,0,7.4343596e-05,-9.506739,0.7381425499916077,7.0685084e-05,-9.557205,0.00019156223,-8.560106
1129,1,1,0.9997676,8.366824,0.46125346422195435,0.9516378,2.979466,0.00018327917,-8.604317
1130,1,1,0.999902,9.230547,0.7469803094863892,0.9999858,11.162105,0.9998876,9.0936775
1131,1,1,0.999835,8.709487,0.738406777381897,0.9999889,11.412443,0.00014181632,-8.860836
1132,1,0,5.451811e-05,-9.816923,1.0,2.6202957e-05,-10.549612,0.8666294,1.8714799
1133,0,0,7.433452e-05,-9.506861,0.5585554242134094,5.3269064e-06,-12.142735,0.00015262201,-8.787394
1134,1,1,0.999902,9.230547,0.5691428780555725,0.99998534,11.127044,0.99989426,9.154387
1135,0,0,7.4311276e-05,-9.507174,0.6325030326843262,1.4099255e-05,-11.169374,0.00021312291,-8.453428
1136,1,0,6.075699e-05,-9.708568,1.0,0.0041004024,-5.4925613,0.89392424,2.1314676
1137,0,0,7.4295895e-05,-9.5073805,0.8570116758346558,5.485977e-06,-12.11331,0.00024009215,-8.334248
1138,1,1,0.999902,9.230547,0.7214569449424744,0.9999571,10.057556,0.9998049,8.541731
1139,0,1,0.9998646,8.906981,1.0,0.999987,11.250867,0.02472901,-3.6747384
1140,1,0,0.00011107211,-9.10522,1.0,0.05978045,-2.7554348,0.42657533,-0.29583758
1141,0,1,0.9999291,9.553753,1.0,0.9999683,10.360265,0.28605157,-0.9146385
1142,0,0,7.4285694e-05,-9.507518,0.658427357673645,5.342714e-06,-12.139771,0.00026295663,-8.243258
1143,0,1,0.9999285,9.545384,1.0,0.99705493,5.824656,0.27834132,-0.9527042
1144,1,0,5.3794884e-05,-9.830278,1.0,0.00031053173,-8.076914,0.860408,1.8186827
1145,1,1,0.999902,9.230547,0.7749389410018921,0.99998677,11.233278,0.9998386,8.7318125
1146,1,0,4.9781193e-05,-9.907824,1.0,2.7751412e-05,-10.492196,0.776294,1.2441984
1147,0,0,7.4347e-05,-9.506693,0.547019362449646,3.5323355e-05,-10.250931,0.00015175508,-8.793091
1148,0,0,7.215415e-05,-9.5366335,0.9321790337562561,3.8963917e-06,-12.455456,0.4832945,-0.06684701
1149,0,0,7.435239e-05,-9.50662,0.6654882431030273,6.388638e-05,-9.65834,0.00016550357,-8.706352
1150,1,1,0.999835,8.709487,0.6864352822303772,0.999985,11.108693,0.00018406306,-8.600048
1151,1,1,0.99983513,8.71021,0.6687955856323242,0.9999479,9.863552,0.00024158103,-8.328064
1152,1,1,0.999902,9.230547,0.7506152987480164,0.9999715,10.4643135,0.99987614,8.99669
1153,0,0,7.428074e-05,-9.507585,0.6455647945404053,7.7762315e-06,-11.764431,0.00027632067,-8.193672
1154,1,1,0.999902,9.230547,0.7322618961334229,0.99994683,9.842996,0.9998958,9.169874
1155,1,1,0.99989235,9.136555,0.6937897205352783,0.98419815,4.1316977,0.9998368,8.720678
1156,1,0,7.134087e-05,-9.54797,1.0,1.845783e-05,-10.900003,0.9353859,2.6725264
1157,0,1,0.98051447,3.918405,0.782478392124176,0.6500629,0.6193156,0.9133533,2.355284
1158,1,1,0.999835,8.709487,0.6985118389129639,0.999987,11.253801,0.00018126385,-8.6153755
1159,1,1,0.99983525,8.710934,0.7076528072357178,0.99998593,11.172075,0.0003494514,-7.9587965
1160,0,0,0.00011017147,-9.113362,0.7194654941558838,6.3385937e-06,-11.968847,0.99987125,8.957438
1161,0,0,7.431397e-05,-9.507137,0.6096835136413574,1.5605134e-05,-11.067895,0.00020840365,-8.475825
1162,0,1,0.9999294,9.558808,1.0,0.999881,9.036493,0.28085598,-0.94021964
1163,0,1,0.99986255,8.892125,1.0,0.9999379,9.686601,0.022758806,-3.7597814
1164,1,1,0.99983513,8.71021,0.73652184009552,0.9999521,9.944771,0.00023499776,-8.3557
1165,0,1,0.99991167,9.334296,1.0,0.9999292,9.555983,0.4244046,-0.30471778
1166,1,1,0.999902,9.230547,0.730809211730957,0.99997866,10.753606,0.9998373,8.723461
1167,1,1,0.999902,9.230547,0.7083192467689514,0.9998907,9.121822,0.9998485,8.79488
1168,1,0,8.70745e-05,-9.3486595,1.0,3.3821398e-05,-10.294383,0.968275,3.4184113
1169,1,1,0.99983513,8.71021,0.6902621388435364,0.99998724,11.2717495,0.00025352568,-8.279792
1170,1,1,0.9999052,9.263948,0.6021429300308228,0.99997246,10.498783,0.5337939,0.13538219
1171,1,1,0.99983513,8.71021,0.7710425853729248,0.99984264,8.756698,0.00035833893,-7.933673
1172,1,1,0.99983525,8.710934,0.8013750314712524,0.99997854,10.749232,0.00031734473,-8.055204
1173,0,0,0.00010855249,-9.128168,0.6407398581504822,0.05375786,-2.8680086,0.00014090324,-8.867296
1174,1,1,0.999835,8.709487,0.5809361338615417,0.9999776,10.704569,0.00021623829,-8.438913
1175,0,1,0.99987423,8.980964,1.0,0.9996834,8.057594,0.035119686,-3.3132422
1176,0,0,0.00011019995,-9.113104,0.6785048842430115,2.0302705e-05,-10.804736,0.9998933,9.14522
1177,0,0,7.4324664e-05,-9.506993,0.7570391893386841,4.261218e-05,-10.063328,0.00020872222,-8.474298
1178,0,0,7.490642e-05,-9.499196,0.5862514972686768,0.0015567391,-6.463604,0.0002883237,-8.151138
1179,0,0,7.430192e-05,-9.507299,0.8215194940567017,9.719352e-06,-11.541382,0.00023022095,-8.376241
1180,1,0,5.98127e-05,-9.724233,1.0,3.8757342e-05,-10.158152,0.89636415,2.1574636
1181,0,1,0.99992,9.433537,1.0,0.9770364,3.7506166,0.7542193,1.1212436
1182,0,0,7.434487e-05,-9.5067215,0.5577973127365112,1.0109357e-05,-11.502039,0.00013362817,-8.920316
1183,0,1,0.9999144,9.36583,1.0,0.9998919,9.132202,0.63612455,0.5585826
1184,1,1,0.999835,8.709487,0.5972375273704529,0.9999646,10.249521,0.00017016633,-8.678564
1185,1,0,0.000120524426,-9.023538,1.0,0.034691226,-3.325961,0.9809942,3.943822
1186,0,1,0.9998987,9.197047,1.0,0.9895272,4.5484424,0.99529076,5.3535004
1187,1,1,0.9999021,9.231764,0.7671414017677307,0.9999832,10.996694,0.99976,8.334734
1188,0,0,0.00011016697,-9.113403,0.5742795467376709,6.346699e-06,-11.967569,0.99986625,8.919344
1189,0,0,7.482767e-05,-9.500248,0.6438958644866943,0.0012923257,-6.6500187,0.0002205136,-8.419331
1190,1,1,0.9999019,9.229331,0.6631350517272949,0.9998155,8.597764,0.9998766,9.000118
1191,0,0,0.00011012926,-9.113746,0.6757382750511169,5.222009e-05,-9.859991,0.99979204,8.47796
1192,0,0,7.432701e-05,-9.506962,0.6469218730926514,7.358853e-05,-9.516948,0.00023170783,-8.3698015
1193,0,0,0.0032570378,-5.723675,0.7172823548316956,0.27910143,-0.9489232,0.00028550785,-8.160955
1194,1,1,0.999902,9.230547,0.666042149066925,0.999974,10.555692,0.9998417,8.750915
1195,0,0,7.434012e-05,-9.506785,0.5289337038993835,3.4280652e-05,-10.280895,0.00016621397,-8.702068
1196,1,1,0.999902,9.230547,0.6275116801261902,0.99996567,10.279019,0.9998221,8.633663
1197,0,0,7.434813e-05,-9.506678,0.6534038782119751,1.4434761e-05,-11.145857,0.00013004446,-8.947504
1198,0,1,0.9997955,8.49472,1.0,0.9254842,2.5193052,0.052580718,-2.8913922
1199,1,1,0.999902,9.230547,0.7637507319450378,0.9999813,10.885514,0.99990356,9.246654
1200,0,1,0.9999311,9.582743,1.0,0.9978684,6.14878,0.21725218,-1.2817518
1201,1,1,0.999813,8.584323,0.606275737285614,0.9797234,3.877799,0.0002962377,-8.124052
1202,0,0,7.432949e-05,-9.506928,0.8852696418762207,1.0414416e-05,-11.472309,0.00016858392,-8.687908
1203,0,1,0.9997811,8.426549,1.0,0.95033014,2.9514108,0.00895132,-4.7069626
1204,0,0,7.425439e-05,-9.507939,0.8945783376693726,8.86572e-05,-9.330645,0.00040970338,-7.7996674
1205,0,0,7.4332325e-05,-9.50689,0.7379743456840515,8.468335e-05,-9.376507,0.00022960563,-8.378918
1206,1,1,0.99983513,8.71021,0.8808460831642151,0.99998546,11.134325,0.0002593263,-8.257164
1207,0,0,0.000117253294,-9.051057,0.6265982389450073,0.062403113,-2.7097049,0.0001723088,-8.66605
1208,1,0,5.7841964e-05,-9.757738,1.0,2.2053307e-05,-10.722026,0.8868609,2.0590703
1209,1,1,0.999902,9.230547,0.5541556477546692,0.99998784,11.32073,0.9998653,8.912346
1210,0,0,7.190688e-05,-9.540067,0.867784321308136,1.6795995e-05,-10.994353,0.45763895,-0.16985145
1211,0,0,7.423166e-05,-9.508245,0.5918073654174805,1.0455296e-05,-11.468391,0.00038983402,-7.8493996
1212,1,1,0.9999064,9.2766075,0.8196172118186951,0.9999635,10.21927,0.56226087,0.25034285
1213,1,1,0.99983406,8.703722,0.7172456979751587,0.99868447,6.632207,0.00034655115,-7.9671335
1214,0,0,0.00011024999,-9.11265,0.8068289756774902,0.00010613425,-9.1507,0.99988925,9.108469
1215,0,0,7.427359e-05,-9.507681,0.5644949674606323,6.8898253e-06,-11.885458,0.0002918833,-8.1388645
1216,1,1,0.999835,8.709487,0.5585705637931824,0.99992263,9.46697,0.00019139133,-8.560999
1217,0,0,8.076391e-05,-9.4239,0.8086725473403931,0.014373733,-4.2278748,0.0003341916,-8.003462
1218,0,0,7.4303265e-05,-9.507281,0.6841025948524475,4.7755207e-06,-12.252003,0.00022254299,-8.410168
1219,0,0,0.00011016056,-9.1134615,0.6080877184867859,5.549056e-06,-12.101877,0.9998596,8.870501
1220,1,1,0.9999051,9.2626915,0.6796006560325623,0.99986124,8.882417,0.5252616,0.10113257
1221,0,1,0.99993193,9.594928,1.0,0.99998486,11.101578,0.2354392,-1.1778489
1222,1,1,0.99983525,8.710934,0.8468640446662903,0.9999846,11.08164,0.00030155818,-8.106246
1223,1,0,6.7507346e-05,-9.603207,1.0,6.678699e-05,-9.613935,0.9245301,2.5055518
1224,1,1,0.999835,8.709487,0.5667260885238647,0.99995744,10.065559,0.0002251502,-8.398518
1225,1,1,0.99983513,8.71021,0.6196041703224182,0.9999244,9.490784,0.00026551014,-8.233592
1226,1,0,9.62263e-05,-9.248712,1.0,0.0013269824,-6.62352,0.981385,3.964999
1227,0,1,0.99986935,8.942832,1.0,0.9998921,9.134123,0.029653896,-3.4880593
1228,0,0,0.000110162866,-9.1134405,0.7050308585166931,8.819947e-06,-11.638486,0.9998599,8.873184
1229,0,1,0.99990666,9.27916,1.0,0.9997142,8.160025,0.56799877,0.2736908
1230,1,0,5.4774813e-05,-9.812225,1.0,6.797977e-05,-9.596232,0.8683613,1.8865464
1231,1,1,0.999902,9.230547,0.6939035654067993,0.9999827,10.968679,0.99985707,8.853188
1232,1,1,0.999835,8.709487,0.7470245361328125,0.99997234,10.4950485,0.00016007684,-8.7396965
1233,1,1,0.99983513,8.71021,0.6701054573059082,0.9999839,11.039507,0.00022307325,-8.407787
1234,1,1,0.999902,9.230547,0.5147504806518555,0.9999193,9.424768,0.99975914,8.330827
1235,1,1,0.99983513,8.71021,0.8010707497596741,0.99997985,10.813515,0.0002744858,-8.200336
1236,1,1,0.999835,8.709487,0.6650845408439636,0.99993587,9.654176,0.00018140805,-8.61458
1237,1,0,6.684e-05,-9.613142,1.0,0.00017109417,-8.673125,0.92234886,2.4746969
1238,1,0,5.595878e-05,-9.790839,1.0,0.0009062307,-7.00531,0.8743899,1.9403434
1239,1,0,6.232174e-05,-9.683138,1.0,1.3094637e-05,-11.243295,0.9068772,2.276088
1240,0,0,7.430001e-05,-9.507325,0.8391238451004028,7.332893e-05,-9.520482,0.00029248252,-8.136813
1241,1,0,9.0054e-05,-9.315011,1.0,0.00058332685,-7.4461794,0.9727128,3.5736723
1242,1,0,7.658646e-05,-9.477014,1.0,0.00027426658,-8.201136,0.9477602,2.8982587
1243,0,1,0.99988854,9.1017275,1.0,0.9941666,5.1383095,0.058557976,-2.7773955
1244,0,1,0.99992967,9.562192,1.0,0.99476516,5.247164,0.75866306,1.1453637
1245,0,0,0.0001101843,-9.113246,0.6551201939582825,1.577567e-05,-11.057026,0.999879,9.019771
1246,1,1,0.9999052,9.263948,0.8575101494789124,0.9999902,11.534235,0.5304095,0.12178847
1247,0,1,0.999894,9.152182,1.0,0.9999311,9.583117,0.061167367,-2.7310233
1248,0,1,0.999925,9.4981785,1.0,0.99998057,10.850495,0.9439633,2.824079
1249,1,0,4.8391677e-05,-9.936134,1.0,1.4696369e-05,-11.127895,0.13598478,-1.8490474
1250,0,1,0.999907,9.282998,1.0,0.9999206,9.441082,0.47125688,-0.11509925
1251,0,1,0.9999064,9.2766075,1.0,0.9975388,6.0046425,0.08671543,-2.3544157
1252,0,1,0.999907,9.282998,1.0,0.9999888,11.395682,0.47139394,-0.11454936
1253,0,0,0.00011054464,-9.109981,0.5428130626678467,0.0005700114,-7.469284,0.9998927,9.139515
1254,1,1,0.99982965,8.6774845,0.647550642490387,0.9943421,5.1690254,0.00027901292,-8.183973
1255,0,1,0.9999093,9.307661,1.0,0.9993493,7.336875,0.5986343,0.3997779
1256,0,0,7.430398e-05,-9.507272,0.7838522791862488,2.455713e-05,-10.614484,0.00023906058,-8.338554
1257,0,1,0.99993324,9.614382,1.0,0.9997012,8.1157,0.9014718,2.2136865
1258,0,1,0.99991393,9.360274,1.0,0.99695814,5.792238,0.10643793,-2.1276538
1259,1,0,8.789078e-05,-9.339328,1.0,1.6205591e-05,-11.030138,0.96966225,3.4645526
1260,1,1,0.999902,9.230547,0.6119321584701538,0.9999794,10.790227,0.99988997,9.114277
1261,1,1,0.9999018,9.228116,0.879216194152832,0.9994326,7.4738874,0.9998697,8.945871
1262,1,0,5.372588e-05,-9.831562,1.0,0.00012679228,-8.972834,0.86032635,1.8180034
1263,0,0,0.000110186615,-9.113225,0.7200164794921875,8.866702e-06,-11.633199,0.9998865,9.083836
1264,0,1,0.9999224,9.463798,1.0,0.9999708,10.439333,0.6890983,0.79590714
1265,0,0,7.013539e-05,-9.565013,0.7715667486190796,1.9872066e-05,-10.826176,0.41987306,-0.32329446
1266,0,0,7.42891e-05,-9.507472,0.6970708966255188,2.5122667e-05,-10.591715,0.0002732179,-8.2049675
1267,0,0,7.427429e-05,-9.507671,0.7923316359519958,5.1943003e-05,-9.865312,0.0003310251,-8.012985
1268,0,0,0.00010461178,-9.16515,0.7913893461227417,0.04953532,-2.954265,0.00029712985,-8.121044
1269,0,0,7.1747214e-05,-9.54229,0.42742836475372314,2.5970898e-05,-10.558508,0.5052034,0.020814478
1270,0,0,0.000110138404,-9.113663,0.7574979066848755,7.655658e-06,-11.780058,0.99983346,8.700436
1271,1,1,0.9999051,9.2626915,0.8625054955482483,0.9999807,10.857078,0.52217627,0.08876328
1272,1,1,0.9999051,9.2626915,0.870922863483429,0.9999913,11.658396,0.5217566,0.087081134
1273,0,1,0.9999325,9.603724,1.0,0.9999652,10.265146,0.7655128,1.1831449
1274,0,0,0.0049241483,-5.3086677,0.3902249038219452,0.2986478,-0.8537452,0.0002077856,-8.478796
1275,1,1,0.999902,9.230547,0.5607035756111145,0.99999106,11.618744,0.99988294,9.052303
1276,1,1,0.999835,8.709487,0.5718209743499756,0.9999666,10.3092575,0.00021512779,-8.444063
1277,1,0,0.00010240946,-9.186429,1.0,0.00012934448,-8.952902,0.99057007,4.654388
1278,0,0,7.532316e-05,-9.493648,0.6700888872146606,0.0024422805,-6.0123777,0.00017941983,-8.625603
1279,1,1,0.9998349,8.708765,0.49977898597717285,0.99992883,9.551283,0.00013396384,-8.917807
1280,1,1,0.999902,9.230547,0.7159014940261841,0.9999664,10.299507,0.9998896,9.111111
1281,0,0,7.464822e-05,-9.502649,0.6935882568359375,0.0007541519,-7.1891623,0.00012900011,-8.955568
1282,0,1,0.9998815,9.040529,1.0,0.9653756,3.3279567,0.56209576,0.24967198
1283,1,1,0.99990547,9.266467,0.6993332505226135,0.9999832,10.995884,0.54045296,0.16216639
1284,0,0,7.0880575e-05,-9.554443,0.7458833456039429,1.7968485e-05,-10.926873,0.43210825,-0.27325472
1285,1,0,5.62398e-05,-9.78583,1.0,1.38806445e-05,-11.185001,0.87795085,1.9731665
1286,1,1,0.999902,9.230547,0.62452232837677,0.9999894,11.452302,0.99990034,9.213421
1287,0,0,7.4637544e-05,-9.502792,0.8218214511871338,0.00090410735,-7.007658,0.00029057552,-8.143356
1288,0,0,0.00011017715,-9.113311,0.6742588877677917,9.766302e-06,-11.536563,0.9998752,8.988508
1289,1,1,0.9998995,9.2053175,0.6317000389099121,0.9954912,5.3971953,0.9999087,9.300564
1290,0,1,0.9998504,8.807344,1.0,0.9999776,10.703654,0.011938707,-4.415959
1291,0,0,7.428343e-05,-9.507548,0.599298894405365,6.7370497e-06,-11.907882,0.00026927935,-8.219492
1292,0,0,0.00011006847,-9.114298,0.841870129108429,4.430613e-06,-12.326968,0.9997576,8.324607
1293,1,1,0.999902,9.230547,0.6232942938804626,0.99986804,8.933105,0.999826,8.655899
1294,1,1,0.99983513,8.71021,0.7137535810470581,0.99998677,11.229884,0.00025458832,-8.275608
1295,1,1,0.99983525,8.710934,0.8786388635635376,0.9999671,10.322238,0.00038694646,-7.8568373
1296,0,0,7.435905e-05,-9.506531,0.8555562496185303,0.000106374384,-9.148439,0.00018904226,-8.573351
1297,1,1,0.9998343,8.70516,0.5611608624458313,0.99890614,6.816951,0.0003401693,-7.985727
1298,1,0,0.00010088058,-9.201472,1.0,0.0057609016,-5.1508837,0.9842107,4.132511
1299,1,1,0.999902,9.230547,0.7649246454238892,0.99996114,10.156996,0.9998406,8.74454
1300,1,1,0.9622093,3.2371686,1.0,0.63100207,0.5365181,0.5555286,0.22303435
1301,0,1,0.99993134,9.586209,1.0,0.99993694,9.670797,0.19709666,-1.4045401
1302,1,1,0.99983513,8.71021,0.6743868589401245,0.9999902,11.538378,0.00025029745,-8.29261
1303,0,1,0.9999082,9.295903,1.0,0.9989511,6.858922,0.58974785,0.36292297
1304,0,0,7.008551e-05,-9.565724,0.6247733235359192,8.164314e-06,-11.71573,0.53819364,0.15307267
1305,1,0,5.0765313e-05,-9.888247,1.0,3.9838036e-05,-10.130649,0.82754153,1.5683029
1306,0,0,7.42362e-05,-9.508184,0.7054968476295471,7.585136e-06,-11.789312,0.00037711483,-7.8825836
1307,0,0,7.422778e-05,-9.508298,0.8566873669624329,1.5359263e-05,-11.083776,0.00040316416,-7.8157635
1308,0,1,0.99991,9.3155775,1.0,0.99994564,9.819999,0.60151094,0.4117648
1309,1,1,0.999902,9.230547,0.7343133687973022,0.9999764,10.652073,0.99982494,8.649966
1310,1,1,0.9998349,8.708765,0.6190232038497925,0.99989855,9.195515,0.0001545855,-8.774609
1311,1,1,0.999902,9.230547,0.765833854675293,0.999972,10.483231,0.99990034,9.213732
1312,0,1,0.9999106,9.322223,1.0,0.996451,5.6375275,0.09830578,-2.2161927
1313,0,0,7.433169e-05,-9.506899,0.5421109795570374,3.041361e-05,-10.40059,0.00018173423,-8.612783
1314,0,1,0.9998944,9.155562,1.0,0.97504413,3.6653743,0.9855004,4.219026
1315,1,1,0.9999056,9.26773,0.6136047840118408,0.99982494,8.650181,0.4963812,-0.014475554
1316,1,1,0.999902,9.230547,0.7333488464355469,0.99998856,11.377093,0.9998425,8.756178
1317,0,0,7.4357355e-05,-9.506554,0.8546264171600342,0.00012140034,-9.016295,0.00020666173,-8.4842205
1318,0,0,7.431468e-05,-9.507128,0.7105599045753479,6.517487e-06,-11.941015,0.00019829649,-8.525549
1319,1,1,0.999835,8.709487,0.7525211572647095,0.99982387,8.643912,0.00026159006,-8.24847
1320,1,1,0.99983525,8.710934,0.7463876605033875,0.9999703,10.424927,0.00033120438,-8.012444
1321,0,1,0.9998728,8.969652,1.0,0.9999894,11.44887,0.033270292,-3.369254
1322,0,1,0.9998541,8.83236,1.0,0.99986804,8.932735,0.015165031,-4.173482
1323,1,1,0.9999052,9.263948,0.7380551099777222,0.9999324,9.602706,0.53166085,0.12681305
1324,0,0,0.0001445559,-8.8417,0.5508715510368347,0.039591037,-3.1887565,0.9998801,9.028882
1325,1,0,5.2093008e-05,-9.862428,1.0,8.711474e-06,-11.650861,0.72377455,0.9632626
1326,1,0,0.000103815495,-9.1727915,1.0,0.00075324415,-7.1903677,0.991867,4.8036613
1327,1,1,0.999902,9.230547,0.6902352571487427,0.9999802,10.833067,0.99986386,8.901509
1328,1,1,0.9999021,9.231764,0.7872307300567627,0.9999883,11.354963,0.99977535,8.400534
1329,1,0,7.7343146e-05,-9.467181,1.0,1.7297909e-05,-10.964908,0.9496738,2.9375927
1330,0,0,9.369264e-05,-9.275397,0.7690474390983582,0.03571944,-3.2956872,0.0002440347,-8.317956
1331,0,0,0.000110189554,-9.113198,0.5332118272781372,4.9727954e-05,-9.908894,0.99986124,8.883184
1332,0,0,7.431234e-05,-9.507159,0.8343926072120667,1.8724228e-05,-10.8856735,0.00021484062,-8.445399
1333,0,0,7.4246534e-05,-9.508045,0.655535101890564,7.160457e-06,-11.84693,0.0003532693,-7.9479265
1334,1,0,9.33573e-05,-9.278983,1.0,0.05812074,-2.7853546,0.8946469,2.1391115
1335,1,1,0.999835,8.709487,0.6068427562713623,0.9999813,10.886614,0.00018797889,-8.578993
1336,1,1,0.999902,9.230547,0.8567447662353516,0.9999715,10.466117,0.9998066,8.550538
1337,1,0,9.830121e-05,-9.227376,1.0,0.00014079055,-8.868096,0.98518527,4.1972094
1338,1,1,0.9998274,8.664274,0.7606915831565857,0.9919775,4.8174553,0.00040995592,-7.799051
1339,0,1,0.98849374,4.453291,1.0,0.67498994,0.7308415,0.21751186,-1.2802253
1340,0,0,7.43224e-05,-9.507024,0.6698644161224365,7.665755e-06,-11.77874,0.00018212662,-8.610626
1341,1,1,0.999902,9.230547,0.6054206490516663,0.99994874,9.878158,0.99984527,8.773435
1342,1,1,0.9998355,8.712382,0.7383762001991272,0.9999802,10.82852,0.0005150479,-7.5707355
1343,0,1,0.9998611,8.88177,1.0,0.9999659,10.288109,0.02138932,-3.8232422
1344,1,1,0.999902,9.230547,0.7349265813827515,0.9999908,11.59249,0.9998753,8.99004
1345,1,0,4.9785653e-05,-9.907734,1.0,8.770325e-06,-11.644128,0.80152637,1.3958617
1346,0,1,0.9998554,8.841389,1.0,0.999926,9.510441,0.016220782,-4.1051083
1347,1,1,0.999902,9.230547,0.7776560187339783,0.99995315,9.969535,0.9999001,9.21195
1348,1,0,9.519698e-05,-9.259467,1.0,0.0001759332,-8.64523,0.98082536,3.9348059
1349,1,1,0.99983513,8.71021,0.6334248185157776,0.99998283,10.972382,0.00022843239,-8.384042
1350,0,0,0.00011015425,-9.113519,0.8098285794258118,7.6500844e-05,-9.478132,0.9998031,8.532589
1351,1,1,0.99983513,8.71021,0.5741013288497925,0.99995804,10.079286,0.00025572564,-8.27115
1352,1,1,0.99983454,8.7066,0.6070200204849243,0.9994147,7.4428186,0.00023079522,-8.373749
1353,0,0,7.456526e-05,-9.503761,0.7238162755966187,0.0006436893,-7.3476505,0.00021464139,-8.446327
1354,1,0,6.0408966e-05,-9.714313,1.0,1.0337826e-05,-11.479691,0.32283002,-0.7407965
1355,0,0,7.425836e-05,-9.507886,0.7186053991317749,1.0596409e-05,-11.454985,0.00032970042,-8.016996
1356,0,0,0.00011014386,-9.113613,0.6688796877861023,1.9795085e-05,-10.830057,0.9998311,8.686388
1357,0,1,0.9999362,9.660055,1.0,0.99950397,7.6084476,0.8185773,1.5067378
1358,1,0,6.391259e-05,-9.65793,1.0,7.4393385e-05,-9.506069,0.9127073,2.347149
1359,1,0,0.00010711682,-9.141483,1.0,0.024365256,-3.6899302,0.9753523,3.6781166
1360,0,0,7.431517e-05,-9.507121,0.7864884734153748,1.6440283e-05,-11.015759,0.00020634632,-8.485748
1361,0,1,0.9998534,8.827469,1.0,0.9792366,3.8535805,0.03196353,-3.410674
1362,1,1,0.9999021,9.231764,0.7351469993591309,0.99999464,12.126823,0.9997613,8.339978
1363,0,1,0.8182121,1.5042809,1.0,0.5575941,0.23140374,0.8787746,1.9808767
1364,0,1,0.9998617,8.886071,1.0,0.99062026,4.6597753,0.029498192,-3.4934843
1365,0,0,7.428442e-05,-9.507535,0.8303161263465881,1.47407545e-05,-11.12488,0.00027437435,-8.200743
1366,0,0,7.433552e-05,-9.506847,0.7767340540885925,1.1922806e-05,-11.337046,0.0001563263,-8.763409
1367,1,1,0.999835,8.709487,0.7445455193519592,0.99998534,11.127136,0.00020584444,-8.488184
1368,0,0,0.00011018136,-9.113273,0.800239086151123,4.124587e-06,-12.3985405,0.9998839,9.061197
1369,1,1,0.99988484,9.069106,0.7351776957511902,0.9741145,3.6278434,0.9998822,9.046492
1370,0,0,7.440402e-05,-9.505926,0.6242044568061829,0.00029203334,-8.1383505,0.00025689055,-8.266603
1371,0,0,7.432949e-05,-9.506928,0.7268621325492859,1.18750095e-05,-11.341063,0.00016973073,-8.681128
1372,1,1,0.9999021,9.231764,0.7572939395904541,0.99998295,10.98123,0.999778,8.412504
1373,1,1,0.999902,9.230547,0.632895290851593,0.99995124,9.928034,0.99989605,9.1713505
1374,1,0,6.163443e-05,-9.694228,1.0,1.1183711e-05,-11.401041,0.90416443,2.244377
1375,1,0,6.306757e-05,-9.671241,1.0,0.0001554855,-8.768803,0.61353254,0.46218577
1376,0,1,0.99992883,9.550397,1.0,0.9998752,8.988564,0.9276975,2.551846
1377,1,1,0.99983525,8.710934,0.6919240355491638,0.999936,9.656094,0.0003319327,-8.010246
1378,0,0,0.000110238536,-9.112754,0.7353947758674622,0.00038243682,-7.8685646,0.99968314,8.05681
1379,1,1,0.999835,8.709487,0.613113522529602,0.99998903,11.42195,0.00020335056,-8.500376
1380,0,0,7.467791e-05,-9.502252,0.6463865041732788,0.0008555007,-7.062968,0.00015512224,-8.771142
1381,0,0,7.43224e-05,-9.507024,0.8352546095848083,1.4653544e-05,-11.130814,0.00018835622,-8.576987
1382,1,1,0.99983513,8.71021,0.7014241218566895,0.9999447,9.802446,0.00025763476,-8.26371
1383,1,1,0.999902,9.230547,0.5396478176116943,0.999987,11.24677,0.9998368,8.720242
1384,1,1,0.9998242,8.646135,0.5843963027000427,0.9894309,4.5391965,0.0001268888,-8.972073
1385,1,1,0.99983525,8.710934,0.7900608777999878,0.99997735,10.692921,0.0003113054,-8.074425
1386,0,0,0.0036108955,-5.620182,1.0,0.2875988,-0.90707475,0.70640975,0.87801033
1387,1,1,0.9999019,9.229331,0.6459224224090576,0.9996351,7.9154677,0.9998729,8.971037
1388,0,0,7.4406365e-05,-9.505895,0.5655868053436279,0.00025885671,-8.258977,0.00022115666,-8.416418
1389,1,1,0.999835,8.709487,0.5867940187454224,0.99998736,11.281797,0.00020066887,-8.513654
1390,1,0,8.339475e-05,-9.391842,1.0,9.804189e-05,-9.230018,0.9617032,3.2233393
1391,1,1,0.99983513,8.71021,0.7489163279533386,0.9999844,11.067963,0.0002649783,-8.235598
1392,1,1,0.9998343,8.70516,0.6866120100021362,0.99920636,7.1380186,0.0002198282,-8.422444
1393,0,1,0.9999274,9.530495,1.0,0.99969363,8.090408,0.15764098,-1.6758862
1394,0,1,0.9998568,8.851332,1.0,0.99986494,8.909504,0.017595913,-4.022336
1395,1,1,0.999902,9.230547,0.5547133088111877,0.9998778,9.0097885,0.99986637,8.920315
1396,0,1,0.99990666,9.27916,1.0,0.99997747,10.700225,0.47614768,-0.095481865
1397,0,0,7.09369e-05,-9.553649,0.8358175158500671,6.187129e-05,-9.6903925,0.43281922,-0.27035797
1398,0,0,7.5499134e-05,-9.491314,0.722191333770752,0.0029395,-5.826572,0.00025320298,-8.281066
1399,0,1,0.9998784,9.014706,1.0,0.99995124,9.9277935,0.039681077,-3.186391
1400,0,0,7.430185e-05,-9.5073,0.7294152975082397,5.8069577e-06,-12.056448,0.00022673314,-8.39151
1401,1,1,0.99983466,8.707321,0.6011279821395874,0.9994686,7.5394163,0.00024698503,-8.305936
1402,1,0,7.98906e-05,-9.4347725,1.0,9.55146e-05,-9.256136,0.9549319,3.053465
1403,0,1,0.9999057,9.268993,1.0,0.984885,4.1768384,0.4056444,-0.38200095
1404,1,1,0.999902,9.230547,0.5733743906021118,0.9999732,10.52754,0.9998449,8.771582
1405,0,0,8.3333216e-05,-9.39258,0.5311575531959534,0.019162662,-3.935443,0.00024386143,-8.318666
1406,0,1,0.99984765,8.789181,1.0,0.9999877,11.311709,0.009734937,-4.6222515
1407,1,1,0.999902,9.230547,0.7568416595458984,0.9999012,9.222648,0.9998568,8.8518505
1408,1,1,0.99983525,8.710934,0.8130835890769958,0.9999912,11.636648,0.00031321516,-8.068307
1409,1,1,0.99983275,8.695849,0.7960484027862549,0.92979914,2.5836077,0.9998729,8.970921
1410,0,1,0.9999285,9.545384,1.0,0.99998224,10.93956,0.92958134,2.5802763
1411,0,0,7.4333744e-05,-9.506871,0.6912441849708557,8.094123e-06,-11.724364,0.00015690888,-8.759688
1412,1,1,0.9998908,9.12226,0.7924679517745972,0.98196983,3.9975123,0.99981207,8.578947
1413,0,1,0.9998797,9.02555,1.0,0.9924453,4.877992,0.048093334,-2.9853234
1414,1,0,6.547144e-05,-9.633831,1.0,0.004600567,-5.3769646,0.9119583,2.3377838
1415,0,0,7.446322e-05,-9.505131,0.828589677810669,0.00043747932,-7.7340436,0.00025594005,-8.270311
1416,1,1,0.9998337,8.70157,0.690041184425354,0.9984066,6.4402657,0.00026559798,-8.233261
1417,0,0,0.00011019744,-9.113127,0.6873825788497925,9.823e-06,-11.530774,0.99989784,9.189202
1418,0,1,0.99991834,9.412885,1.0,0.9998704,8.951613,0.66306525,0.676984
1419,0,0,9.476531e-05,-9.264012,0.7585006952285767,0.03723814,-3.2524726,0.00027855602,-8.185613
1420,0,1,0.9999355,9.648901,1.0,0.99998534,11.13241,0.8791811,1.9846979
1421,0,0,7.4852935e-05,-9.49991,0.633990466594696,0.0013402948,-6.6135244,0.00020809172,-8.477324
1422,1,1,0.9999052,9.263948,0.9320264458656311,0.99998236,10.945621,0.50951946,0.03808245
1423,0,0,7.432049e-05,-9.50705,0.8052439093589783,1.1697219e-05,-11.356148,0.0001900145,-8.56822
1424,1,1,0.99983525,8.710934,0.7796478271484375,0.99992836,9.543466,0.00041366788,-7.7900333
1425,1,1,0.99990666,9.27916,0.6963909864425659,0.9999747,10.587196,0.5655115,0.26356143
1426,1,1,0.98221993,4.0117373,1.0,0.6612209,0.66873986,0.44433823,-0.22357361
1427,0,0,7.432779e-05,-9.506951,0.610541582107544,7.4963245e-06,-11.80109,0.00016970742,-8.681265
1428,0,0,7.433495e-05,-9.506855,0.8054450154304504,0.00015385376,-8.779354,0.00028676412,-8.156564
1429,0,0,7.202018e-05,-9.538492,0.728461503982544,9.007101e-05,-9.314822,0.49590278,-0.016389221
1430,1,1,0.99983525,8.710934,0.773367702960968,0.9999826,10.960035,0.00033277107,-8.007723
1431,1,0,6.196399e-05,-9.688895,1.0,2.9570936e-05,-10.428689,0.62304825,0.50250673
1432,0,1,0.99992967,9.562192,1.0,0.99994016,9.723111,0.17498302,-1.550715
1433,1,1,0.999902,9.230547,0.7800168395042419,0.9999722,10.492448,0.9998739,8.977933
1434,0,0,9.190112e-05,-9.294705,0.8251081705093384,0.033162527,-3.3726099,0.00026540787,-8.233977
1435,1,1,0.999902,9.230547,0.7609972357749939,0.99995875,10.09614,0.9998338,8.702452
1436,0,0,7.4427364e-05,-9.505612,0.6158460378646851,0.0002175747,-8.432751,0.0001360894,-8.902062
1437,0,1,0.9999317,9.591432,1.0,0.98780173,4.3941917,0.8539664,1.7660551
1438,1,1,0.999902,9.230547,0.6473508477210999,0.99994886,9.881401,0.9998797,9.025322
1439,0,1,0.9999118,9.335647,1.0,0.99926454,7.214241,0.42114183,-0.3180877
1440,1,0,6.473156e-05,-9.645197,1.0,0.018047508,-3.9965353,0.29884866,-0.8527866
1441,1,1,0.999835,8.709487,0.7849869132041931,0.9998493,8.800041,0.00026636434,-8.230379
1442,1,0,6.3854466e-05,-9.65884,1.0,0.0336733,-3.3567967,0.7523664,1.1112733
1443,0,1,0.99993646,9.6638,1.0,0.9992299,7.1681676,0.83148265,1.5961717
1444,0,0,0.00011017043,-9.113372,0.8087430000305176,4.7071644e-05,-9.963793,0.9998417,8.750662
1445,1,1,0.999902,9.230547,0.6706408262252808,0.9999447,9.802131,0.99989796,9.190588
1446,1,1,0.9999021,9.231764,0.8290622234344482,0.99995327,9.970282,0.9997242,8.195595
1447,1,1,0.999902,9.230547,0.7144988775253296,0.99997354,10.539806,0.99983406,8.703952
1448,1,1,0.9998927,9.139883,0.8776413202285767,0.98468417,4.163433,0.99983335,8.699638
1449,1,1,0.999902,9.230547,0.7398991584777832,0.99997675,10.66889,0.9998969,9.180136
1450,0,1,0.99978596,8.449132,1.0,0.93863875,2.727653,0.02593625,-3.6258352
1451,1,1,0.999902,9.230547,0.6414757966995239,0.9999913,11.652678,0.9998698,8.946747
1452,0,0,7.434168e-05,-9.506764,0.8677749037742615,9.701655e-05,-9.240532,0.0002196319,-8.423338
1453,0,1,0.9998946,9.157823,1.0,0.98235345,4.0194087,0.49743792,-0.010248356
1454,1,1,0.999835,8.709487,0.6477893590927124,0.9997838,8.438988,0.00027305936,-8.205548
1455,1,1,0.9999051,9.2626915,0.6519660949707031,0.9997857,8.448038,0.53069025,0.122915566
1456,1,1,0.9999018,9.228116,0.6884390115737915,0.99954057,7.6850433,0.99985373,8.829921
1457,1,1,0.9999021,9.231764,0.28402194380760193,0.99998295,10.979689,0.99979717,8.502865
1458,0,0,0.00010989668,-9.11586,0.8854882717132568,1.9763678e-05,-10.831645,0.99955434,7.71549
1459,0,0,7.428003e-05,-9.507594,0.7690724730491638,1.0290377e-05,-11.484291,0.00028017038,-8.179832
1460,1,1,0.999902,9.230547,0.6215065717697144,0.9999883,11.353359,0.99983335,8.699665
1461,0,0,7.482703e-05,-9.500257,0.7240034937858582,0.0012225512,-6.705592,0.0001577425,-8.754389
1462,0,1,0.99990773,9.290721,1.0,0.9999839,11.039583,0.08679361,-2.3534288
1463,0,1,0.9999119,9.336999,1.0,0.9999831,10.986263,0.9808007,3.933494
1464,0,0,7.425538e-05,-9.507926,0.7812153697013855,6.759651e-06,-11.904532,0.0003326807,-8.007995
1465,0,1,0.9998944,9.155562,1.0,0.9959346,5.5011816,0.06584865,-2.6522796
1466,0,1,0.73886895,1.0400982,1.0,0.5425881,0.17076631,0.80464375,1.4155748
1467,0,1,0.99993503,9.641535,1.0,0.9995701,7.7515182,0.883274,2.0238063
1468,1,1,0.999902,9.230547,0.6605668663978577,0.99998784,11.316357,0.9998447,8.769919
1469,1,1,0.99990535,9.265207,0.5749459862709045,0.99998367,11.020037,0.50406265,0.016250908
1470,1,1,0.99983346,8.700136,0.6226972341537476,0.9982504,6.346678,0.00019993281,-8.517329
1471,1,1,0.9998331,8.69799,0.703012228012085,0.99785954,6.1445713,0.00021267067,-8.455553
1472,1,1,0.999902,9.230547,0.6721365451812744,0.9998745,8.983209,0.9998747,8.984717
1473,0,0,7.178499e-05,-9.541763,0.8984532356262207,1.7111734e-05,-10.975729,0.45327666,-0.18744013
1474,0,1,0.9999052,9.263948,1.0,0.99998367,11.022509,0.53367925,0.13492125
1475,1,1,0.999835,8.709487,0.6611579656600952,0.9999635,10.217727,0.00015131554,-8.795992
1476,0,0,7.428102e-05,-9.507581,0.6549288630485535,1.1758946e-05,-11.350884,0.00027930277,-8.182935
1477,0,0,7.424009e-05,-9.508132,0.7700045704841614,7.4360164e-06,-11.809168,0.00036811223,-7.9067545
1478,0,0,0.003118585,-5.7672524,0.7459482550621033,0.25500745,-1.0720814,0.9998666,8.922011
1479,1,1,0.9999058,9.270258,0.8989962339401245,0.99997604,10.637255,0.49227133,-0.030917034
1480,1,1,0.9998319,8.690872,0.6714872717857361,0.99677736,5.7343373,0.00018743552,-8.581888
1481,0,0,7.4281656e-05,-9.507572,0.7953386306762695,1.7996797e-05,-10.925299,0.00028367096,-8.167412
1482,1,1,0.999902,9.230547,0.7587224245071411,0.99994946,9.8916855,0.9998988,9.198724
1483,1,1,0.99989724,9.183027,0.6809297204017639,0.9862325,4.2715845,0.49871892,-0.005124122
1484,1,1,0.99983513,8.71021,0.7919143438339233,0.9999776,10.704378,0.00024720293,-8.305054
1485,1,0,7.2569426e-05,-9.530894,1.0,0.002437136,-6.0144916,0.446726,-0.21390797
1486,1,1,0.99983513,8.71021,0.8419147729873657,0.9998518,8.816833,0.00033043674,-8.014765
1487,1,1,0.9999021,9.231764,0.7471528649330139,0.9999871,11.258929,0.9998161,8.600845
1488,0,0,7.433636e-05,-9.506836,0.8183417916297913,7.1981067e-06,-11.841685,0.00015018642,-8.803483
1489,1,0,8.732653e-05,-9.345769,1.0,0.005391362,-5.217551,0.96392816,3.285504
1490,0,0,7.434296e-05,-9.506747,0.5255287289619446,3.6364854e-05,-10.221871,0.00016162037,-8.730099
1491,0,0,7.4407646e-05,-9.5058775,0.6746804714202881,0.00022858099,-8.383391,0.00019068658,-8.564689
1492,0,0,0.00011023685,-9.112769,0.5729975700378418,0.00015667042,-8.7612095,0.9998394,8.736898
1493,1,1,0.9998336,8.700852,0.7972707748413086,0.998256,6.3498726,0.00028152924,-8.174993
1494,0,0,0.00011885584,-9.03748,0.7446151375770569,0.012578492,-4.3631086,0.99985075,8.809859
1495,1,1,0.99990153,9.225692,0.7399975061416626,0.99113387,4.7166057,0.47820157,-0.08724913
1496,1,1,0.999902,9.230547,0.5837457180023193,0.99999154,11.683422,0.9998969,9.179558
1497,0,1,0.9998635,8.899089,1.0,0.9948512,5.2638335,0.02766308,-3.5596037
1498,1,1,0.999902,9.230547,0.8172698616981506,0.99999225,11.763893,0.9998735,8.975273
1499,0,1,0.99991727,9.399831,1.0,0.9999783,10.740094,0.65530837,0.642456
1500,0,0,7.436175e-05,-9.5064945,0.543657124042511,2.163762e-05,-10.7410555,0.00010593586,-9.152571
1501,0,1,0.99992,9.433537,1.0,0.981671,3.980766,0.16854532,-1.5959721
1502,1,1,0.999902,9.230547,0.6314058303833008,0.9999676,10.337095,0.9998518,8.817458
1503,1,1,0.999902,9.230547,0.5892993211746216,0.99997115,10.45249,0.99988353,9.057577
1504,0,0,7.562905e-05,-9.489594,0.6964833736419678,0.0031527907,-5.7563095,0.00016471012,-8.711159
1505,1,1,0.999835,8.709487,0.6719366312026978,0.99987555,8.991982,0.00022409008,-8.403238
1506,0,1,0.99991035,9.319559,1.0,0.99998546,11.138584,0.43605277,-0.25719735
1507,1,1,0.9998349,8.708765,0.6872259378433228,0.99996364,10.2219925,0.00013924835,-8.879112
1508,1,0,7.093527e-05,-9.553672,1.0,3.7349448e-05,-10.195155,0.93429416,2.6546047
1509,1,0,5.3867316e-05,-9.828933,1.0,0.0001583891,-8.750298,0.7015979,0.85491884
1510,0,0,7.4319636e-05,-9.507061,0.7039257884025574,9.062904e-06,-11.611312,0.00018969226,-8.569918
1511,1,1,0.999835,8.709487,0.7064664959907532,0.99998116,10.879072,0.00017413423,-8.65551
1512,0,0,7.4290234e-05,-9.507457,0.8084419965744019,9.916436e-06,-11.521307,0.00025678673,-8.267008
1513,1,1,0.999902,9.230547,0.7749559283256531,0.99979275,8.481162,0.99979943,8.513789
1514,0,0,0.00011017905,-9.113294,0.624233603477478,1.989854e-05,-10.824844,0.9998703,8.950626
1515,0,0,7.730119e-05,-9.467724,0.580409586429596,0.007052409,-4.9473085,0.00023939522,-8.337155
1516,1,1,0.9998994,9.204132,0.9352656602859497,0.9950296,5.299267,0.9996722,8.02277
1517,0,1,0.99990535,9.265207,1.0,0.9999708,10.4409485,0.5377565,0.15131406
1518,1,1,0.999902,9.230547,0.73878413438797,0.9999341,9.627075,0.999897,9.180897
1519,1,0,7.0419e-05,-9.560977,1.0,3.515278e-05,-10.255772,0.93291026,2.6322784
1520,0,1,0.99678886,5.7379127,1.0,0.7290933,0.9900272,0.93058825,2.595761
1521,1,1,0.99990225,9.232983,0.7145755887031555,0.99992883,9.550983,0.99948525,7.571462
1522,1,1,0.9999021,9.231764,0.7940304279327393,0.9999795,10.793894,0.9998092,8.564236
1523,1,1,0.999902,9.230547,0.762546181678772,0.999956,10.031136,0.9998485,8.794533
1524,1,1,0.99983525,8.710934,0.7171249389648438,0.9999876,11.301868,0.0003445249,-7.9729996
1525,1,1,0.999835,8.709487,0.6140760183334351,0.9999685,10.365135,0.00016368713,-8.71739
1526,0,0,0.00011019523,-9.113147,0.688654899597168,6.504032e-05,-9.640438,0.9998568,8.85145
1527,0,1,0.99992955,9.560498,1.0,0.9998841,9.063463,0.92413,2.4998317
1528,0,0,0.0006046495,-7.410257,1.0,0.1999843,-1.3863925,0.8402955,1.6604283
1529,1,1,0.9999019,9.229331,0.7460623979568481,0.99961,7.8488226,0.9998622,8.889647
1530,1,1,0.99979657,8.499982,0.7830315232276917,0.96818864,3.4156046,0.00021616943,-8.439232
1531,1,1,0.999902,9.230547,0.6409001350402832,0.99998045,10.844244,0.9999013,9.223222
1532,0,0,0.00011020153,-9.11309,0.7531036138534546,7.7069135e-06,-11.773385,0.9999039,9.250077
1533,1,1,0.999902,9.230547,0.6584300994873047,0.9999397,9.715381,0.9997944,8.489638
1534,0,0,0.00011011109,-9.113911,0.6756141185760498,2.6039696e-05,-10.555862,0.99979013,8.468681
1535,0,1,0.9998417,8.750797,1.0,0.9930253,4.9584737,0.009978157,-4.5973287
1536,1,1,0.99984705,8.785275,0.717043399810791,0.939248,2.7382803,0.9998876,9.092894
1537,0,1,0.9998567,8.8505,1.0,0.99851066,6.5079355,0.018470237,-3.9729517
1538,1,1,0.9998344,8.70588,0.64353346824646,0.99928135,7.237344,0.00025692143,-8.266483
1539,0,0,7.44344e-05,-9.505518,0.6543503403663635,0.00029824692,-8.1172905,0.00019371418,-8.548933
1540,1,1,0.99990726,9.285566,0.725641131401062,0.9999231,9.472718,0.5740392,0.29835045
1541,0,0,7.432523e-05,-9.506986,0.6288288235664368,1.9196661e-05,-10.860755,0.0001861235,-8.588914
1542,1,1,0.999835,8.709487,0.5979660749435425,0.99988794,9.096981,0.00019585296,-8.5379505
1543,1,0,8.6325286e-05,-9.357302,1.0,1.1496406e-05,-11.373465,0.9670126,3.3780842
1544,1,1,0.9999021,9.231764,0.7323514819145203,0.9998828,9.052002,0.9997154,8.16411
1545,1,1,0.9999021,9.231764,0.49771881103515625,0.99998105,10.870911,0.99980265,8.529936
1546,1,1,0.999902,9.230547,0.5565314292907715,0.99996996,10.41119,0.9999062,9.2747755
1547,0,1,0.9998623,8.890392,1.0,0.97582555,3.697988,0.04465342,-3.0631433
1548,0,1,0.9999223,9.462263,1.0,0.9999435,9.781352,0.1303494,-1.897873
1549,1,0,0.00010279739,-9.182648,1.0,8.404233e-06,-11.686767,0.9911476,4.7181673
1550,1,1,0.9999057,9.268993,0.8861491680145264,0.9998745,8.982979,0.49204007,-0.03184223
1551,1,1,0.9998343,8.70516,0.6375073790550232,0.99922764,7.165233,0.00019130157,-8.561468
1552,1,1,0.9998349,8.708765,0.6134494543075562,0.9999529,9.962927,0.00013787295,-8.88904
1553,1,1,0.999835,8.709487,0.6056758165359497,0.99998987,11.50226,0.00016362689,-8.717758
1554,0,1,0.9999263,9.515823,1.0,0.9987237,6.6625137,0.30843762,-0.8074337
1555,0,0,0.000110109824,-9.113922,0.6293031573295593,1.865977e-05,-10.889122,0.9997937,8.485952
1556,0,0,7.481098e-05,-9.500471,0.5951679944992065,0.001249049,-6.684123,0.0002181605,-8.430061
1557,0,0,7.4325944e-05,-9.506976,0.6320614218711853,1.0516727e-05,-11.462533,0.00017675389,-8.640575
1558,0,0,7.434204e-05,-9.50676,0.5366331934928894,1.2125399e-05,-11.320196,0.00014172467,-8.861483
1559,0,0,7.433091e-05,-9.506909,0.7769061326980591,7.785967e-06,-11.76318,0.00016297943,-8.721724
1560,0,0,7.426587e-05,-9.507785,0.7490211725234985,1.0158607e-05,-11.497179,0.00031198372,-8.0722475
1561,0,0,7.431567e-05,-9.507114,0.7195807099342346,8.3797995e-06,-11.689678,0.0001980246,-8.526921
1562,1,1,0.999902,9.230547,0.6991903781890869,0.9998925,9.13772,0.9999056,9.268099
1563,1,1,0.9998963,9.173788,0.5579310655593872,0.9900766,4.602879,0.9998989,9.199429
1564,1,0,0.00069376244,-7.272687,0.6290143728256226,0.20754412,-1.339793,0.7097704,0.8942692
1565,0,1,0.99785054,6.1403856,1.0,0.7748825,1.2360885,0.031439167,-3.4277568
1566,1,0,7.258216e-05,-9.530719,1.0,0.0011775543,-6.7431374,0.46761712,-0.12971313
1567,1,0,6.8804e-05,-9.58418,1.0,1.3419424e-05,-11.218794,0.40226996,-0.39601585
1568,0,1,0.9999194,9.426111,1.0,0.9968568,5.759367,0.6793908,0.7509737
1569,0,0,0.00011170697,-9.09952,0.6427397727966309,0.002482691,-5.9959264,0.9998235,8.642121
1570,1,0,8.746004e-05,-9.344241,1.0,0.000389077,-7.851344,0.9686235,3.4298182
1571,1,1,0.999902,9.230547,0.5842617750167847,0.99983776,8.726082,0.99985754,8.856101
1572,0,0,7.432169e-05,-9.507033,0.7215339541435242,1.3964103e-05,-11.179007,0.00018935326,-8.571707
1573,1,1,0.999902,9.230547,0.6678275465965271,0.9999709,10.445898,0.9998652,8.911884
1574,1,1,0.9999021,9.231764,0.7792238593101501,0.9999664,10.300814,0.9997485,8.287874
1575,0,0,0.00011049553,-9.110425,0.8156731128692627,0.0005030238,-7.59437,0.9998851,9.071171
1576,0,0,7.435863e-05,-9.5065365,0.4676697254180908,1.18391645e-05,-11.344086,0.00010406587,-9.1703825
1577,1,1,0.9999021,9.231764,0.6405227184295654,0.9999888,11.400515,0.9996921,8.085232
1578,1,1,0.99983525,8.710934,0.8343400955200195,0.99998164,10.907206,0.00034318282,-7.976904
1579,0,1,0.99993634,9.661925,1.0,0.9985355,6.524773,0.83745605,1.6394207
1580,1,0,5.0839142e-05,-9.886793,1.0,7.9849924e-05,-9.435282,0.7450916,1.072603
1581,1,1,0.99983513,8.71021,0.6912914514541626,0.99996924,10.38951,0.00022607714,-8.394408
1582,0,0,7.430526e-05,-9.507255,0.7002475261688232,2.1132868e-05,-10.76466,0.00023309185,-8.363845
1583,0,0,0.000110069726,-9.114286,0.6291732788085938,1.0190968e-05,-11.493999,0.99975485,8.313325
1584,1,1,0.99982494,8.650213,0.6062543988227844,0.9899046,4.5855336,0.00023022799,-8.37621
1585,0,0,7.431439e-05,-9.507132,0.5685228705406189,1.3245757e-05,-11.23182,0.0002053234,-8.490719
1586,0,1,0.99992895,9.5520735,1.0,0.998664,6.616728,0.2803142,-0.9429035
1587,0,0,7.4421056e-05,-9.505697,0.7431628704071045,0.00029554855,-8.126382,0.0002215205,-8.414774
1588,0,0,8.489527e-05,-9.374007,0.7827956080436707,0.025847426,-3.6293569,0.50381255,0.015250504
1589,1,1,0.999835,8.709487,0.6632739305496216,0.9997664,8.361748,0.00031280247,-8.069626
1590,1,1,0.99983513,8.71021,0.7789568901062012,0.9999902,11.536475,0.0002576146,-8.263788
1591,1,0,5.109241e-05,-9.881824,1.0,2.659866e-05,-10.534623,0.7399516,1.045717
1592,0,1,0.9468721,2.8804622,1.0,0.6097782,0.44638002,0.8544957,1.7703054
1593,0,1,0.99987555,8.991446,1.0,0.9941533,5.1360183,0.041378938,-3.1427238
1594,1,1,0.999902,9.230547,0.69663006067276,0.99998856,11.373353,0.99989474,9.159138
1595,1,1,0.99983513,8.71021,0.7488583922386169,0.99999225,11.76411,0.00025273697,-8.282908
1596,1,1,0.999902,9.230547,0.8175109624862671,0.9999771,10.685688,0.99986815,8.933981
1597,1,0,6.443483e-05,-9.649792,1.0,0.0002923066,-8.137415,0.9142587,2.3667786
1598,0,0,7.432311e-05,-9.507014,0.7627544403076172,3.163609e-05,-10.36118,0.00020229565,-8.505578
1599,0,1,0.99985445,8.834814,1.0,0.9989813,6.88824,0.016083771,-4.11373
1600,0,1,0.9998964,9.174938,1.0,0.9999695,10.395403,0.06489508,-2.667887
1601,0,1,0.9999058,9.270258,1.0,0.9488254,2.9199805,0.81210107,1.463721
1602,0,0,7.428088e-05,-9.507583,0.6905127763748169,6.210508e-06,-11.989262,0.00027461615,-8.199862
1603,0,0,7.431546e-05,-9.507117,0.8963306546211243,8.442913e-06,-11.682175,0.00019847124,-8.524668
1604,0,0,7.432113e-05,-9.507041,0.5855413675308228,5.9329127e-06,-12.034989,0.00018348657,-8.603186
1605,1,1,0.99990547,9.266467,0.6112244725227356,0.99969923,8.108717,0.54640496,0.18615566
1606,1,1,0.99983513,8.71021,0.7224324345588684,0.99998355,11.014313,0.00024688072,-8.306358
1607,1,1,0.999902,9.230547,0.6832509636878967,0.99996173,10.170425,0.9998807,9.034058
1608,0,0,7.432701e-05,-9.506962,0.8483688235282898,5.450241e-05,-9.817211,0.00021432093,-8.447822
1609,1,1,0.999835,8.709487,0.5114423036575317,0.9999356,9.650764,0.00022371222,-8.404926
1610,0,1,0.99993336,9.616169,1.0,0.99996686,10.314375,0.7739347,1.2306635
1611,0,0,7.433296e-05,-9.506882,0.6117147207260132,2.4935393e-05,-10.599197,0.00017397541,-8.656423
1612,0,1,0.9999366,9.665678,1.0,0.99995124,9.928293,0.82320684,1.5382276
1613,1,1,0.99988735,9.091087,0.6206236481666565,0.9772479,3.7600853,0.9998534,8.827898
1614,1,1,0.99983466,8.707321,0.5619885325431824,0.999665,8.00111,0.00015716269,-8.758072
1615,0,0,7.4316726e-05,-9.5071,0.4555620849132538,6.245932e-06,-11.983574,0.00019359897,-8.549528
1616,0,1,0.9998652,8.911393,1.0,0.99987316,8.972673,0.025432196,-3.6459782
1617,1,1,0.999902,9.230547,0.6112274527549744,0.99998343,11.008841,0.99985397,8.831542
1618,1,1,0.999902,9.230547,0.7600681185722351,0.99994314,9.7751255,0.99981004,8.568449
1619,1,1,0.99990153,9.225692,0.5530456304550171,0.99918336,7.109508,0.99989307,9.142975
1620,0,0,7.4334734e-05,-9.506858,0.6942407488822937,6.570771e-06,-11.932873,0.00015338605,-8.782399
1621,1,0,6.707938e-05,-9.609567,1.0,0.00035675816,-7.9380956,0.3818975,-0.481502
1622,1,1,0.9998349,8.708765,0.6560758948326111,0.99990106,9.220397,0.0001739555,-8.656537
1623,0,0,7.432049e-05,-9.50705,0.6859803795814514,6.9530465e-06,-11.876324,0.0001856717,-8.591345
1624,1,1,0.99983513,8.71021,0.5940197110176086,0.9999777,10.712326,0.00022273873,-8.409288
1625,0,0,7.457187e-05,-9.503673,0.5355672836303711,0.0006267074,-7.374404,0.0001839834,-8.600481
1626,0,0,7.4312265e-05,-9.50716,0.6216113567352295,3.4120218e-05,-10.285586,0.00022908738,-8.381178
1627,0,0,7.432992e-05,-9.506923,0.5487179756164551,9.256984e-05,-9.287455,0.00024225687,-8.32527
1628,1,1,0.99981946,8.619364,0.8306584358215332,0.9207406,2.4524517,0.55015486,0.20129634
1629,0,0,0.000110253975,-9.112614,1.0,0.06142313,-2.7265782,0.009973216,-4.597829
1630,1,1,0.999835,8.709487,0.6619526147842407,0.9999696,10.402516,0.00019130905,-8.561429
1631,1,1,0.9998348,8.708043,0.8385748267173767,0.999496,7.592475,0.0002893989,-8.147415
1632,1,1,0.99986887,8.939189,0.5917098522186279,0.95249444,2.9982367,0.47464553,-0.10150488
1633,1,1,0.999835,8.709487,0.7052208781242371,0.9999471,9.847355,0.00020872301,-8.474294
1634,1,1,0.999902,9.230547,0.6462412476539612,0.9999753,10.610476,0.99986494,8.909685
1635,0,1,0.99985456,8.835633,1.0,0.997566,6.015747,0.017203689,-4.045278
1636,1,1,0.999835,8.709487,0.6686089038848877,0.999966,10.291008,0.00016519928,-8.708193
1637,1,1,0.999902,9.230547,0.5444315671920776,0.99981815,8.611936,0.9998272,8.66276
1638,0,0,7.431503e-05,-9.507123,0.7877449989318848,7.834956e-06,-11.756907,0.00019884441,-8.522789
1639,1,0,5.116603e-05,-9.8803835,1.0,0.00085408636,-7.064624,0.83005244,1.5859988
1640,1,1,0.999835,8.709487,0.6679965257644653,0.99991584,9.382887,0.00023462767,-8.357276
1641,0,1,0.99991715,9.398391,1.0,0.999747,8.282005,0.9681014,3.412772
1642,1,1,0.99978584,8.448575,0.6800470948219299,0.96156055,3.2194743,0.00018632451,-8.587834
1643,0,0,7.433034e-05,-9.506917,0.6783857941627502,1.2936886e-05,-11.255415,0.00016896726,-8.6856365
1644,0,1,0.9999292,9.555435,1.0,0.9999757,10.624571,0.92628425,2.530964
1645,0,1,0.999899,9.200583,1.0,0.99999225,11.760941,0.06949976,-2.594399
1646,1,1,0.99990165,9.226904,0.6862677335739136,0.9993118,7.2808046,0.9998683,8.935065
1647,1,1,0.999902,9.230547,0.6399392485618591,0.9999888,11.394434,0.99984336,8.761342
1648,1,1,0.9998344,8.70588,0.7893396615982056,0.9991897,7.117304,0.00026231533,-8.245701
1649,0,1,0.9998988,9.198225,1.0,0.9859291,4.249474,0.085941724,-2.364225
1650,1,1,0.99983513,8.71021,0.7472811937332153,0.99997306,10.519808,0.00022641948,-8.392895
1651,1,1,0.99983513,8.71021,0.7172074317932129,0.9999839,11.040543,0.00027185713,-8.209962
1652,0,0,7.434963e-05,-9.506658,0.5976060032844543,7.4452e-05,-9.505281,0.00018139525,-8.614651
1653,1,1,0.9998909,9.123352,0.8250732421875,0.9821103,4.0054827,0.999899,9.201252
1654,0,0,7.677578e-05,-9.474545,0.9254651665687561,0.0061333785,-5.0878572,0.0004893272,-7.6219897
1655,0,1,0.9999076,9.28943,1.0,0.99983335,8.699924,0.46317372,-0.14757216
1656,0,1,0.9999038,9.248965,1.0,0.99997926,10.785464,0.07850271,-2.4628668
1657,0,0,0.0023944846,-6.03219,0.6181731224060059,0.24150242,-1.14446,0.99990547,9.26654
1658,0,1,0.99985635,8.848006,1.0,0.9997881,8.458937,0.017169377,-4.0473094
1659,1,1,0.999902,9.230547,0.6164328455924988,0.9999608,10.146531,0.9999132,9.352491
1660,0,0,7.433275e-05,-9.506885,0.734443724155426,0.00016921508,-8.684171,0.00030564482,-8.092781
1661,1,0,5.4425123e-05,-9.81863,1.0,0.0014120699,-6.5612855,0.6997792,0.8462467
1662,1,1,0.99983513,8.71021,0.6897602677345276,0.999987,11.2554865,0.00022854679,-8.383541
1663,0,0,7.429668e-05,-9.50737,0.6861177086830139,1.8509354e-05,-10.897216,0.00025014905,-8.293203
1664,0,0,7.426282e-05,-9.507826,0.784631073474884,9.256913e-05,-9.287462,0.00039415664,-7.838368
1665,0,0,7.428683e-05,-9.507503,0.7639328241348267,2.9461047e-05,-10.432412,0.00028235154,-8.172075
1666,1,1,0.9998342,8.704441,0.7004123330116272,0.9989498,6.857749,0.00026897964,-8.220606
1667,0,1,0.99992454,9.491839,1.0,0.99998426,11.062262,0.94570047,2.8574102
1668,1,1,0.9999058,9.270258,0.7371028065681458,0.9997546,8.312599,0.55232215,0.21005772
1669,0,1,0.99991345,9.354749,1.0,0.9997451,8.274245,0.6298957,0.5317694
1670,0,1,0.99992263,9.466875,1.0,0.9975364,6.0036564,0.33436584,-0.68850446
1671,1,0,5.92278e-05,-9.73406,1.0,5.50322e-05,-9.807537,0.64770633,0.6089724
1672,0,1,0.9999229,9.469962,1.0,0.9996623,7.992893,0.6931396,0.81483865
1673,0,0,0.00012415124,-8.993886,0.6898566484451294,0.019137582,-3.936778,0.9998696,8.945173
1674,1,1,0.9999021,9.231764,0.784042477607727,0.99998856,11.380542,0.9998172,8.606927
1675,1,0,4.96915e-05,-9.909627,1.0,3.631582e-05,-10.223221,0.79215467,1.3379624
1676,0,0,7.428152e-05,-9.507574,0.7941014766693115,1.7228878e-05,-10.968906,0.00028324965,-8.168899
1677,1,0,5.3237694e-05,-9.840691,1.0,0.0032274355,-5.732835,0.085140966,-2.3744617
1678,0,0,7.431312e-05,-9.507149,0.8459637761116028,4.7695383e-05,-9.950628,0.00023955046,-8.336507
1679,0,1,0.9999201,9.435028,1.0,0.9997991,8.512038,0.12213668,-1.9723501
1680,0,0,7.431361e-05,-9.507142,0.8542210459709167,4.678949e-06,-12.272432,0.0001992122,-8.520941
1681,1,1,0.999835,8.709487,0.7423044443130493,0.99992776,9.535028,0.0002221546,-8.411915
1682,0,1,0.9999329,9.609038,1.0,0.9999893,11.440919,0.9047289,2.2509084
1683,0,0,7.432013e-05,-9.507054,0.7805981636047363,3.12647e-05,-10.37299,0.00020874233,-8.474201
1684,1,1,0.99983513,8.71021,0.5377147197723389,0.9999037,9.248295,0.0002741573,-8.201534
1685,1,1,0.999902,9.230547,0.648705005645752,0.9999919,11.718475,0.9998847,9.068569
1686,0,1,0.9999125,9.343788,1.0,0.99718153,5.8687263,0.102209106,-2.1729164
1687,1,1,0.999902,9.230547,0.7177509069442749,0.9999845,11.077975,0.99986744,8.9286785
1688,1,1,0.999902,9.230547,0.7822226285934448,0.9999453,9.8130665,0.9998548,8.837526
1689,0,0,0.00011045445,-9.110797,0.8694882392883301,0.0006507062,-7.3368015,0.99973565,8.238024
1690,1,0,6.43182e-05,-9.651604,1.0,1.6548836e-05,-11.009178,0.91421735,2.366251
1691,0,0,7.432091e-05,-9.507044,0.7057756781578064,2.1734635e-05,-10.736582,0.00019824658,-8.525801
1692,0,0,0.00035487436,-7.943392,0.6214873790740967,0.12440017,-1.9514056,0.99986327,8.897423
1693,1,1,0.999835,8.709487,0.6160567402839661,0.9999335,9.618725,0.00019910566,-8.521476
1694,0,0,7.431999e-05,-9.507056,0.6474435329437256,1.4432476e-05,-11.146015,0.00019361188,-8.549461
1695,1,1,0.999902,9.230547,0.6649531722068787,0.9999627,10.197113,0.9998293,8.675563
1696,0,0,7.426374e-05,-9.507813,0.6286253929138184,1.8196453e-05,-10.914266,0.0003242568,-8.03365
1697,1,0,6.0795355e-05,-9.707936,1.0,0.0027218368,-5.903723,0.31782794,-0.76377165
1698,1,0,6.435685e-05,-9.651003,1.0,1.8846531e-05,-10.879163,0.9143494,2.3679364
1699,1,1,0.999902,9.230547,0.6931374073028564,0.9999753,10.611736,0.99990416,9.253166
1700,1,0,8.5459294e-05,-9.367385,1.0,0.0016320391,-6.4162917,0.96407384,3.2897017
1701,0,1,0.99993134,9.586209,1.0,0.99992967,9.56273,0.19681571,-1.4063163
1702,1,1,0.999902,9.230547,0.5661120414733887,0.99998045,10.844405,0.9999068,9.280914
1703,1,1,0.99990547,9.266467,0.7368466258049011,0.9999809,10.8662405,0.54239374,0.16998306
1704,0,0,7.430497e-05,-9.507258,0.7731881141662598,1.350865e-05,-11.212167,0.00022695724,-8.390522
1705,1,1,0.999902,9.230547,0.5989636778831482,0.9999851,11.114614,0.9998766,8.999931
1706,1,1,0.9999018,9.228116,0.710405707359314,0.9993988,7.4160156,0.99981374,8.5881605
1707,1,1,0.9999021,9.231764,0.8130100965499878,0.9999893,11.446073,0.9997726,8.388485
1708,1,1,0.7892186,1.3202218,0.7592132687568665,0.5681268,0.2742125,0.00028226484,-8.172382
1709,0,1,0.99993217,9.598437,1.0,0.9997663,8.361248,0.9088031,2.2991073
1710,1,0,5.3346404e-05,-9.838651,1.0,0.0012522509,-6.6815596,0.07972371,-2.446107
1711,0,0,7.43375e-05,-9.506821,0.6947867274284363,0.00015523336,-8.770426,0.00028240753,-8.171877
1712,0,1,0.999915,9.372819,1.0,0.99987805,9.012044,0.6402142,0.576294
1713,0,0,7.433183e-05,-9.506897,0.5996359586715698,7.799128e-06,-11.761491,0.00016095676,-8.734214
1714,1,1,0.9998354,8.711658,0.6555769443511963,0.9999815,10.900396,0.00041696403,-7.7820935
1715,0,0,7.721301e-05,-9.468865,0.7079970240592957,0.0068755676,-4.972882,0.0002578628,-8.262825
1716,0,1,0.9999318,9.593178,1.0,0.9999132,9.35251,0.91151196,2.3322365
1717,0,1,0.8436334,1.6855149,1.0,0.5628767,0.2528453,0.970924,3.5083365
1718,0,1,0.9999349,9.639701,1.0,0.99998236,10.942244,0.8866486,2.0569563
1719,0,1,0.9999051,9.2626915,1.0,0.999979,10.774039,0.5192481,0.07703068
1720,0,1,0.9990927,7.0041275,1.0,0.8340814,1.6148337,0.007058008,-4.9465094
1721,0,1,0.99993193,9.594928,1.0,0.99958223,7.7801814,0.9103786,2.3182664
1722,0,0,0.00011020542,-9.113054,0.60411137342453,1.2099707e-05,-11.322317,0.9999052,9.26458
1723,1,1,0.9999021,9.231764,0.9221494197845459,0.99998975,11.48947,0.99979895,8.511877
1724,1,1,0.99983513,8.71021,0.8327375054359436,0.9999404,9.727829,0.00024262784,-8.323739
1725,0,1,0.99993026,9.5707035,1.0,0.9990945,7.0061226,0.7479808,1.0878719
1726,0,0,7.4394375e-05,-9.506056,0.7200992107391357,0.00023357305,-8.361782,0.00022519786,-8.398306
1727,0,0,7.4356074e-05,-9.506571,0.680842399597168,3.3592467e-05,-10.301175,0.00012978604,-8.949493
1728,1,1,0.9998349,8.708765,0.6086824536323547,0.99993694,9.670898,0.00014030849,-8.871527
1729,1,1,0.999902,9.230547,0.5939958095550537,0.99997914,10.778885,0.99986315,8.896315
1730,1,0,6.8140274e-05,-9.593874,1.0,2.3210465e-05,-10.670884,0.39454895,-0.4282305
1731,0,0,7.484074e-05,-9.500073,0.8332937359809875,0.0013601648,-6.5987883,0.00025400572,-8.2779
1732,1,1,0.999902,9.230547,0.5263018608093262,0.99998033,10.837251,0.9998387,8.732613
1733,0,1,0.93707603,2.7008374,1.0,0.60948217,0.44513604,0.5960956,0.38922298
1734,0,0,7.428534e-05,-9.507523,0.6702582240104675,4.317112e-06,-12.35292,0.00026266396,-8.244372
1735,1,1,0.99983525,8.710934,0.7298092842102051,0.99999034,11.542328,0.0003511434,-7.9539647
1736,0,1,0.99993193,9.594928,1.0,0.9999552,10.013102,0.21900353,-1.2714828
1737,0,0,0.0001463379,-8.829446,0.6340492963790894,0.041090485,-3.1500201,0.99989414,9.153341
1738,0,0,7.4302916e-05,-9.507286,0.7738834023475647,8.526092e-06,-11.672371,0.00022684106,-8.391034
1739,0,0,0.000110234,-9.112795,0.6586623191833496,9.646268e-05,-9.246258,0.99987817,9.012831
1740,1,1,0.9999019,9.229331,0.7296488881111145,0.9996314,7.90555,0.9998895,9.110792
1741,0,0,7.4324955e-05,-9.5069895,0.5084413290023804,1.0786788e-05,-11.437178,0.00017913606,-8.627186
1742,0,0,0.07573145,-2.5018091,0.6883248090744019,0.3991256,-0.4091097,0.99980587,8.546726
1743,1,1,0.9999021,9.231764,0.7607462406158447,0.99998665,11.225093,0.999803,8.531969
1744,1,1,0.9999062,9.274063,0.8304367065429688,0.9999808,10.859152,0.5568554,0.22840962
1745,1,1,0.99983513,8.71021,0.7412254214286804,0.9999858,11.165706,0.00028402903,-8.16615
1746,1,1,0.9998274,8.664274,0.7107502818107605,0.992357,4.8662853,0.00016349713,-8.718552
1747,1,1,0.999902,9.230547,0.6139972805976868,0.99995124,9.929377,0.99980325,8.533066
1748,1,1,0.99990606,9.272793,0.8510679006576538,0.999974,10.557644,0.5559916,0.22490972
1749,1,1,0.999835,8.709487,0.6423051357269287,0.9999715,10.466465,0.00017934626,-8.626013
1750,1,0,7.262481e-05,-9.530131,1.0,3.3053995e-05,-10.317335,0.938663,2.7280736
1751,0,1,0.9999062,9.274063,1.0,0.9999794,10.788644,0.5564588,0.2268023
1752,1,0,9.528726e-05,-9.258519,1.0,2.4288911e-05,-10.625466,0.9810739,3.9481096
1753,1,1,0.999902,9.230547,0.6468068957328796,0.9999876,11.297386,0.9998343,8.70544
1754,1,0,9.616319e-05,-9.249368,1.0,0.077908605,-2.471108,0.7711035,1.2145528
1755,0,1,0.9999335,9.61796,1.0,0.99993634,9.661343,0.89980733,2.195086
1756,0,1,0.9999157,9.38127,1.0,0.9999734,10.535781,0.10728704,-2.1187572
1757,0,1,0.9999182,9.411426,1.0,0.9999695,10.396206,0.9653738,3.3279037
1758,1,0,0.00017135622,-8.671595,1.0,0.09443091,-2.2606952,0.943832,2.8216004
1759,0,0,0.0031830342,-5.746732,0.5101906657218933,0.27797928,-0.9545073,0.00018716461,-8.583335
1760,1,1,0.9999052,9.263948,0.7510918974876404,0.9999813,10.883009,0.5108592,0.04344362
1761,1,1,0.99983513,8.71021,0.8005337715148926,0.99990046,9.214424,0.00035085328,-7.9547915
1762,0,0,0.0001258921,-8.9799595,0.5919221043586731,0.02121183,-3.831756,0.999826,8.65608
1763,0,1,0.9999331,9.612597,1.0,0.9999125,9.3443985,0.90232664,2.2233486
1764,0,1,0.9999254,9.50296,1.0,0.99995494,10.006796,0.32143897,-0.7471667
1765,0,1,0.9999367,9.66756,1.0,0.99999094,11.611329,0.8570516,1.7910147
1766,0,0,7.432523e-05,-9.506986,0.6238791942596436,1.568907e-05,-11.0625305,0.00018293978,-8.606171
1767,0,0,7.429427e-05,-9.507402,0.6086013317108154,4.0261595e-05,-10.120072,0.00027538097,-8.19708
1768,1,1,0.999902,9.230547,0.6622231006622314,0.99998474,11.0893345,0.999858,8.859498
1769,1,1,0.8539485,1.7659113,0.8769243359565735,0.57381165,0.2974199,0.1362336,-1.8469312
1770,1,0,8.437608e-05,-9.380142,1.0,0.0005678477,-7.473089,0.9630799,3.2613807
1771,0,0,0.00012156508,-9.014939,0.7029998302459717,0.015999,-4.1191006,0.9998766,8.999918
1772,1,1,0.999835,8.709487,0.6255799531936646,0.999984,11.042063,0.00014885579,-8.812384
1773,0,1,0.99986076,8.879198,1.0,0.99986255,8.892536,0.021112101,-3.8365707
1774,0,0,0.00011061212,-9.10937,0.5926538705825806,0.0007591206,-7.1825905,0.999835,8.709587
1775,1,1,0.99983513,8.71021,0.5910084247589111,0.9999782,10.733318,0.00024773285,-8.302912
1776,0,1,0.9998797,9.02555,1.0,0.99586076,5.483091,0.044912454,-3.057088
1777,1,1,0.99983513,8.71021,0.6990395188331604,0.99998,10.818846,0.00026746164,-8.226267
1778,0,0,7.440601e-05,-9.505899,0.6701188683509827,0.00021143511,-8.461381,0.00017856545,-8.630377
1779,1,1,0.9995932,7.806778,0.5950762033462524,0.85565895,1.7796929,0.99985754,8.856198
1780,1,1,0.9999052,9.263948,0.7949258089065552,0.99998295,10.977726,0.53124434,0.12514038
1781,1,1,0.99983525,8.710934,0.6645103096961975,0.9998698,8.947001,0.0003802929,-7.8741884
1782,1,1,0.999835,8.709487,0.5976489782333374,0.99991477,9.370708,0.00020527486,-8.490955
1783,0,0,0.0001173158,-9.050524,0.6482404470443726,0.010561779,-4.5398955,0.9998253,8.651788
1784,1,1,0.999902,9.230547,0.6579113602638245,0.9999888,11.4033375,0.99986553,8.914142
1785,1,1,0.9996977,8.10374,0.7646757364273071,0.87757677,1.9696801,0.99982315,8.640047
1786,1,0,5.923684e-05,-9.733908,1.0,0.022312894,-3.780025,0.832259,1.6017227
1787,0,0,7.428336e-05,-9.507549,0.6257668733596802,9.96563e-06,-11.516358,0.00027235708,-8.208124
1788,1,1,0.9999063,9.275334,0.7369633913040161,0.99997926,10.784775,0.5594395,0.2388875
1789,0,0,0.00011018093,-9.1132765,0.798796534538269,6.017687e-06,-12.020802,0.9998821,9.045533
1790,1,1,0.999902,9.230547,0.5183624625205994,0.9999522,9.947807,0.99989486,9.160388
1791,1,1,0.999902,9.230547,0.7842829823493958,0.9999832,10.996103,0.99986076,8.87932
1792,0,0,7.438671e-05,-9.506159,0.5340316295623779,0.00017164435,-8.669914,0.00018611143,-8.588979
1793,1,1,0.99983525,8.710934,0.777953028678894,0.99997103,10.448635,0.00033225343,-8.00928
1794,1,1,0.999902,9.230547,0.8134691715240479,0.9999888,11.3965645,0.9998221,8.633678
1795,1,1,0.999902,9.230547,0.712348997592926,0.99996996,10.411121,0.9998233,8.640863
1796,1,1,0.9999057,9.268993,0.7548307776451111,0.9999442,9.793834,0.5491502,0.19723785
1797,1,1,0.99983287,8.696563,0.5860468745231628,0.9977131,6.078282,0.00017572111,-8.646437
1798,1,1,0.99983084,8.684508,0.6786946058273315,0.9956632,5.436281,0.00014335812,-8.850021
1799,1,1,0.9998123,8.580504,0.739957332611084,0.979253,3.8543892,0.00023587009,-8.351994
1800,1,1,0.99983513,8.71021,0.6898843050003052,0.99989104,9.124257,0.0002918349,-8.13903
1801,1,0,4.934395e-05,-9.916646,1.0,2.5113615e-05,-10.592075,0.116045654,-2.0304217
1802,0,1,0.99993193,9.594928,1.0,0.9885704,4.460054,0.8245756,1.5476608
1803,0,0,7.4265576e-05,-9.507789,0.7901900410652161,1.24457265e-05,-11.294121,0.00031497533,-8.062701
1804,1,0,4.9276237e-05,-9.918019,1.0,6.3541725e-06,-11.9663925,0.2039139,-1.3620095
1805,1,0,7.60538e-05,-9.483994,1.0,3.828807e-05,-10.170334,0.94680417,2.8791108
1806,0,0,7.430398e-05,-9.507272,0.7115318775177002,5.6158156e-06,-12.089918,0.00022183139,-8.413371
1807,1,1,0.999902,9.230547,0.9074522256851196,0.9999865,11.212519,0.9998473,8.786712
1808,0,1,0.9999138,9.35889,1.0,0.99998677,11.229451,0.40782398,-0.37296826
1809,0,1,0.99991906,9.421683,1.0,0.99997795,10.723623,0.9630978,3.2618852
1810,1,0,5.211124e-05,-9.862078,1.0,7.151756e-05,-9.545496,0.7237885,0.96333236
1811,1,1,0.999902,9.230547,0.646649181842804,0.9999442,9.794897,0.9998877,9.094496
1812,0,1,0.999811,8.573541,1.0,0.9699887,3.4757094,0.0074149678,-4.896812
1813,0,0,7.577061e-05,-9.487724,0.5539567470550537,0.0035514864,-5.6368313,0.00022664799,-8.391886
1814,1,1,0.99983513,8.71021,0.7616549730300903,0.9999777,10.709692,0.00025971775,-8.255655
1815,1,0,5.605957e-05,-9.78904,1.0,2.0155358e-05,-10.81202,0.060824405,-2.7370114
1816,1,1,0.99990046,9.214854,0.6006283760070801,0.997124,5.848486,0.999895,9.1612015
1817,1,1,0.9997912,8.4739485,0.7567710280418396,0.9646946,3.3077755,0.00025401686,-8.277856
1818,1,1,0.9999021,9.231764,0.8102176785469055,0.9999925,11.80237,0.9997181,8.17398
1819,1,0,8.281307e-05,-9.398842,1.0,0.0012281412,-6.7010245,0.95959073,3.1674485
1820,1,1,0.9998354,8.711658,0.8166869878768921,0.99997056,10.431411,0.00039423344,-7.838173
1821,1,0,5.967864e-05,-9.726477,1.0,8.584047e-05,-9.362934,0.895681,2.1501305
1822,0,0,0.00011025051,-9.112645,0.6048560738563538,9.523756e-05,-9.259041,0.99989736,9.184184
1823,0,1,0.9999087,9.301111,1.0,0.9999819,10.919377,0.08895286,-2.326488
1824,0,1,0.9998877,9.094268,1.0,0.9417396,2.7828064,0.1670124,-1.6069508
1825,0,1,0.9998789,9.018636,1.0,0.96028006,3.1853707,0.9902885,4.6246786
1826,1,1,0.999835,8.709487,0.7435805201530457,0.99998033,10.8385315,0.00017663091,-8.641272
1827,1,1,0.9914954,4.7586036,0.7426437735557556,0.7145912,0.9177879,0.0001906355,-8.564957
1828,1,1,0.9999052,9.263948,0.7899629473686218,0.99998116,10.878775,0.52798426,0.11205441
1829,1,1,0.999902,9.230547,0.5940276980400085,0.99996674,10.3121805,0.99988437,9.065531
1830,0,1,0.9999268,9.522317,1.0,0.99976414,8.351859,0.15341331,-1.708077
1831,1,0,0.0035370926,-5.640907,0.7418314218521118,0.29039407,-0.893471,0.11655745,-2.025442
1832,0,0,0.00011017894,-9.113295,0.707850456237793,1.6255275e-05,-11.027077,0.9998727,8.968552
1833,1,1,0.9999018,9.228116,0.7175968885421753,0.99947745,7.5561023,0.99987495,8.987112
1834,1,1,0.9999062,9.274063,0.7484798431396484,0.99995446,9.997917,0.55848897,0.23503172
1835,1,0,5.215658e-05,-9.861208,1.0,8.165606e-06,-11.715571,0.08585031,-2.365389
1836,1,0,6.1500345e-05,-9.696406,1.0,0.0037110609,-5.5927196,0.6389977,0.57101643
1837,1,1,0.9999021,9.231764,0.8120146989822388,0.9999783,10.735778,0.99974746,8.28352
1838,0,0,7.43022e-05,-9.507296,0.6236712336540222,2.2135335e-05,-10.718313,0.00024077624,-8.331402
1839,1,0,0.00011165969,-9.099943,1.0,0.016771818,-4.0711412,0.9883443,4.440237
1840,0,0,7.091782e-05,-9.553918,0.6687763333320618,8.088096e-06,-11.725109,0.43287012,-0.27015072
1841,1,1,0.999835,8.709487,0.6801295876502991,0.9999652,10.264,0.00019223776,-8.556585
1842,0,1,0.99990976,9.312932,1.0,0.99959236,7.8046956,0.9849674,4.1823874
1843,1,0,6.750084e-05,-9.603303,1.0,5.4645632e-05,-9.814587,0.57035995,0.28331986
1844,1,1,0.9999019,9.229331,0.5833975672721863,0.9997646,8.354025,0.99984527,8.77352
1845,0,1,0.9999052,9.263948,1.0,0.9998803,9.030652,0.51041424,0.04166311
1846,0,0,7.195613e-05,-9.539382,0.7663847804069519,1.2106703e-05,-11.321739,0.49736866,-0.01052545
1847,1,0,8.482447e-05,-9.374842,1.0,6.206659e-05,-9.687241,0.96433383,3.2972355
1848,0,1,0.99991155,9.332948,1.0,0.9999883,11.361898,0.09573709,-2.2455144
1849,1,1,0.99990594,9.271524,0.6929755210876465,0.9999591,10.104404,0.55207855,0.20907241
1850,0,1,0.99990153,9.225692,1.0,0.9764889,3.7264926,0.9734908,3.6033978
1851,0,0,7.432134e-05,-9.507038,0.6789836287498474,6.5059667e-06,-11.942784,0.00018340153,-8.603649
1852,0,1,0.9999312,9.584475,1.0,0.99824274,6.342226,0.23161244,-1.1992288
1853,1,1,0.99983513,8.71021,0.7727192044258118,0.9999808,10.860985,0.0002877695,-8.153063
1854,0,0,7.4338495e-05,-9.506807,0.6379191875457764,6.150509e-05,-9.696329,0.00019475426,-8.543577
1855,1,0,4.998626e-05,-9.903712,1.0,0.0008085563,-7.1194515,0.77810585,1.254662
1856,1,1,0.99983513,8.71021,0.8750090003013611,0.99992156,9.452866,0.0002941705,-8.131057
1857,0,1,0.999913,9.349254,1.0,0.99997306,10.52203,0.4146846,-0.34463274
1858,1,1,0.99983525,8.710934,0.7424512505531311,0.99999,11.508297,0.00031954702,-8.048286
1859,0,1,0.9999031,9.241557,1.0,0.99481493,5.256778,0.48869032,-0.045246407
1860,1,0,0.2941696,-0.87521845,1.0,0.4649262,-0.14052588,0.9777324,3.782104
1861,1,1,0.99983466,8.707321,0.7414097189903259,0.9994821,7.565072,0.00021036113,-8.466475
1862,0,1,0.9998522,8.81937,1.0,0.99998975,11.489115,0.013439491,-4.296027
1863,1,1,0.999902,9.230547,0.8082173466682434,0.9999006,9.215883,0.9999012,9.221626
1864,0,0,7.4306176e-05,-9.507242,0.7209222912788391,1.8810028e-05,-10.881102,0.00022896465,-8.381714
1865,0,0,0.00011014648,-9.113589,0.6505857706069946,1.9943413e-05,-10.822592,0.9998338,8.702429
1866,0,1,0.99989927,9.202948,1.0,0.95099145,2.9655108,0.924018,2.4982357
1867,1,1,0.99989724,9.183027,0.5976663827896118,0.99157494,4.768078,0.9998859,9.078199
1868,1,1,0.99983513,8.71021,0.6899538636207581,0.99996316,10.208221,0.00022798874,-8.385986
1869,1,1,0.9998338,8.702287,0.6253135204315186,0.99871445,6.6553087,0.00018784129,-8.579725
1870,0,0,7.203419e-05,-9.538298,0.6274949908256531,1.1208418e-05,-11.398834,0.49354276,-0.025830492
1871,0,0,7.4284e-05,-9.507541,0.6749449372291565,8.181843e-06,-11.713585,0.00026947763,-8.218756
1872,1,1,0.9998348,8.708043,0.6380302906036377,0.999688,8.072205,0.00018495713,-8.5952015
1873,1,0,0.0014307656,-6.548114,0.5050172209739685,0.23441227,-1.1835624,0.5203708,0.08152832
1874,0,1,0.999936,9.656323,1.0,0.9996111,7.851617,0.8692362,1.8942224
1875,0,0,7.433544e-05,-9.506848,0.6066758632659912,7.115396e-05,-9.550593,0.00021036352,-8.466463
1876,1,1,0.999902,9.230547,0.704477071762085,0.99999034,11.548912,0.9998436,8.76324
1877,1,1,0.999902,9.230547,0.6548844575881958,0.99992096,9.445759,0.999853,8.824845
1878,1,1,0.999902,9.230547,0.6960413455963135,0.99990106,9.220406,0.9997881,8.458994
1879,1,1,0.999835,8.709487,0.5928293466567993,0.9999895,11.460525,0.00019039951,-8.5661955
1880,0,1,0.9999287,9.548723,1.0,0.9997893,8.46472,0.28921336,-0.8992076
1881,0,0,7.434409e-05,-9.506732,0.7329423427581787,5.9679824e-06,-12.029096,0.0001316707,-8.935075
1882,0,0,7.722884e-05,-9.46866,0.4521823227405548,0.0068761273,-4.9728,0.00022369366,-8.405009
1883,1,1,0.999902,9.230547,0.7517673969268799,0.9999814,10.895248,0.9998267,8.660448
1884,1,1,0.99983513,8.71021,0.7592201828956604,0.9999927,11.829729,0.00020880144,-8.473918
1885,0,1,0.99987113,8.9566145,1.0,0.94528824,2.849412,0.10579544,-2.134427
1886,1,1,0.99983513,8.71021,0.5523849725723267,0.9999827,10.965726,0.00022611226,-8.394253
1887,1,1,0.999835,8.709487,0.7107385993003845,0.9999863,11.197738,0.0001995407,-8.519293
1888,1,1,0.9998336,8.700852,0.6664204597473145,0.99844766,6.4664516,0.00019789192,-8.527592
1889,0,0,7.717031e-05,-9.469419,0.5761992931365967,0.0112855835,-4.4728794,0.4902801,-0.038884506
1890,1,1,0.999902,9.230547,0.7670108079910278,0.99997354,10.540968,0.9998952,9.163489
1891,1,1,0.9998349,8.708765,0.6271941661834717,0.9999888,11.397927,0.000113806585,-9.080896
1892,1,1,0.999835,8.709487,0.6955768465995789,0.9999908,11.603763,0.00019994692,-8.517259
1893,0,0,7.433197e-05,-9.506895,0.6489944458007812,8.418592e-06,-11.68506,0.00016111815,-8.7332115
1894,0,0,0.00011017432,-9.113337,0.5728400945663452,6.8317763e-06,-11.893919,0.999874,8.979388
1895,1,0,8.184968e-05,-9.410544,1.0,0.00014640168,-8.82901,0.9587465,3.1458902
1896,1,1,0.999902,9.230547,0.8755735754966736,0.9999752,10.602652,0.9998185,8.614262
1897,0,0,7.4311625e-05,-9.507169,0.620915412902832,5.9040085e-06,-12.039873,0.00020486445,-8.492957
1898,0,0,7.218017e-05,-9.536273,0.7911436557769775,0.00014419165,-8.844223,0.46991897,-0.120469674
1899,0,0,7.4268835e-05,-9.507745,0.7398746013641357,1.0568677e-05,-11.457605,0.00030601164,-8.091581
1900,0,0,7.4507545e-05,-9.504536,0.4652903378009796,0.00051601033,-7.5688677,0.00022782119,-8.386722
1901,0,0,7.180211e-05,-9.541525,0.7427592277526855,1.9318511e-05,-10.854427,0.45381388,-0.18527268
1902,0,1,0.9999182,9.411426,1.0,0.9998603,8.875535,0.96537703,3.3280015
1903,1,1,0.999835,8.709487,0.44383060932159424,0.99997926,10.781347,0.00020567277,-8.489018
1904,1,1,0.9998324,8.693713,0.6786512136459351,0.9971739,5.8660326,0.0002022158,-8.505973
1905,1,1,0.999902,9.230547,0.7488375902175903,0.9999943,12.079822,0.99986947,8.9439535
1906,0,1,0.9999366,9.665678,1.0,0.9999727,10.510225,0.8605275,1.8196783
1907,0,0,7.434012e-05,-9.506785,0.5198698043823242,7.732939e-06,-11.770014,0.0001423056,-8.857391
1908,1,1,0.999408,7.431423,0.5810558795928955,0.83042985,1.5886767,0.9998294,8.676072
1909,0,1,0.9999125,9.343788,1.0,0.9997559,8.317701,0.6224507,0.49996322
1910,0,0,0.00011011371,-9.113887,0.6316818594932556,1.40014945e-05,-11.176332,0.99980146,8.52434
1911,1,1,0.999902,9.230547,0.8305858969688416,0.999966,10.289784,0.9998946,9.158102
1912,0,1,0.999851,8.811337,1.0,0.9995914,7.80228,0.0127095375,-4.3526115
1913,1,1,0.9999021,9.231764,0.7805353999137878,0.99997437,10.570525,0.9997273,8.207093
1914,0,0,7.429448e-05,-9.5074,0.7673808336257935,3.2755266e-05,-10.326414,0.00026816255,-8.223649
1915,0,0,7.431269e-05,-9.507154,0.6525862216949463,1.5735686e-05,-11.059564,0.00021123783,-8.462315
1916,0,0,0.000110153735,-9.1135235,0.6091880202293396,4.6465226e-05,-9.97676,0.9998235,8.641998
1917,0,0,0.00011284504,-9.089382,0.746332049369812,0.058218516,-2.7835698,0.00023488485,-8.35618
1918,0,1,0.99987197,8.963112,1.0,0.99997914,10.779022,0.03231536,-3.3993638
1919,1,1,0.999902,9.230547,0.7659881711006165,0.99998796,11.323219,0.9998192,8.617753
1920,1,1,0.9999021,9.231764,0.6904433965682983,0.9999881,11.333084,0.99981195,8.578386
1921,0,0,7.4630276e-05,-9.50289,0.7851904630661011,0.000862722,-7.054555,0.00026900374,-8.220516
1922,0,0,0.000110081164,-9.114182,0.605049192905426,9.216629e-06,-11.594492,0.99976844,8.370372
1923,1,1,0.9999018,9.228116,0.7312402129173279,0.9993449,7.3300333,0.99981743,8.608285
1924,0,0,7.4303054e-05,-9.507284,0.8708977699279785,1.1647428e-05,-11.360414,0.00022937392,-8.379928
1925,1,1,0.999835,8.709487,0.7588911652565002,0.99980515,8.543135,0.00027404388,-8.201948
1926,1,0,8.0652695e-05,-9.425278,1.0,0.00012593989,-8.97958,0.95642895,3.0888143
1927,1,0,0.0002778767,-8.188055,1.0,0.136058,-1.8484243,0.4703784,-0.11862542
1928,1,1,0.99983263,8.695137,0.6628153324127197,0.9974968,5.9876633,0.00019323418,-8.5514145
1929,0,1,0.99993646,9.6638,1.0,0.9990651,6.974162,0.8384495,1.6467364
1930,1,0,5.1520467e-05,-9.87348,1.0,3.6318797e-05,-10.223139,0.73265153,1.0081173
1931,1,1,0.999902,9.230547,0.59935462474823,0.99998355,11.014626,0.9999031,9.241362
1932,1,1,0.9999019,9.229331,0.6839367151260376,0.9998171,8.605969,0.99988854,9.1019945
1933,0,1,0.99986553,8.914049,1.0,0.9993654,7.36187,0.02616366,-3.6168718
1934,0,0,7.4229974e-05,-9.508268,0.7401545643806458,6.5229465e-06,-11.940178,0.00039027262,-7.8482747
1935,0,1,0.99985623,8.8471775,1.0,0.9995615,7.7316585,0.017236073,-4.0433645
1936,1,1,0.99990654,9.277883,0.7761085033416748,0.9999882,11.351044,0.4785051,-0.086032525
1937,0,0,0.000110703506,-9.108544,0.5576457977294922,0.0007767837,-7.1595716,0.9999242,9.487844
1938,1,1,0.999902,9.230547,0.6350871920585632,0.999979,10.774465,0.9998933,9.145604
1939,1,1,0.999835,8.709487,0.6501865386962891,0.9999355,9.649307,0.00017691965,-8.639638
1940,1,1,0.9999069,9.281717,0.8948672413825989,0.99999166,11.688993,0.47280976,-0.10886824
1941,0,0,9.548045e-05,-9.256494,0.5669470429420471,0.038158186,-3.2271097,0.00020330094,-8.50062
1942,1,1,0.99990916,9.306348,0.8439584970474243,0.99999046,11.5563965,0.59454036,0.3827672
1943,1,1,0.999902,9.230547,0.7125731110572815,0.99998534,11.126613,0.9999014,9.22419
1944,1,1,0.99983513,8.71021,0.7341415286064148,0.9999765,10.657865,0.00027693147,-8.191463
1945,0,1,0.99986434,8.905222,1.0,0.9998449,8.771839,0.024617147,-3.6793869
1946,0,0,7.430164e-05,-9.507303,0.7719822525978088,1.1303201e-05,-11.390413,0.00023243559,-8.366665
1947,1,1,0.999902,9.230547,0.6135047078132629,0.999985,11.103636,0.9998561,8.84619
1948,0,0,7.431184e-05,-9.507166,0.6355212330818176,1.38618725e-05,-11.186355,0.0002116598,-8.460319
1949,1,1,0.9999021,9.231764,0.7956997752189636,0.99995553,10.019617,0.9997129,8.1556015
1950,1,1,0.99983513,8.71021,0.7293708324432373,0.99998987,11.494572,0.00023945319,-8.336913
1951,1,0,6.957609e-05,-9.57302,1.0,1.565895e-05,-11.064452,0.9306124,2.5961342
1952,0,0,7.434062e-05,-9.506779,0.654710590839386,1.89515e-05,-10.873609,0.00015123938,-8.796495
1953,0,0,7.6637676e-05,-9.476345,0.7704212069511414,0.005494887,-5.198427,0.00017172571,-8.66944
1954,0,0,7.4305535e-05,-9.507251,0.716391921043396,9.590458e-06,-11.554732,0.00022195009,-8.412836
1955,1,1,0.9998196,8.620025,0.6687162518501282,0.98517704,4.1966434,0.0002186551,-8.427796
1956,0,1,0.98037934,3.9113567,1.0,0.672983,0.72170794,0.014108426,-4.246774
1957,1,1,0.95177513,2.982454,1.0,0.6137778,0.46322024,0.9743043,3.6354012
1958,1,1,0.999902,9.230547,0.7104432582855225,0.9999832,10.9945135,0.99986863,8.93736
1959,1,1,0.999902,9.230547,0.5609811544418335,0.99994814,9.868019,0.99982053,8.624946
1960,0,1,0.99993455,9.634221,1.0,0.99614894,5.5555506,0.8724761,1.9230311
1961,0,0,7.432183e-05,-9.507031,0.6119438409805298,7.808706e-06,-11.760263,0.0001833316,-8.604031
1962,1,1,0.999835,8.709487,0.7139871716499329,0.99999106,11.626541,0.00015520582,-8.770603
1963,0,1,0.99992824,9.542056,1.0,0.99987257,8.96799,0.16279444,-1.6375813
1964,1,1,0.99951327,7.627311,0.6684201955795288,0.8820202,2.0117016,0.00016429914,-8.713657
1965,1,1,0.999902,9.230547,0.7413357496261597,0.99998605,11.180817,0.99984443,8.768278
1966,0,0,7.431418e-05,-9.507134,0.6619395613670349,1.3187688e-05,-11.236214,0.00020561572,-8.489296
1967,1,1,0.999902,9.230547,0.6637578010559082,0.9999496,9.895151,0.9997967,8.500267
1968,1,1,0.99983513,8.71021,0.7230695486068726,0.9999707,10.435564,0.0002757212,-8.195845
1969,1,1,0.9998349,8.708765,0.8052563667297363,0.9998832,9.054428,0.00016443926,-8.712805
1970,1,0,5.08647e-05,-9.886291,1.0,8.744719e-06,-11.647052,0.7441607,1.0677073
1971,1,0,5.259602e-05,-9.852818,1.0,0.0001761121,-8.644214,0.71748793,0.93203485
1972,1,1,0.999902,9.230547,0.5748165249824524,0.99998593,11.175863,0.99990046,9.215176
1973,0,0,7.432035e-05,-9.507051,0.7552309036254883,1.3190052e-05,-11.236034,0.00019165997,-8.559596
1974,0,0,7.4291216e-05,-9.507443,0.7841008305549622,6.0221996e-06,-12.020052,0.00025111806,-8.289336
1975,1,1,0.9999021,9.231764,0.8484666347503662,0.999946,9.826298,0.99970263,8.120487
1976,0,1,0.9999347,9.6360445,1.0,0.9999863,11.201755,0.7884203,1.3154297
1977,0,1,0.9998958,9.169201,1.0,0.9989667,6.873988,0.06494001,-2.6671467
1978,1,0,8.8985325e-05,-9.32695,1.0,0.00014083042,-8.867813,0.97136,3.5238948
1979,1,1,0.99983513,8.71021,0.644805371761322,0.999992,11.731858,0.000290881,-8.142305
1980,1,1,0.999835,8.709487,0.6435246467590332,0.9998826,9.050211,0.00025184482,-8.286446
1981,1,1,0.99983513,8.71021,0.7211645245552063,0.99997354,10.5403805,0.00027940265,-8.182577
1982,0,1,0.99993205,9.596681,1.0,0.9998273,8.663505,0.7612711,1.1596613
1983,0,0,0.00011014838,-9.113572,0.7358194589614868,8.991356e-06,-11.619238,0.9998436,8.762775
1984,1,1,0.999835,8.709487,0.7031810879707336,0.9999857,11.158287,0.00018843399,-8.576574
1985,1,1,0.999835,8.709487,0.5243324637413025,0.9999858,11.16353,0.00018280288,-8.606919
1986,1,1,0.99983513,8.71021,0.7046611905097961,0.9999329,9.60943,0.00025108096,-8.289484
1987,1,1,0.999835,8.709487,0.7389954924583435,0.99998903,11.416991,0.00013938012,-8.878166
1988,0,0,7.66132e-05,-9.476665,0.7577745914459229,0.0055147107,-5.194806,0.0002447699,-8.314947
1989,0,0,7.43073e-05,-9.507227,0.7447389960289001,2.0009173e-05,-10.8193,0.00022751708,-8.388058
1990,0,1,0.9998915,9.128832,1.0,0.99997246,10.499203,0.05729951,-2.8004565
1991,1,0,9.018583e-05,-9.313548,1.0,0.00071399263,-7.2439237,0.97281396,3.5774884
1992,0,0,0.00011015762,-9.113488,0.7106239795684814,1.7295764e-05,-10.965032,0.9998481,8.792813
1993,0,1,0.9999052,9.263948,1.0,0.99997485,10.589924,0.52647537,0.10600063
1994,1,1,0.9998927,9.139883,0.7106032371520996,0.9847186,4.1657195,0.9998995,9.205826
1995,0,0,7.430752e-05,-9.507224,0.6964052319526672,1.2175711e-05,-11.316055,0.00021978586,-8.422637
1996,1,0,0.03461868,-3.3281298,1.0,0.37193313,-0.52393246,0.9507027,2.9593315
1997,0,0,7.432488e-05,-9.50699,0.7762244343757629,1.663558e-05,-11.00395,0.00018462465,-8.597001
1998,0,1,0.9999026,9.236649,0.5963452458381653,0.9943504,5.1704993,0.9934057,5.0149403
1999,1,1,0.9999019,9.229331,0.7520238757133484,0.99981946,8.619146,0.9998882,9.098508
2000,0,0,7.435508e-05,-9.506584,0.672670304775238,0.000103653765,-9.174351,0.00019567827,-8.538843
2001,0,1,0.9999069,9.281717,1.0,0.99988306,9.053399,0.56991154,0.2814903
2002,0,1,0.9998448,8.770573,1.0,0.99998283,10.974459,0.0074743596,-4.8887744
2003,1,1,0.9999081,9.294605,0.673733115196228,0.99995434,9.994072,0.45783857,-0.169047
2004,1,1,0.999835,8.709487,0.6293725371360779,0.9999335,9.617779,0.00016597896,-8.703484
2005,1,1,0.999902,9.230547,0.7443409562110901,0.9999857,11.157324,0.9998585,8.862882
2006,1,0,6.872151e-05,-9.58538,1.0,0.0016053927,-6.4327803,0.9262994,2.531186
2007,1,1,0.99964964,7.95621,1.0,0.8573742,1.7936498,0.9709074,3.507747
2008,1,1,0.999835,8.709487,0.7238003611564636,0.99998736,11.275269,0.00018681676,-8.585196
2009,0,0,0.00011025819,-9.112576,0.7660462260246277,0.00020282851,-8.502947,0.9998307,8.683847
2010,1,0,4.983943e-05,-9.906654,1.0,0.00051628926,-7.568327,0.7932532,1.3446476
2011,1,1,0.99983525,8.710934,0.8802894949913025,0.9999887,11.393728,0.00033129312,-8.012176
2012,0,1,0.99980134,8.5237055,1.0,0.9124351,2.3437366,0.5290674,0.116400786
2013,1,1,0.9998982,9.192352,0.7776517868041992,0.99309313,4.9683027,0.99978393,8.439706
2014,0,1,0.9999318,9.593178,1.0,0.99998033,10.834595,0.20822205,-1.335676
2015,0,0,0.33702388,-0.6765852,0.7529250979423523,0.47720987,-0.09122375,0.88956076,2.0862622
2016,1,1,0.9998349,8.708765,0.7800259590148926,0.99991214,9.340326,0.00013707946,-8.894813
2017,1,1,0.999902,9.230547,0.7722018361091614,0.9999739,10.555542,0.9998398,8.738991
2018,0,0,7.434041e-05,-9.506782,0.6539522409439087,9.230769e-05,-9.290291,0.00021839651,-8.42898
2019,1,1,0.99983525,8.710934,0.8379344344139099,0.99993396,9.625002,0.00038906976,-7.8513627
2020,1,1,0.999835,8.709487,0.7018570303916931,0.9999584,10.086614,0.00016183966,-8.728743
2021,0,0,0.00011007623,-9.114227,0.7939736247062683,1.0370185e-05,-11.476565,0.9997621,8.343367
2022,1,1,0.99983275,8.695849,0.716820240020752,0.9974784,5.9803314,0.0002549928,-8.27402
2023,0,1,0.99991214,9.339709,1.0,0.99653625,5.6619277,0.63219154,0.54163
2024,0,0,7.416657e-05,-9.509123,0.8184200525283813,1.8453218e-05,-10.900253,0.00054475875,-7.5146227
2025,0,0,7.727511e-05,-9.468061,0.6880267262458801,0.0071325297,-4.935931,0.00037561543,-7.886569
2026,0,0,0.00014269572,-8.854653,0.7506120204925537,0.037977014,-3.2320573,0.9998758,8.993585
2027,1,1,0.999835,8.709487,0.621401309967041,0.99997795,10.724545,0.00019757214,-8.529209
2028,0,0,7.2156836e-05,-9.536596,0.7231621146202087,5.272026e-06,-12.1530905,0.47418287,-0.103360325
2029,1,1,0.9999021,9.231764,0.7477972507476807,0.9999764,10.65186,0.9998029,8.531134
2030,1,1,0.99990535,9.265207,0.6147571802139282,0.99998176,10.912563,0.506198,0.024793208
2031,1,0,7.060923e-05,-9.558279,1.0,4.7890266e-05,-9.94655,0.5301675,0.12081677
2032,0,0,7.502873e-05,-9.497564,0.6409109830856323,0.0018657347,-6.2822328,0.00030051777,-8.109703
2033,1,1,0.999835,8.709487,0.5763912200927734,0.9999827,10.96448,0.00012981154,-8.949297
2034,0,1,0.9999198,9.430559,1.0,0.9999168,9.393531,0.67253524,0.719674
2035,0,0,7.42396e-05,-9.508139,0.8376977443695068,1.0123057e-05,-11.500685,0.00037164896,-7.897189
2036,0,0,7.4347496e-05,-9.506686,0.63387131690979,4.8504407e-05,-9.933807,0.00016234616,-8.725617
2037,0,0,7.43275e-05,-9.506955,0.586588978767395,8.523344e-06,-11.672693,0.0001713376,-8.671703
2038,1,1,0.99982494,8.650213,0.7057243585586548,0.9898134,4.576441,0.00027795808,-8.187762
2039,1,1,0.99983525,8.710934,0.879905104637146,0.9999759,10.633636,0.0003119168,-8.072462
2040,0,0,7.4335585e-05,-9.506846,0.673940896987915,6.777202e-06,-11.901939,0.00015150987,-8.794708
2041,0,1,0.9999082,9.295903,1.0,0.999985,11.109692,0.98849547,4.4534445
2042,1,1,0.99983513,8.71021,0.8372454047203064,0.9999838,11.028656,0.0002441639,-8.317427
2043,1,1,0.999835,8.709487,0.6192248463630676,0.9999765,10.658169,0.00018327392,-8.604345
2044,0,1,0.9999057,9.268993,1.0,0.9939272,5.097841,0.5931628,0.3770556
2045,0,0,0.00011017516,-9.113329,0.6761842966079712,1.2257451e-05,-11.309364,0.9998714,8.958143
2046,0,0,7.4312054e-05,-9.507163,0.6928237080574036,8.478117e-06,-11.678014,0.00020612252,-8.486834
2047,1,1,0.99983513,8.71021,0.6944547891616821,0.9999882,11.352165,0.00021742124,-8.433456
2048,0,0,7.432992e-05,-9.506923,0.5965385437011719,1.5957423e-05,-11.04557,0.00017283931,-8.662975
2049,1,1,0.8519741,1.750169,1.0,0.56535155,0.2629102,0.9854578,4.216054
2050,1,1,0.999835,8.709487,0.7683695554733276,0.9998448,8.770977,0.00030045875,-8.1098995
2051,0,0,7.428811e-05,-9.507485,0.8158614635467529,9.910528e-06,-11.521903,0.00026154716,-8.248634
2052,1,1,0.999902,9.230547,0.6758852601051331,0.99997437,10.571936,0.9998425,8.756
2053,0,0,7.441991e-05,-9.5057125,0.5020551681518555,0.00025626237,-8.2690525,0.00018819788,-8.577828
2054,1,1,0.9998349,8.708765,0.6281847953796387,0.9998994,9.203928,0.00016297244,-8.721766
2055,0,0,0.000110151515,-9.1135435,0.6640167236328125,4.0527273e-05,-10.113495,0.9998252,8.651283
2056,0,0,7.432644e-05,-9.506969,0.6804612278938293,6.4594664e-05,-9.647314,0.00022477571,-8.400183
2057,1,1,0.99931073,7.2791905,0.5519916415214539,0.8559958,1.7824228,0.00025514723,-8.273415
2058,0,1,0.99993634,9.661925,1.0,0.9986572,6.6117315,0.8342212,1.615844
2059,1,1,0.999902,9.230547,0.5506144762039185,0.9999888,11.403307,0.9999038,9.249247
2060,1,1,0.9998349,8.708765,0.4994409680366516,0.999863,8.89541,0.00014881932,-8.812629
2061,1,1,0.99983513,8.71021,0.6888018846511841,0.999987,11.249409,0.00022948568,-8.37944
2062,0,1,0.5369272,0.14797829,1.0,0.52055657,0.0822728,0.021862676,-3.8008692
2063,0,0,7.095455e-05,-9.5534,0.6409488916397095,1.5601549e-05,-11.068125,0.43350142,-0.26757956
2064,0,1,0.9973349,5.9248443,0.8802030086517334,0.7458515,1.076608,0.99977,8.377314
2065,1,1,0.9999068,9.280437,0.7594925761222839,0.9999906,11.5728,0.47481856,-0.100811206
2066,0,1,0.9999368,9.669445,1.0,0.9999316,9.589297,0.83234787,1.6023592
2067,1,1,0.9998348,8.708043,0.9146447777748108,0.9993753,7.377521,0.00036464536,-7.9162207
2068,0,0,0.00028945296,-8.147228,1.0,0.13722306,-1.8385483,0.93714803,2.7020595
2069,0,0,7.4314106e-05,-9.507135,0.6432675719261169,3.5316552e-05,-10.251123,0.00022602883,-8.394622
2070,0,0,0.00011020017,-9.113102,0.7262924909591675,9.651068e-06,-11.548432,0.99990106,9.22071
2071,0,0,0.0061382726,-5.0870547,0.7129297852516174,0.30881757,-0.8056531,0.00025517205,-8.273317
2072,1,0,0.00010596941,-9.152254,1.0,0.014056185,-4.250537,0.98376775,4.1043873
2073,1,1,0.99983525,8.710934,0.7322403788566589,0.9999734,10.53594,0.00030636776,-8.090418
2074,0,0,7.453909e-05,-9.504112,0.5709463953971863,0.00056201307,-7.483423,0.00019865547,-8.52374
2075,0,0,7.490342e-05,-9.499236,0.5787699818611145,0.0015033052,-6.4985847,0.00024553915,-8.311809
2076,1,0,0.0021806436,-6.1259522,1.0,0.2659969,-1.0150286,0.76955885,1.205822
2077,0,0,8.971638e-05,-9.318768,1.0,0.04228593,-3.1200948,0.017968558,-4.001
2078,1,1,0.999835,8.709487,0.6210471391677856,0.99992645,9.518243,0.00024368432,-8.319393
2079,0,0,0.000110562876,-9.109816,0.8562522530555725,0.0008439713,-7.0765476,0.9997204,8.1819515
2080,1,1,0.99977297,8.390183,0.5877387523651123,0.95443755,3.0420394,0.00019141744,-8.560863
2081,0,1,0.95470583,3.048225,1.0,0.62308156,0.50264865,0.608831,0.44240102
2082,1,1,0.9998348,8.708043,0.5006591081619263,0.99980646,8.550003,0.00011938858,-9.033008
2083,0,0,7.4419135e-05,-9.505723,0.5247014760971069,0.0002745774,-8.200003,0.00020669149,-8.4840765
2084,1,1,0.999902,9.230547,0.5934818983078003,0.9999914,11.663667,0.9999001,9.211182
2085,1,1,0.9993856,7.3942423,0.669619619846344,0.8643138,1.8515912,0.00016120666,-8.732662
2086,0,0,7.4326155e-05,-9.506973,0.4944206774234772,9.517748e-06,-11.562343,0.00017529722,-8.648852
2087,1,1,0.999835,8.709487,0.5818964838981628,0.99998116,10.878844,0.00019272687,-8.554044
2088,1,1,0.999902,9.230547,0.6433827877044678,0.99995613,10.033981,0.99982065,8.62583
2089,0,0,0.0020765055,-6.17499,1.0,0.26172337,-1.0370305,0.25430566,-1.075779
2090,1,1,0.999835,8.709487,0.7454109787940979,0.99996877,10.374025,0.00020004284,-8.516779
2091,0,0,0.00011025745,-9.112582,0.7216296195983887,0.00011773617,-9.046947,0.9998894,9.1092825
2092,0,0,7.434771e-05,-9.506683,0.48825976252555847,2.0128735e-05,-10.813342,0.00013623261,-8.9010105
2093,0,0,7.431269e-05,-9.507154,0.6446239948272705,1.6085278e-05,-11.03759,0.00021167978,-8.460224
2094,1,1,0.9999021,9.231764,0.7323977947235107,0.99999213,11.752666,0.9998209,8.627272
2095,0,0,7.430936e-05,-9.507199,0.6896668672561646,1.7155524e-05,-10.973173,0.00022018063,-8.420842
2096,1,1,0.999835,8.709487,0.6747553944587708,0.99998105,10.87298,0.0001966394,-8.533942
2097,0,0,7.4328855e-05,-9.506937,0.542487621307373,7.63675e-06,-11.782531,0.00016743755,-8.694733
2098,0,0,0.00011020605,-9.113049,0.5903525948524475,2.7528e-05,-10.500279,0.9998951,9.162329
2099,1,0,5.085854e-05,-9.886412,1.0,0.00011887001,-9.037361,0.8287074,1.5764937
2100,1,1,0.9998349,8.708765,0.7748785614967346,0.99945456,7.5133047,0.00046524213,-7.6724873
2101,1,0,8.998275e-05,-9.315803,1.0,0.043147106,-3.0990343,0.91929376,2.4327903
2102,1,1,0.999902,9.230547,0.533393919467926,0.99990296,9.239998,0.9998338,8.702444
2103,0,0,7.167255e-05,-9.543331,0.8042017817497253,7.3244128e-06,-11.82429,0.50722516,0.028902449
2104,0,0,0.00038464944,-7.8627934,0.7913111448287964,0.13051517,-1.8964114,0.9997814,8.428013
2105,0,1,0.99991405,9.36166,1.0,0.9922123,4.8473816,0.9663459,3.3573856
2106,0,0,0.00011016896,-9.113385,0.7633521556854248,7.464764e-05,-9.502657,0.99982077,8.626755
2107,1,0,6.37517e-05,-9.660451,1.0,0.035297334,-3.3080125,0.78967583,1.3229724
2108,0,0,7.4332325e-05,-9.50689,0.6533541083335876,1.740014e-05,-10.959015,0.00016841316,-8.688922
2109,0,0,7.432608e-05,-9.506974,0.5731465816497803,2.029347e-05,-10.805191,0.00018518248,-8.593984
2110,0,0,0.00011031908,-9.112023,0.594876229763031,0.00026316755,-8.242456,0.9998566,8.849606
2111,1,1,0.999902,9.230547,0.68308025598526,0.9999902,11.532503,0.99989843,9.194372
2112,1,0,0.0002541021,-8.27752,0.7973622679710388,0.136881,-1.8414407,0.59854585,0.3994097
2113,0,0,7.4312404e-05,-9.507158,0.744046151638031,1.466073e-05,-11.130323,0.00021091582,-8.4638405
2114,0,1,0.9998803,9.030519,1.0,0.9998398,8.738763,0.042146496,-3.1235433
2115,0,1,0.9999348,9.637871,1.0,0.99998486,11.098916,0.7898083,1.3237699
2116,0,0,0.0001101904,-9.113191,0.6556810140609741,9.812298e-06,-11.531864,0.99988997,9.114893
2117,0,1,0.99993396,9.6251545,1.0,0.99994516,9.811974,0.8959873,2.1534123
2118,0,0,8.786078e-05,-9.339669,0.7630143165588379,0.02689745,-3.588458,0.00020234946,-8.505312
2119,1,1,0.999902,9.230547,0.7032252550125122,0.9999536,9.97802,0.99984217,8.753668
2120,0,0,7.4303556e-05,-9.5072775,0.5818367600440979,4.1162082e-05,-10.097952,0.0002551516,-8.273397
2121,1,1,0.9999021,9.231764,0.6604461669921875,0.9999888,11.401218,0.9996331,7.9100657
2122,1,1,0.999902,9.230547,0.5246864557266235,0.999985,11.103758,0.9998778,9.010086
2123,0,0,7.433027e-05,-9.506918,0.6449618935585022,1.3058697e-05,-11.246043,0.00016922492,-8.684113
2124,1,0,7.081051e-05,-9.555432,1.0,0.00021897827,-8.426319,0.42940038,-0.28429812
2125,0,1,0.9999263,9.515823,1.0,0.99995625,10.038113,0.93909585,2.7356167
2126,0,1,0.99991333,9.353372,1.0,0.99997675,10.667722,0.6278657,0.5230714
2127,1,1,0.9999008,9.218453,0.576149582862854,0.99777156,6.104222,0.99983954,8.737453
2128,1,1,0.9999019,9.229331,0.6588670015335083,0.9997209,8.183645,0.99983,8.679689
2129,1,1,0.9998305,8.682396,0.8022333383560181,0.99523205,5.341067,0.00024763343,-8.303313
2130,0,1,0.9999145,9.367224,1.0,0.99994564,9.818802,0.40255755,-0.3948199
2131,0,0,7.54204e-05,-9.492357,0.8519708514213562,0.0028818427,-5.8464394,0.00037469168,-7.8890324
2132,1,1,0.9998354,8.711658,0.6272153854370117,0.9999839,11.039413,0.00041594557,-7.78454
2133,1,1,0.9998349,8.708765,0.7218897342681885,0.99992883,9.549927,0.00016187824,-8.728504
2134,0,1,0.9999286,9.547052,1.0,0.99647623,5.644685,0.2740439,-0.9742012
2135,1,0,5.2765772e-05,-9.849595,1.0,0.00010044622,-9.205788,0.8519977,1.750356
2136,1,1,0.999902,9.230547,0.6763089895248413,0.9999782,10.732958,0.999899,9.200589
2137,1,1,0.9998349,8.708765,0.5750671029090881,0.9999902,11.531132,9.9757795e-05,-9.212666
2138,0,1,0.9998598,8.872371,1.0,0.99429286,5.1603146,0.024589814,-3.6805258
2139,0,0,7.433162e-05,-9.5069,0.6834638714790344,1.0209811e-05,-11.492151,0.00016341421,-8.719059
2140,1,1,0.99983513,8.71021,0.8149948120117188,0.9999616,10.167834,0.0002818596,-8.17382
2141,0,0,7.5485164e-05,-9.491499,0.6562182307243347,0.0027924026,-5.8780565,0.00014597207,-8.831949
2142,1,1,0.9998337,8.70157,0.6006742119789124,0.9985959,6.566926,0.0001523318,-8.789297
2143,1,1,0.999902,9.230547,0.6731581091880798,0.9999734,10.534692,0.9998857,9.07649
2144,0,0,0.00011017579,-9.113323,0.6132728457450867,0.00017259328,-8.6644,0.99976,8.334591
2145,0,1,0.99992704,9.52558,1.0,0.9999809,10.8674755,0.3064246,-0.81688833
2146,0,0,7.430666e-05,-9.507236,0.5811192393302917,1.18190155e-05,-11.345789,0.00022148459,-8.414936
2147,0,1,0.9999248,9.495004,1.0,0.99983263,8.695305,0.14176004,-1.8007479
2148,1,1,0.99989176,9.131033,0.6462260484695435,0.98333377,4.0775657,0.99988794,9.096657
2149,0,1,0.9999069,9.281717,1.0,0.996145,5.5545206,0.9872831,4.3520236
2150,1,0,7.0553295e-05,-9.559072,1.0,0.0054528886,-5.206142,0.5608903,0.2447761
2151,0,1,0.9999354,9.647055,1.0,0.99939966,7.417351,0.87760377,1.9699316
2152,1,0,6.977109e-05,-9.570221,1.0,0.00012619834,-8.97753,0.9310297,2.6026149
2153,0,0,7.430709e-05,-9.50723,0.766045093536377,1.374085e-05,-11.195124,0.00022222326,-8.411606
2154,0,0,7.432552e-05,-9.506982,0.7409735321998596,1.2054422e-05,-11.326067,0.00017911897,-8.627281
2155,0,0,7.434863e-05,-9.506671,0.47427040338516235,6.113797e-05,-9.702316,0.00017145298,-8.67103
2156,0,0,7.185951e-05,-9.540726,0.7315626740455627,4.0178704e-05,-10.122133,0.5016417,0.0065667033
2157,1,1,0.999835,8.709487,0.5637754201889038,0.99999285,11.845936,0.00015076868,-8.799613
2158,1,1,0.9998354,8.711658,0.812687337398529,0.9999865,11.2182255,0.00038273516,-7.8677845
2159,1,0,0.010861504,-4.5116096,1.0,0.33493906,-0.68593013,0.70690805,0.88041437
2160,0,0,0.000110156885,-9.113495,0.6515741348266602,1.2415616e-05,-11.296543,0.99985075,8.810197
2161,1,0,0.0022191836,-6.108394,1.0,0.2593282,-1.0494632,0.589538,0.36205572
2162,0,0,7.431603e-05,-9.50711,0.6251775622367859,1.5911244e-05,-11.048469,0.00020414493,-8.496476
2163,1,1,0.999835,8.709487,0.6986090540885925,0.999984,11.047191,0.00018817725,-8.577938
2164,0,0,7.421956e-05,-9.508409,0.756847083568573,3.9420436e-05,-10.141187,0.00044363627,-7.720062
2165,1,0,5.9682792e-05,-9.726407,1.0,0.026996221,-3.584691,0.78833663,1.314928
2166,1,1,0.99990594,9.271524,0.7069992423057556,0.9999726,10.503197,0.55348873,0.21477674
2167,0,1,0.99992645,9.517443,1.0,0.9999571,10.0576105,0.7170023,0.9296402
2168,1,1,0.9998343,8.70516,0.634042501449585,0.999238,7.1788435,0.0002007703,-8.513148
2169,1,1,0.9999021,9.231764,0.6967760324478149,0.9999833,10.997565,0.9997168,8.169184
2170,0,0,7.431836e-05,-9.507078,0.8064031004905701,1.1376858e-05,-11.383918,0.0001946143,-8.544296
2171,1,1,0.999902,9.230547,0.8300642967224121,0.99994314,9.773901,0.99991584,9.383102
2172,0,0,7.210739e-05,-9.537282,0.6104580760002136,3.239992e-05,-10.337322,0.48944104,-0.04224223
2173,1,0,7.2491544e-05,-9.531968,1.0,0.001828727,-6.3023047,0.45178217,-0.19347276
2174,1,1,0.999835,8.709487,0.6969846487045288,0.9999547,10.002571,0.00019824167,-8.5258255
2175,1,1,0.99983513,8.71021,0.6626678109169006,0.9999851,11.111418,0.00023046497,-8.375181
2176,0,1,0.9998802,9.029523,1.0,0.9999863,11.193832,0.041842304,-3.1311045
2177,0,0,7.597667e-05,-9.485008,0.5812859535217285,0.0039926195,-5.519307,0.00018859899,-8.575699
2178,1,1,0.9999052,9.263948,0.7015894055366516,0.99997616,10.64562,0.5088886,0.035558194
2179,0,0,0.00011020121,-9.113092,0.6147911548614502,7.821136e-05,-9.4560175,0.9998543,8.833859
2180,1,1,0.99983513,8.71021,0.6756496429443359,0.99996376,10.2263565,0.00025087612,-8.2903
2181,1,1,0.99983084,8.684508,0.7062280774116516,0.99541795,5.3810034,0.00030315228,-8.100972
2182,1,1,0.999902,9.230547,0.7492784857749939,0.9999403,9.725801,0.999843,8.759087
2183,0,0,8.066208e-05,-9.425161,0.5714730024337769,0.014097982,-4.247525,0.00025439032,-8.276386
2184,0,0,7.441432e-05,-9.505788,0.5817579030990601,0.0002770725,-8.190954,0.00021991436,-8.422052
2185,0,0,7.4278614e-05,-9.507613,0.6581668257713318,4.883559e-06,-12.229631,0.00027837895,-8.186249
2186,0,0,7.421546e-05,-9.508464,0.7511765956878662,5.6972e-06,-12.07553,0.00042239632,-7.769144
2187,1,1,0.999835,8.709487,0.7480133771896362,0.9999546,9.999571,0.0002013383,-8.510323
2188,0,0,0.00016657238,-8.699914,0.7665597796440125,0.0967858,-2.2334595,0.00035097759,-7.9544373
2189,1,1,0.9998349,8.708765,0.5945098400115967,0.999835,8.709914,0.00022107824,-8.416773
2190,1,1,0.99988925,9.108166,0.5752609372138977,0.9796913,3.8761907,0.9997532,8.306368
2191,0,0,0.000110093875,-9.114067,0.7232609987258911,2.7722052e-05,-10.493255,0.9997696,8.375505
2192,0,0,7.4320415e-05,-9.5070505,0.8095422983169556,3.6122797e-06,-12.531168,0.00018299019,-8.605895
2193,0,0,7.432346e-05,-9.5070095,0.6427730917930603,2.9178727e-05,-10.442041,0.00019914306,-8.521288
2194,1,1,0.9532417,3.0148768,0.6444035768508911,0.63716376,0.563075,0.0002176218,-8.432534
2195,0,1,0.9998834,9.056759,1.0,0.9999796,10.798873,0.045826193,-3.03599
2196,1,0,7.498925e-05,-9.498091,1.0,0.00048436841,-7.63218,0.94391185,2.823108
2197,0,1,0.999915,9.372819,1.0,0.9999281,9.540566,0.97352815,3.604847
2198,0,1,0.9999082,9.295903,1.0,0.9999229,9.470692,0.9885716,4.46016
2199,1,1,0.99976176,8.341994,0.6378873586654663,0.9487184,2.9177809,0.00024863298,-8.299284
2200,0,0,8.054271e-05,-9.426642,0.7090492844581604,0.013816582,-4.267973,0.00020688631,-8.483134
2201,0,0,7.432098e-05,-9.507043,0.6890379786491394,1.6433276e-05,-11.016186,0.00019326973,-8.55123
2202,1,1,0.99987054,8.952,0.7323972582817078,0.95861,3.1424434,0.99989283,9.140697
2203,0,1,0.99987733,9.005919,1.0,0.9878686,4.3997536,0.049630325,-2.952249
2204,1,1,0.999902,9.230547,0.5811905264854431,0.99992263,9.466673,0.9998573,8.85489
2205,0,0,7.207384e-05,-9.537747,0.6281745433807373,1.726526e-05,-10.966797,0.49133825,-0.03465064
2206,0,0,7.4694995e-05,-9.502023,0.643256425857544,0.0009806541,-6.9263096,0.00023174472,-8.369642
2207,0,1,0.99992776,9.535433,1.0,0.99997437,10.569689,0.7258084,0.9734588
2208,1,1,0.999835,8.709487,0.6744400262832642,0.99995756,10.067451,0.00019142017,-8.560848
2209,1,1,0.999835,8.709487,0.6472910642623901,0.99998367,11.020174,0.00018739192,-8.582121
2210,1,1,0.999835,8.709487,0.7525105476379395,0.9999821,10.928741,0.00019919699,-8.521017
2211,0,0,0.00011027218,-9.112449,0.5954207181930542,0.00016118375,-8.732804,0.99987555,8.991557
2212,0,1,0.99991536,9.377035,1.0,0.97340727,3.6001637,0.17141086,-1.5756611
2213,1,1,0.999902,9.230547,0.7455247044563293,0.99998176,10.913728,0.99989295,9.142063
2214,1,1,0.999835,8.709487,0.6500734686851501,0.9999721,10.486532,0.00017493988,-8.650893
2215,1,1,0.99983513,8.71021,0.7216432690620422,0.99997854,10.752132,0.00028920113,-8.148099
2216,0,1,0.9999306,9.575846,1.0,0.99940467,7.4257665,0.18880115,-1.4578189
2217,0,1,0.99984753,8.788399,1.0,0.9999865,11.2122755,0.009568966,-4.639615
2218,1,1,0.9999021,9.231764,0.5970379710197449,0.99997544,10.616411,0.9998036,8.53495
2219,0,0,7.78576e-05,-9.460551,0.6196212768554688,0.008230203,-4.7916803,0.00019673935,-8.533434
2220,0,1,0.99993587,9.654463,1.0,0.99998736,11.278098,0.87415826,1.938236
2221,1,1,0.999902,9.230547,0.6695730090141296,0.99998724,11.272783,0.9998524,8.821161
2222,0,1,0.987745,4.3894897,0.5566760301589966,0.6973682,0.83479667,0.00028445883,-8.164638
2223,1,1,0.999902,9.230547,0.7450536489486694,0.99998605,11.180574,0.99984753,8.788777
2224,1,0,0.00123177,-6.6980705,1.0,0.22867444,-1.2158113,0.37068167,-0.5292936
2225,0,0,7.4308366e-05,-9.507213,0.9239170551300049,0.00010148854,-9.195463,0.0002992341,-8.113985
2226,1,1,0.9998332,8.698706,0.75802081823349,0.99803036,6.2279716,0.00024151194,-8.32835
2227,1,0,0.003038319,-5.793408,1.0,0.2697196,-0.9960456,0.92719954,2.544447
2228,0,0,7.490828e-05,-9.499171,0.5549170970916748,0.0015595574,-6.4617925,0.0002867745,-8.1565275
2229,1,1,0.999902,9.230547,0.583168089389801,0.9999515,9.932991,0.99987686,9.001905
2230,0,0,7.433091e-05,-9.506909,0.7306703329086304,1.3356327e-05,-11.223507,0.00016784116,-8.692325
2231,1,1,0.99990535,9.265207,0.6873455047607422,0.9999449,9.807518,0.5066085,0.026435375
2232,1,1,0.99983513,8.71021,0.6178280711174011,0.9999801,10.825769,0.00022040683,-8.419815
2233,0,1,0.9992823,7.2387414,1.0,0.81070507,1.4545983,0.96611685,3.3503675
2234,0,1,0.99986506,8.910509,1.0,0.9999788,10.763336,0.025218302,-3.6546435
2235,1,1,0.9999018,9.228116,0.6226466298103333,0.9994696,7.5412216,0.9998179,8.610913
2236,0,0,7.216669e-05,-9.53646,0.8132629990577698,1.5867194e-05,-11.051241,0.47536454,-0.098621756
2237,0,0,0.00011013567,-9.1136875,0.6780229210853577,5.592343e-06,-12.094107,0.9998318,8.690506
2238,0,0,7.434919e-05,-9.506663,0.709952175617218,4.6325058e-05,-9.979781,0.00015662845,-8.761477
2239,1,1,0.999902,9.230547,0.7822126150131226,0.9999906,11.573176,0.99984074,8.745022
2240,1,1,0.999902,9.230547,0.5920834541320801,0.9999871,11.256581,0.99990547,9.266844
2241,0,0,7.4373376e-05,-9.506338,0.5712036490440369,0.00013740992,-8.892405,0.0001849691,-8.595137
2242,1,1,0.999902,9.230547,0.6997292637825012,0.99998987,11.501273,0.99989986,9.209468
2243,0,1,0.9999267,9.52069,1.0,0.9999548,10.005085,0.7184508,0.93679017
2244,1,0,4.967601e-05,-9.909939,1.0,8.437561e-06,-11.682809,0.7881637,1.3138922
2245,0,0,7.43365e-05,-9.506834,0.554021954536438,9.932602e-06,-11.519678,0.00015227952,-8.78964
2246,1,0,5.638399e-05,-9.783269,1.0,0.015312429,-4.1636596,0.832842,1.6059046
2247,1,0,8.316618e-05,-9.394587,1.0,1.5345207e-05,-11.084692,0.9613536,3.2138886
2248,0,1,0.999931,9.581014,1.0,0.99997604,10.637535,0.91697997,2.4020033
2249,0,1,0.99992895,9.5520735,1.0,0.99998724,11.271112,0.73514605,1.0208907
2250,1,1,0.99990535,9.265207,0.8436969518661499,0.99995804,10.079645,0.5071861,0.028746516
2251,0,1,0.99990535,9.265207,1.0,0.9999659,10.285084,0.53765893,0.15092131
2252,0,0,7.434742e-05,-9.506687,0.5666709542274475,2.3254508e-05,-10.668988,0.0001398462,-8.874827
2253,0,0,7.459676e-05,-9.503339,0.6170787215232849,0.00069892075,-7.265274,0.00019420039,-8.546426
2254,1,1,0.9998354,8.711658,0.7529079914093018,0.99999106,11.620625,0.00039075117,-7.8470488
2255,1,1,0.9998354,8.711658,0.7018222212791443,0.99994326,9.777589,0.00041057757,-7.797535
2256,1,1,0.999902,9.230547,0.7120019793510437,0.99998915,11.436559,0.9998629,8.894658
2257,1,0,5.2544336e-05,-9.853801,1.0,2.2952227e-05,-10.682073,0.7175473,0.93232775
2258,0,0,0.00011337581,-9.084689,0.6982892751693726,0.0049093734,-5.3116875,0.9998888,9.104469
2259,0,0,7.437076e-05,-9.506373,0.7469006180763245,0.00022065893,-8.418672,0.000266831,-8.228628
2260,0,0,7.430936e-05,-9.507199,0.6797844171524048,2.139486e-05,-10.752338,0.00022404095,-8.403458
2261,0,0,7.215188e-05,-9.536665,0.8172877430915833,3.4881792e-05,-10.263511,0.48541892,-0.0583407
2262,1,0,7.3293486e-05,-9.520966,1.0,0.0048759473,-5.318553,0.9349741,2.6657321
2263,1,1,0.999835,8.709487,0.585036039352417,0.99998367,11.019386,0.0002038625,-8.497861
2264,1,1,0.999902,9.230547,0.8214991688728333,0.99985945,8.870002,0.99986684,8.923876
2265,0,0,7.89798e-05,-9.446239,0.5439804196357727,0.0106754005,-4.5290804,0.0002515103,-8.287775
2266,0,1,0.9999186,9.415809,1.0,0.99880576,6.729018,0.6678355,0.69841146
2267,0,0,0.000112266214,-9.094525,0.7092236280441284,0.0032888176,-5.713933,0.9998584,8.862374
2268,0,0,0.002190213,-6.121564,1.0,0.26253513,-1.0328336,0.020917237,-3.8460426
2269,0,0,7.433665e-05,-9.506832,0.5700657367706299,3.0175097e-05,-10.4084635,0.00017027637,-8.6779175
2270,0,1,0.99986327,8.897344,1.0,0.9994868,7.5743628,0.023825455,-3.7128868
2271,0,0,7.4313684e-05,-9.507141,0.7462368011474609,7.089889e-05,-9.554185,0.00025933643,-8.257125
2272,0,1,0.9998585,8.863059,1.0,0.98591816,4.248686,0.030503465,-3.4589367
2273,1,0,5.3498778e-05,-9.835798,1.0,9.810746e-06,-11.532022,0.705399,0.8731415
2274,1,0,9.533942e-05,-9.257972,1.0,1.0742789e-05,-11.441265,0.9811592,3.9527123
2275,1,1,0.9998337,8.70157,0.7632591128349304,0.9984829,6.4893866,0.00025691994,-8.266489
2276,0,0,7.431397e-05,-9.507137,0.8145183324813843,6.8804e-05,-9.58418,0.00025665114,-8.267536
2277,1,1,0.99990165,9.226904,0.5595639944076538,0.99932957,7.3069024,0.9998754,8.99067
2278,0,0,7.423323e-05,-9.5082245,0.8309733867645264,3.0371031e-05,-10.401991,0.00040460684,-7.81219
2279,0,0,7.031452e-05,-9.562462,0.8065001368522644,8.364259e-05,-9.388874,0.4221963,-0.3137638
2280,1,1,0.999902,9.230547,0.8645236492156982,0.99998856,11.380946,0.99986804,8.932915
2281,0,1,0.9998609,8.880054,1.0,0.99953866,7.680775,0.021494888,-3.8182108
2282,1,1,0.999835,8.709487,0.6749225854873657,0.9999777,10.71287,0.00017416745,-8.655319
2283,0,0,7.435784e-05,-9.506547,0.5292400121688843,2.5059378e-05,-10.594237,0.00011781692,-9.046261
2284,1,1,0.9999019,9.229331,0.76888507604599,0.9995441,7.692824,0.9997224,8.188995
2285,0,0,0.00011009429,-9.114063,0.6755581498146057,2.6428947e-05,-10.541024,0.99977106,8.3818865
2286,1,1,0.999902,9.230547,0.7296836376190186,0.99998677,11.22839,0.99988806,9.097511
2287,1,1,0.9999033,9.24402,0.6979450583457947,0.9961901,5.566327,0.50149196,0.0059679076
2288,0,1,0.9999049,9.260181,1.0,0.9983431,6.4011292,0.49424505,-0.023020826
2289,1,1,0.9999019,9.229331,0.690467357635498,0.9996699,8.015821,0.9998716,8.960198
2290,0,1,0.9999355,9.648901,1.0,0.996488,5.648032,0.83834195,1.6459426
2291,1,0,5.0714265e-05,-9.889253,1.0,0.0003690527,-7.904202,0.7495267,1.0960896
2292,1,1,0.9999057,9.268993,0.6726484894752502,0.99998283,10.973654,0.49352282,-0.025910154
2293,1,1,0.999835,8.709487,0.50039142370224,0.99998534,11.133683,0.00020116869,-8.511166
2294,0,0,7.434104e-05,-9.506773,0.5754910707473755,8.093027e-06,-11.7245,0.00014049311,-8.870212
2295,1,1,0.999902,9.230547,0.7081555128097534,0.9998927,9.1404295,0.99984586,8.777523
2296,1,1,0.999835,8.709487,0.6847966909408569,0.99993193,9.594748,0.00022243097,-8.410671
2297,1,1,0.9999018,9.228116,0.6345040202140808,0.9994081,7.4315233,0.9998286,8.671486
2298,0,0,0.000110165485,-9.113417,0.6704230308532715,2.7564696e-05,-10.498947,0.9998498,8.80331
2299,1,0,0.00011931198,-9.033649,1.0,0.019277394,-3.9293566,0.9947417,5.242671
2300,1,1,0.999905,9.2614355,0.45723727345466614,0.9995003,7.6010065,0.53430414,0.13743256
2301,0,0,0.00021652548,-8.437586,0.6845731735229492,0.08279481,-2.4049659,0.99988055,9.032913
2302,0,1,0.9998447,8.769805,1.0,0.9998889,9.105343,0.007369651,-4.902988
2303,0,0,7.43173e-05,-9.507092,0.6709268093109131,2.2087088e-05,-10.720495,0.00020675751,-8.483757
2304,1,1,0.9999019,9.229331,0.7399041652679443,0.9997992,8.512956,0.9998709,8.9545555
2305,1,1,0.999902,9.230547,0.7047885060310364,0.99997973,10.804341,0.9998642,8.904164
2306,1,1,0.999835,8.709487,0.5534592270851135,0.99998236,10.947674,0.00015972996,-8.741866
2307,0,1,0.9998932,9.144338,1.0,0.99505436,5.3042974,0.06471538,-2.670852
2308,1,1,0.99983525,8.710934,0.5757540464401245,0.99998486,11.099977,0.00034382995,-7.9750195
2309,0,0,7.441339e-05,-9.5058,0.5254459977149963,0.00029317234,-8.134457,0.00023652856,-8.349205
2310,1,1,0.99983513,8.71021,0.7990165948867798,0.9998919,9.131971,0.00030960797,-8.079894
2311,1,1,0.999835,8.709487,0.5777695775032043,0.9999932,11.892519,0.0002010287,-8.511862
2312,0,0,7.444292e-05,-9.5054035,0.5328344106674194,0.00027919892,-8.183307,0.0001572222,-8.757693
2313,0,0,7.4838164e-05,-9.500108,0.6513698697090149,0.0012728851,-6.6651955,0.0001790068,-8.627908
2314,1,1,0.99983513,8.71021,0.7634848356246948,0.9999702,10.422035,0.00027347906,-8.204012
2315,1,1,0.99983513,8.71021,0.6451495289802551,0.9999871,11.260359,0.00021982695,-8.42245
2316,1,1,0.99989283,9.140995,0.5299856066703796,0.98487246,4.175997,0.9998368,8.720858
2317,1,0,6.908954e-05,-9.580038,1.0,0.00033055994,-8.014392,0.9288752,2.569539
2318,1,0,0.0040562134,-5.503441,1.0,0.2936959,-0.877501,0.7457965,1.0763178
2319,1,1,0.999902,9.230547,0.6998068690299988,0.99997187,10.479176,0.99984443,8.768273
2320,1,0,5.5308672e-05,-9.8025255,1.0,0.0012378991,-6.693101,0.86939085,1.8955834
2321,1,1,0.9999021,9.231764,0.7273074388504028,0.99997556,10.621471,0.9997676,8.366847
2322,0,0,7.4328855e-05,-9.506937,0.6042652130126953,2.3767217e-05,-10.64718,0.00018225762,-8.609907
2323,0,1,0.99993455,9.634221,1.0,0.99990606,9.273194,0.89062405,2.0971313
2324,0,1,0.9998678,8.931039,1.0,0.9997086,8.140522,0.028191028,-3.5401554
2325,0,0,7.533358e-05,-9.493509,0.7172366380691528,0.0025144874,-5.9831686,0.00022350712,-8.405844
2326,0,1,0.9992686,7.2198067,1.0,0.8442737,1.6903766,0.01582073,-4.130487
2327,0,1,0.99992716,9.527215,1.0,0.99966383,7.9974494,0.7229562,0.95917284
2328,0,1,0.9999341,9.626962,1.0,0.9994593,7.522162,0.78365463,1.2870921
2329,0,0,7.42852e-05,-9.5075245,0.8110415935516357,2.0810121e-05,-10.78005,0.00027801452,-8.187559
2330,1,1,0.9998349,8.708765,0.683513879776001,0.9997718,8.384829,0.00023529193,-8.354448
2331,0,1,0.99982613,8.657047,1.0,0.9736935,3.611281,0.014491916,-4.2195663
2332,0,1,0.9999232,9.474609,1.0,0.99996996,10.411745,0.13412541,-1.8649648
2333,0,1,0.9999305,9.574128,1.0,0.9999919,11.722294,0.9194303,2.4346316
2334,0,1,0.99992776,9.535433,1.0,0.9999473,9.850217,0.9327764,2.6301403
2335,0,0,0.0001652308,-8.708002,0.5525123476982117,0.09599482,-2.2425408,0.00019719762,-8.531107
2336,1,0,5.201577e-05,-9.863912,1.0,0.00731552,-4.9104147,0.79708517,1.368175
2337,0,1,0.99979717,8.502916,0.7884483933448792,0.88154495,2.0071425,0.87962776,1.9889102
2338,1,0,9.91446e-05,-9.218832,1.0,1.4593215e-05,-11.134939,0.98641634,4.2852144
2339,0,1,0.9999348,9.637871,1.0,0.99998856,11.380957,0.7900469,1.3252082
2340,1,1,0.99983513,8.71021,0.7238059043884277,0.9999716,10.470159,0.00026220334,-8.246128
2341,0,0,0.00011016454,-9.113425,0.797913670539856,9.197049e-06,-11.596619,0.9998616,8.885483
2342,1,1,0.999835,8.709487,0.5165126919746399,0.9999697,10.406485,0.00019457811,-8.544482
2343,0,0,7.428832e-05,-9.507483,0.7260675430297852,0.00012505386,-8.986641,0.00036597496,-7.9125795
2344,1,1,0.99983513,8.71021,0.5796140432357788,0.9999714,10.462257,0.0002512414,-8.288845
2345,0,0,7.43117e-05,-9.507168,0.8004556894302368,7.205933e-05,-9.537949,0.00026495077,-8.235702
2346,0,1,0.9999151,9.374223,1.0,0.9997527,8.304909,0.6417597,0.5830101
2347,0,1,0.99988794,9.096394,1.0,0.9995945,7.8100476,0.05244584,-2.894103
2348,0,1,0.99990046,9.214854,1.0,0.9999695,10.396109,0.07215484,-2.5540504
2349,1,0,8.6605374e-05,-9.354062,1.0,0.0009930771,-6.9137087,0.96664476,3.3666148
2350,1,1,0.999902,9.230547,0.7253716588020325,0.9999484,9.871858,0.9998895,9.110906
2351,0,1,0.9999325,9.603724,1.0,0.99998367,11.01982,0.90679497,2.2751153
2352,0,0,7.4297386e-05,-9.50736,0.7379864454269409,8.767214e-06,-11.644483,0.00023960987,-8.336259
2353,0,1,0.99991405,9.36166,1.0,0.99921703,7.1516905,0.10339593,-2.1600487
2354,0,1,0.99992955,9.560498,1.0,0.99616927,5.560863,0.9160944,2.390427
2355,1,0,9.573307e-05,-9.253851,1.0,0.00045351504,-7.6980286,0.98137397,3.9643939
2356,1,1,0.999835,8.709487,0.5615856051445007,0.9999902,11.534962,0.00015240518,-8.7888155
2357,1,1,0.999902,9.230547,0.7181975841522217,0.9999813,10.888574,0.99983335,8.6998415
2358,0,0,0.00011021835,-9.112937,0.5632929801940918,7.734167e-05,-9.4672,0.999874,8.979088
2359,0,0,7.4525735e-05,-9.504292,0.7876905798912048,0.00057461415,-7.461237,0.00024034455,-8.333197
2360,1,1,0.999902,9.230547,0.6945431232452393,0.9999541,9.99022,0.99987817,9.012758
2361,1,1,0.9998349,8.708765,0.7245878577232361,0.99981433,8.591546,0.00020785494,-8.478462
2362,0,1,0.59035647,0.3654392,1.0,0.52983165,0.11946833,0.009544444,-4.6422057
2363,1,1,0.999835,8.709487,0.519850492477417,0.9999734,10.533069,0.00018327917,-8.604317
2364,1,0,5.7288406e-05,-9.767355,1.0,5.503918e-05,-9.80741,0.66572577,0.6889161
2365,1,0,7.872857e-05,-9.449426,1.0,1.0470383e-05,-11.466949,0.9526263,3.0011544
2366,0,1,0.9999367,9.66756,1.0,0.9999516,9.93652,0.82623065,1.5591451
2367,1,1,0.99983525,8.710934,0.7645812630653381,0.9999858,11.161841,0.0003099337,-8.078842
2368,0,0,0.00014368369,-8.847753,0.7261576056480408,0.08309807,-2.400979,0.00018911347,-8.572974
2369,1,1,0.9998221,8.634,0.7034385204315186,0.9873685,4.3588514,0.00018764117,-8.580791
2370,1,1,0.9998349,8.708765,0.550615668296814,0.9998759,8.994811,0.0001939049,-8.547949
2371,1,1,0.999902,9.230547,0.5419939160346985,0.99998736,11.277886,0.9999186,9.415446
2372,1,1,0.999902,9.230547,0.7804469466209412,0.9999908,11.602127,0.99985945,8.869587
2373,1,1,0.999835,8.709487,0.5666093230247498,0.99999,11.515774,0.00018577016,-8.590815
2374,1,1,0.9999019,9.229331,0.7430180311203003,0.99973065,8.219278,0.9998301,8.680709
2375,0,0,7.432481e-05,-9.506991,0.7784401178359985,7.0115634e-06,-11.867943,0.00017621036,-8.643656
2376,1,0,6.990722e-05,-9.568272,1.0,7.066737e-05,-9.557456,0.41626877,-0.33810952
2377,1,1,0.999835,8.709487,0.5998902320861816,0.9999428,9.76956,0.00022397752,-8.403741
2378,1,1,0.999902,9.230547,0.7063742876052856,0.9999901,11.523388,0.99991155,9.333464
2379,0,0,7.2026494e-05,-9.538404,0.7086415886878967,1.6519241e-05,-11.010968,0.4630454,-0.1480886
2380,0,1,0.99992216,9.460731,1.0,0.99997866,10.757168,0.34714672,-0.63160497
2381,1,1,0.999902,9.230547,0.7806204557418823,0.9999622,10.184659,0.9998983,9.193788
2382,1,1,0.9998344,8.70588,0.657090961933136,0.9993674,7.3650713,0.00015519072,-8.7707
2383,1,0,8.7875276e-05,-9.339504,1.0,1.5480759e-05,-11.075897,0.969637,3.4636989
2384,0,0,7.539689e-05,-9.492669,0.7043225169181824,0.0026341334,-5.9365635,0.00019441066,-8.545343
2385,1,1,0.9999021,9.231764,0.8555079698562622,0.9998865,9.083971,0.99971336,8.1572
2386,0,0,7.2137234e-05,-9.536868,0.5850605964660645,8.502333e-06,-11.675161,0.47123963,-0.115168735
2387,0,1,0.99993134,9.586209,1.0,0.9999889,11.405102,0.19688869,-1.4058548
2388,0,0,7.506789e-05,-9.497043,0.6744650602340698,0.0018429365,-6.2945504,0.00019155929,-8.560122
2389,1,0,0.00010095516,-9.200733,1.0,5.009832e-05,-9.901473,0.98876965,4.4778414
2390,1,1,0.999902,9.230547,0.5798524618148804,0.9998472,8.785964,0.99985003,8.8047905
2391,1,1,0.99990094,9.219656,0.6730448007583618,0.9979518,6.1887608,0.99981683,8.6050415
2392,1,1,0.999835,8.709487,0.6238380074501038,0.9999677,10.340384,0.00020170379,-8.508509
2393,1,1,0.9999064,9.2766075,0.7468113899230957,0.9999459,9.823683,0.5618237,0.24856696
2394,0,0,7.489506e-05,-9.499348,0.6897010803222656,0.0014673288,-6.5228434,0.00023104557,-8.372664
2395,1,0,0.027287224,-3.5736701,1.0,0.37245512,-0.5216986,0.79631567,1.3634243
2396,0,0,7.431907e-05,-9.507069,0.6451175212860107,7.5259436e-06,-11.797147,0.00018949757,-8.570945
2397,1,1,0.99983513,8.71021,0.7232086062431335,0.9999906,11.573988,0.00024037779,-8.333058
2398,0,0,0.00011020963,-9.113016,0.4639616310596466,1.2468857e-05,-11.292264,0.99990964,9.311402
2399,1,0,7.075975e-05,-9.5561495,1.0,0.00038083273,-7.8727694,0.93344283,2.6408176
2400,0,1,0.9999155,9.378446,1.0,0.9999832,10.991337,0.39522088,-0.42541853
2401,0,0,6.9868904e-05,-9.56882,0.6480135917663574,1.18958205e-05,-11.339312,0.54137,0.165859
2402,0,1,0.99993634,9.661925,1.0,0.99996996,10.41196,0.8657258,1.8636848
2403,0,0,0.00011138234,-9.10243,0.5996213555335999,0.0018725226,-6.2785945,0.99990106,9.221117
2404,1,1,0.999902,9.230547,0.6632068753242493,0.99989986,9.208525,0.9998863,9.081823
2405,0,0,7.434026e-05,-9.5067835,0.6279216408729553,1.4857158e-05,-11.117014,0.00014829422,-8.816164
2406,1,1,0.999902,9.230547,0.6231092810630798,0.999933,9.609997,0.99979216,8.4782505
2407,0,0,7.436749e-05,-9.506417,0.6858171224594116,9.648671e-05,-9.246009,0.00016103366,-8.733736
2408,1,1,0.99971443,8.160752,0.5952730178833008,0.9292968,2.5759368,0.00021658988,-8.437288
2409,0,1,0.99990547,9.266467,1.0,0.9986355,6.5956306,0.48396707,-0.06415373
2410,0,0,7.429952e-05,-9.507332,0.6667613387107849,7.727203e-06,-11.770756,0.00023407667,-8.359628
2411,1,1,0.99983513,8.71021,0.77195143699646,0.99997365,10.545841,0.0002704583,-8.215122
2412,0,0,7.430646e-05,-9.507238,0.6700043082237244,1.8809847e-05,-10.881111,0.00022828065,-8.3847065
2413,1,1,0.99983513,8.71021,0.6543139219284058,0.9999901,11.521136,0.00026226658,-8.245887
2414,0,0,7.438409e-05,-9.506194,0.5726187825202942,0.0001565335,-8.762084,0.00017815152,-8.632698
2415,1,0,5.6874112e-05,-9.774613,1.0,0.007843833,-4.8401527,0.07093378,-2.5724332
2416,1,1,0.99989927,9.202948,0.603320837020874,0.9951154,5.3167696,0.99985194,8.817937
2417,1,1,0.9998337,8.70157,0.7385017275810242,0.99839395,6.432352,0.00028809893,-8.151918
2418,1,1,0.99983513,8.71021,0.736110508441925,0.9999722,10.491411,0.00024615726,-8.309294
2419,1,0,8.664436e-05,-9.353612,1.0,0.06042436,-2.744036,0.86124885,1.8257017
2420,0,0,7.426395e-05,-9.507811,0.7983126044273376,7.422342e-06,-11.811008,0.0003140042,-8.06579
2421,0,1,0.9999192,9.423157,1.0,0.9997793,8.418111,0.3682696,-0.5396476
2422,1,1,0.99983525,8.710934,0.8809801936149597,0.99998546,11.136964,0.00036126425,-7.9255395
2423,0,0,0.000110598834,-9.10949,0.6414833664894104,0.00063310703,-7.364238,0.9999088,9.30278
2424,0,1,0.999931,9.581014,1.0,0.99956745,7.745527,0.9159973,2.3891644
2425,1,1,0.99983513,8.71021,0.6974011659622192,0.9999882,11.344923,0.0002696444,-8.218137
2426,0,0,7.434756e-05,-9.506685,0.5784804224967957,2.0138506e-05,-10.812857,0.00013668138,-8.897721
2427,0,0,7.434062e-05,-9.506779,0.5252361297607422,3.992616e-05,-10.128439,0.00017029195,-8.677826
2428,1,0,9.450505e-05,-9.266763,1.0,3.6108584e-05,-10.228944,0.9799352,3.8885195
2429,1,1,0.999835,8.709487,0.7896949648857117,0.9998888,9.103485,0.00021877499,-8.427248
2430,0,0,7.4280455e-05,-9.507588,0.7107003927230835,1.2801543e-05,-11.265932,0.00028158643,-8.174789
2431,1,0,5.628396e-05,-9.785045,1.0,1.7074502e-05,-10.977907,0.87820786,1.9755676
2432,1,1,0.99983525,8.710934,0.7483401298522949,0.9999833,10.997835,0.00030482592,-8.095465
2433,0,1,0.999931,9.581014,1.0,0.99995196,9.943072,0.26027763,-1.0445261
2434,0,1,0.9999075,9.28814,1.0,0.99989307,9.143329,0.57631856,0.30767855
2435,1,1,0.999902,9.230547,0.7281283736228943,0.99995685,10.0501175,0.99986756,8.929153
2436,1,1,0.999835,8.709487,0.7062184810638428,0.99997234,10.496594,0.00014296512,-8.852767
2437,0,1,0.9999182,9.411426,1.0,0.9999819,10.9201565,0.965487,3.3312984
2438,0,0,7.429788e-05,-9.507354,0.6200003027915955,9.472076e-06,-11.567153,0.00023913171,-8.338257
2439,1,1,0.99983513,8.71021,0.6253771781921387,0.9999629,10.201828,0.00024386073,-8.318669
2440,1,1,0.9998349,8.708765,0.6702221632003784,0.99987125,8.957384,0.00018455811,-8.597362
2441,0,1,0.99986506,8.910509,1.0,0.99994934,9.889189,0.025167765,-3.6567013
2442,0,0,7.4294694e-05,-9.507397,0.7771153450012207,5.301847e-05,-9.844817,0.00028593934,-8.159445
2443,0,0,0.00011026839,-9.112483,0.6826978921890259,0.0001246081,-8.990212,0.9998969,9.180017
2444,1,0,7.212657e-05,-9.537016,1.0,7.1226514e-06,-11.852223,0.48691723,-0.052343145
2445,0,0,0.000110190915,-9.113186,0.7042705416679382,1.0065088e-05,-11.506428,0.99989045,9.118956
2446,0,1,0.9999368,9.669445,1.0,0.9998808,9.034422,0.84070826,1.6635073
2447,1,1,0.999902,9.230547,0.7083637714385986,0.9999919,11.718861,0.99990237,9.234196
2448,0,0,7.493965e-05,-9.498753,0.6451483964920044,0.0017285,-6.3587713,0.00037295683,-7.893675
2449,0,0,7.4410054e-05,-9.505845,0.5468063354492188,0.00017758031,-8.63591,0.00013890513,-8.88158
2450,1,0,0.3646593,-0.55519783,0.6971830129623413,0.48526618,-0.058952257,0.55211866,0.20923474
2451,0,0,7.432687e-05,-9.506964,0.8412299156188965,4.7391793e-05,-9.957014,0.00020807743,-8.477392
2452,1,1,0.99983513,8.71021,0.7492479681968689,0.99999154,11.67413,0.00023348533,-8.362158
2453,1,1,0.999835,8.709487,0.7106711268424988,0.9999584,10.086894,0.00020400465,-8.497164
2454,1,1,0.9992926,7.253224,0.6098062992095947,0.8192464,1.5112504,0.9998721,8.963825
2455,0,1,0.9999335,9.61796,1.0,0.9999423,9.761263,0.9002617,2.200136
2456,1,1,0.999835,8.709487,0.5788423418998718,0.9999707,10.435608,0.00015288973,-8.785641
2457,1,1,0.99982893,8.673294,0.6447305083274841,0.993749,5.0687346,0.000192026,-8.557688
2458,1,1,0.999835,8.709487,0.6647500395774841,0.99990535,9.265545,0.0002041757,-8.4963255
2459,1,1,0.9998118,8.577967,0.6317244172096252,0.97904164,3.8440351,0.00013136482,-8.937401
2460,1,0,6.84508e-05,-9.589327,1.0,0.0011144696,-6.7982616,0.5644881,0.2593972
2461,1,1,0.99983513,8.71021,0.6169643402099609,0.9999865,11.217262,0.0002668193,-8.228672
2462,0,1,0.99993134,9.586209,1.0,0.9998293,8.675451,0.19884817,-1.3935089
2463,0,0,7.434799e-05,-9.50668,0.5956678986549377,1.4577693e-05,-11.1360035,0.00013053558,-8.943734
2464,0,0,0.005768401,-5.149575,0.8828784823417664,0.3059784,-0.8189886,0.0003489973,-7.9600973
2465,1,1,0.9999013,9.223273,0.6745204925537109,0.9987098,6.65166,0.9998634,8.898329
2466,1,0,0.0003273773,-8.02407,1.0,0.1636453,-1.6313515,0.8502611,1.7366502
2467,1,1,0.999835,8.709487,0.6849235892295837,0.99998474,11.086929,0.00019348437,-8.55012
2468,1,0,6.2097795e-05,-9.686738,1.0,0.00021686018,-8.436041,0.62244797,0.49995178
2469,0,0,7.433594e-05,-9.506842,0.4690375328063965,2.6664515e-05,-10.53215,0.000168738,-8.686995
2470,0,1,0.9999217,9.454623,1.0,0.9998758,8.993122,0.35032713,-0.6176015
2471,0,1,0.99991095,9.326231,1.0,0.9988539,6.7702365,0.42632216,-0.29687276
2472,1,1,0.99983513,8.71021,0.8078800439834595,0.9999751,10.598173,0.0002553105,-8.272775
2473,0,1,0.9999348,9.637871,1.0,0.9999206,9.441256,0.88789535,2.0694208
2474,0,0,7.428931e-05,-9.507469,0.7258867621421814,9.7488766e-05,-9.235676,0.0003386262,-7.990275
2475,0,1,0.9999366,9.665678,1.0,0.9999554,10.017126,0.86070955,1.8211961
2476,0,1,0.9998554,8.841389,1.0,0.99978334,8.43707,0.016379999,-4.0951786
2477,1,1,0.99990535,9.265207,0.8126957416534424,0.999977,10.677877,0.5367081,0.14709696
2478,0,0,0.00011071163,-9.108471,0.545482337474823,0.0009149549,-6.9957204,0.99983597,8.715262
2479,1,1,0.99769115,6.068696,0.5661196708679199,0.7811953,1.272646,0.00020155999,-8.509222
2480,0,0,7.429236e-05,-9.507428,0.8069301247596741,1.3502816e-05,-11.212599,0.00025523285,-8.273079
2481,1,1,0.999835,8.709487,0.6876295208930969,0.9999862,11.19043,0.00018040588,-8.620121
2482,1,1,0.99983513,8.71021,0.6442139744758606,0.9999596,10.115574,0.00030467022,-8.095976
2483,0,0,7.485943e-05,-9.499824,0.7522093653678894,0.0013654642,-6.5948944,0.00021677252,-8.436445
2484,1,1,0.9998553,8.840565,0.594329297542572,0.9434579,2.8145666,0.5295618,0.118385434
2485,1,1,0.99983513,8.71021,0.8111884593963623,0.9999871,11.257458,0.00028419262,-8.165574
2486,1,0,9.266902e-05,-9.286384,1.0,0.00014438371,-8.842892,0.97712904,3.7547534
2487,1,1,0.999902,9.230547,0.7362769842147827,0.9999764,10.654006,0.99982953,8.6772995
2488,1,1,0.99983084,8.684508,0.5795327425003052,0.99575293,5.457273,0.0001239875,-8.995206
2489,1,1,0.999902,9.230547,0.6649590134620667,0.9999554,10.018396,0.99985087,8.810537
2490,1,1,0.999902,9.230547,0.7414236664772034,0.9999784,10.74472,0.99989474,9.158657
2491,1,0,6.908316e-05,-9.580131,1.0,1.2922656e-05,-11.2565155,0.92922485,2.5748425
2492,0,0,7.433572e-05,-9.5068445,0.43157637119293213,4.1660973e-05,-10.085904,0.00018296801,-8.606016
2493,1,0,7.919534e-05,-9.443514,1.0,0.0007882933,-7.1448517,0.9528505,3.0061345
2494,0,0,7.42682e-05,-9.507753,0.7807071805000305,1.375282e-05,-11.194253,0.00031019177,-8.07801
2495,0,0,7.132359e-05,-9.548212,0.6482046246528625,5.94454e-06,-12.033031,0.44113782,-0.23654538
2496,1,1,0.99990535,9.265207,0.7037664651870728,0.9998779,9.010865,0.5377434,0.15126148
2497,1,1,0.999835,8.709487,0.6149623990058899,0.99999213,11.7520275,0.00019493763,-8.542636
2498,1,1,0.99983513,8.71021,0.6340723037719727,0.9999902,11.534134,0.00024963683,-8.295254
2499,0,0,0.000110183675,-9.113252,0.7483505606651306,1.81256e-05,-10.918167,0.9998766,9.000418
2500,1,1,0.99982244,8.636012,0.6600426435470581,0.9877558,4.3903823,0.00017049568,-8.67663
2501,1,1,0.9999021,9.231764,0.7038063406944275,0.9999728,10.511711,0.99967957,8.045582
2502,0,0,7.215712e-05,-9.5365925,0.6370038986206055,6.846308e-06,-11.891794,0.4741089,-0.1036571
2503,1,1,0.999902,9.230547,0.6972472071647644,0.9999615,10.16497,0.99987566,8.992379
2504,1,1,0.999902,9.230547,0.6207537651062012,0.9999875,11.289924,0.99981934,8.6187315
2505,1,1,0.99983513,8.71021,0.7395626902580261,0.99998915,11.436375,0.0002787606,-8.184878
2506,1,0,9.988534e-05,-9.211388,1.0,0.00010198875,-9.190546,0.9873333,4.356032
2507,0,1,0.9998958,9.169201,1.0,0.94465,2.837137,0.22533908,-1.2348192
2508,1,0,0.0047242083,-5.35032,1.0,0.29346427,-0.8786179,0.9004922,2.2027059
2509,1,1,0.9998342,8.704441,0.5103766322135925,0.99911577,7.029952,0.00017550476,-8.647669
2510,0,1,0.9999062,9.274063,1.0,0.96932304,3.4530864,0.9494531,2.9329853
2511,1,0,6.962673e-05,-9.572292,1.0,0.00048983144,-7.6209593,0.54730177,0.18977472
2512,1,1,0.999835,8.709487,0.5243998169898987,0.99997234,10.496304,0.000202057,-8.506759
2513,1,1,0.999835,8.709487,0.6739545464515686,0.99995434,9.9932785,0.00022145947,-8.41505
2514,0,0,7.515605e-05,-9.495869,0.6965324878692627,0.002136635,-6.1463842,0.00026770172,-8.225369
2515,1,1,0.99983513,8.71021,0.670146107673645,0.99998116,10.878624,0.00024950356,-8.295788
2516,0,0,7.436146e-05,-9.506498,0.6746482849121094,0.00017807067,-8.633152,0.0002490102,-8.297768
2517,0,1,0.99993,9.56729,1.0,0.999734,8.231902,0.272687,-0.9810323
2518,1,1,0.999902,9.230547,0.7570818066596985,0.9998729,8.970916,0.99983,8.679755
2519,1,1,0.99975973,8.333523,0.8621764779090881,0.94767344,2.896506,0.0003418108,-7.9809113
2520,1,0,8.9107176e-05,-9.325582,1.0,4.0087158e-05,-10.124414,0.9716423,3.5340915
2521,0,1,0.99992645,9.517443,1.0,0.99949706,7.594492,0.31026363,-0.7988871
2522,1,1,0.99983513,8.71021,0.7773652076721191,0.9999851,11.117291,0.0002515242,-8.28772
2523,0,1,0.999907,9.282998,1.0,0.9994937,7.5880055,0.57400036,0.29819158
2524,1,1,0.999835,8.709487,0.702094554901123,0.9999286,9.546768,0.00024154373,-8.328218
2525,0,1,0.99991477,9.370017,1.0,0.9999894,11.453125,0.9743016,3.6352904
2526,1,1,0.999902,9.230547,0.5437514781951904,0.99997044,10.428008,0.9998895,9.1103
2527,0,0,7.433487e-05,-9.506856,0.6758299469947815,9.339742e-06,-11.581223,0.0001554828,-8.76882
2528,1,1,0.99983513,8.71021,0.6143637895584106,0.9999821,10.934143,0.0002853998,-8.161334
2529,1,1,0.99983215,8.692292,0.7422192692756653,0.99690056,5.7734294,0.00025395706,-8.278091
2530,0,0,7.541033e-05,-9.492491,0.6706843972206116,0.002704024,-5.9103065,0.00022986543,-8.377787
2531,0,1,0.99993336,9.616169,1.0,0.99967396,8.028084,0.90020585,2.1995144
2532,0,0,0.000111877,-9.097999,0.7200495600700378,0.0027034378,-5.910524,0.9998524,8.82108
2533,1,1,0.9999019,9.229331,0.7844587564468384,0.99977714,8.40849,0.9998771,9.004236
2534,1,1,0.9999051,9.2626915,0.6267758011817932,0.99998677,11.2350445,0.5218166,0.08732192
2535,0,0,7.438316e-05,-9.5062065,0.7462793588638306,0.00013296684,-8.925278,0.00015883948,-8.7474575
2536,1,1,0.999912,9.338353,0.8735328316688538,0.99997103,10.449793,0.4219868,-0.31462276
2537,0,1,0.9998596,8.870671,1.0,0.9998807,9.034109,0.019977957,-3.8929455
2538,1,1,0.999835,8.709487,0.7875851988792419,0.99988174,9.04313,0.0002397079,-8.33585
2539,0,0,0.00013174379,-8.93452,0.7637283205986023,0.027649745,-3.5600996,0.99976057,8.337062
2540,0,0,7.430774e-05,-9.507221,0.7304684519767761,1.0955464e-05,-11.421661,0.00021821399,-8.429816
2541,1,1,0.999835,8.709487,0.6849879026412964,0.9999534,9.973692,0.00019285684,-8.5533695
2542,1,1,0.9998348,8.708043,0.5371761322021484,0.99979955,8.51457,0.000109669934,-9.117926
2543,1,1,0.99971217,8.15285,0.5000298619270325,0.92853934,2.564465,0.00016869682,-8.687239
2544,1,1,0.99983513,8.71021,0.8492252826690674,0.99990535,9.265176,0.00034835393,-7.961943
2545,1,1,0.99990726,9.285566,0.6709252595901489,0.99995923,10.106125,0.5737493,0.2971649
2546,0,0,7.430759e-05,-9.507223,0.7664655447006226,1.8388975e-05,-10.903741,0.00022530742,-8.3978195
2547,1,0,4.8292284e-05,-9.93819,1.0,3.910536e-05,-10.149212,0.17798835,-1.5300364
2548,1,1,0.999902,9.230547,0.6328116059303284,0.9999658,10.283917,0.9998691,8.941332
2549,1,1,0.99983513,8.71021,0.6209643483161926,0.9999515,9.933007,0.00027471752,-8.199492
2550,1,1,0.999835,8.709487,0.5814860463142395,0.9999739,10.554989,0.00019377626,-8.548613
2551,1,1,0.9999051,9.2626915,0.7922024726867676,0.9998944,9.156137,0.5247065,0.09890644
2552,1,1,0.999902,9.230547,0.8044207096099854,0.99997747,10.698861,0.9998312,8.686573
2553,0,1,0.99985254,8.821794,1.0,0.9999553,10.014362,0.013784171,-4.2703543
2554,0,1,0.9998994,9.204132,1.0,0.9649021,3.3138847,0.35529917,-0.5958262
2555,1,1,0.9998996,9.206505,0.7511072754859924,0.9955844,5.418177,0.9998454,8.774342
2556,1,0,5.1756644e-05,-9.868906,1.0,0.004392793,-5.4233875,0.8206382,1.5206773
2557,0,0,7.194474e-05,-9.53954,0.6962366104125977,2.5165446e-05,-10.5900135,0.459041,-0.16420391
2558,0,1,0.9998542,8.833178,1.0,0.90640795,2.2705436,0.84905684,1.7272228
2559,1,1,0.999902,9.230547,0.664825975894928,0.9999738,10.546707,0.9998679,8.932035
2560,0,0,7.43402e-05,-9.506784,0.6997512578964233,1.45299755e-05,-11.139282,0.00014815146,-8.817127
2561,0,0,7.4345444e-05,-9.506714,0.6615331172943115,5.0468312e-05,-9.8941145,0.00016902754,-8.68528
2562,0,1,0.99990785,9.292014,1.0,0.9999621,10.1812105,0.461441,-0.15454277
2563,1,1,0.9998338,8.702287,0.6468542814254761,0.99867105,6.6220484,0.00023963477,-8.336155
2564,0,0,7.4368836e-05,-9.506399,0.6116794943809509,8.651986e-05,-9.35505,0.00014899069,-8.811478
2565,1,1,0.999835,8.709487,0.7038590908050537,0.99997926,10.785025,0.00017113937,-8.672861
2566,0,0,7.433367e-05,-9.506872,0.6726745367050171,1.0079957e-05,-11.5049515,0.00015878663,-8.74779
2567,1,1,0.999902,9.230547,0.7418683767318726,0.9999155,9.378149,0.99983835,8.730381
2568,1,1,0.999835,8.709487,0.5608524084091187,0.9999913,11.65536,0.00020745261,-8.4804
2569,0,1,0.9999368,9.669445,1.0,0.9999393,9.710896,0.83677864,1.6344521
2570,1,1,0.999835,8.709487,0.7768563628196716,0.9999565,10.042715,0.00016895986,-8.68568
2571,0,1,0.9999354,9.647055,1.0,0.9998832,9.054417,0.8802579,1.994875
2572,1,1,0.999902,9.230547,0.7742553353309631,0.99997437,10.571568,0.9998586,8.864014
2573,0,1,0.9999194,9.426111,1.0,0.9999528,9.960981,0.9620387,3.2324872
2574,1,1,0.9998969,9.179552,0.6349172592163086,0.9911225,4.7153225,0.9998939,9.150972
2575,1,1,0.99981076,8.57228,0.8758518695831299,0.9780828,3.7983184,0.00023573989,-8.352546
2576,1,0,0.00039811435,-7.828373,1.0,0.14362293,-1.7855194,0.9778346,3.7868054
2577,0,0,7.4374795e-05,-9.506319,0.6607707142829895,8.53802e-05,-9.368311,0.00013450527,-8.913773
2578,0,1,0.90709287,2.2786443,0.8113974332809448,0.5891548,0.36047232,0.25468242,-1.073793
2579,1,0,6.112054e-05,-9.702601,1.0,0.001988079,-6.2185965,0.6368038,0.5615186
2580,0,1,0.9999312,9.584475,1.0,0.9999665,10.302372,0.2551316,-1.0714281
2581,1,1,0.99980575,8.546163,0.8333498239517212,0.97445595,3.6414766,0.00021866323,-8.427759
2582,1,1,0.9999021,9.231764,0.75035560131073,0.99997854,10.749435,0.99976665,8.362543
2583,0,0,7.425821e-05,-9.507888,0.8449634313583374,8.174356e-06,-11.7145,0.00032762956,-8.023299
2584,1,0,0.063813806,-2.685845,0.6284118294715881,0.41066384,-0.36122176,0.00019955286,-8.519232
2585,1,1,0.99983513,8.71021,0.68718421459198,0.9999654,10.273584,0.0002595111,-8.256452
2586,0,0,0.00011016654,-9.113407,0.5602895617485046,1.8135974e-05,-10.917595,0.99985754,8.856683
2587,0,0,7.431361e-05,-9.507142,0.7628316283226013,7.2149796e-06,-11.839344,0.00020155459,-8.509249
2588,0,1,0.99993336,9.616169,1.0,0.9998524,8.820829,0.77342355,1.2277443
2589,0,0,0.0001523498,-8.789179,0.6529171466827393,0.045970622,-3.032692,0.9998698,8.9462595
2590,0,0,0.00011019837,-9.113118,0.6673519015312195,0.00010680717,-9.144379,0.9998312,8.686762
2591,1,1,0.999902,9.230547,0.6065484881401062,0.99997735,10.696905,0.9999069,9.281621
2592,0,1,0.99992883,9.550397,1.0,0.99997973,10.807657,0.9280367,2.5569143
2593,0,0,0.00025590856,-8.270434,0.8375797271728516,0.09792126,-2.2205381,0.9997806,8.424216
2594,0,0,0.0001099817,-9.115087,0.6915440559387207,6.0030357e-05,-9.7206,0.9996216,7.8792114
2595,0,1,0.99980634,8.549236,1.0,0.9423756,2.794458,0.03520153,-3.3108296
2596,1,1,0.9998349,8.708765,0.6922885179519653,0.9998871,9.089428,0.00014905479,-8.811048
2597,1,1,0.99983835,8.729929,0.6546286344528198,0.93330675,2.638631,0.99987507,8.988188
2598,1,0,9.8252465e-05,-9.227872,1.0,0.00012981563,-8.9492655,0.9851275,4.1932583
2599,0,1,0.9999088,9.302418,1.0,0.99990666,9.279312,0.08930745,-2.3221204
2600,1,1,0.99983513,8.71021,0.5612078905105591,0.99992,9.433666,0.00029829328,-8.117135
2601,1,1,0.999902,9.230547,0.6194232702255249,0.99998593,11.172558,0.999866,8.917372
2602,1,1,0.999835,8.709487,0.6555423736572266,0.9998267,8.6602,0.00029316903,-8.134468
2603,0,0,9.525592e-05,-9.258848,0.7113842368125916,0.037887074,-3.2345219,0.00024899264,-8.297838
2604,0,1,0.9999367,9.66756,1.0,0.99973327,8.22904,0.85241324,1.7536552
2605,1,1,0.99983513,8.71021,0.74696946144104,0.9999932,11.901115,0.00029082497,-8.142498
2606,0,0,7.42432e-05,-9.50809,0.7401716709136963,8.77897e-06,-11.643143,0.00036218984,-7.92298
2607,1,1,0.99983513,8.71021,0.638631284236908,0.999984,11.0448,0.00029154232,-8.140034
2608,0,0,7.432708e-05,-9.506961,0.570727527141571,1.6035348e-05,-11.040699,0.000179168,-8.6270075
2609,1,0,0.00010088087,-9.201469,1.0,0.017547593,-4.025135,0.9736313,3.6088572
2610,0,0,7.433126e-05,-9.506905,0.5800220370292664,2.3544355e-05,-10.656601,0.00017661626,-8.641355
2611,1,1,0.999902,9.230547,0.6305691003799438,0.9999435,9.781596,0.9999037,9.247971
2612,1,1,0.9998235,8.642074,0.6222792267799377,0.98850316,4.4541225,0.00029441627,-8.130221
2613,1,1,0.9999021,9.231764,0.8225058913230896,0.9999927,11.834149,0.9998198,8.621129
2614,1,1,0.99983466,8.707321,0.5854557156562805,0.99957925,7.7729397,0.0001939378,-8.547779
2615,1,1,0.540267,0.16141754,0.7665383219718933,0.50355434,0.014217552,0.9998908,9.122165
2616,0,1,0.99990535,9.265207,1.0,0.9999815,10.90017,0.50449336,0.017974041
2617,0,1,0.9999052,9.263948,1.0,0.9999715,10.4679365,0.5300257,0.12024766
2618,1,1,0.9999018,9.228116,0.6851890683174133,0.99954283,7.6898136,0.99989617,9.172422
2619,1,1,0.999902,9.230547,0.5292233824729919,0.9999653,10.267986,0.99988425,9.064571
2620,1,1,0.99989057,9.120078,0.6588085889816284,0.98157954,3.9756985,0.99988127,9.038453
2621,1,0,5.5569362e-05,-9.797823,1.0,0.0033364976,-5.6994915,0.86626124,1.8682982
2622,1,1,0.99983525,8.710934,0.7057948708534241,0.99999213,11.745684,0.00029846712,-8.116552
2623,1,1,0.79510987,1.3560064,1.0,0.55067927,0.20341556,0.94169515,2.7819958
2624,1,1,0.999835,8.709487,0.5602141618728638,0.9999831,10.988691,0.00021016222,-8.467421
2625,0,0,7.426919e-05,-9.50774,0.7331684231758118,6.2362305e-06,-11.985128,0.00030106667,-8.107878
2626,1,1,0.9998349,8.708765,0.5685939788818359,0.99993324,9.61402,0.00013845012,-8.884862
2627,0,1,0.99992347,9.47772,1.0,0.9999838,11.029172,0.9497058,2.938262
2628,0,0,7.1990245e-05,-9.538908,0.8840323686599731,4.8850593e-06,-12.229324,0.4956658,-0.017337501
2629,0,0,7.4313044e-05,-9.50715,0.7703489065170288,7.5854837e-06,-11.789267,0.00020309615,-8.501628
2630,0,0,7.43375e-05,-9.506821,0.6277176141738892,3.2713837e-05,-10.32768,0.0001707524,-8.675125
2631,1,1,0.999902,9.230547,0.6853903532028198,0.9999931,11.879678,0.9999037,9.24759
2632,1,1,0.9997298,8.216123,0.6905038952827454,0.93490404,2.664581,0.00030106376,-8.107887
2633,0,0,0.00011016497,-9.113421,0.7585980892181396,1.1676178e-05,-11.357948,0.9998603,8.875808
2634,1,1,0.999902,9.230547,0.5761736631393433,0.99997103,10.449039,0.9998079,8.557152
2635,1,1,0.99983525,8.710934,0.7426938414573669,0.9999682,10.356893,0.00036412425,-7.917651
2636,1,1,0.999902,9.230547,0.6690958738327026,0.99989533,9.165232,0.99981326,8.585637
2637,1,0,9.3466326e-05,-9.277816,1.0,0.0053702164,-5.2215023,0.9739656,3.6219554
2638,1,1,0.999902,9.230547,0.7281787395477295,0.99998057,10.848809,0.99982566,8.654354
2639,0,1,0.9999366,9.665678,1.0,0.9999832,10.994744,0.8587508,1.8049537
2640,0,0,7.428081e-05,-9.507584,0.8657733201980591,9.087075e-06,-11.608648,0.000277409,-8.18974
2641,0,0,7.432793e-05,-9.506949,0.6916863918304443,3.8570844e-05,-10.162975,0.0001977001,-8.528562
2642,0,1,0.9999198,9.430559,1.0,0.9999578,10.072542,0.6718725,0.7166662
2643,0,0,7.210711e-05,-9.537286,0.7627249360084534,9.511279e-06,-11.563023,0.4887222,-0.04511872
2644,1,1,0.99983513,8.71021,0.6379961371421814,0.9999906,11.572845,0.00025376727,-8.278839
2645,1,1,0.999835,8.709487,0.7598990797996521,0.999845,8.772085,0.00023416663,-8.359243
2646,0,0,7.432665e-05,-9.506967,0.6490254402160645,3.4524972e-05,-10.273793,0.00019677934,-8.533231
2647,0,0,7.429654e-05,-9.507372,0.7587359547615051,2.1360956e-05,-10.753924,0.0002529554,-8.282044
2648,0,0,7.4337004e-05,-9.506827,0.33763784170150757,0.00010975478,-9.117152,0.00024196114,-8.326491
2649,1,1,0.999835,8.709487,0.650736927986145,0.99995005,9.905663,0.00023046671,-8.375174
2650,1,1,0.999902,9.230547,0.6807693839073181,0.9999578,10.074407,0.999905,9.261183
2651,1,1,0.999902,9.230547,0.7868244647979736,0.99988616,9.080895,0.9998677,8.930046
2652,1,0,0.004055272,-5.503674,1.0,0.2908878,-0.89107615,0.85640234,1.7857245
2653,1,1,0.9999013,9.223273,0.8184077143669128,0.99872416,6.6629105,0.99987817,9.012443
2654,0,1,0.9998696,8.944659,1.0,0.98945475,4.541472,0.038763665,-3.210737
2655,0,0,7.436026e-05,-9.506515,0.7304725646972656,0.0001337776,-8.919198,0.00021127972,-8.462116
2656,0,0,0.0064622713,-5.035291,0.5022696852684021,0.31115574,-0.7947217,0.00015311805,-8.784148
2657,0,0,7.457309e-05,-9.503656,0.6092592477798462,0.0005845711,-7.4440475,0.00014268442,-8.8547325
2658,1,1,0.999835,8.709487,0.658470869064331,0.99996006,10.127703,0.00015069207,-8.800121
2659,0,0,7.4284355e-05,-9.507536,0.7204424142837524,6.882562e-06,-11.886513,0.00026727098,-8.22698
2660,1,0,7.218251e-05,-9.536241,1.0,0.03492512,-3.3189993,0.2892963,-0.8988041
2661,0,0,7.432162e-05,-9.507034,0.6889445781707764,8.640369e-06,-11.659057,0.00018495572,-8.595209
2662,1,1,0.999902,9.230547,0.6093189120292664,0.9999845,11.075291,0.9998938,9.1495
2663,1,1,0.999902,9.230547,0.6929683685302734,0.99998045,10.840191,0.9998592,8.868601
2664,0,0,0.00011011866,-9.113842,0.6786371469497681,2.1555135e-05,-10.744875,0.9998016,8.524876
2665,0,1,0.999863,8.895601,1.0,0.9999652,10.265539,0.023188671,-3.7406297
2666,0,0,0.008825075,-4.721294,1.0,0.32011545,-0.7532413,0.53002816,0.12025741
2667,0,0,7.429908e-05,-9.507338,0.8345149159431458,3.3651402e-05,-10.299422,0.0002583377,-8.260984
2668,1,1,0.999902,9.230547,0.6199787259101868,0.9999918,11.703184,0.9999033,9.2444515
2669,1,1,0.99942905,7.467633,0.6543398499488831,0.86971986,1.8984843,0.00021415445,-8.448599
2670,0,1,0.9998946,9.157823,1.0,0.98788434,4.401062,0.07558076,-2.503964
2671,1,0,6.759959e-05,-9.601841,1.0,0.023736106,-3.7167356,0.886048,2.050994
2672,0,0,7.433608e-05,-9.50684,0.6703730821609497,9.011349e-06,-11.617017,0.0001523793,-8.788985
2673,1,1,0.99983513,8.71021,0.7972073554992676,0.99996805,10.350449,0.00025927735,-8.257353
2674,0,1,0.9997832,8.436401,1.0,0.8869944,2.060402,0.9486949,2.917297
2675,1,1,0.999902,9.230547,0.8464909791946411,0.9999664,10.299385,0.99984646,8.78158
2676,1,0,7.189283e-05,-9.540262,1.0,6.8920594e-06,-11.885134,0.4998909,-0.0004364811
2677,0,0,7.444909e-05,-9.505321,0.7648826241493225,0.0004362227,-7.7369213,0.00028673708,-8.156658
2678,0,0,7.4332114e-05,-9.506893,0.6751191020011902,2.4579338e-05,-10.61358,0.00017556871,-8.647305
2679,0,0,0.00012710664,-8.970357,1.0,0.092222705,-2.2867928,0.66989076,0.70769113
2680,0,0,7.435842e-05,-9.506539,0.7363405823707581,9.195398e-05,-9.29413,0.00017741935,-8.636817
2681,0,1,0.99984634,8.780609,1.0,0.9965887,5.677246,0.011024057,-4.49659
2682,1,1,0.999902,9.230547,0.5939328074455261,0.99998784,11.319436,0.9999012,9.2220955
2683,1,1,0.99983525,8.710934,0.6104711294174194,0.99998903,11.423683,0.0003275693,-8.023483
2684,1,1,0.9999083,9.297202,0.615727961063385,0.99982625,8.657383,0.45448896,-0.1825496
2685,1,1,0.999902,9.230547,0.646133542060852,0.99998283,10.971737,0.9998789,9.018471
2686,1,1,0.9997886,8.461464,0.5254414677619934,0.96323085,3.265633,0.00017447378,-8.653562
2687,1,1,0.999835,8.709487,0.7379997968673706,0.9999778,10.716709,0.00020373716,-8.498476
2688,0,0,7.426105e-05,-9.50785,0.6023804545402527,1.8736178e-05,-10.8850355,0.0003308027,-8.013658
2689,1,0,8.451386e-05,-9.37851,1.0,0.0014595747,-6.5281496,0.9625304,3.2460346
2690,0,0,0.00011018767,-9.113215,0.7632454633712769,3.1109303e-05,-10.377973,0.9998721,8.96371
2691,1,1,0.9883382,4.439704,0.6861519813537598,0.67633045,0.73695886,0.99985564,8.8432665
2692,1,1,0.999902,9.230547,0.5723031163215637,0.99997056,10.431755,0.9998753,8.989771
2693,0,0,7.4917705e-05,-9.499045,0.7957612872123718,0.0015400068,-6.474427,0.00024746894,-8.303978
2694,0,1,0.99990857,9.299807,1.0,0.9992902,7.2498913,0.5920801,0.37257123
2695,0,0,0.00010981895,-9.116568,0.6325801014900208,2.9533086e-05,-10.42997,0.9994604,7.5241976
2696,0,0,7.42641e-05,-9.507809,0.7670900821685791,3.798266e-05,-10.178343,0.00034142748,-7.9820337
2697,0,0,7.417039e-05,-9.509071,0.7454947829246521,1.4407035e-05,-11.147779,0.000532414,-7.5375566
2698,1,1,0.999902,9.230547,0.7396363019943237,0.9999676,10.336196,0.99984705,8.785327
2699,1,1,0.999902,9.230547,0.5496705770492554,0.99993277,9.607705,0.9998485,8.794798
2700,0,1,0.99985075,8.809738,1.0,0.9999002,9.212759,0.012289535,-4.3866415
2701,1,1,0.999835,8.709487,0.559549868106842,0.9999392,9.70847,0.00015937442,-8.744095
2702,1,0,9.27126e-05,-9.285913,1.0,0.00016000985,-8.740115,0.9771822,3.7571342
2703,1,1,0.9999021,9.231764,0.5994950532913208,0.9999403,9.726119,0.9997626,8.345707
2704,0,0,7.431262e-05,-9.507155,0.5606046915054321,1.0053479e-05,-11.507582,0.00020646637,-8.485167
2705,1,1,0.999902,9.230547,0.8250917792320251,0.99998736,11.282682,0.999902,9.230907
2706,1,0,9.70285e-05,-9.240409,1.0,1.0025789e-05,-11.51034,0.98353994,4.0902205
2707,0,0,7.431709e-05,-9.507095,0.7973452210426331,0.000112105634,-9.095957,0.00028910654,-8.148426
2708,1,0,8.0678e-05,-9.424964,1.0,0.0558927,-2.826806,0.7164415,0.9268782
2709,0,1,0.99993646,9.6638,1.0,0.99969685,8.100979,0.82330173,1.5388794
2710,1,0,7.034887e-05,-9.561974,1.0,4.5333276e-05,-10.001424,0.5343918,0.13778487
2711,0,0,0.0001101071,-9.113947,0.5965403318405151,3.2680757e-05,-10.3286915,0.99978095,8.425974
2712,0,0,0.00011015783,-9.113486,0.6244170665740967,8.0497975e-06,-11.729856,0.9998549,8.838489
2713,1,1,0.999902,9.230547,0.4811173975467682,0.99997354,10.537458,0.99987745,9.007309
2714,1,1,0.999835,8.709487,0.5615013241767883,0.99999046,11.557286,0.0001829881,-8.6059065
2715,1,1,0.999902,9.230547,0.698127806186676,0.99995255,9.956529,0.9998907,9.121466
2716,1,0,6.025978e-05,-9.716785,1.0,0.0029510818,-5.822628,0.31257558,-0.7881057
2717,1,1,0.99983513,8.71021,0.7760632634162903,0.9999833,10.997829,0.00023964618,-8.336107
2718,0,1,0.99984455,8.769038,1.0,0.9999143,9.364653,0.007326249,-4.9089384
2719,0,1,0.99986815,8.933748,1.0,0.9998622,8.8896675,0.028398935,-3.5325937
2720,0,1,0.9998598,8.872371,1.0,0.9999913,11.649362,0.020127697,-3.8853254
2721,0,1,0.9998499,8.804162,1.0,0.9993748,7.3767724,0.011975132,-4.4128757
2722,1,1,0.9999087,9.301111,0.7903076410293579,0.9999639,10.229279,0.4521721,-0.19189829
2723,1,1,0.9998349,8.708765,0.7096987366676331,0.9998833,9.055622,0.00019020664,-8.567209
2724,0,0,8.54888e-05,-9.36704,0.6088339686393738,0.022907423,-3.7531204,0.00015914434,-8.74554
2725,0,1,0.9999156,9.379857,1.0,0.9999052,9.264429,0.6445322,0.59509015
2726,1,1,0.999835,8.709487,0.5236635208129883,0.99995923,10.106514,0.00014734843,-8.822563
2727,0,1,0.9999298,9.563889,1.0,0.9999912,11.638641,0.27694267,-0.95967805
2728,1,1,0.99983513,8.71021,0.641799807548523,0.9999634,10.215079,0.0002950567,-8.128048
2729,0,1,0.99991953,9.427592,1.0,0.9999924,11.788198,0.9617282,3.22402
2730,1,1,0.9999021,9.231764,0.5334972739219666,0.9999882,11.351212,0.99968684,8.06856
2731,1,1,0.9998349,8.708765,0.48713719844818115,0.99993205,9.596424,0.00012720292,-8.9696
2732,1,0,7.987544e-05,-9.434962,1.0,0.019559458,-3.9145432,0.42674017,-0.2951637
2733,0,0,7.4346506e-05,-9.5067,0.6640269160270691,2.461159e-05,-10.612268,0.00014301502,-8.852418
2734,1,1,0.9998348,8.708043,0.6202765703201294,0.99958235,7.7803106,0.00023451296,-8.357765
2735,0,0,7.434558e-05,-9.506712,0.6038650870323181,1.2919096e-05,-11.256791,0.00013444552,-8.914217
2736,0,1,0.99991,9.3155775,1.0,0.9999827,10.967308,0.09190683,-2.2905717
2737,1,1,0.999902,9.230547,0.5743932127952576,0.99996316,10.208112,0.99980146,8.524494
2738,0,1,0.99988997,9.114646,1.0,0.9997304,8.218271,0.05510144,-2.8419018
2739,1,0,6.657842e-05,-9.6170635,1.0,0.04003635,-3.1771076,0.7700139,1.2083898
2740,1,0,5.0862713e-05,-9.88633,1.0,2.1385395e-05,-10.752781,0.7442738,1.0683014
2741,0,1,0.9998274,8.664274,1.0,0.9010079,2.2084737,0.9302125,2.5899587
2742,1,0,0.000100630095,-9.2039585,1.0,0.00032164776,-8.041732,0.9881443,4.4230156
2743,1,0,9.788551e-05,-9.231614,1.0,4.3364173e-05,-10.045834,0.9846939,4.164074
2744,0,0,7.445448e-05,-9.505248,0.7494074702262878,0.00045796222,-7.688266,0.00029438178,-8.130339
2745,1,1,0.999902,9.230547,0.8295504450798035,0.9999852,11.122003,0.9998486,8.795989
2746,0,1,0.99993384,9.623351,1.0,0.9927826,4.9240108,0.85312784,1.759347
2747,1,1,0.9998349,8.708765,0.7077451348304749,0.9998029,8.531724,0.00020571808,-8.488798
2748,1,1,0.999902,9.230547,0.569155216217041,0.9999746,10.582731,0.9998375,8.724793
2749,0,1,0.9997235,8.193002,1.0,0.9139199,2.3624659,0.025472404,-3.6443572
2750,0,1,0.9999118,9.335647,1.0,0.9987262,6.6645107,0.6217401,0.4969407
2751,1,1,0.9843524,4.141667,0.7267007231712341,0.66332895,0.67816484,0.9998915,9.128849
2752,1,1,0.999902,9.230547,0.5980783700942993,0.9999856,11.147764,0.99987745,9.007018
2753,1,1,0.999835,8.709487,0.6479282975196838,0.99995565,10.02248,0.00020947785,-8.470683
2754,1,0,0.00018758608,-8.581085,1.0,0.084475495,-2.3830357,0.9774392,3.7687244
2755,1,1,0.9999021,9.231764,0.7861184477806091,0.9999782,10.733154,0.9997898,8.466819
2756,1,0,7.939103e-05,-9.441046,1.0,3.2424894e-05,-10.336552,0.95397455,3.0314417
2757,1,1,0.9999021,9.231764,0.6138148903846741,0.99998474,11.091913,0.99977046,8.379051
2758,1,0,6.518152e-05,-9.638269,1.0,6.6060447e-06,-11.927519,0.36482507,-0.55448246
2759,0,1,0.9999175,9.402717,1.0,0.9999037,9.248306,0.6576903,0.6530182
2760,1,1,0.999902,9.230547,0.6742725372314453,0.9999808,10.858682,0.999887,9.08853
2761,0,1,0.99986386,8.901712,1.0,0.99610233,5.543465,0.026990509,-3.5849085
2762,0,1,0.99992764,9.533784,1.0,0.9996823,8.054002,0.15889205,-1.666495
2763,1,1,0.999902,9.230547,0.612744152545929,0.99998677,11.236744,0.9998759,8.994653
2764,0,0,7.671716e-05,-9.475308,0.6555321216583252,0.005718615,-5.1582937,0.00021381558,-8.450183
2765,1,1,0.9999052,9.263948,0.6597174406051636,0.9999882,11.348263,0.532237,0.12912712
2766,0,1,0.9998791,9.020606,1.0,0.9943507,5.1705637,0.04547926,-3.043953
2767,1,0,9.716913e-05,-9.23896,1.0,7.156286e-05,-9.544863,0.98368734,4.0993648
2768,0,0,7.4293e-05,-9.50742,0.6687981486320496,9.1863985e-06,-11.597777,0.00025000173,-8.293793
2769,1,1,0.999902,9.230547,0.65971839427948,0.99998474,11.087938,0.9998658,8.915716
2770,1,0,0.00041669147,-7.7827477,0.7421391010284424,0.16716532,-1.6058519,0.005121916,-5.2690916
2771,0,1,0.99985015,8.805752,1.0,0.9926756,4.909197,0.01718431,-4.046425
2772,0,0,7.4353375e-05,-9.506607,0.6877340078353882,3.7076406e-05,-10.202493,0.0001389274,-8.88142
2773,1,1,0.99983513,8.71021,0.6926568746566772,0.99998784,11.317618,0.00023055352,-8.374797
2774,1,1,0.99942577,7.461904,1.0,0.82232696,1.532193,0.95703316,3.1034105
2775,0,0,0.4475769,-0.21046586,1.0,0.5076011,0.030406654,0.008164183,-4.799801
2776,1,1,0.99983513,8.71021,0.6895476579666138,0.9999746,10.579323,0.00022903671,-8.381399
2777,0,0,7.430284e-05,-9.507287,0.7848257422447205,1.552098e-05,-11.073302,0.00023334689,-8.362751
2778,1,1,0.999902,9.230547,0.842317521572113,0.99998677,11.232249,0.99984515,8.773418
2779,1,1,0.999902,9.230547,0.6882978081703186,0.9999889,11.405146,0.9998504,8.807736
2780,1,0,5.047495e-05,-9.893983,1.0,0.00015985308,-8.741096,0.7535949,1.1178777
2781,1,1,0.99990153,9.225692,0.5463176369667053,0.999009,6.9158773,0.99981767,8.60938
2782,1,1,0.999835,8.709487,0.6713767647743225,0.9997279,8.209066,0.00032259146,-8.038801
2783,1,1,0.999902,9.230547,0.6807755827903748,0.99986994,8.947732,0.9998796,9.024713
2784,1,1,0.999902,9.230547,0.7614366412162781,0.9999783,10.737682,0.999828,8.66774
2785,1,0,0.0001006278,-9.203981,1.0,6.081362e-06,-12.010276,0.98837787,4.4431534
2786,0,1,0.999246,7.1893654,1.0,0.81817466,1.5040293,0.08710031,-2.3495655
2787,1,1,0.99983525,8.710934,0.7091983556747437,0.9999926,11.817771,0.00031291458,-8.069267
2788,0,1,0.99992514,9.49977,1.0,0.9999074,9.287229,0.9433514,2.8125713
2789,0,1,0.9999306,9.575846,1.0,0.9999728,10.51113,0.7484658,1.0904461
2790,0,1,0.99990094,9.219656,1.0,0.9999565,10.043598,0.072980426,-2.5417833
2791,0,1,0.82088053,1.5223246,1.0,0.5689757,0.27767313,0.07345442,-2.5347981
2792,0,0,7.432793e-05,-9.506949,0.5829820036888123,1.3523655e-05,-11.211057,0.00017496658,-8.650741
2793,1,0,9.927363e-05,-9.217531,1.0,0.000573685,-7.4628563,0.9861637,4.2665234
2794,1,1,0.9998597,8.871521,0.6836055517196655,0.9488769,2.921042,0.99985206,8.818769
2795,1,0,7.1204464e-05,-9.549884,1.0,0.0007686068,-7.170162,0.9341965,2.6530137
2796,1,1,0.99965227,7.9637265,0.7998664975166321,0.8669921,1.8746214,0.99986064,8.878705
2797,0,0,0.00014418038,-8.844301,0.6386802792549133,0.03924556,-3.1978805,0.99990237,9.234796
2798,0,1,0.9998627,8.892993,1.0,0.9999598,10.121216,0.022849103,-3.7557292
2799,0,0,0.059384897,-2.762494,0.7074065208435059,0.3994432,-0.40778548,0.4068078,-0.37717763
2800,1,1,0.99983513,8.71021,0.8600558042526245,0.9999852,11.123188,0.0002743537,-8.200818
2801,1,1,0.99983513,8.71021,0.6135051846504211,0.99999225,11.7721195,0.0002757548,-8.195723
2802,1,1,0.99983513,8.71021,0.6308538317680359,0.999969,10.380964,0.00024590484,-8.31032
2803,0,1,0.999936,9.656323,1.0,0.999967,10.316969,0.8729066,1.9269059
2804,0,1,0.99992275,9.468417,1.0,0.9997094,8.143339,0.9515214,2.9769406
2805,1,1,0.9998343,8.70516,0.814750611782074,0.99904853,6.9565296,0.00028471465,-8.163738
2806,1,1,0.9998354,8.711658,0.8372161984443665,0.9999869,11.240494,0.00044899495,-7.70805
2807,1,1,0.9998136,8.587517,0.8274666666984558,0.9802877,3.906601,0.0002718963,-8.209818
2808,0,0,8.132537e-05,-9.416971,0.503156304359436,0.015321577,-4.163053,0.00017326637,-8.660507
2809,1,1,0.999902,9.230547,0.6022961735725403,0.9999598,10.121806,0.9998305,8.682344
2810,1,1,0.99983513,8.71021,0.6617939472198486,0.99998045,10.83997,0.0002277819,-8.386894
2811,1,1,0.99983525,8.710934,0.7224539518356323,0.9999565,10.042258,0.0003719676,-7.896332
2812,0,0,7.433055e-05,-9.506914,0.5909746289253235,3.658089e-05,-10.215948,0.00018998768,-8.568361
2813,0,0,7.429257e-05,-9.507425,0.724172830581665,2.7984353e-05,-10.483837,0.00026790597,-8.2246065
2814,0,0,7.216868e-05,-9.536432,0.8093991279602051,5.865286e-06,-12.046453,0.4786319,-0.08552435
2815,0,0,0.00011018976,-9.113196,0.6307121515274048,7.998527e-05,-9.433588,0.99984026,8.742317
2816,1,1,0.9998349,8.708765,0.6980935335159302,0.99978036,8.423435,0.00018107504,-8.616418
2817,1,1,0.999902,9.230547,0.6465041637420654,0.9999176,9.403792,0.9998802,9.029641
2818,1,1,0.9999057,9.268993,0.8123744130134583,0.9999809,10.865584,0.49502146,-0.01991482
2819,1,1,0.999902,9.230547,0.6513522863388062,0.9999757,10.621963,0.99983084,8.684676
2820,1,1,0.9999018,9.228116,0.8087801933288574,0.9993088,7.2764063,0.9997516,8.300392
2821,0,1,0.9999149,9.371417,1.0,0.9999808,10.859161,0.9740267,3.6243672
2822,0,0,0.006168723,-5.0820756,0.5833005905151367,0.31160778,-0.7926135,0.2270498,-1.2250453
2823,1,1,0.999902,9.230547,0.47591865062713623,0.99991524,9.375994,0.999861,8.881105
2824,1,1,0.99983513,8.71021,0.6436082124710083,0.9999732,10.527146,0.00022699597,-8.390351
2825,0,0,7.518817e-05,-9.495441,0.7715848684310913,0.0021830818,-6.124832,0.00023900317,-8.338795
2826,1,1,0.999835,8.709487,0.6160411834716797,0.9999882,11.350742,0.0002069145,-8.482998
2827,1,1,0.99990106,9.2208605,0.6494318246841431,0.99829465,6.3722568,0.9998996,9.206814
2828,0,0,7.454243e-05,-9.504067,0.6120244264602661,0.00061272574,-7.3969803,0.00023762237,-8.34459
2829,0,1,0.999936,9.656323,1.0,0.99998593,11.170099,0.80775017,1.4354569
2830,0,0,7.11463e-05,-9.550701,0.7409172654151917,0.0006597907,-7.322928,0.43217906,-0.27296594
2831,1,1,0.999835,8.709487,0.5800656676292419,0.99997497,10.594868,0.00021450024,-8.446985
2832,1,1,0.999902,9.230547,0.8287760019302368,0.999984,11.047068,0.9998766,8.999889
2833,1,1,0.999835,8.709487,0.6478000283241272,0.99998033,10.838497,0.00018852978,-8.576066
2834,1,1,0.999902,9.230547,0.7609049081802368,0.99998343,11.010818,0.9998423,8.754507
2835,0,0,0.00011024379,-9.112706,0.5437167882919312,5.970528e-05,-9.72603,0.99991477,9.370453
2836,1,0,5.7006717e-05,-9.7722845,1.0,4.909149e-05,-9.921776,0.66840744,0.70099074
2837,0,1,0.999884,9.061885,1.0,0.9999887,11.391682,0.046607558,-3.0182638
2838,1,1,0.999835,8.709487,0.5225698947906494,0.9999547,10.003136,0.00019140374,-8.560934
2839,1,1,0.999902,9.230547,0.7918442487716675,0.99998343,11.011448,0.99987495,8.986791
2840,1,0,7.586069e-05,-9.486536,1.0,1.4965532e-05,-11.109746,0.9463915,2.8709478
2841,1,1,0.99983513,8.71021,0.6641668081283569,0.9999727,10.510666,0.00022321321,-8.40716
2842,0,1,0.9962004,5.569048,0.650314450263977,0.7227562,0.95817494,0.24332418,-1.1345402
2843,1,1,0.99989605,9.171492,0.779636800289154,0.98963165,4.5585794,0.99985456,8.8361435
2844,0,1,0.9998759,8.994324,1.0,0.9999747,10.583785,0.036736634,-3.2665524
2845,1,1,0.9990822,6.9926214,0.6140764951705933,0.80357957,1.4088188,0.9998863,9.082223
2846,1,1,0.999902,9.230547,0.7476308941841125,0.99997866,10.757119,0.99982387,8.643777
2847,1,1,0.99983525,8.710934,0.8386391997337341,0.9999782,10.7310505,0.00034274798,-7.9781723
2848,1,1,0.9999019,9.229331,0.6866198778152466,0.9997391,8.250976,0.9997992,8.512573
2849,0,1,0.99993217,9.598437,1.0,0.99998593,11.174582,0.7620997,1.1642258
2850,1,1,0.99983525,8.710934,0.7225592732429504,0.99997866,10.756302,0.00030528023,-8.093975
2851,1,1,0.999835,8.709487,0.5626652240753174,0.9999927,11.829625,0.0001785559,-8.63043
2852,0,0,7.419133e-05,-9.508789,0.7530681490898132,3.6350746e-05,-10.2222595,0.0005049021,-7.590641
2853,1,0,8.087303e-05,-9.422549,1.0,0.0031901621,-5.7444882,0.95394504,3.0307708
2854,1,1,0.9998349,8.708765,0.8552765846252441,0.9998084,8.559776,0.0002355723,-8.353257
2855,0,0,7.13749e-05,-9.547493,0.8247362971305847,7.804492e-05,-9.458148,0.44163036,-0.23454791
2856,0,0,0.00011009345,-9.114071,0.6142867803573608,8.144895e-06,-11.718111,0.99978286,8.434829
2857,1,1,0.999835,8.709487,0.8063620328903198,0.99995697,10.053684,0.00022912037,-8.381034
2858,1,1,0.9998154,8.597158,0.6406912207603455,0.9818364,3.9900036,0.00014994445,-8.805096
2859,1,1,0.9998349,8.708765,0.46161240339279175,0.9998671,8.925577,0.00016047143,-8.737234
2860,0,0,0.000110201436,-9.1130905,0.473327100276947,1.2947711e-05,-11.254579,0.9999001,9.210854
2861,1,1,0.999902,9.230547,0.6890841722488403,0.9999609,10.149118,0.9998368,8.720284
2862,0,0,7.428321e-05,-9.507551,0.6503079533576965,2.5246118e-05,-10.586813,0.00028662855,-8.157037
2863,0,1,0.9699785,3.4753606,0.6346440315246582,0.6350559,0.55396897,0.9999052,9.263445
2864,0,0,7.43112e-05,-9.5071745,0.7908422946929932,2.635558e-05,-10.543804,0.0002244964,-8.401426
2865,0,0,7.4354655e-05,-9.50659,0.7355349063873291,9.046446e-05,-9.310463,0.0001845766,-8.597261
2866,0,1,0.9999368,9.669445,1.0,0.99998486,11.099278,0.8390247,1.6509894
2867,0,0,0.00011012643,-9.113771,0.665577232837677,6.1196724e-06,-12.003996,0.999821,8.627529
2868,0,1,0.9999304,9.572414,1.0,0.99982303,8.639042,0.74701136,1.0827358
2869,0,0,0.00011016003,-9.113466,0.6602084636688232,1.8565233e-05,-10.894201,0.99985003,8.80525
2870,0,1,0.9998919,9.132134,1.0,0.99772424,6.083149,0.05989909,-2.753326
2871,0,0,7.43073e-05,-9.507227,0.6709914803504944,1.5434927e-05,-11.078862,0.00022330115,-8.406766
2872,0,0,7.442616e-05,-9.505629,0.7316737771034241,0.0002980542,-8.117937,0.00021231125,-8.457245
2873,1,0,5.1504012e-05,-9.873799,1.0,7.174955e-05,-9.542257,0.23695867,-1.1694264
2874,0,1,0.9997496,8.292204,1.0,0.8851696,2.042323,0.9805038,3.9178476
2875,1,1,0.9998344,8.70588,0.837511420249939,0.9992281,7.1658983,0.0002766966,-8.192312
2876,1,1,0.999835,8.709487,0.8549803495407104,0.99997747,10.699055,0.00019026922,-8.56688
2877,0,1,0.9999212,9.448552,1.0,0.99993134,9.586367,0.3535802,-0.60333866
2878,1,1,0.99983513,8.71021,0.7917208075523376,0.9999845,11.076588,0.00023851487,-8.34084
2879,0,1,0.99991,9.3155775,1.0,0.9999833,11.002617,0.9849904,4.183943
2880,1,1,0.99983513,8.71021,0.6795655488967896,0.9999697,10.404813,0.00030508122,-8.094627
2881,0,1,0.9999366,9.665678,1.0,0.9994529,7.5103083,0.8353602,1.6241033
2882,0,0,7.429512e-05,-9.507391,0.7193876504898071,7.3434016e-06,-11.821701,0.00024344746,-8.320366
2883,0,0,8.1179234e-05,-9.41877,0.6570613980293274,0.015002411,-4.184428,0.0001355774,-8.905832
2884,0,0,0.000110173794,-9.113341,0.8783279657363892,3.313387e-05,-10.314921,0.9998553,8.84103
2885,1,0,9.7274446e-05,-9.237877,0.7014580368995667,0.08246543,-2.409311,0.16707228,-1.6065204
2886,0,1,0.9998789,9.018636,1.0,0.9999466,9.836625,0.04022476,-3.1722164
2887,1,0,5.0028135e-05,-9.902875,1.0,1.3114746e-05,-11.24176,0.8113124,1.45856
2888,1,1,0.999902,9.230547,0.7658414840698242,0.9999771,10.685647,0.9998301,8.680206
2889,0,0,7.429908e-05,-9.507338,0.7607523202896118,1.3276474e-05,-11.229504,0.00023996927,-8.33476
2890,1,1,0.999902,9.230547,0.7177630662918091,0.9999654,10.273666,0.9998085,8.560132
2891,1,1,0.999835,8.709487,0.6615633964538574,0.9999243,9.488779,0.00021501131,-8.444605
2892,1,1,0.99983513,8.71021,0.7704783082008362,0.9999844,11.064129,0.00028937683,-8.147491
2893,0,0,0.00011013388,-9.113704,0.7320208549499512,1.1300679e-05,-11.390636,0.9998258,8.654972
2894,0,0,7.426636e-05,-9.507778,0.6244274377822876,8.1578e-06,-11.716528,0.00030920823,-8.081186
2895,0,1,0.99990845,9.298504,1.0,0.9999751,10.600997,0.5869834,0.3515087
2896,0,1,0.9999224,9.463798,1.0,0.99998236,10.943168,0.34476402,-0.6421354
2897,1,0,6.632779e-05,-9.620835,1.0,4.840922e-05,-9.935772,0.92088395,2.4544184
2898,0,0,7.448027e-05,-9.504902,0.6048994660377502,0.00042067582,-7.773227,0.00020208377,-8.506626
2899,1,1,0.999835,8.709487,0.7520967721939087,0.99988997,9.114955,0.00019399736,-8.547472
2900,1,1,0.999902,9.230547,0.6862471699714661,0.99984884,8.797411,0.99988425,9.063654
2901,1,1,0.99983525,8.710934,0.809555172920227,0.9999118,9.335822,0.00035006195,-7.9570503
2902,0,0,7.433282e-05,-9.506884,0.6034337878227234,2.2681565e-05,-10.693935,0.00017207205,-8.667425
2903,1,1,0.99990535,9.265207,0.7598878741264343,0.99997056,10.433411,0.5378053,0.1515106
2904,0,1,0.90425557,2.2454295,1.0,0.58860666,0.35820845,0.21293621,-1.3073168
2905,0,1,0.999848,8.791532,1.0,0.9999597,10.117953,0.010030433,-4.5920506
2906,1,0,6.6718305e-05,-9.6149645,1.0,1.1435227e-05,-11.3788,0.9221643,2.4721234
2907,0,0,7.436395e-05,-9.506465,0.7218093276023865,8.246145e-05,-9.403097,0.00015637194,-8.763117
2908,1,1,0.999835,8.709487,0.5986132621765137,0.99993455,9.63402,0.00019603044,-8.537045
2909,0,0,7.428102e-05,-9.507581,0.8049522042274475,2.0981617e-05,-10.771843,0.0002876609,-8.15344
2910,1,0,5.8696904e-05,-9.743065,1.0,0.021637741,-3.811441,0.8289198,1.5779912
2911,1,1,0.99982774,8.666348,0.5898820161819458,0.9925323,4.8896775,0.00028185826,-8.173824
2912,1,0,5.721612e-05,-9.768618,1.0,7.827018e-06,-11.757921,0.6662665,0.6913471
2913,1,1,0.999902,9.230547,0.5078490972518921,0.99994063,9.732244,0.9998926,9.138958
2914,1,1,0.999902,9.230547,0.6700344085693359,0.99996114,10.1569605,0.99985254,8.821986
2915,0,1,0.99991083,9.324893,1.0,0.999992,11.733383,0.09397062,-2.2660897
2916,0,1,0.9999335,9.61796,1.0,0.9997298,8.21621,0.77620745,1.2437001
2917,0,1,0.9999099,9.314254,1.0,0.9999132,9.351427,0.98504156,4.187411
2918,1,1,0.999835,8.709487,0.6028560996055603,0.9999411,9.739878,0.00021955486,-8.423689
2919,0,1,0.9999182,9.411426,1.0,0.9999901,11.5207405,0.96547437,3.3309186
2920,0,0,0.000110224755,-9.112879,0.5015127062797546,8.688786e-05,-9.350805,0.9998746,8.983991
2921,0,1,0.9999281,9.540396,1.0,0.99982506,8.650959,0.16214922,-1.642323
2922,0,1,0.9999249,9.496591,1.0,0.99997675,10.667666,0.94442546,2.832851
2923,0,1,0.9998499,8.804162,1.0,0.9993292,7.306284,0.012046183,-4.406888
2924,1,1,0.9998349,8.708765,0.6895326972007751,0.9997353,8.236503,0.00025002795,-8.293688
2925,0,0,7.431404e-05,-9.507136,0.5888444185256958,1.6126965e-05,-11.035002,0.00020876959,-8.474071
2926,1,0,9.515796e-05,-9.259877,1.0,0.0004797022,-7.6418653,0.9805298,3.9192057
2927,1,0,0.0001551215,-8.771147,1.0,0.0867108,-2.354474,0.9418016,2.7839372
2928,1,1,0.999902,9.230547,0.6639172434806824,0.99997926,10.784503,0.99981874,8.614976
2929,0,0,7.431475e-05,-9.507127,0.7327588200569153,1.0014361e-05,-11.51148,0.00020146754,-8.509681
2930,0,0,7.437005e-05,-9.506383,0.7249767780303955,0.00018906298,-8.573241,0.0002396302,-8.336174
2931,0,1,0.9998635,8.899089,1.0,0.9396217,2.7448473,0.10492448,-2.1436672
2932,1,0,4.842607e-05,-9.935424,1.0,1.1300128e-05,-11.390685,0.18321906,-1.4946884
2933,0,0,7.443759e-05,-9.505475,0.73673415184021,0.00035351628,-7.9472275,0.0002372538,-8.346143
2934,1,1,0.999835,8.709487,0.6811239123344421,0.9999659,10.28772,0.00017942204,-8.62559
2935,1,1,0.9999021,9.231764,0.6626278162002563,0.99998415,11.0522785,0.9996891,8.075606
2936,1,1,0.99983466,8.707321,0.5616825222969055,0.9996439,7.9401016,0.0001331469,-8.923924
2937,1,1,0.999835,8.709487,0.8492603898048401,0.99992394,9.48399,0.00022906838,-8.381261
2938,0,1,0.9999249,9.496591,1.0,0.9954722,5.392985,0.15336943,-1.7084148
2939,1,1,0.9997826,8.433655,0.6228975653648376,0.9597721,3.1721368,0.00011992907,-9.02849
2940,1,1,0.999907,9.282998,0.7263840436935425,0.9999906,11.57284,0.5697205,0.28071105
2941,1,1,0.999902,9.230547,0.7687802910804749,0.9999565,10.043165,0.9998801,9.028509
2942,1,1,0.9999013,9.223273,0.819271445274353,0.99867225,6.6229506,0.99986434,8.905171
2943,1,1,0.999835,8.709487,0.5813153982162476,0.9998963,9.173531,0.00018952957,-8.570776
2944,1,1,0.99983513,8.71021,0.7630465030670166,0.9999416,9.747673,0.0002635663,-8.240942
2945,0,1,0.99984527,8.77365,1.0,0.99997044,10.427052,0.007799706,-4.845839
2946,0,0,7.43285e-05,-9.506942,0.6576571464538574,0.00020873158,-8.474253,0.00035139068,-7.9532604
2947,0,1,0.9998963,9.173788,1.0,0.99991214,9.340338,0.06482377,-2.6690626
2948,1,1,0.99983513,8.71021,0.5792353749275208,0.99997795,10.723278,0.0002465716,-8.307611
2949,0,0,7.428074e-05,-9.507585,0.655232310295105,4.703404e-05,-9.964592,0.00031211402,-8.07183
2950,0,0,7.433289e-05,-9.506883,0.597838282585144,7.359197e-06,-11.819552,0.00015806653,-8.7523365
2951,0,0,7.429987e-05,-9.507327,0.7349935173988342,6.8097256e-06,-11.897152,0.00023224953,-8.367466
2952,0,1,0.9998642,8.904344,1.0,0.9981287,6.279236,0.025834523,-3.6298695
2953,1,1,0.999902,9.230547,0.8033251762390137,0.9998969,9.179711,0.99988186,9.043898
2954,1,1,0.99983525,8.710934,0.7860717177391052,0.999871,8.955442,0.0003789376,-7.87776
2955,0,0,0.00012503933,-8.986757,0.8071538805961609,0.06927588,-2.597866,0.0002408924,-8.330919
2956,1,1,0.999902,9.230547,0.567662239074707,0.9999639,10.229843,0.99988985,9.114014
2957,0,1,0.9998486,8.795462,1.0,0.9997577,8.324917,0.010635127,-4.532901
2958,1,0,6.98033e-05,-9.569759,1.0,0.004711366,-5.353055,0.5657068,0.26435602
2959,0,0,0.000110220026,-9.112922,0.7541976571083069,4.2970263e-05,-10.054959,0.9999,9.210479
2960,1,1,0.9999021,9.231764,0.7547849416732788,0.99998677,11.2371025,0.9998124,8.5811405
2961,0,1,0.9999318,9.593178,1.0,0.9996681,8.01023,0.21300095,-1.3069303
2962,0,1,0.999895,9.161222,1.0,0.99996626,10.297174,0.06254145,-2.707343
2963,1,1,0.9999058,9.270258,0.7886765003204346,0.99929285,7.253567,0.55769455,0.23181057
2964,1,1,0.999835,8.709487,0.6163036227226257,0.9999287,9.548232,0.00016709848,-8.69676
2965,1,1,0.999835,8.709487,0.5905001759529114,0.99996126,10.158929,0.00018772313,-8.580355
2966,1,0,6.857991e-05,-9.587442,1.0,3.3987944e-05,-10.289471,0.9277529,2.5526729
2967,0,1,0.9998938,9.149935,1.0,0.99997246,10.50117,0.060629632,-2.740426
2968,1,1,0.999835,8.709487,0.7720745801925659,0.9999567,10.048322,0.00017242042,-8.665402
2969,0,0,7.432963e-05,-9.506927,0.7522820830345154,1.0151267e-05,-11.497902,0.00016807963,-8.690905
2970,0,1,0.9999349,9.639701,1.0,0.9999845,11.0773115,0.88727874,2.063241
2971,1,1,0.99983513,8.71021,0.6060457825660706,0.9999753,10.609516,0.00023211712,-8.368036
2972,0,0,7.431567e-05,-9.507114,0.6776820421218872,9.87173e-06,-11.5258255,0.00019927126,-8.520644
2973,1,0,0.00012132546,-9.016912,1.0,0.09811901,-2.2183013,0.099708855,-2.2004638
2974,1,1,0.99983525,8.710934,0.8377925753593445,0.99997616,10.646384,0.00036321316,-7.9201574
2975,1,0,6.5879845e-05,-9.627612,1.0,0.00037799738,-7.880245,0.5881132,0.356171
2976,0,0,7.42733e-05,-9.507685,0.6609910130500793,1.0048523e-05,-11.508075,0.0002951802,-8.127629
2977,0,0,7.431425e-05,-9.5071335,0.6407049894332886,3.3096323e-05,-10.316055,0.00022363162,-8.405287
2978,1,1,0.99983525,8.710934,0.6710202097892761,0.9999553,10.0160055,0.00033209508,-8.009757
2979,0,1,0.99992406,9.485539,1.0,0.9998896,9.110975,0.947181,2.886618
2980,1,1,0.999902,9.230547,0.7103238701820374,0.99997103,10.450475,0.99985623,8.847162
2981,0,0,7.431142e-05,-9.507172,0.7403854727745056,1.3015207e-05,-11.249379,0.00021172156,-8.460027
2982,0,0,7.431921e-05,-9.507067,0.6543856859207153,1.8567534e-05,-10.894077,0.00019905459,-8.521732
2983,1,0,6.438539e-05,-9.650559,1.0,0.0006194973,-7.3859825,0.9136485,2.3590202
2984,0,0,7.435231e-05,-9.506621,0.7042952179908752,0.00010454258,-9.165812,0.00020277282,-8.5032215
2985,0,1,0.99989045,9.11899,1.0,0.9999076,9.289879,0.055647172,-2.8314686
2986,0,1,0.9999316,9.589687,1.0,0.99997866,10.753977,0.9132128,2.3535092
2987,1,1,0.99983513,8.71021,0.6712135672569275,0.999982,10.926334,0.00021549998,-8.442334
2988,1,1,0.999902,9.230547,0.7369284629821777,0.999979,10.773235,0.9998572,8.853603
2989,1,1,0.9999019,9.229331,0.7173077464103699,0.99971825,8.1742735,0.9998331,8.698275
2990,0,0,7.4320415e-05,-9.5070505,0.6436817646026611,1.4137548e-05,-11.166662,0.00019231587,-8.556179
2991,1,1,0.999902,9.230547,0.5877008438110352,0.9998945,9.156267,0.99989057,9.120676
2992,0,1,0.9999007,9.217252,1.0,0.99999154,11.677068,0.07253816,-2.548339
2993,1,1,0.999835,8.709487,0.5234036445617676,0.9999583,10.085381,0.00015839256,-8.750276
2994,0,0,0.00011021772,-9.112943,0.6640247106552124,6.550529e-05,-9.633314,0.9998816,9.041698
2995,1,1,0.99983513,8.71021,0.762209951877594,0.99996364,10.220455,0.0002550937,-8.273624
2996,0,0,7.43285e-05,-9.506942,0.6735243797302246,2.0748415e-05,-10.78302,0.00018027348,-8.620855
2997,1,1,0.9999051,9.2626915,0.8079246878623962,0.99998176,10.9136095,0.52025586,0.08106798
2998,1,1,0.9999019,9.229331,0.6202486157417297,0.99971694,8.169673,0.9997944,8.489265
2999,0,0,7.441097e-05,-9.505833,0.6856366991996765,0.00024939465,-8.296225,0.00020221522,-8.505976
3000,0,1,0.9999354,9.647055,1.0,0.99747914,5.9806323,0.86522686,1.8593988
3001,1,0,6.929131e-05,-9.577122,1.0,1.7640788e-05,-10.945279,0.40828368,-0.37106514
3002,0,0,7.4321266e-05,-9.507039,0.6553966403007507,5.5713854e-06,-12.097861,0.00018281108,-8.606874
3003,0,1,0.9999273,9.528853,1.0,0.9999901,11.519206,0.9350023,2.666198
3004,1,0,0.00011631596,-9.059084,1.0,0.018734863,-3.9584565,0.9919477,4.8137164
3005,0,1,0.99989367,9.148812,1.0,0.99997246,10.502094,0.060623292,-2.7405374
3006,0,0,7.1436996e-05,-9.546623,0.8779046535491943,1.9442918e-05,-10.848008,0.5135646,0.054271728
3007,1,1,0.99983513,8.71021,0.6619978547096252,0.9999639,10.229467,0.00025736936,-8.264741
3008,0,0,0.00011015919,-9.113474,0.850567102432251,6.7740625e-06,-11.902403,0.9998573,8.855223
3009,0,0,0.00011094424,-9.106372,0.823928952217102,0.0012626426,-6.673285,0.99984884,8.79689
3010,1,1,0.9998354,8.711658,0.564517080783844,0.99998105,10.874447,0.00041192072,-7.7942677
3011,1,1,0.999902,9.230547,0.7301170229911804,0.99996495,10.258055,0.99985933,8.869195
3012,1,1,0.999902,9.230547,0.575883686542511,0.99995875,10.096976,0.99989045,9.118597
3013,1,0,7.1964365e-05,-9.539268,1.0,1.3737038e-05,-11.195401,0.49703312,-0.0118676275
3014,1,1,0.99983525,8.710934,0.822167158126831,0.9999901,11.518903,0.00029905498,-8.114584
3015,1,1,0.9999045,9.256429,0.7435784935951233,0.9986926,6.638403,0.5291199,0.11661154
3016,0,1,0.99986875,8.93828,1.0,0.9998982,9.192743,0.028987091,-3.5114892
3017,1,0,6.903429e-05,-9.580838,1.0,0.0011288191,-6.785454,0.92777985,2.5530753
3018,0,0,7.5000265e-05,-9.497944,0.656558096408844,0.0016608333,-6.3987737,0.00017408658,-8.655784
3019,0,0,7.4307165e-05,-9.507229,0.7834500670433044,9.671402e-06,-11.546328,0.00021826035,-8.429604
3020,0,0,7.431184e-05,-9.507166,0.8078781366348267,9.132469e-06,-11.603665,0.00020717608,-8.481734
3021,1,0,9.150883e-05,-9.298984,1.0,1.0758742e-05,-11.439781,0.97546685,3.682889
3022,1,1,0.99983513,8.71021,0.7942662835121155,0.99998546,11.136075,0.00027528097,-8.197443
3023,0,0,7.4350755e-05,-9.506642,0.6461142897605896,3.9099097e-05,-10.149372,0.00014658732,-8.827743
3024,1,1,0.9998336,8.700852,0.6647069454193115,0.9984273,6.4533463,0.00022126126,-8.415945
3025,1,1,0.999835,8.709487,0.678467869758606,0.9999758,10.628072,0.00018062445,-8.61891
3026,1,0,0.000107135835,-9.141306,1.0,6.6140135e-05,-9.623669,0.99635977,5.6120663
3027,1,1,0.99989486,9.160088,0.6222765445709229,0.9878853,4.401142,0.99987936,9.022282
3028,0,0,7.439835e-05,-9.506002,0.6957196593284607,0.00017527599,-8.648973,0.00016324913,-8.72007
3029,0,0,7.426771e-05,-9.50776,0.6378465890884399,4.855667e-06,-12.235359,0.00030319474,-8.100832
3030,1,1,0.999902,9.230547,0.5418660640716553,0.9999789,10.7664175,0.9998319,8.691018
3031,1,1,0.9999019,9.229331,0.6446400284767151,0.99976856,8.370742,0.99988115,9.037713
3032,1,1,0.999835,8.709487,0.6554597616195679,0.9999722,10.4897175,0.00016269358,-8.723479
3033,0,0,7.445548e-05,-9.505235,0.8736099600791931,0.00035169872,-7.952384,0.00019492109,-8.542721
3034,1,1,0.99983525,8.710934,0.8881734013557434,0.9999795,10.796364,0.0003068021,-8.089001
3035,1,1,0.9999052,9.263948,0.6461398601531982,0.9999809,10.86499,0.5172503,0.069028586
3036,1,1,0.999835,8.709487,0.8309670686721802,0.99994075,9.734142,0.00021653826,-8.437527
3037,1,1,0.999835,8.709487,0.717030942440033,0.9998704,8.950874,0.00023149364,-8.370727
3038,0,0,7.4337215e-05,-9.5068245,0.6857984662055969,3.6828216e-05,-10.209209,0.00017515638,-8.649656
3039,0,1,0.99987066,8.952921,1.0,0.9880114,4.4117336,0.041364547,-3.1430867
3040,0,0,7.432687e-05,-9.506964,0.6847183704376221,3.850866e-05,-10.164589,0.00020005218,-8.516732
3041,0,0,7.428704e-05,-9.5075,0.7238643765449524,4.7151294e-05,-9.962102,0.0002978511,-8.118619
3042,1,1,0.9999006,9.216052,0.6629979610443115,0.997431,5.961657,0.99988043,9.032047
3043,1,1,0.9998902,9.116816,0.7490647435188293,0.9811014,3.9495854,0.9997973,8.50341
3044,1,1,0.99983513,8.71021,0.8053005337715149,0.99997866,10.756462,0.00028383167,-8.166845
3045,0,0,7.4289805e-05,-9.5074625,0.7412636876106262,2.1164047e-05,-10.7631855,0.0002679944,-8.224277
3046,0,0,8.2621154e-05,-9.401162,0.7250450849533081,0.021289617,-3.8280163,0.48050585,-0.07801601
3047,1,1,0.9999021,9.231764,0.8005759119987488,0.9999802,10.83141,0.99977416,8.395411
3048,0,0,7.439111e-05,-9.5061,0.6161926984786987,0.00021340112,-8.452124,0.00021414018,-8.448666
3049,1,1,0.9999052,9.263948,0.6099549531936646,0.999972,10.480806,0.5293609,0.11757873
3050,0,0,0.0002827858,-8.170538,0.6440860033035278,0.10633992,-2.1286848,0.99985707,8.853174
3051,0,1,0.99990666,9.27916,1.0,0.99995124,9.928125,0.5650755,0.26178694
3052,1,1,0.999902,9.230547,0.6873127222061157,0.9999621,10.179934,0.9998797,9.025774
3053,0,0,7.433899e-05,-9.506801,0.6706664562225342,1.6876404e-05,-10.989577,0.00015294076,-8.785307
3054,1,1,0.99983513,8.71021,0.753573477268219,0.99996376,10.224258,0.00028641167,-8.157794
3055,0,1,0.9998118,8.577967,1.0,0.9284764,2.5635176,0.061538693,-2.7245755
3056,0,1,0.99992573,9.507765,1.0,0.999739,8.2506,0.94109863,2.7711833
3057,1,1,0.9998354,8.711658,0.6529234051704407,0.99998593,11.168089,0.00041472152,-7.7874885
3058,1,1,0.99983525,8.710934,0.7602503299713135,0.9998826,9.049401,0.00036926754,-7.90362
3059,0,0,7.438295e-05,-9.506209,0.5828843116760254,0.00017024048,-8.678128,0.00019315035,-8.551848
3060,1,1,0.9999057,9.268993,0.6811992526054382,0.9999925,11.793018,0.49353138,-0.025875837
3061,1,1,0.9998349,8.708765,0.5748606324195862,0.9998067,8.550778,0.00016665118,-8.699441
3062,1,1,0.99983513,8.71021,0.5845004916191101,0.9999732,10.524311,0.00022617524,-8.393974
3063,1,1,0.99989426,9.154434,0.7588152885437012,0.98226744,4.014462,0.53805965,0.1525335
3064,0,1,0.99990535,9.265207,1.0,0.99997497,10.595114,0.5057807,0.0231238
3065,0,0,7.432899e-05,-9.506935,0.6756055355072021,3.0036683e-05,-10.413061,0.00018752295,-8.581422
3066,1,1,0.999835,8.709487,0.7727659940719604,0.9998627,8.892879,0.0002458451,-8.310563
3067,0,0,7.5086e-05,-9.496801,0.6213825345039368,0.001995364,-6.2149315,0.0002927802,-8.135796
3068,1,1,0.999902,9.230547,0.7732503414154053,0.9999845,11.076104,0.9998615,8.884709
3069,0,0,7.433268e-05,-9.506886,0.4749472439289093,9.09972e-06,-11.607258,0.00016007607,-8.739701
3070,0,0,0.00024473981,-8.31507,0.8589040637016296,0.09397284,-2.2660635,0.99984753,8.788456
3071,0,1,0.999907,9.282998,1.0,0.9999243,9.488046,0.57122844,0.28686494
3072,0,0,7.030044e-05,-9.562662,0.7271224856376648,4.2309868e-05,-10.070448,0.5351298,0.14075123
3073,0,0,7.42231e-05,-9.508361,0.7735520005226135,0.00015249981,-8.788195,0.00053881545,-7.5255985
3074,0,1,0.9985135,6.5098567,0.7611656785011292,0.7763763,1.2446727,0.99986625,8.919672
3075,1,1,0.99983513,8.71021,0.7905354499816895,0.9999862,11.186027,0.0002800534,-8.18025
3076,1,1,0.999902,9.230547,0.9265108704566956,0.9999391,9.705907,0.99981993,8.622154
3077,0,1,0.9999285,9.545384,1.0,0.99990773,9.290709,0.2922211,-0.884621
3078,1,1,0.9999021,9.231764,0.7611888647079468,0.99999285,11.842438,0.99979717,8.502983
3079,0,1,0.9998863,9.081608,1.0,0.9999651,10.262674,0.049714174,-2.9504728
3080,1,1,0.999902,9.230547,0.5363518595695496,0.99998486,11.097357,0.9999107,9.323077
3081,1,0,7.693269e-05,-9.472503,1.0,0.001956045,-6.234873,0.9468361,2.8797474
3082,1,1,0.999835,8.709487,0.7239236831665039,0.99995804,10.079962,0.00019573087,-8.538574
3083,0,1,0.99992347,9.47772,1.0,0.99993086,9.580134,0.337102,-0.67623556
3084,0,0,0.00011018672,-9.113224,0.748610258102417,1.1846539e-05,-11.343463,0.9998845,9.066538
3085,0,0,7.426339e-05,-9.507818,0.7577893733978271,6.50629e-05,-9.640091,0.00036793895,-7.9072256
3086,0,0,7.431071e-05,-9.507181,0.6724727749824524,1.8146668e-05,-10.917006,0.00021809852,-8.430346
3087,1,1,0.9999021,9.231764,0.5606803894042969,0.99998295,10.981134,0.9997552,8.314791
3088,1,1,0.99975806,8.326598,0.7727580666542053,0.9469156,2.8813276,0.00029462826,-8.129501
3089,1,1,0.999902,9.230547,0.6974447965621948,0.9999895,11.468781,0.9999145,9.367182
3090,1,1,0.999902,9.230547,0.639495849609375,0.99996984,10.407026,0.99986804,8.9327755
3091,1,1,0.999835,8.709487,0.4946683943271637,0.9999895,11.463306,0.00015763064,-8.755098
3092,0,0,7.4327574e-05,-9.506954,0.5338531732559204,6.5731783e-06,-11.932507,0.00016945388,-8.68276
3093,1,1,0.999902,9.230547,0.5624030828475952,0.9998847,9.068296,0.99988604,9.079254
3094,0,0,7.638268e-05,-9.479678,0.6138880848884583,0.004857371,-5.3223886,0.00011813044,-9.043603
3095,1,1,0.99983156,8.688746,0.6397345662117004,0.99632746,5.6031885,0.0001968069,-8.533091
3096,1,0,5.3459717e-05,-9.836529,1.0,1.1628804e-05,-11.362014,0.076283254,-2.493952
3097,0,0,7.4283154e-05,-9.507552,0.8717013001441956,1.0503857e-05,-11.4637575,0.00027339565,-8.204317
3098,1,1,0.9999052,9.263948,0.8504283428192139,0.9999901,11.523392,0.5134168,0.0536803
3099,0,1,0.9999261,9.512591,1.0,0.99902225,6.9292645,0.150834,-1.7280748
3100,1,1,0.999835,8.709487,0.741341233253479,0.9998684,8.935267,0.00023568235,-8.35279
3101,0,0,0.000110202694,-9.113079,0.7221639156341553,6.7607005e-05,-9.601731,0.9998634,8.898339
3102,1,1,0.9999068,9.280437,0.7422831654548645,0.9999771,10.684402,0.5665011,0.2675897
3103,0,1,0.99991715,9.398391,1.0,0.99996114,10.1547,0.65445226,0.6386677
3104,1,0,0.0023208626,-6.063493,0.6860495805740356,0.27129775,-0.9880482,0.11330556,-2.0574121
3105,1,1,0.99983513,8.71021,0.628238320350647,0.99998856,11.374688,0.00021949896,-8.4239435
3106,0,1,0.88050354,1.9972072,1.0,0.5749185,0.30194724,0.96629614,3.3558571
3107,1,0,7.001904e-05,-9.566673,1.0,2.2188955e-05,-10.715894,0.41814858,-0.33037838
3108,0,1,0.9999175,9.402717,1.0,0.99996066,10.144257,0.9674242,3.391069
3109,0,1,0.6667352,0.6934555,1.0,0.52956784,0.118409485,0.81822413,1.5043616
3110,1,0,7.509817e-05,-9.496639,1.0,0.007172021,-4.93037,0.49610242,-0.0155906975
3111,1,1,0.999835,8.709487,0.5233341455459595,0.9999583,10.0833435,0.00017395252,-8.656554
3112,1,1,0.999902,9.230547,0.7431318163871765,0.99997437,10.574024,0.9998342,8.704742
3113,1,1,0.9999052,9.263948,0.7379434108734131,0.9999757,10.626621,0.5327409,0.1311512
3114,1,1,0.9994209,7.453424,0.7103092074394226,0.8318644,1.5988984,0.99989355,9.148014
3115,1,1,0.99983525,8.710934,0.8741448521614075,0.999979,10.771484,0.00031626198,-8.058623
3116,1,1,0.999835,8.709487,0.5843478441238403,0.9999299,9.56514,0.0001976918,-8.528604
3117,0,0,7.431907e-05,-9.507069,0.8658418655395508,1.7063368e-05,-10.9785595,0.00019805442,-8.526771
3118,0,1,0.88523805,2.0429966,1.0,0.58084244,0.32623258,0.36517775,-0.5529607
3119,1,1,0.999902,9.230547,0.7443482875823975,0.9999019,9.22961,0.99988735,9.091044
3120,1,1,0.9999032,9.242788,0.9438220858573914,0.9963297,5.6038055,0.52732325,0.10940215
3121,0,1,0.99993,9.56729,1.0,0.9998265,8.659251,0.17957269,-1.5192453
3122,0,0,7.427954e-05,-9.507601,0.711819589138031,2.251412e-05,-10.701345,0.00029251236,-8.136711
3123,0,1,0.9998348,8.708043,1.0,0.9814123,3.9664927,0.014097738,-4.247543
3124,1,1,0.999907,9.282998,0.5824319124221802,0.9998498,8.803415,0.4707955,-0.1169512
3125,1,1,0.999835,8.709487,0.7001950144767761,0.99998474,11.089412,0.00019112727,-8.56238
3126,0,1,0.9999149,9.371417,1.0,0.99998355,11.016728,0.9740121,3.6237903
3127,0,0,7.42767e-05,-9.507639,0.7641072869300842,2.5917681e-05,-10.560559,0.00030209598,-8.104464
3128,0,0,7.431893e-05,-9.507071,0.5837368369102478,1.5577287e-05,-11.069681,0.00019710664,-8.531569
3129,1,1,0.999835,8.709487,0.697752833366394,0.99995255,9.956238,0.00018797281,-8.579025
3130,1,1,0.99983525,8.710934,0.9023823738098145,0.99991345,9.354387,0.00038017076,-7.87451
3131,1,0,5.664316e-05,-9.778683,1.0,0.0020227877,-6.201254,0.6784112,0.7464798
3132,0,1,0.99985516,8.839741,1.0,0.9995158,7.6323915,0.016303021,-4.0999675
3133,0,0,7.4301286e-05,-9.507308,0.8712509870529175,5.8309834e-05,-9.749681,0.00027593735,-8.195061
3134,0,1,0.9999076,9.28943,1.0,0.999982,10.926069,0.46446842,-0.14236635
3135,1,0,6.7818866e-05,-9.598602,1.0,0.012644639,-4.3577967,0.9080517,2.2900748
3136,0,0,0.00011017694,-9.113313,0.65764319896698,2.7963622e-05,-10.484578,0.99986243,8.891794
3137,0,0,7.431687e-05,-9.507098,0.8823743462562561,6.952489e-05,-9.573756,0.00025084981,-8.290405
3138,0,1,0.99991333,9.353372,1.0,0.9994843,7.569533,0.62995595,0.5320277
3139,1,0,8.3840074e-05,-9.386516,1.0,7.9825484e-05,-9.435588,0.96253854,3.2462618
3140,1,1,0.999902,9.230547,0.7488886117935181,0.9999864,11.207218,0.99989605,9.171663
3141,1,0,5.1260242e-05,-9.878544,1.0,0.0033374524,-5.6992044,0.8170905,1.4967582
3142,1,0,5.1927353e-05,-9.865613,1.0,0.006790128,-4.985472,0.77425086,1.2324715
3143,1,1,0.9999062,9.274063,0.7837768197059631,0.9999926,11.814266,0.55756605,0.23128976
3144,0,1,0.999918,9.408514,1.0,0.9999558,10.025706,0.96620965,3.3532045
3145,1,1,0.99983513,8.71021,0.7208166718482971,0.99996984,10.407055,0.00023058146,-8.374676
3146,1,0,6.396935e-05,-9.6570425,1.0,4.3727534e-05,-10.037489,0.604946,0.42611688
3147,1,1,0.999902,9.230547,0.5382043123245239,0.99997854,10.747656,0.99988735,9.090757
3148,0,0,7.216682e-05,-9.536458,0.7197403311729431,7.99736e-06,-11.736391,0.4764152,-0.09440918
3149,0,0,7.4265656e-05,-9.507788,0.7708042860031128,6.6128396e-06,-11.926491,0.0003095374,-8.080122
3150,0,1,0.99985313,8.825844,1.0,0.99978036,8.423286,0.014419649,-4.224639
3151,0,1,0.9999125,9.343788,1.0,0.9773162,3.7631602,0.9466268,2.8755956
3152,0,0,0.00011020805,-9.11303,0.657549262046814,3.8646765e-05,-10.161009,0.9998896,9.111216
3153,1,1,0.9999051,9.2626915,0.7512856125831604,0.99742836,5.9606566,0.48000678,-0.080015436
3154,1,1,0.9999052,9.263948,0.630537748336792,0.99958557,7.788183,0.54085684,0.16379261
3155,0,1,0.9999299,9.565588,1.0,0.9999877,11.311905,0.27601182,-0.96433127
3156,1,0,7.526859e-05,-9.494372,1.0,1.3546863e-05,-11.209342,0.94504,2.8446217
3157,0,1,0.9999237,9.480841,1.0,0.9999287,9.548793,0.13681178,-1.8420266
3158,1,1,0.9998349,8.708765,0.5875847339630127,0.9998872,9.090108,0.00012851747,-8.959317
3159,1,0,5.2490494e-05,-9.854826,1.0,0.0005419899,-7.519721,0.84790087,1.7182311
3160,1,1,0.999902,9.230547,0.8328500390052795,0.99998975,11.487691,0.9998456,8.776073
3161,0,0,7.434735e-05,-9.506688,0.5486412048339844,6.693444e-06,-11.914375,0.00012495207,-8.987455
3162,0,0,7.435884e-05,-9.506534,0.8367289304733276,0.00021967712,-8.423132,0.00029284245,-8.135583
3163,0,1,0.9999052,9.263948,1.0,0.9999677,10.340024,0.5280386,0.1122721
3164,1,0,5.1747364e-05,-9.869085,1.0,2.2064205e-05,-10.721532,0.8414663,1.6691786
3165,1,1,0.999902,9.230547,0.6528385281562805,0.9998907,9.121441,0.9998778,9.010054
3166,0,1,0.9999267,9.52069,1.0,0.99993455,9.634245,0.7182399,0.9357477
3167,0,1,0.99987996,9.0275345,1.0,0.9999802,10.829062,0.041486993,-3.1400032
3168,1,1,0.999902,9.230547,0.721258282661438,0.9999714,10.463787,0.99987197,8.962975
3169,0,0,7.433041e-05,-9.506916,0.6872154474258423,7.080747e-05,-9.555475,0.00022147276,-8.414989
3170,1,1,0.999902,9.230547,0.5804039239883423,0.9999802,10.828464,0.99989283,9.141344
3171,1,1,0.9999052,9.263948,0.7456300258636475,0.9999678,10.345549,0.51307523,0.052312955
3172,0,0,7.213448e-05,-9.536906,0.8151599168777466,6.4872997e-06,-11.945658,0.4710382,-0.1159769
3173,0,0,7.431851e-05,-9.507076,0.7564641237258911,8.544845e-05,-9.367512,0.00026165092,-8.248238
3174,1,1,0.999902,9.230547,0.6362422108650208,0.9999393,9.710323,0.9998572,8.853976
3175,1,1,0.999902,9.230547,0.6188229918479919,0.99997807,10.727615,0.99985445,8.834888
3176,0,0,7.4402815e-05,-9.505942,0.5794515609741211,0.00013809821,-8.887407,0.000119171564,-9.034827
3177,1,1,0.9999056,9.26773,0.6562713980674744,0.9999006,9.216315,0.49817663,-0.0072934628
3178,1,1,0.9999019,9.229331,0.727316677570343,0.99972576,8.201187,0.9997873,8.455317
3179,0,0,0.00011011918,-9.113837,0.657848060131073,1.5322717e-05,-11.086159,0.9998066,8.550191
3180,0,1,0.9999193,9.424633,1.0,0.9999838,11.027962,0.96266824,3.2498636
3181,0,0,7.4348485e-05,-9.506673,0.6427562236785889,3.674199e-05,-10.211554,0.00014949561,-8.808094
3182,0,0,7.432233e-05,-9.507025,0.8018307685852051,7.089046e-06,-11.856953,0.00018171864,-8.612869
3183,0,0,7.431666e-05,-9.507101,0.6997776031494141,9.077427e-06,-11.609711,0.00019628144,-8.535765
3184,0,0,7.4310425e-05,-9.507185,0.7014574408531189,8.288463e-06,-11.700638,0.00020965908,-8.469818
3185,0,0,7.433019e-05,-9.506919,0.5416150093078613,8.215527e-06,-11.709476,0.00016493203,-8.709812
3186,1,1,0.999835,8.709487,0.6316278576850891,0.99998105,10.875849,0.00014936338,-8.808979
3187,1,0,0.000101629645,-9.194074,1.0,0.0011131983,-6.799404,0.98884165,4.4843483
3188,1,1,0.999902,9.230547,0.8063750863075256,0.99996626,10.297288,0.9998368,8.720545
3189,1,1,0.99983466,8.707321,0.6159005761146545,0.99944276,7.492011,0.00026504474,-8.235347
3190,1,1,0.99983513,8.71021,0.6803951263427734,0.9999877,11.309828,0.00023208706,-8.368166
3191,1,1,0.99990463,9.257678,0.6120980978012085,0.9989299,6.8389893,0.5267735,0.1071966
3192,1,1,0.999835,8.709487,0.5532069802284241,0.99998164,10.904617,0.00018048518,-8.619681
3193,1,1,0.99990535,9.265207,0.5750381946563721,0.9999801,10.822973,0.50434905,0.017396599
3194,1,1,0.99990726,9.285566,0.5982890129089355,0.99997866,10.754135,0.57278943,0.2932412
3195,1,1,0.999835,8.709487,0.6400388479232788,0.9999312,9.584463,0.00017319186,-8.660937
3196,1,1,0.999902,9.230547,0.690703809261322,0.99993503,9.642329,0.9999126,9.345848
3197,0,0,7.430872e-05,-9.507208,0.5742361545562744,4.6747315e-05,-9.970707,0.0002485574,-8.299588
3198,1,1,0.999835,8.709487,0.5824443697929382,0.9999821,10.931364,0.00016598907,-8.703423
3199,1,1,0.999902,9.230547,0.7750406265258789,0.99997556,10.617643,0.9998424,8.755453
3200,1,0,0.00010401309,-9.17089,1.0,2.4805751e-05,-10.60441,0.992645,4.9050016
3201,0,1,0.9999348,9.637871,1.0,0.99979,8.468428,0.88782233,2.0686882
3202,1,1,0.99983513,8.71021,0.8064758777618408,0.9999361,9.658188,0.00028772536,-8.153216
3203,1,1,0.99983454,8.7066,0.5212525129318237,0.9994568,7.517613,0.00021169796,-8.460138
3204,0,0,7.4340336e-05,-9.506783,0.6236868500709534,4.4814857e-05,-10.012926,0.00017535806,-8.648505
3205,0,0,7.432899e-05,-9.506935,0.7021617293357849,8.975986e-06,-11.620949,0.0001684048,-8.6889715
3206,0,0,7.4293355e-05,-9.507415,0.5893666744232178,2.0104122e-05,-10.814566,0.0002589347,-8.258676
3207,1,1,0.999902,9.230547,0.6413652300834656,0.99996305,10.205552,0.9998568,8.851849
3208,0,0,0.00011019764,-9.113125,0.5162419080734253,7.864518e-06,-11.753141,0.9998994,9.204262
3209,1,1,0.999835,8.709487,0.7195635437965393,0.9999256,9.5063715,0.00020279197,-8.503127
3210,0,0,0.00011023895,-9.11275,0.7647892236709595,0.00012160693,-9.014595,0.9998661,8.918737
3211,1,1,0.999902,9.230547,0.5038467049598694,0.99993396,9.624948,0.99982613,8.656561
3212,0,1,0.9999223,9.462263,1.0,0.99997544,10.613979,0.9536763,3.024669
3213,0,0,7.433452e-05,-9.506861,0.559758186340332,0.00012453907,-8.990767,0.00026104818,-8.250545
3214,0,0,7.430001e-05,-9.507325,0.621563196182251,9.858898e-06,-11.527126,0.00023453866,-8.357656
3215,1,1,0.9999021,9.231764,0.40551280975341797,0.9999852,11.125148,0.9996203,7.8759108
3216,0,0,0.000110150264,-9.113555,0.6650162935256958,9.3166755e-06,-11.583695,0.9998455,8.775244
3217,1,1,0.999835,8.709487,0.8252229690551758,0.9999411,9.739231,0.00023129465,-8.371587
3218,1,1,0.99983513,8.71021,0.8383638262748718,0.9999788,10.758456,0.00025546073,-8.272186
3219,0,1,0.97181374,3.5403295,1.0,0.6485271,0.612571,0.069326736,-2.5970776
3220,0,1,0.9999136,9.356127,1.0,0.99997723,10.690844,0.97702265,3.7500014
3221,1,1,0.99983513,8.71021,0.6691851019859314,0.99996054,10.141514,0.00024393169,-8.318378
3222,1,0,5.043968e-05,-9.894682,1.0,9.14665e-06,-11.602114,0.7533631,1.11663
3223,1,0,9.133178e-05,-9.3009205,1.0,0.00016825055,-8.689888,0.97506464,3.6662197
3224,0,1,0.9999149,9.371417,1.0,0.9988939,6.8058305,0.642882,0.587895
3225,1,1,0.999835,8.709487,0.5750311613082886,0.9999852,11.126032,0.00014473851,-8.840437
3226,1,1,0.999835,8.709487,0.46846750378608704,0.9999919,11.722496,0.00014766546,-8.820414
3227,0,0,8.595867e-05,-9.361558,0.8746972680091858,0.02384402,-3.7120888,0.00031610735,-8.059113
3228,0,0,7.41844e-05,-9.5088825,0.7897828817367554,8.871253e-06,-11.632686,0.0004956151,-7.6092153
3229,1,1,0.99983513,8.71021,0.6950502991676331,0.99998474,11.086599,0.00025820377,-8.261503
3230,1,1,0.99990535,9.265207,0.798908531665802,0.9995571,7.7216454,0.49745432,-0.010182634
3231,1,1,0.9991903,7.118001,0.8624923229217529,0.8131293,1.4704735,0.5244628,0.0979296
3232,0,1,0.999902,9.230547,1.0,0.9729907,3.5841923,0.6620685,0.6725258
3233,0,0,7.42665e-05,-9.507776,0.7333886027336121,8.987472e-06,-11.61967,0.0003097337,-8.079488
3234,1,1,0.999835,8.709487,0.6219064593315125,0.9999833,11.003159,0.00019121039,-8.561945
3235,0,1,0.99991703,9.396953,1.0,0.99994135,9.743906,0.65387505,0.6361164
3236,1,1,0.999835,8.709487,0.6742568612098694,0.9999758,10.629932,0.00018054731,-8.619337
3237,0,0,7.4275216e-05,-9.507659,0.8123831748962402,1.7281338e-05,-10.965866,0.00029746912,-8.119903
3238,0,0,7.438742e-05,-9.506149,0.7162519693374634,0.00016467526,-8.71137,0.00017803213,-8.6333685
3239,0,1,0.9999269,9.523947,1.0,0.99929464,7.2561946,0.30558464,-0.8208436
3240,1,1,0.99983513,8.71021,0.6439749002456665,0.9999862,11.185152,0.00023267286,-8.365644
3241,0,0,0.000110213405,-9.112982,0.7192913889884949,6.537793e-06,-11.937904,0.999918,9.408619
3242,0,0,7.431532e-05,-9.507119,0.5652422308921814,5.906892e-06,-12.039385,0.00019652864,-8.534506
3243,0,0,7.427323e-05,-9.507686,0.7781298160552979,1.0688331e-05,-11.446347,0.0002958987,-8.125197
3244,1,1,0.999835,8.709487,0.6478390097618103,0.9999614,10.16133,0.00021997708,-8.421767
3245,0,0,0.00011013503,-9.113693,0.7687242031097412,4.8277875e-06,-12.2411175,0.99983156,8.689018
3246,1,0,0.004299702,-5.4449005,0.6118946075439453,0.2708862,-0.9901309,0.9998822,9.046883
3247,0,1,0.99993205,9.596681,1.0,0.99998295,10.980877,0.22768807,-1.2214118
3248,0,0,7.42316e-05,-9.508246,0.6647553443908691,1.2679374e-05,-11.275521,0.00039202723,-7.843787
3249,1,1,0.999902,9.230547,0.7058576941490173,0.99991083,9.325645,0.9998301,8.680274
3250,1,1,0.999835,8.709487,0.7313920259475708,0.9999678,10.342903,0.00018497053,-8.595129
3251,1,1,0.999902,9.230547,0.7394589781761169,0.9999478,9.860195,0.9998449,8.77183
3252,0,1,0.99989796,9.190013,1.0,0.99983823,8.729061,0.067840934,-2.6203377
3253,0,1,0.99991477,9.370017,1.0,0.97431177,3.6356993,0.9320828,2.619132
3254,0,0,7.427549e-05,-9.507655,0.7811388373374939,7.12798e-05,-9.548826,0.00034613776,-7.9683275
3255,0,1,0.99993205,9.596681,1.0,0.9999695,10.399071,0.22794606,-1.2199454
3256,1,1,0.9999019,9.229331,0.6831848621368408,0.9996424,7.9356537,0.9998716,8.960842
3257,1,1,0.999835,8.709487,0.6237055063247681,0.99995875,10.095119,0.00015594847,-8.765829
3258,1,1,0.99983466,8.707321,0.5326040983200073,0.99952555,7.652808,0.00022089473,-8.4176035
3259,0,1,0.9999176,9.404163,1.0,0.98443687,4.1471624,0.9433553,2.8126442
3260,1,1,0.999835,8.709487,0.80194091796875,0.9999869,11.245883,0.00019095678,-8.563272
3261,1,1,0.999902,9.230547,0.7360438704490662,0.9999714,10.462822,0.999887,9.087622
3262,1,1,0.99983513,8.71021,0.7477888464927673,0.99994874,9.878148,0.00024898362,-8.297874
3263,0,1,0.99993134,9.586209,1.0,0.99984455,8.769062,0.9145941,2.3710651
3264,0,1,0.9999074,9.286852,1.0,0.9997249,8.198189,0.5762673,0.30746877
3265,0,0,7.433431e-05,-9.506864,0.7456633448600769,0.00023935345,-8.33733,0.00036617185,-7.9120417
3266,1,0,0.00017483883,-8.651471,1.0,0.12332017,-1.9613578,0.7228211,0.9584986
3267,0,1,0.99991786,9.407062,1.0,0.9999913,11.654841,0.37835398,-0.49654064
3268,0,0,0.0040723165,-5.4994626,0.557803213596344,0.28974155,-0.8966396,0.00016905913,-8.685093
3269,1,1,0.99983513,8.71021,0.7483766078948975,0.99996734,10.327608,0.00023306941,-8.363941
3270,1,1,0.99990475,9.258929,0.6228759288787842,0.9992822,7.2385774,0.5165428,0.06619537
3271,1,1,0.9998846,9.067038,0.7880727648735046,0.9739596,3.6217208,0.99989307,9.142838
3272,1,1,0.9998349,8.708765,0.742770254611969,0.9997881,8.459091,0.00019643047,-8.535006
3273,0,0,0.000110273744,-9.112434,0.6905936002731323,0.000109632914,-9.118263,0.99991333,9.353419
3274,0,0,0.00011031424,-9.112067,0.8632139563560486,0.00027032863,-8.215602,0.9998461,8.779503
3275,0,1,0.9999056,9.26773,1.0,0.9999491,9.884871,0.54475254,0.17949042
3276,1,1,0.99983525,8.710934,0.8271372318267822,0.9999503,9.910049,0.00039287537,-7.841625
3277,1,1,0.99983454,8.7066,0.6951531171798706,0.9994299,7.469057,0.00018068975,-8.618548
3278,0,1,0.9999105,9.32089,1.0,0.9974946,5.986791,0.6160457,0.47279763
3279,0,0,0.00014722357,-8.823411,1.0,0.11011149,-2.0896027,0.07608479,-2.4967718
3280,1,0,7.7952915e-05,-9.459328,1.0,0.0019942692,-6.2154813,0.94903684,2.9243457
3281,0,0,7.4285555e-05,-9.50752,0.5487317442893982,1.3686655e-05,-11.199076,0.00027092127,-8.213411
3282,0,0,0.00011011392,-9.113885,0.795070230960846,5.962522e-05,-9.727372,0.99976987,8.376337
3283,1,1,0.9999018,9.228116,0.8276629447937012,0.99933285,7.3118596,0.999813,8.58403
3284,1,1,0.999902,9.230547,0.6208122968673706,0.9999796,10.803299,0.9998449,8.771557
3285,0,1,0.9999306,9.575846,1.0,0.9999579,10.076453,0.1856221,-1.4787116
3286,0,0,0.00085506716,-7.063475,0.7749735116958618,0.20951912,-1.3278265,0.00023131979,-8.371478
3287,1,1,0.999902,9.230547,0.6978740096092224,0.9999907,11.579489,0.99987495,8.986515
3288,1,1,0.99972504,8.198624,0.730111300945282,0.9332239,2.6373012,0.00014696704,-8.825155
3289,0,1,0.95963764,3.168658,1.0,0.6265452,0.517424,0.67108786,0.71310943
3290,1,1,0.9999008,9.218453,0.5647455453872681,0.9977076,6.0758586,0.99985516,8.840047
3291,0,1,0.99984634,8.780609,1.0,0.9969273,5.7821336,0.0108087165,-4.516535
3292,0,0,7.578072e-05,-9.487591,0.7074120044708252,0.003512685,-5.6478558,0.00016759217,-8.6938095
3293,0,0,0.000110139765,-9.11365,0.6060444116592407,1.1066919e-05,-11.411539,0.9998325,8.694775
3294,1,1,0.9998342,8.704441,0.8859953284263611,0.99886394,6.7790637,0.0003037129,-8.099124
3295,0,1,0.9999312,9.584475,1.0,0.9876846,4.3845167,0.8166321,1.4936938
3296,0,0,7.431687e-05,-9.507098,0.6791325807571411,5.962619e-05,-9.727356,0.00024178726,-8.32721
3297,0,0,7.424682e-05,-9.508041,0.8734133839607239,3.671362e-05,-10.212326,0.0003794504,-7.876407
3298,1,1,0.99990153,9.225692,0.7501587271690369,0.99888474,6.797568,0.9997365,8.240978
3299,0,0,7.424965e-05,-9.508003,0.8599370121955872,2.0822588e-05,-10.779451,0.0003585272,-7.9331474
3300,1,1,0.9998354,8.711658,0.7472947239875793,0.99997663,10.664448,0.00039820795,-7.828138
3301,1,1,0.999902,9.230547,0.5593039393424988,0.999984,11.044163,0.9998611,8.88188
3302,0,0,7.4334734e-05,-9.506858,0.7211228609085083,5.445051e-05,-9.818164,0.0001967859,-8.533197
3303,1,1,0.999835,8.709487,0.6483120322227478,0.99998116,10.881554,0.00016042951,-8.737495
3304,0,1,0.99993527,9.645211,1.0,0.9999399,9.720359,0.882491,2.016234
3305,1,1,0.9998354,8.711658,0.7963798642158508,0.99998975,11.48588,0.00040142823,-7.8200803
3306,1,1,0.999902,9.230547,0.8732812404632568,0.9999492,9.887258,0.99981755,8.608895
3307,1,1,0.99983513,8.71021,0.666729211807251,0.9999815,10.8994875,0.000273422,-8.204221
3308,0,0,7.4308584e-05,-9.50721,0.6673465371131897,1.3856122e-05,-11.1867695,0.00021887348,-8.426798
3309,1,1,0.9998311,8.685919,0.8292799592018127,0.9957502,5.456614,0.00027075704,-8.214018
3310,1,0,4.8760874e-05,-9.928534,1.0,3.180246e-05,-10.355935,0.12663332,-1.9310598
3311,0,1,0.9999331,9.612597,1.0,0.9999275,9.531885,0.9022957,2.2229967
3312,0,0,7.434189e-05,-9.506762,0.7638441920280457,5.419753e-06,-12.125455,0.00013610211,-8.901969
3313,0,0,7.4273936e-05,-9.507676,0.518475353717804,1.4151173e-05,-11.165699,0.000297407,-8.120111
3314,0,1,0.99993634,9.661925,1.0,0.9999813,10.888819,0.86509776,1.858292
3315,0,0,8.3236555e-05,-9.393741,0.7915569543838501,0.018900273,-3.9494977,0.00014778167,-8.819627
3316,1,1,0.999902,9.230547,0.6426567435264587,0.99998045,10.841306,0.9998753,8.989505
3317,0,0,7.428974e-05,-9.507463,0.6542823910713196,8.101574e-06,-11.723444,0.0002563249,-8.268808
3318,1,1,0.9999021,9.231764,0.6139350533485413,0.999992,11.735496,0.99979895,8.511529
3319,0,0,7.430972e-05,-9.5071945,0.6600443124771118,9.484486e-06,-11.565844,0.00021231933,-8.457207
3320,1,1,0.99983513,8.71021,0.81149822473526,0.9999857,11.15512,0.0002493775,-8.296293
3321,1,1,0.99990165,9.226904,0.7443370223045349,0.9992329,7.172139,0.99986756,8.929205
3322,1,1,0.999902,9.230547,0.7378585338592529,0.9999925,11.800222,0.99990106,9.220472
3323,1,1,0.999902,9.230547,0.628005862236023,0.999931,9.580296,0.9999008,9.218294
3324,1,1,0.99983466,8.707321,0.7425321936607361,0.9996697,8.014886,0.00016208227,-8.727244
3325,0,0,7.4220414e-05,-9.508397,0.7939968109130859,6.85612e-05,-9.587715,0.0004683381,-7.6658516
3326,0,0,7.433247e-05,-9.506888,0.5529264211654663,8.897832e-06,-11.629694,0.000160413,-8.737598
3327,1,0,5.9445025e-05,-9.730399,1.0,0.011659471,-4.4399085,0.87159604,1.9151452
3328,1,0,8.3851104e-05,-9.386384,1.0,0.009751241,-4.6205616,0.9531887,3.0136893
3329,0,0,7.434657e-05,-9.506699,0.8240232467651367,0.00013186633,-8.93359,0.00024052933,-8.332428
3330,0,0,7.432992e-05,-9.506923,0.589808464050293,1.3314893e-05,-11.226614,0.00017017312,-8.678524
3331,1,0,0.0013695485,-6.5919037,1.0,0.23472023,-1.1818472,0.90561944,2.2612839
3332,0,1,0.9998828,9.051659,1.0,0.99964225,7.9354033,0.045440193,-3.0448532
3333,0,0,7.752953e-05,-9.464774,0.7826794385910034,0.0075949794,-4.872644,0.00027797636,-8.187696
3334,1,1,0.99983525,8.710934,0.8402184844017029,0.999974,10.555775,0.000319922,-8.047113
3335,1,1,0.99979275,8.4814,0.6303988099098206,0.9658039,3.3408499,0.00017254753,-8.664665
3336,0,1,0.99988985,9.113563,1.0,0.9999865,11.212958,0.054730833,-2.8490424
3337,1,1,0.999835,8.709487,0.6612289547920227,0.99998593,11.169298,0.00015834092,-8.750602
3338,1,1,0.999835,8.709487,0.5267415642738342,0.9999888,11.393937,0.00016685136,-8.69824
3339,1,0,6.757697e-05,-9.602176,1.0,0.0014160615,-6.558459,0.01872451,-3.95902
3340,0,0,7.429413e-05,-9.507404,0.7827773690223694,1.0092712e-05,-11.503687,0.00024823978,-8.300867
3341,0,1,0.9999192,9.423157,1.0,0.9998635,8.899544,0.36827978,-0.5396037
3342,1,0,6.671226e-05,-9.615055,1.0,0.0009157617,-6.994838,0.9210212,2.4563046
3343,0,1,0.99988294,9.052677,1.0,0.9981767,6.30529,0.04680863,-3.0137482
3344,1,1,0.999902,9.230547,0.7681834101676941,0.9999635,10.220011,0.9998883,9.099374
3345,0,1,0.99992573,9.507765,1.0,0.9997743,8.396119,0.94120824,2.7731633
3346,0,0,7.434154e-05,-9.506766,0.6004794239997864,8.078784e-06,-11.726261,0.00013928964,-8.878816
3347,1,0,6.949585e-05,-9.574174,1.0,1.1465311e-05,-11.376173,0.93039286,2.592739
3348,0,1,0.99992883,9.550397,1.0,0.99997735,10.6961975,0.9283341,2.5613766
3349,0,1,0.9999236,9.4792795,1.0,0.99276465,4.9215136,0.15387952,-1.7044919
3350,0,1,0.9998442,8.76674,1.0,0.99881625,6.737897,0.007818344,-4.8434334
3351,0,1,0.9998971,9.181868,1.0,0.9998661,8.918623,0.06631666,-2.6446962
3352,0,0,0.00011019617,-9.113138,0.7037640810012817,3.229867e-05,-10.340452,0.9998808,9.034431
3353,0,1,0.9999304,9.572414,1.0,0.99995303,9.9660015,0.9199457,2.4416106
3354,1,0,0.000104042454,-9.170608,1.0,0.012499596,-4.3694806,0.9826581,4.037133
3355,1,1,0.999835,8.709487,0.7009141445159912,0.99998605,11.178198,0.00020821994,-8.476707
3356,0,0,0.036973607,-3.2598765,1.0,0.38442576,-0.47080493,0.6813561,0.7600109
3357,0,1,0.99993587,9.654463,1.0,0.9994702,7.542459,0.87193584,1.9181848
3358,1,1,0.999835,8.709487,0.5950758457183838,0.9999019,9.228846,0.0001930618,-8.552307
3359,1,1,0.99983525,8.710934,0.8735007643699646,0.9999888,11.398868,0.00030921327,-8.08117
3360,1,1,0.999902,9.230547,0.5825772285461426,0.9999937,11.969053,0.99987805,9.012064
3361,1,1,0.999902,9.230547,0.639732837677002,0.9999894,11.458014,0.999895,9.160994
3362,0,0,7.0835566e-05,-9.5550785,0.5281054973602295,4.591611e-06,-12.291275,0.43138877,-0.2761873
3363,1,1,0.99983513,8.71021,0.7267653346061707,0.99997425,10.566964,0.00022154013,-8.414685
3364,0,0,7.107421e-05,-9.551715,0.7804380655288696,6.227827e-06,-11.986477,0.5213636,0.085506484
3365,0,0,0.00011394634,-9.079669,0.7455576062202454,0.005776786,-5.148114,0.99986696,8.924541
3366,1,1,0.999835,8.709487,0.6431624889373779,0.9998493,8.800386,0.00022837229,-8.384305
3367,0,1,0.9999058,9.270258,1.0,0.999987,11.254746,0.5496226,0.19914576
3368,1,1,0.999835,8.709487,0.5333568453788757,0.99997663,10.666714,0.0001570265,-8.758939
3369,0,0,7.4303476e-05,-9.507278,0.7587068676948547,1.8706702e-05,-10.88661,0.00023492092,-8.356027
3370,1,1,0.999902,9.230547,0.6659480929374695,0.9999534,9.972708,0.9998926,9.138543
3371,0,0,7.440949e-05,-9.505853,0.8129574060440063,0.00041329322,-7.79094,0.00035524197,-7.942356
3372,0,0,7.432297e-05,-9.507016,0.6465957164764404,4.828565e-06,-12.240956,0.00017816544,-8.63262
3373,0,0,7.430808e-05,-9.507216,0.6239161491394043,1.0590509e-05,-11.455542,0.00021698944,-8.435445
3374,1,0,5.221426e-05,-9.860103,1.0,0.00030955247,-8.080073,0.72335625,0.96117115
3375,1,1,0.999835,8.709487,0.5698195695877075,0.99995637,10.039,0.0002192762,-8.424959
3376,0,1,0.9999256,9.506161,1.0,0.99997973,10.804949,0.94168687,2.7818465
3377,1,1,0.999902,9.230547,0.6548693180084229,0.9999926,11.822948,0.99986947,8.943851
3378,1,1,0.999835,8.709487,0.5802405476570129,0.99998426,11.060666,0.00019589126,-8.537755
3379,1,1,0.99983394,8.703004,0.7210658192634583,0.9987435,6.6781197,0.00023616351,-8.35075
3380,0,0,7.74744e-05,-9.465486,0.6349374055862427,0.0074655004,-4.8899693,0.0002696205,-8.2182255
3381,0,1,0.99988294,9.052677,1.0,0.99976534,8.356987,0.0454177,-3.045372
3382,1,1,0.999902,9.230547,0.7251719236373901,0.99994934,9.891415,0.999828,8.667578
3383,1,1,0.999902,9.230547,0.6156268119812012,0.9999871,11.261306,0.99983907,8.734863
3384,0,1,0.99986637,8.920275,1.0,0.99993,9.568025,0.02657395,-3.6008904
3385,1,1,0.99983513,8.71021,0.6795622110366821,0.9999852,11.119752,0.0002214301,-8.415182
3386,1,0,0.00010390146,-9.171964,1.0,0.004066494,-5.5008993,0.98946583,4.542542
3387,0,0,7.4313466e-05,-9.507144,0.7060470581054688,6.594325e-06,-11.929295,0.00020144162,-8.5098095
3388,1,1,0.9999052,9.263948,0.7728316187858582,0.99997246,10.499594,0.53406787,0.136483
3389,1,1,0.99971384,8.158667,0.6989941000938416,0.92903686,2.5719874,0.00023569922,-8.352718
3390,0,0,7.430759e-05,-9.507223,0.7537219524383545,1.727814e-05,-10.966051,0.00022448914,-8.401459
3391,0,0,0.000110249464,-9.112655,0.7073709964752197,0.0001509118,-8.798664,0.9998573,8.854967
3392,0,0,0.00011012516,-9.113783,0.8022825717926025,1.7852424e-05,-10.933353,0.9998115,8.57589
3393,0,0,7.431772e-05,-9.507087,0.7756455540657043,5.579408e-05,-9.793787,0.00023647762,-8.349421
3394,1,1,0.999835,8.709487,0.7935087084770203,0.99998593,11.169634,0.0001625607,-8.724297
3395,1,1,0.999835,8.709487,0.7505161762237549,0.99998236,10.944504,0.00019662948,-8.533993
3396,1,1,0.99990547,9.266467,0.6807594299316406,0.9999765,10.657562,0.5394573,0.15815815
3397,1,1,0.99983513,8.71021,0.7659391164779663,0.99992394,9.484539,0.0002716934,-8.210565
3398,0,0,7.433345e-05,-9.506875,0.78597491979599,1.5752308e-05,-11.058508,0.00016444773,-8.712753
3399,1,1,0.9998349,8.708765,0.6939907073974609,0.99989414,9.153952,0.00018513003,-8.594267
3400,0,0,7.426976e-05,-9.507732,0.7717016935348511,9.116919e-06,-11.60537,0.00030246458,-8.103244
3401,0,1,0.99993503,9.641535,1.0,0.99991286,9.347365,0.7936569,1.3471107
3402,1,1,0.9998348,8.708043,0.5620257258415222,0.9997038,8.124395,0.0001511866,-8.7968445
3403,1,1,0.999863,8.895601,0.7088456749916077,0.95172846,2.9814382,0.99987435,8.981629
3404,1,1,0.999902,9.230547,0.4609135687351227,0.99997115,10.451574,0.99986804,8.933314
3405,0,0,7.43297e-05,-9.506926,0.7015438079833984,1.7757167e-05,-10.938704,0.000174882,-8.651224
3406,1,1,0.999835,8.709487,0.7596526741981506,0.99987066,8.953093,0.00021604684,-8.439799
3407,1,1,0.99991274,9.346518,0.5396214127540588,0.99911624,7.0303884,0.41248634,-0.35369635
3408,0,0,7.430398e-05,-9.507272,0.7762381434440613,5.9720187e-06,-12.0284195,0.00022213555,-8.412001
3409,1,1,0.999835,8.709487,0.661198616027832,0.999979,10.7734585,0.00017726615,-8.637681
3410,0,0,7.431539e-05,-9.507118,0.691989541053772,7.535747e-06,-11.795845,0.00019774327,-8.528343
3411,0,0,7.432361e-05,-9.507008,0.7146551012992859,2.1888518e-05,-10.7295265,0.00019220845,-8.556738
3412,1,1,0.999835,8.709487,0.5713372230529785,0.9999887,11.387766,0.0001919806,-8.557924
3413,1,1,0.9997948,8.491229,0.7132360339164734,0.90903807,2.3019457,0.5528943,0.21237183
3414,0,1,0.99988127,9.038519,1.0,0.99992955,9.560593,0.04325197,-3.0964973
3415,0,1,0.99992263,9.466875,1.0,0.9999603,10.135456,0.13189895,-1.884272
3416,0,1,0.9995938,7.8082447,1.0,0.8478455,1.7178022,0.3746097,-0.5124912
3417,1,1,0.99990237,9.234203,0.4387557804584503,0.9999708,10.442907,0.9993774,7.3810377
3418,0,0,7.434509e-05,-9.506719,0.6465721726417542,4.8428155e-06,-12.238009,0.00012817515,-8.961985
3419,0,0,0.0001102829,-9.112351,0.7087588906288147,0.00016444584,-8.712765,0.9998851,9.070914
3420,1,1,0.999835,8.709487,0.677463710308075,0.9999846,11.082724,0.00018445766,-8.597906
3421,1,1,0.99983513,8.71021,0.8891857862472534,0.9999641,10.235456,0.00022677465,-8.391327
3422,1,1,0.999835,8.709487,0.7828143835067749,0.9999304,9.573025,0.00022905113,-8.381336
3423,1,1,0.9998273,8.663929,0.6894516944885254,0.9921312,4.8369536,0.00018338459,-8.603742
3424,1,1,0.99990034,9.213656,0.6207705140113831,0.9967434,5.7237835,0.9998124,8.581156
3425,0,1,0.99986327,8.897344,1.0,0.99997354,10.537731,0.023417225,-3.7305877
3426,1,1,0.999835,8.709487,0.5939686298370361,0.9999839,11.03943,0.00019043982,-8.565984
3427,0,1,0.99992776,9.535433,1.0,0.9928846,4.9383597,0.26227236,-1.0341911
3428,0,1,0.9999317,9.591432,1.0,0.99990773,9.29107,0.7571776,1.1372676
3429,1,1,0.999902,9.230547,0.7978590130805969,0.9999857,11.156305,0.99990857,9.300244
3430,0,0,7.4424606e-05,-9.50565,0.7430589199066162,0.00037163263,-7.897233,0.00028288586,-8.170184
3431,1,1,0.99983513,8.71021,0.6896805167198181,0.9999845,11.07515,0.00024963444,-8.295263
3432,0,0,0.000110213936,-9.112977,0.675746738910675,6.715869e-05,-9.608385,0.99987626,8.99735
3433,0,1,0.9999331,9.612597,1.0,0.99997914,10.779879,0.90274507,2.2281048
3434,0,0,7.436026e-05,-9.506515,0.5312454104423523,1.1061854e-05,-11.411997,9.969123e-05,-9.213333
3435,0,1,0.9998491,8.798616,1.0,0.9998766,8.999808,0.0109071415,-4.5073705
3436,0,1,0.99991095,9.326231,1.0,0.9938812,5.090248,0.9759552,3.703495
3437,0,1,0.99993443,9.632401,1.0,0.9985928,6.5647793,0.8860203,2.0507193
3438,0,0,0.017003823,-4.057167,0.5998991131782532,0.33426562,-0.6889549,0.9998474,8.788088
3439,0,0,7.425956e-05,-9.50787,0.846800684928894,1.6964717e-05,-10.984358,0.0003326068,-8.008217
3440,1,0,7.858298e-05,-9.451277,1.0,1.2146625e-05,-11.318447,0.9523206,2.9944005
3441,0,1,0.9999318,9.593178,1.0,0.9998171,8.605904,0.23685211,-1.1700158
3442,0,0,7.432771e-05,-9.506952,0.7559317946434021,4.1410003e-05,-10.091947,0.00020079692,-8.513016
3443,1,1,0.99983513,8.71021,0.676505446434021,0.99999046,11.554842,0.0002345505,-8.357605
3444,1,1,0.9998349,8.708765,0.6212502717971802,0.99973315,8.228428,0.00023402246,-8.359859
3445,1,1,0.99983513,8.71021,0.755979597568512,0.99996114,10.15637,0.0002339515,-8.360163
3446,1,1,0.999902,9.230547,0.4969559609889984,0.9999403,9.726238,0.99984026,8.741677
3447,0,1,0.999925,9.4981785,1.0,0.99944156,7.489854,0.9432262,2.8102326
3448,1,1,0.999835,8.709487,0.6303225159645081,0.9998516,8.815263,0.0002686741,-8.221743
3449,1,1,0.99990237,9.234203,0.8578823208808899,0.9941764,5.1399937,0.54592085,0.18420258
3450,1,1,0.999902,9.230547,0.6525752544403076,0.99997413,10.564009,0.99984276,8.757779
3451,1,1,0.99990726,9.285566,0.7209061980247498,0.9999846,11.081242,0.46929407,-0.12297857
3452,0,0,7.423875e-05,-9.50815,0.6079382300376892,1.5851645e-05,-11.052221,0.00037858178,-7.8787
3453,1,1,0.999902,9.230547,0.7959088087081909,0.99998033,10.836923,0.999876,8.99535
3454,1,1,0.99983513,8.71021,0.704679548740387,0.9999809,10.865679,0.00026190697,-8.247259
3455,1,1,0.9999,9.210074,0.5069507956504822,0.9961993,5.5687723,0.9998522,8.819908
3456,1,1,0.99983513,8.71021,0.6479601263999939,0.9999908,11.602562,0.00021942049,-8.424301
3457,0,1,0.9999082,9.295903,1.0,0.99978906,8.463377,0.455628,-0.17795612
3458,1,0,7.763643e-05,-9.463396,1.0,0.001102452,-6.8091154,0.94924134,2.9285798
3459,1,1,0.999835,8.709487,0.7325628399848938,0.9999902,11.53252,0.00015708043,-8.758595
3460,0,0,7.432113e-05,-9.507041,0.5823599696159363,5.868184e-06,-12.045959,0.00018321243,-8.604681
3461,0,1,0.9999058,9.270258,1.0,0.9998128,8.582876,0.48879603,-0.044823408
3462,0,1,0.97668684,3.735148,0.6797686219215393,0.6680591,0.6994198,0.00026628308,-8.230684
3463,0,1,0.9999,9.210074,1.0,0.99998343,11.006945,0.07113502,-2.5693836
3464,1,1,0.999835,8.709487,0.45437484979629517,0.999967,10.318557,0.0001575528,-8.755592
3465,0,0,0.00011015626,-9.113501,0.6866633892059326,1.2009808e-05,-11.329775,0.9998504,8.807881
3466,1,1,0.99983466,8.707321,0.7246365547180176,0.99944323,7.492794,0.00029040576,-8.143941
3467,0,1,0.9999355,9.648901,1.0,0.9999492,9.887102,0.8792994,1.9858124
3468,1,1,0.999902,9.230547,0.5863298773765564,0.99990714,9.284298,0.9998572,8.853687
3469,1,1,0.9998354,8.711658,0.7423988580703735,0.9999478,9.860897,0.00040769688,-7.804579
3470,0,1,0.99987495,8.986668,1.0,0.99995506,10.010167,0.03565436,-3.2975783
3471,0,0,0.00028476003,-8.163579,1.0,0.15733837,-1.6781669,0.82286286,1.5358657
3472,1,1,0.999835,8.709487,0.6982700824737549,0.99997425,10.568554,0.00015298963,-8.784987
3473,0,0,0.00010928086,-9.12148,0.7108714580535889,0.058310285,-2.7818973,0.5308274,0.12346634
3474,0,0,7.432509e-05,-9.506988,0.7449288964271545,8.429372e-06,-11.68378,0.0001768119,-8.640247
3475,1,1,0.999902,9.230547,0.5783388614654541,0.99996984,10.410812,0.99989164,9.13037
3476,1,1,0.999902,9.230547,0.7531102299690247,0.99993825,9.69258,0.9998481,8.792259
3477,0,0,7.439317e-05,-9.506072,0.6083053350448608,0.00014481721,-8.839893,0.00014706055,-8.824519
3478,1,1,0.999902,9.230547,0.7445674538612366,0.99998116,10.881832,0.99981254,8.581757
3479,0,1,0.9999075,9.28814,1.0,0.99992573,9.508473,0.08616831,-2.3613439
3480,1,1,0.9999063,9.275334,0.6556938886642456,0.9996136,7.858161,0.5628006,0.25253597
3481,0,1,0.99992836,9.543718,1.0,0.99998486,11.101606,0.9303449,2.5919983
3482,1,0,9.560354e-05,-9.255205,1.0,0.03144364,-3.42761,0.94936186,2.9310856
3483,0,0,7.431659e-05,-9.507102,0.6873953342437744,3.983093e-05,-10.130827,0.00022450068,-8.401407
3484,0,1,0.99989355,9.147692,1.0,0.96701837,3.3782668,0.106336854,-2.128717
3485,1,1,0.999902,9.230547,0.6377974152565002,0.9999567,10.047808,0.9998958,9.168883
3486,1,0,9.681176e-05,-9.242645,1.0,0.00017676232,-8.640528,0.98310965,4.063977
3487,0,1,0.9999368,9.669445,1.0,0.9999832,10.993498,0.8452325,1.6976876
3488,0,0,0.00011020017,-9.113102,0.6956474781036377,1.5494878e-05,-11.0749855,0.999897,9.1812525
3489,1,1,0.9998348,8.708043,0.5968188047409058,0.9997954,8.493769,0.00014869889,-8.813438
3490,0,1,0.99993634,9.661925,1.0,0.99947196,7.5458508,0.8599319,1.814724
3491,1,1,0.9999052,9.263948,0.9099056720733643,0.9991972,7.126606,0.54718643,0.1893091
3492,1,1,0.999902,9.230547,0.868769109249115,0.9997476,8.284094,0.9997973,8.503347
3493,0,0,7.4326796e-05,-9.506965,0.8483319282531738,1.0825454e-05,-11.433599,0.0001750405,-8.650318
3494,0,1,0.99991035,9.319559,1.0,0.999977,10.677927,0.43625858,-0.25636047
3495,0,0,8.4322746e-05,-9.3807745,0.6616504788398743,0.020905081,-3.8466363,0.00019964307,-8.51878
3496,0,1,0.9984475,6.4663205,1.0,0.79769367,1.3719416,0.016372733,-4.0956297
3497,0,1,0.99981374,8.588157,1.0,0.88878536,2.0783937,0.79971707,1.3845267
3498,0,1,0.99990857,9.299807,1.0,0.99611616,5.5470304,0.6076332,0.43737417
3499,0,1,0.9998822,9.046585,1.0,0.9998741,8.980131,0.04444931,-3.0679383
3500,0,0,7.432119e-05,-9.50704,0.5121679306030273,2.5757914e-05,-10.566743,0.00020120761,-8.510972
3501,1,1,0.999902,9.230547,0.6373280882835388,0.99998546,11.14094,0.99988663,9.085119
3502,1,1,0.9999063,9.275334,0.6141833662986755,0.99998915,11.426435,0.55855304,0.23529184
3503,0,0,7.432559e-05,-9.506981,0.7195243835449219,3.1056185e-05,-10.379682,0.00019607886,-8.536798
3504,0,1,0.999931,9.581014,1.0,0.99954563,7.696318,0.9158072,2.386696
3505,1,1,0.9999021,9.231764,0.6235953569412231,0.99997675,10.671463,0.99977785,8.412098
3506,0,1,0.9998516,8.815346,1.0,0.9998952,9.16338,0.013012857,-4.328719
3507,0,1,0.999908,9.293308,1.0,0.9999722,10.491104,0.58130753,0.3281432
3508,1,1,0.99990606,9.272793,0.6796464920043945,0.99998546,11.134306,0.5561987,0.22574867
3509,0,0,7.4389405e-05,-9.506123,0.5565014481544495,0.00011335927,-9.084835,0.00012695148,-8.971579
3510,1,1,0.999902,9.230547,0.8165900111198425,0.999959,10.101391,0.99989545,9.165314
3511,0,1,0.99986124,8.882628,1.0,0.99648666,5.647678,0.024168545,-3.698238
3512,1,1,0.999902,9.230547,0.6272385120391846,0.9999839,11.036453,0.99991083,9.32468
3513,1,1,0.99983513,8.71021,0.5130767822265625,0.999984,11.0424595,0.00025070252,-8.290993
3514,1,1,0.99990094,9.219656,0.6458318829536438,0.9979664,6.1959276,0.9998374,8.723976
3515,1,1,0.9998987,9.197047,1.0,0.9561884,3.083055,0.94137543,2.7761886
3516,0,1,0.99990726,9.285566,1.0,0.99990296,9.240826,0.4686724,-0.12547487
3517,0,0,7.4381605e-05,-9.5062275,0.5900028944015503,0.00017287608,-8.662763,0.00019872424,-8.523394
3518,0,1,0.99984765,8.789181,1.0,0.9996158,7.8640647,0.009918796,-4.6033554
3519,0,1,0.9999114,9.3316,1.0,0.9991842,7.1105504,0.98114026,3.9516883
3520,0,0,0.00011019575,-9.113142,0.857658863067627,5.6744255e-05,-9.776899,0.99986327,8.897407
3521,1,0,0.00011651434,-9.05738,1.0,0.02196369,-3.7961562,0.9892441,4.5214863
3522,0,1,0.99504316,5.302017,1.0,0.714166,0.9157042,0.15296948,-1.7114983
3523,0,0,7.42891e-05,-9.507472,0.6134552359580994,1.3580637e-05,-11.206852,0.0002626697,-8.24435
3524,1,1,0.999902,9.230547,0.6708240509033203,0.9999629,10.203402,0.9998753,8.98919
3525,0,0,0.00011018105,-9.113276,0.6259404420852661,9.546466e-06,-11.55933,0.99987984,9.026768
3526,1,1,0.999835,8.709487,0.5801303386688232,0.999979,10.773823,0.00018698211,-8.584311
3527,1,1,0.99975616,8.318744,0.6062871217727661,0.94610244,2.8652654,0.00019963183,-8.518836
3528,0,1,0.9999113,9.3302555,1.0,0.9999479,9.861778,0.4273742,-0.29257235
3529,0,1,0.99983764,8.725513,1.0,0.99433655,5.1680403,0.005953007,-5.117888
3530,1,1,0.999808,8.557893,0.7948319911956787,0.97601455,3.7060313,0.00026187327,-8.247388
3531,1,1,0.99990535,9.265207,0.6628023386001587,0.99998057,10.848138,0.53480864,0.13946012
3532,1,1,0.99983513,8.71021,0.7156079411506653,0.9999815,10.899773,0.00023138883,-8.37118
3533,0,1,0.9999099,9.314254,1.0,0.99989057,9.120218,0.09170474,-2.2929955
3534,1,1,0.9994462,7.498177,0.719453752040863,0.83476377,1.6197729,0.99985313,8.825965
3535,0,0,7.1451715e-05,-9.546417,0.7883574366569519,0.00028146405,-8.175224,0.44148764,-0.23512664
3536,1,1,0.999902,9.230547,0.6668163537979126,0.9999515,9.934532,0.9998611,8.881834
3537,0,0,7.482532e-05,-9.500279,0.633558452129364,0.0012652918,-6.6711864,0.00020087523,-8.512626
3538,1,1,0.999902,9.230547,0.6054531931877136,0.9999882,11.348323,0.9998235,8.641718
3539,0,0,0.00011017611,-9.11332,0.8393326997756958,1.3411902e-05,-11.219355,0.9998715,8.9598875
3540,0,1,0.9999169,9.395516,1.0,0.97449017,3.6428485,0.7431042,1.0621661
3541,1,1,0.9998319,8.690872,0.5773917436599731,0.9966366,5.6914434,0.00021568027,-8.441498
3542,0,0,0.00011063596,-9.109155,0.5917111039161682,0.00074448355,-7.202075,0.99987185,8.961895
3543,0,0,7.428931e-05,-9.507469,0.6800546050071716,1.8038174e-05,-10.923002,0.00026639734,-8.230255
3544,1,0,8.686558e-05,-9.351062,1.0,4.9691407e-05,-9.909629,0.96790624,3.4064713
3545,1,1,0.999835,8.709487,0.5585651397705078,0.99998057,10.850268,0.00018339648,-8.603677
3546,0,0,7.430639e-05,-9.507239,0.6873825192451477,1.0391518e-05,-11.47451,0.00022070523,-8.418462
3547,0,0,7.432297e-05,-9.507016,0.7956116199493408,6.909666e-05,-9.579935,0.00023660931,-8.348864
3548,0,0,7.598225e-05,-9.484935,0.6651015281677246,0.004076074,-5.4985366,0.00025581854,-8.270786
3549,1,1,0.66106486,0.6680432,0.6631013751029968,0.53138894,0.1257211,0.6833717,0.7693106
3550,1,1,0.999902,9.230547,0.6977477669715881,0.9999887,11.3880825,0.99988854,9.101789
3551,1,1,0.999902,9.230547,0.6844968199729919,0.99990153,9.225198,0.99980956,8.565692
3552,1,1,0.999902,9.230547,0.6239864826202393,0.99999094,11.608223,0.99990773,9.290896
3553,1,0,0.00013450348,-8.913786,1.0,0.051880922,-2.905529,0.9760903,3.7092724
3554,0,0,7.4315525e-05,-9.507116,0.8643900156021118,6.377728e-06,-11.962692,0.0001964584,-8.534863
3555,0,0,0.00011925239,-9.034149,0.641048014163971,0.013050755,-4.325773,0.99988663,9.08464
3556,1,1,0.9999052,9.263948,0.8240958452224731,0.99990463,9.257179,0.53325725,0.13322584
3557,1,1,0.99983513,8.71021,0.6480057239532471,0.9999902,11.534151,0.00023454447,-8.357631
3558,1,1,0.999835,8.709487,0.7281062006950378,0.99998486,11.099183,0.00017587196,-8.645578
3559,1,1,0.9998301,8.680288,0.5707413554191589,0.99496365,5.286024,0.00013610873,-8.90192
3560,1,1,0.5693139,0.27905235,1.0,0.51661205,0.066472754,0.7203663,0.9462794
3561,1,1,0.99983513,8.71021,0.7792057394981384,0.99998534,11.129593,0.00022642962,-8.39285
3562,1,1,0.9997881,8.45921,0.7117654085159302,0.9629365,3.2573566,0.00018525205,-8.593608
3563,1,1,0.99983525,8.710934,0.7660264372825623,0.9999802,10.830399,0.0003164475,-8.058037
3564,0,1,0.9999187,9.417274,1.0,0.9964367,5.6335044,0.36024657,-0.57429415
3565,1,1,0.999835,8.709487,0.7375398874282837,0.999933,9.611651,0.0002380875,-8.342634
3566,0,0,0.14687675,-1.7593102,0.7008846402168274,0.44752857,-0.21066141,0.0003555879,-7.9413824
3567,0,0,7.4321906e-05,-9.5070305,0.48065802454948425,6.0988723e-06,-12.0074005,0.00018172697,-8.6128235
3568,0,0,7.45327e-05,-9.504198,0.5341586470603943,0.00046983297,-7.6626635,0.00012882236,-8.956947
3569,0,1,0.9675529,3.395159,0.6673436760902405,0.6323239,0.54219943,0.30420893,-0.8273346
3570,0,0,7.432261e-05,-9.507021,0.7279148697853088,2.429389e-05,-10.625261,0.00019669846,-8.533642
3571,1,1,0.9999018,9.228116,0.6753404140472412,0.99939907,7.4164047,0.9998417,8.750778
3572,1,1,0.9998355,8.712382,0.7150302529335022,0.9999938,11.988665,0.0004987087,-7.6029897
3573,0,1,0.9998667,8.9229555,1.0,0.9998927,9.140448,0.026933616,-3.5870771
3574,0,0,7.43022e-05,-9.507296,0.6494055986404419,9.268227e-06,-11.588909,0.00022918875,-8.380735
3575,1,1,0.99983513,8.71021,0.6998905539512634,0.99998784,11.319451,0.00026426883,-8.238279
3576,0,0,7.430666e-05,-9.507236,0.5537985563278198,2.8627914e-05,-10.4611,0.00023656963,-8.349031
3577,0,0,0.00011114066,-9.104603,0.5756608843803406,0.0015384941,-6.4754114,0.999871,8.955807
3578,0,0,8.518283e-05,-9.3706255,0.7211129665374756,0.02246828,-3.7729263,0.0002626259,-8.244517
3579,1,1,0.99983513,8.71021,0.6752331852912903,0.99996376,10.224751,0.00024768233,-8.303116
3580,0,1,0.99985564,8.8430395,1.0,0.9999335,9.617807,0.016473977,-4.089362
3581,0,1,0.9998926,9.138773,1.0,0.99982697,8.661352,0.05891431,-2.77095
3582,1,1,0.9994832,7.5673914,0.7673249840736389,0.8393085,1.653092,0.9998559,8.844557
3583,0,0,0.00012116799,-9.018211,0.6457513570785522,0.015538505,-4.1487737,0.9998487,8.796354
3584,1,0,7.282745e-05,-9.527345,1.0,1.1587378e-05,-11.365582,0.9391925,2.7373066
3585,1,1,0.999902,9.230547,0.6923560500144958,0.9999856,11.145178,0.9998647,8.907783
3586,0,0,7.431808e-05,-9.507082,0.6547896265983582,1.7811644e-05,-10.93564,0.00020104498,-8.511781
3587,0,0,7.429916e-05,-9.507337,0.662139356136322,1.2876599e-05,-11.260086,0.0002394525,-8.336916
3588,0,0,7.4334595e-05,-9.50686,0.8218860626220703,9.59614e-05,-9.251469,0.00023476554,-8.3566885
3589,1,1,0.9998921,9.134342,0.8357266783714294,0.98375064,4.103316,0.9998254,8.65254
3590,1,1,0.9999058,9.270258,0.6186321377754211,0.9999777,10.710627,0.5492875,0.19779234
3591,0,0,7.422572e-05,-9.508326,0.7330780625343323,2.8175413e-05,-10.477033,0.0004195641,-7.7758746
3592,1,1,0.999902,9.230547,0.627498209476471,0.99996686,10.313843,0.99984705,8.785683
3593,0,0,7.4261545e-05,-9.507843,0.8339162468910217,6.8086542e-06,-11.897309,0.00031898514,-8.050047
3594,1,1,0.99983513,8.71021,0.6539437770843506,0.99997187,10.479908,0.00024338574,-8.32062
3595,0,0,0.000110174624,-9.113334,0.5851746797561646,1.5485955e-05,-11.075562,0.9998684,8.935545
3596,0,1,0.9999014,9.224482,1.0,0.99998283,10.969678,0.07382725,-2.5293329
3597,0,0,0.0014016525,-6.568701,0.6801165342330933,0.2366006,-1.1714079,0.00015268897,-8.786955
3598,0,0,0.00011018462,-9.113243,0.6835638880729675,1.0906968e-05,-11.426098,0.9998827,9.050593
3599,1,1,0.999835,8.709487,0.6886326670646667,0.9999815,10.900133,0.00020322962,-8.500971
3600,0,0,0.00011016948,-9.11338,0.5603004693984985,3.0740048e-05,-10.389914,0.99985206,8.818898
3601,1,1,0.99982196,8.633329,0.7142579555511475,0.98728687,4.352325,0.00021972049,-8.422935
3602,1,1,0.999835,8.709487,0.6663655638694763,0.99996865,10.37058,0.00022102596,-8.417009
3603,0,0,0.3694874,-0.53441656,0.5736680626869202,0.48514605,-0.059433162,0.8122136,1.4644582
3604,0,0,7.434821e-05,-9.506677,0.517329216003418,2.0845713e-05,-10.778341,0.00013576084,-8.90448
3605,1,1,0.99655944,5.668675,0.6694128513336182,0.7597435,1.1512742,0.0001752673,-8.649023
3606,1,0,0.000101249294,-9.197824,1.0,0.00018317261,-8.604898,0.98905015,4.5034237
3607,1,1,0.999902,9.230547,0.6980669498443604,0.99999,11.507757,0.9998833,9.056185
3608,0,0,0.04145944,-3.1406963,1.0,0.3890673,-0.45123455,0.7988221,1.3789485
3609,0,1,0.9696134,3.462895,0.7498049139976501,0.65624404,0.6466007,0.00019922681,-8.520867
3610,1,1,0.999902,9.230547,0.7842753529548645,0.9999833,10.998697,0.9998816,9.041435
3611,1,1,0.99990165,9.226904,0.7272916436195374,0.9991392,7.056765,0.9998429,8.7585125
3612,1,1,0.999902,9.230547,0.7998332381248474,0.9998721,8.963899,0.9998677,8.930493
3613,0,0,7.4627926e-05,-9.502921,0.4852798879146576,0.00073599454,-7.2135515,0.00015810526,-8.752091
3614,1,1,0.99983513,8.71021,0.7109086513519287,0.99998116,10.880728,0.00023708242,-8.346866
3615,1,1,0.99941075,7.436068,0.6961166262626648,0.8673925,1.8780975,0.00015887084,-8.74726
3616,0,0,7.2010975e-05,-9.53862,0.8465877771377563,1.052649e-05,-11.461605,0.4947521,-0.020992324
3617,1,1,0.99990165,9.226904,0.5657104849815369,0.999226,7.163107,0.99991083,9.325447
3618,0,0,7.429051e-05,-9.507453,0.6094827055931091,1.6962615e-05,-10.984482,0.00026255051,-8.244804
3619,1,1,0.999835,8.709487,0.6661462187767029,0.9999746,10.579113,0.00018223502,-8.610031
3620,0,0,7.424144e-05,-9.508114,0.7687348127365112,6.379468e-06,-11.9624195,0.0003641383,-7.9176126
3621,1,0,5.8933256e-05,-9.739046,1.0,6.549005e-05,-9.633547,0.6504251,0.620908
3622,1,1,0.999902,9.230547,0.8041892647743225,0.99994946,9.892029,0.9998247,8.648716
3623,1,1,0.9998349,8.708765,0.7573407888412476,0.9998349,8.708731,0.00019421426,-8.546354
3624,0,0,7.445051e-05,-9.505301,0.7688654065132141,0.00039710104,-7.8309226,0.0002476821,-8.303117
3625,0,0,7.432771e-05,-9.506952,0.6953562498092651,1.0502255e-05,-11.46391,0.000172724,-8.663643
3626,1,1,0.999902,9.230547,0.6334623098373413,0.99996734,10.328277,0.9998574,8.855312
3627,1,1,0.999902,9.230547,0.7710587978363037,0.99994564,9.820108,0.99991155,9.333331
3628,1,0,8.7706176e-05,-9.341431,1.0,0.0004590492,-7.685894,0.9689775,3.441531
3629,1,1,0.999835,8.709487,0.5440173745155334,0.9999324,9.601467,0.0001833484,-8.603939
3630,1,1,0.99990535,9.265207,0.8899089694023132,0.9999397,9.715834,0.53793555,0.15203452
3631,1,1,0.999835,8.709487,0.7469922304153442,0.9999918,11.704063,0.00019988573,-8.517565
3632,0,1,0.9998642,8.904344,1.0,0.99992394,9.484373,0.02444372,-3.6866345
3633,0,1,0.9999118,9.335647,1.0,0.9999757,10.624094,0.0964727,-2.2370462
3634,0,0,7.486086e-05,-9.4998045,0.6134869456291199,0.0013230161,-6.6265173,0.00017436867,-8.654164
3635,1,1,0.9999021,9.231764,0.6261242628097534,0.9999926,11.814177,0.9997234,8.192624
3636,1,1,0.999835,8.709487,0.5918653607368469,0.9999869,11.244116,0.00013667904,-8.897738
3637,0,0,7.431418e-05,-9.507134,0.7386032342910767,1.5248112e-05,-11.09104,0.00020755036,-8.479929
3638,1,1,0.999835,8.709487,0.6619482636451721,0.9999584,10.088178,0.00016793881,-8.691743
3639,0,1,0.9999281,9.540396,1.0,0.9995895,7.797647,0.16259106,-1.6390743
3640,0,0,7.4376076e-05,-9.506302,0.5635154247283936,0.000115402974,-9.066965,0.00015891554,-8.746979
3641,1,1,0.99983525,8.710934,0.6579172611236572,0.99995756,10.067253,0.00032760834,-8.023364
3642,1,0,7.49844e-05,-9.498156,1.0,3.1146825e-05,-10.376767,0.944364,2.8316808
3643,1,1,0.999835,8.709487,0.6398636102676392,0.9999931,11.884434,0.00014592113,-8.832298
3644,1,1,0.999902,9.230547,0.7488580942153931,0.99998295,10.981492,0.9998416,8.749869
3645,1,1,0.999835,8.709487,0.708336353302002,0.99998724,11.269772,0.00016535656,-8.707241
3646,1,1,0.999835,8.709487,0.6377879977226257,0.9999765,10.658848,0.00020564001,-8.489178
3647,1,1,0.99989843,9.194697,0.7772328853607178,0.9887406,4.4752345,0.5207914,0.08321376
3648,0,1,0.99991894,9.420212,1.0,0.9999857,11.158448,0.66651845,0.69248044
3649,1,1,0.999835,8.709487,0.6858874559402466,0.99997926,10.7837105,0.00020373601,-8.498482
3650,0,0,7.4320626e-05,-9.507048,0.8396069407463074,1.0094203e-05,-11.503539,0.00018825423,-8.577529
3651,1,1,0.99953127,7.665013,0.6962385773658752,0.88496387,2.0403006,0.000246605,-8.307476
3652,1,1,0.99983525,8.710934,0.7195718884468079,0.999977,10.682118,0.0003195723,-8.048207
3653,1,0,0.00017563316,-8.646937,1.0,0.111509904,-2.0754101,0.902471,2.224987
3654,0,0,7.09505e-05,-9.553457,0.6570965647697449,1.7856732e-05,-10.933112,0.4334079,-0.26796022
3655,0,0,7.428286e-05,-9.507556,0.8341902494430542,1.965367e-05,-10.837227,0.00028232706,-8.172162
3656,1,1,0.99983525,8.710934,0.8540589809417725,0.9999449,9.806799,0.00036084861,-7.926691
3657,0,0,7.423584e-05,-9.508189,0.8433588147163391,3.4817484e-05,-10.265356,0.00040259497,-7.817177
3658,0,0,7.551569e-05,-9.491095,0.6394079923629761,0.0028907189,-5.843355,0.00017035479,-8.677457
3659,1,0,6.347478e-05,-9.664804,1.0,8.814795e-05,-9.336406,0.9111082,2.3272417
3660,1,1,0.9999056,9.26773,0.7685298323631287,0.9999856,11.1471195,0.5456782,0.18322362
3661,1,1,0.999902,9.230547,0.8104894757270813,0.999967,10.319353,0.999879,9.019563
3662,1,1,0.999902,9.230547,0.8347842693328857,0.9999815,10.895856,0.9998708,8.953569
3663,0,0,0.18787275,-1.4638921,0.6466183066368103,0.45914376,-0.16379005,0.00021352056,-8.451564
3664,1,0,0.00015103359,-8.797857,1.0,0.10118802,-2.1840935,0.6306008,0.5347953
3665,1,1,0.9999018,9.228116,0.7008043527603149,0.99955577,7.718684,0.99985003,8.805208
3666,1,1,0.999835,8.709487,0.6424688100814819,0.9999795,10.794365,0.00016566335,-8.705387
3667,1,1,0.9998348,8.708043,0.8387356996536255,0.999629,7.8988943,0.00020522928,-8.491178
3668,1,1,0.999902,9.230547,0.6158029437065125,0.9998796,9.024334,0.9998983,9.193114
3669,0,0,0.000110191024,-9.113185,0.567842423915863,2.3098248e-05,-10.675731,0.9998814,9.039464
3670,0,1,0.99993193,9.594928,1.0,0.99983895,8.733536,0.91054875,2.3203542
3671,0,0,7.432219e-05,-9.507027,0.5740218162536621,1.9371535e-05,-10.8516865,0.00019324393,-8.551364
3672,1,1,0.999835,8.709487,0.6806902289390564,0.9998703,8.9499855,0.0002823817,-8.171968
3673,1,0,0.32583627,-0.7270779,1.0,0.4698994,-0.1205482,0.98846227,4.450535
3674,1,1,0.99983513,8.71021,0.7699995040893555,0.9999896,11.472542,0.00029243596,-8.136972
3675,1,1,0.9999064,9.2766075,0.6440563201904297,0.99936897,7.367497,0.56682307,0.26890093
3676,0,0,7.429051e-05,-9.507453,0.7220308184623718,2.1196567e-05,-10.76165,0.0002662892,-8.230661
3677,1,1,0.999835,8.709487,0.5885612368583679,0.9999844,11.065632,0.00018074954,-8.618217
3678,1,1,0.99983513,8.71021,0.623740553855896,0.9999914,11.664662,0.00021433932,-8.447736
3679,0,0,7.436437e-05,-9.506459,0.6785762310028076,0.00010623712,-9.149731,0.00017694462,-8.639497
3680,1,1,0.999902,9.230547,0.7192854285240173,0.99998987,11.499081,0.99982893,8.673519
3681,0,0,7.434296e-05,-9.506747,0.6427463889122009,1.807461e-05,-10.920984,0.00014502021,-8.838492
3682,0,0,7.4318574e-05,-9.507075,0.5205495357513428,1.8583034e-05,-10.893243,0.00020060134,-8.51399
3683,1,1,0.999835,8.709487,0.5934550762176514,0.99995446,9.998196,0.00019520639,-8.541258
3684,0,0,7.628085e-05,-9.481012,0.7153076529502869,0.0048349886,-5.3270297,0.00032148496,-8.042238
3685,0,0,7.4253825e-05,-9.507947,0.8749257922172546,1.3790486e-05,-11.191518,0.0003427192,-7.978256
3686,0,1,0.9999249,9.496591,1.0,0.9973449,5.9286213,0.71372944,0.91356665
3687,1,1,0.999902,9.230547,0.5856359004974365,0.9999722,10.491007,0.99984944,8.801482
3688,1,1,0.9999051,9.2626915,0.7921669483184814,0.99949825,7.5968847,0.53884643,0.1556996
3689,1,0,9.896957e-05,-9.220599,1.0,0.00031704627,-8.056146,0.98595226,4.251144
3690,0,1,0.9998529,8.824222,1.0,0.92155707,2.463693,0.1388562,-1.8248225
3691,1,1,0.9999019,9.229331,0.5337253212928772,0.9996841,8.059846,0.9998441,8.766163
3692,0,1,0.99989665,9.177243,1.0,0.98993903,4.5889797,0.07657285,-2.4898493
3693,0,1,0.9999131,9.350624,1.0,0.9836097,4.0945363,0.12805735,-1.9182454
3694,0,0,7.436416e-05,-9.506462,0.6540206074714661,0.00025550605,-8.272009,0.00031341976,-8.067654
3695,0,1,0.999882,9.044562,1.0,0.99840814,6.441243,0.045380767,-3.046224
3696,0,1,0.9999263,9.515823,1.0,0.9993987,7.4158883,0.938069,2.717803
3697,0,0,0.00011018199,-9.113267,0.7813942432403564,5.5570417e-06,-12.100439,0.99988365,9.058468
3698,1,1,0.999902,9.230547,0.7499054670333862,0.99998534,11.131936,0.99988794,9.096583
3699,1,1,0.999835,8.709487,0.5305323004722595,0.9999844,11.067848,0.00018744303,-8.581848
3700,0,0,7.215415e-05,-9.5366335,0.8068907856941223,1.07570995e-05,-11.439934,0.47333813,-0.10674882
3701,1,0,7.1567774e-05,-9.544794,1.0,2.9784846e-05,-10.421481,0.5103794,0.041523427
3702,0,0,7.1941235e-05,-9.539589,0.7216765880584717,0.00023852034,-8.340817,0.4555079,-0.1784403
3703,1,1,0.999902,9.230547,0.6017139554023743,0.99994993,9.901022,0.99990404,9.251122
3704,0,0,7.4407144e-05,-9.505884,0.8035572171211243,0.00028765816,-8.15345,0.00024564474,-8.3113785
3705,1,1,0.999902,9.230547,0.7512220144271851,0.99998736,11.278278,0.9998299,8.67913
3706,1,1,0.9999063,9.275334,0.8102930188179016,0.9999862,11.189404,0.5595694,0.23941469
3707,1,1,0.9999062,9.274063,0.5800241231918335,0.9999776,10.707775,0.48546982,-0.058136895
3708,1,1,0.999902,9.230547,0.6105988025665283,0.99985945,8.86969,0.99988925,9.107967
3709,0,0,7.43122e-05,-9.507161,0.6927334666252136,1.3127447e-05,-11.240792,0.00021017726,-8.467349
3710,0,0,7.433353e-05,-9.506874,0.6072778701782227,1.0329726e-05,-11.480474,0.00015937275,-8.744105
3711,0,1,0.9999299,9.565588,1.0,0.999961,10.152658,0.17695987,-1.537082
3712,0,0,7.4221476e-05,-9.508383,0.8498979210853577,6.168922e-06,-11.99598,0.0004090068,-7.8013697
3713,0,0,7.4575146e-05,-9.503629,0.6890156269073486,0.0006199329,-7.385279,0.00017045163,-8.676888
3714,1,0,6.845107e-05,-9.589323,1.0,2.7917738e-05,-10.48622,0.92738485,2.5471952
3715,1,1,0.99990535,9.265207,0.956993579864502,0.99996483,10.256613,0.50466055,0.018642705
3716,1,1,0.9999008,9.218453,0.7740371227264404,0.9976127,6.0352154,0.9997793,8.418613
3717,1,1,0.9998354,8.711658,0.8058709502220154,0.9999856,11.148356,0.00039275273,-7.8419375
3718,0,0,7.434083e-05,-9.506776,0.7150487899780273,0.00012881965,-8.956968,0.0002507121,-8.290955
3719,0,0,7.42665e-05,-9.507776,0.7622765302658081,2.5443052e-05,-10.579042,0.00032470134,-8.03228
3720,1,0,0.4570013,-0.17242062,0.6376294493675232,0.49983263,-0.0006695464,0.5646705,0.260139
3721,1,1,0.999902,9.230547,0.7010921835899353,0.99998736,11.278521,0.9998919,9.132133
3722,1,0,9.1794886e-05,-9.295862,1.0,7.6622775e-05,-9.47654,0.97585344,3.6991706
3723,1,1,0.999835,8.709487,0.628279447555542,0.9999778,10.715394,0.00019150268,-8.560417
3724,1,1,0.999902,9.230547,0.6162561774253845,0.9999844,11.068734,0.9998735,8.975697
3725,1,0,6.271773e-05,-9.676804,1.0,0.020158317,-3.883774,0.8695202,1.8967228
3726,1,1,0.9998349,8.708765,0.8095489740371704,0.9998498,8.803706,0.00021205631,-8.4584465
3727,1,1,0.99983525,8.710934,0.7988987565040588,0.99998915,11.435312,0.00036097577,-7.9263387
3728,0,0,7.436813e-05,-9.506409,0.4995575249195099,0.00013346391,-8.921546,0.00019336338,-8.550746
3729,0,0,0.00011015698,-9.113494,0.6767410635948181,1.5364449e-05,-11.083439,0.99984884,8.797302
3730,1,1,0.999902,9.230547,0.7241269946098328,0.9999827,10.962444,0.9998739,8.978157
3731,1,1,0.99983335,8.699421,0.7133573293685913,0.9979976,6.2114096,0.00030456044,-8.096336
3732,1,1,0.999902,9.230547,0.7080705165863037,0.9999913,11.647571,0.9998355,8.712555
3733,1,1,0.99988675,9.08581,0.8541530966758728,0.97660613,3.7316072,0.9998696,8.945096
3734,0,0,0.000110194174,-9.113156,0.7329162359237671,2.3283956e-05,-10.667723,0.99988484,9.06896
3735,1,1,0.999835,8.709487,0.6178766489028931,0.9999857,11.151531,0.00016525411,-8.707861
3736,0,1,0.9998572,8.853833,1.0,0.9985536,6.537242,0.01888085,-3.9505458
3737,1,1,0.999902,9.230547,0.6047549843788147,0.9998872,9.090236,0.9998981,9.191273
3738,0,0,7.429037e-05,-9.507455,0.6410238146781921,2.0758309e-05,-10.782543,0.0002662879,-8.230666
3739,0,1,0.9998029,8.531539,1.0,0.9446652,2.837428,0.02960867,-3.4896321
3740,1,1,0.9999018,9.228116,0.6369869709014893,0.99945945,7.522268,0.9998591,8.867029
3741,0,0,0.00011017935,-9.113291,0.7698009014129639,6.0553657e-06,-12.01456,0.9998802,9.029963
3742,1,1,0.999835,8.709487,0.7459087371826172,0.99978393,8.439756,0.00030303118,-8.101372
3743,0,0,0.00023006975,-8.376898,0.691935658454895,0.12352687,-1.9594474,0.0002809217,-8.177154
3744,0,1,0.9999168,9.394083,1.0,0.97246075,3.564217,0.1914648,-1.4405203
3745,0,1,0.94396466,2.8241062,1.0,0.6251424,0.51143336,0.026408043,-3.6073236
3746,0,1,0.9999367,9.66756,1.0,0.999925,9.498993,0.82885283,1.5775188
3747,0,0,7.4330055e-05,-9.506921,0.6362831592559814,8.044264e-06,-11.730543,0.00016502452,-8.709251
3748,0,0,7.4276635e-05,-9.50764,0.6955519318580627,1.9856796e-05,-10.826944,0.00029662604,-8.122742
3749,0,0,0.00011020868,-9.113025,0.672823965549469,6.226994e-05,-9.6839695,0.99987376,8.977543
3750,1,1,0.999835,8.709487,0.7304798364639282,0.9999778,10.71487,0.00021476217,-8.445765
3751,1,0,9.10958e-05,-9.303508,1.0,0.00033237383,-8.008918,0.9745634,3.6457994
3752,0,0,7.430178e-05,-9.507301,0.7685891389846802,5.588535e-05,-9.792152,0.0002725758,-8.207321
3753,1,0,0.038500115,-3.2178333,1.0,0.3743666,-0.51352894,0.9672847,3.3866496
3754,1,1,0.999902,9.230547,0.5699884295463562,0.9999871,11.2645235,0.9998865,9.084319
3755,0,0,7.427203e-05,-9.507702,0.9188776016235352,6.7895835e-06,-11.900114,0.00029515292,-8.127722
3756,0,0,7.215953e-05,-9.536559,0.7186408042907715,2.9764738e-05,-10.422156,0.47296065,-0.108263135
3757,1,1,0.99983513,8.71021,0.49297675490379333,0.9999883,11.361187,0.00024798597,-8.30189
3758,1,1,0.9998344,8.70588,0.5485839247703552,0.9993228,7.2968493,0.0001979721,-8.527186
3759,0,1,0.9999094,9.308976,1.0,0.999632,7.906995,0.597643,0.3956539
3760,1,0,9.974105e-05,-9.212833,1.0,1.762246e-05,-10.946319,0.98720634,4.3459253
3761,0,1,0.9924541,4.879178,0.8018658757209778,0.6941786,0.819728,0.17877674,-1.5246572
3762,0,0,7.466829e-05,-9.50238,0.6251329183578491,0.00090312667,-7.0087442,0.00022046147,-8.419567
3763,1,1,0.99990547,9.266467,0.8661476969718933,0.99998605,11.17633,0.50014955,0.0005982369
3764,1,0,9.36519e-05,-9.275832,1.0,4.8137927e-06,-12.24402,0.9787087,3.8279352
3765,1,0,0.037180886,-3.2540708,1.0,0.37957612,-0.49134773,0.9024049,2.2242365
3766,1,1,0.9998349,8.708765,0.6248384714126587,0.9998536,8.82956,0.00018752295,-8.581422
3767,1,1,0.999835,8.709487,0.5939099192619324,0.9999813,10.888088,0.00018894134,-8.573885
3768,0,0,7.455409e-05,-9.503911,0.5484554767608643,0.0006790548,-7.2941294,0.00027213254,-8.208949
3769,0,1,0.99986637,8.920275,1.0,0.999948,9.865244,0.026519954,-3.60298
3770,0,0,0.01237951,-4.379256,0.6824507713317871,0.3401991,-0.6624071,0.00012818177,-8.961933
3771,1,1,0.9998354,8.711658,0.8467093706130981,0.99998343,11.010003,0.00039135118,-7.845514
3772,0,0,7.426218e-05,-9.507834,0.4140840172767639,5.5534296e-05,-9.798454,0.000361824,-7.9239907
3773,0,1,0.9999074,9.286852,1.0,0.99991465,9.368911,0.08592975,-2.3643773
3774,1,1,0.999835,8.709487,0.6740028858184814,0.9999461,9.82843,0.00021133776,-8.461842
3775,1,1,0.9998349,8.708765,0.7050268054008484,0.99980396,8.536792,0.00024688,-8.306361
3776,0,0,7.4351956e-05,-9.506626,0.5925006866455078,3.0693824e-05,-10.391418,0.0001362816,-8.900651
3777,1,1,0.99983263,8.695137,0.7507098913192749,0.9974132,5.9547377,0.0002386352,-8.340336
3778,1,1,0.999902,9.230547,0.7008002996444702,0.9999161,9.386139,0.9998925,9.137659
3779,0,0,7.4301424e-05,-9.507306,0.40618202090263367,3.4638648e-05,-10.270506,0.00025390135,-8.278311
3780,0,0,7.4268915e-05,-9.507744,0.8955584764480591,4.3414693e-05,-10.044669,0.0003356071,-7.9992337
3781,0,0,7.553053e-05,-9.490898,0.7990540266036987,0.0031585386,-5.7544823,0.00038984016,-7.849384
3782,1,1,0.9999018,9.228116,0.4767041802406311,0.9996176,7.868571,0.9999124,9.343037
3783,1,1,0.9998103,8.569763,1.0,0.91078,2.3231966,0.9860648,4.2593
3784,0,0,7.434168e-05,-9.506764,0.6737766861915588,7.4150903e-06,-11.811986,0.00013828863,-8.886029
3785,1,0,0.00027531612,-8.197315,1.0,0.1255799,-1.9406188,0.9584149,3.137539
3786,0,0,7.4302916e-05,-9.507286,0.7166363596916199,2.8468541e-05,-10.466682,0.00024506365,-8.313747
3787,0,1,0.9999114,9.3316,1.0,0.9999199,9.431814,0.42681402,-0.2948619
3788,1,1,0.9998258,8.654992,0.593141496181488,0.9907329,4.671982,0.0001592857,-8.744652
3789,0,1,0.99992657,9.519065,1.0,0.9999826,10.955959,0.31170478,-0.7921612
3790,0,0,0.00025053334,-8.291668,0.5573186278343201,0.09602188,-2.242229,0.9998598,8.872314
3791,0,1,0.99993026,9.5707035,1.0,0.99774253,6.0912256,0.2553615,-1.0702187
3792,1,1,0.99983406,8.703722,0.6196327209472656,0.998858,6.7737722,0.00021163157,-8.460452
3793,1,0,0.00010010963,-9.209145,1.0,0.002519434,-5.9811983,0.98577476,4.2384067
3794,1,1,0.9990846,6.995225,1.0,0.79415506,1.3501554,0.94916743,2.927049
3795,0,0,7.643537e-05,-9.478989,0.6115033030509949,0.005009757,-5.2913456,0.00014859217,-8.814157
3796,1,1,0.999902,9.230547,0.6885390877723694,0.9999654,10.27126,0.9998878,9.09513
3797,0,0,0.000110209,-9.113022,0.568194568157196,7.035114e-05,-9.561941,0.99986863,8.937503
3798,0,1,0.99993026,9.5707035,1.0,0.9989184,6.828187,0.2644285,-1.0230769
3799,0,1,0.99992025,9.436522,1.0,0.9973469,5.9293833,0.956138,3.0818536
3800,1,1,0.99983513,8.71021,0.6217470169067383,0.9999796,10.79953,0.0002956435,-8.1260605
3801,1,0,6.2133455e-05,-9.686164,1.0,0.00874882,-4.730049,0.8919506,2.1108222
3802,0,0,0.0001102275,-9.112854,0.6665169596672058,0.00010454208,-9.165816,0.9998652,8.911655
3803,1,1,0.999835,8.709487,0.7666445970535278,0.9999784,10.743261,0.00017692438,-8.639611
3804,0,0,7.430412e-05,-9.50727,0.6152814626693726,4.1961816e-06,-12.381331,0.00022019047,-8.420797
3805,1,1,0.999902,9.230547,0.7802078723907471,0.9999876,11.301889,0.9999037,9.247377
3806,0,0,7.429221e-05,-9.50743,0.6968205571174622,5.4187963e-06,-12.125631,0.00024845693,-8.299993
3807,1,1,0.9999021,9.231764,0.9243987202644348,0.9999875,11.292925,0.9997445,8.271927
3808,1,1,0.999835,8.709487,0.6361105442047119,0.9999769,10.673565,0.00019330568,-8.551044
3809,1,1,0.99983525,8.710934,0.7508714199066162,0.99992263,9.466574,0.00039667086,-7.832007
3810,0,0,7.4338845e-05,-9.506803,0.6463165283203125,7.913254e-05,-9.444307,0.00020995455,-8.46841
3811,1,1,0.999835,8.709487,0.3346032500267029,0.999853,8.825215,0.0002344642,-8.357973
3812,1,1,0.999902,9.230547,0.7464717030525208,0.9999517,9.939672,0.9998627,8.893107
3813,1,1,0.999902,9.230547,0.7056829333305359,0.999941,9.737591,0.9998118,8.577717
3814,1,1,0.99981457,8.592648,0.6216606497764587,0.9811491,3.9521668,0.00019681967,-8.533026
3815,1,0,7.3678624e-05,-9.515724,1.0,0.00062096183,-7.38362,0.94064426,2.7630167
3816,0,0,0.000110142384,-9.1136265,0.7862205505371094,7.013851e-06,-11.867617,0.99983835,8.729779
3817,0,0,7.429363e-05,-9.507411,0.7690502405166626,2.291839e-05,-10.683548,0.00026109495,-8.250365
3818,1,1,0.9998337,8.70157,0.6169289946556091,0.99858713,6.5606923,0.00019962994,-8.518846
3819,1,1,0.99983513,8.71021,0.7216700315475464,0.9999716,10.469826,0.00026972566,-8.217835
3820,1,1,0.980257,3.9050145,1.0,0.65748066,0.6520872,0.47230148,-0.110907674
3821,1,1,0.99983513,8.71021,0.7377029657363892,0.99998224,10.941482,0.00022513219,-8.398598
3822,0,0,0.000111469264,-9.10165,0.7748298645019531,0.0021319836,-6.148568,0.99981207,8.579073
3823,0,0,7.4362106e-05,-9.50649,0.4931730329990387,0.00013962129,-8.876437,0.00021248721,-8.456416
3824,1,1,0.999835,8.709487,0.5961247682571411,0.9999827,10.964573,0.0001997579,-8.518205
3825,1,0,6.4530024e-05,-9.648315,1.0,1.5924481e-05,-11.047637,0.91495514,2.3756964
3826,1,1,0.9998349,8.708765,0.8048788905143738,0.99976355,8.349459,0.0002092377,-8.47183
3827,0,1,0.99992836,9.543718,1.0,0.99994886,9.880609,0.73004943,0.9948734
3828,0,0,0.00011015404,-9.113521,0.8439829349517822,1.0112578e-05,-11.50172,0.9998492,8.799204
3829,0,1,0.9999368,9.669445,1.0,0.9999732,10.527158,0.8359892,1.628683
3830,1,1,0.999835,8.709487,0.7455525398254395,0.99998915,11.428915,0.00019953973,-8.519298
3831,0,0,7.057241e-05,-9.558801,0.880940318107605,0.00010559337,-9.155809,0.42615548,-0.29755414
3832,0,0,0.00011847282,-9.040709,0.6641144156455994,0.012030645,-4.4081945,0.9998858,9.077824
3833,1,0,6.269507e-05,-9.677165,1.0,9.31812e-05,-9.280871,0.61669004,0.47552246
3834,1,1,0.9999063,9.275334,0.658125638961792,0.99994373,9.785038,0.48180065,-0.072829425
3835,0,1,0.99990785,9.292014,1.0,0.99997795,10.72037,0.9893038,4.5271163
3836,1,1,0.9998354,8.711658,0.7868572473526001,0.9999813,10.884458,0.0004668285,-7.6690817
3837,0,1,0.999869,8.940098,1.0,0.9998841,9.062617,0.02924312,-3.5024316
3838,1,1,0.9999021,9.231764,0.7249661684036255,0.99998164,10.908127,0.9997552,8.314869
3839,0,0,7.427975e-05,-9.507598,0.700131356716156,1.0534664e-05,-11.460829,0.00028112667,-8.176424
3840,1,1,0.9998349,8.708765,0.6619160771369934,0.9997178,8.172526,0.00028975253,-8.1461935
3841,0,0,7.433728e-05,-9.506824,0.6665071845054626,1.2172134e-05,-11.316349,0.00015267615,-8.787039
3842,0,1,0.9999229,9.469962,1.0,0.9980842,6.255679,0.94855714,2.9144714
3843,1,1,0.9999056,9.26773,0.7763698101043701,0.99784005,6.135497,0.47546047,-0.09823719
3844,1,1,0.999902,9.230547,0.6398926377296448,0.99998236,10.943482,0.9998343,8.705178
3845,1,0,0.0011282713,-6.7859397,1.0,0.21425343,-1.2994747,0.9557148,3.0718102
3846,1,1,0.999902,9.230547,0.6578017473220825,0.9999436,9.783319,0.99981457,8.592493
3847,1,0,7.5708e-05,-9.488551,1.0,0.0002734908,-8.203969,0.94578445,2.8590474
3848,1,1,0.9998828,9.051659,0.8253664374351501,0.968229,3.4169128,0.5362894,0.14541328
3849,0,0,7.415214e-05,-9.509317,0.8675025105476379,5.0153185e-06,-12.203009,0.0005652086,-7.4777503
3850,1,0,7.104873e-05,-9.5520735,1.0,0.00016365528,-8.717585,0.52311045,0.09250791
3851,0,0,7.43363e-05,-9.506837,0.6206047534942627,3.1072595e-05,-10.379153,0.00017193265,-8.668236
3852,1,1,0.99983525,8.710934,0.8712399005889893,0.99992085,9.44409,0.00041201222,-7.7940454
3853,1,1,0.99983513,8.71021,0.7427060008049011,0.9999753,10.607556,0.00023579657,-8.352305
3854,1,1,0.99983513,8.71021,0.7048858404159546,0.999992,11.73338,0.00022590432,-8.395173
3855,0,0,0.00011008222,-9.114173,0.6542897820472717,2.7792386e-05,-10.490721,0.99975675,8.321194
3856,1,1,0.9999019,9.229331,0.6294766068458557,0.9997309,8.22006,0.99985254,8.821909
3857,1,0,5.1955732e-05,-9.865067,1.0,0.00044516576,-7.7166185,0.84237957,1.6760409
3858,1,0,0.061834604,-2.719463,1.0,0.39566514,-0.42356023,0.9545229,3.044004
3859,1,1,0.999902,9.230547,0.6159186959266663,0.99999094,11.610055,0.9998759,8.99478
3860,1,1,0.9998349,8.708765,0.6747225522994995,0.9999778,10.716982,0.000118208314,-9.042944
3861,0,0,7.434629e-05,-9.506702,0.8647171258926392,7.596102e-05,-9.485214,0.00019020139,-8.567237
3862,1,1,0.999902,9.230547,0.6653000116348267,0.999977,10.679993,0.99983585,8.714413
3863,0,0,7.431666e-05,-9.507101,0.6016035676002502,1.52393595e-05,-11.091614,0.00020183036,-8.507881
3864,1,1,0.999835,8.709487,0.506352961063385,0.9999503,9.909161,0.00015663575,-8.761431
3865,0,1,0.99992585,9.509371,1.0,0.99993443,9.633012,0.3174314,-0.7656014
3866,1,1,0.999902,9.230547,0.5934260487556458,0.99998164,10.904263,0.9998338,8.702737
3867,1,0,5.3350315e-05,-9.838577,1.0,1.3249079e-05,-11.231569,0.85750574,1.7947258
3868,1,1,0.9999021,9.231764,0.8081348538398743,0.9999521,9.946487,0.99977297,8.390045
3869,0,0,7.432771e-05,-9.506952,0.6258415579795837,2.6026735e-05,-10.55636,0.00018675959,-8.585502
3870,0,0,7.4332325e-05,-9.50689,0.4791527986526489,1.3530504e-05,-11.21055,0.00016485075,-8.710305
3871,1,1,0.9999018,9.228116,0.878188967704773,0.99940705,7.429804,0.9998067,8.551021
3872,0,0,7.4328425e-05,-9.506943,0.6889480948448181,9.90211e-06,-11.522753,0.00017036892,-8.677374
3873,1,1,0.9998349,8.708765,0.4947510063648224,0.99998224,10.941193,0.00010153471,-9.195008
3874,0,0,7.434565e-05,-9.506711,0.7673660516738892,2.1001935e-05,-10.770875,0.00014174236,-8.861358
3875,0,1,0.99989295,9.142108,1.0,0.97881657,3.833124,0.48007107,-0.07975815
3876,0,0,7.843438e-05,-9.45317,0.6741008162498474,0.00980022,-4.615502,0.0005313866,-7.5394893
3877,1,0,0.02078951,-3.852298,0.6356740593910217,0.35705888,-0.58815247,0.54552007,0.18258592
3878,1,1,0.9999051,9.2626915,0.7672890424728394,0.99998057,10.851297,0.5179213,0.07171595
3879,0,0,7.451849e-05,-9.504389,0.8018097281455994,0.0005973021,-7.42249,0.00027750712,-8.189386
3880,1,1,0.99990606,9.272793,0.6881126165390015,0.9999361,9.658661,0.55464715,0.21946523
3881,1,1,0.82369745,1.5416018,0.6434337496757507,0.57694435,0.31024197,0.0002244947,-8.401434
3882,0,1,0.9998516,8.815346,1.0,0.9709109,3.507872,0.038857274,-3.2082276
3883,0,0,7.426863e-05,-9.507748,0.7361285090446472,9.806368e-06,-11.532469,0.00030562677,-8.09284
3884,1,1,0.9999021,9.231764,0.5266377329826355,0.9999809,10.865601,0.99977475,8.397857
3885,0,0,0.000110131674,-9.113724,0.7627483606338501,1.8100345e-05,-10.919561,0.9998186,8.614319
3886,0,0,0.00011014564,-9.113597,0.6005166172981262,8.835909e-06,-11.636678,0.99984074,8.745116
3887,0,0,0.00011013567,-9.1136875,0.6925449371337891,1.2607379e-05,-11.281216,0.99982685,8.661064
3888,0,0,7.416318e-05,-9.509169,0.7309440970420837,5.8987857e-06,-12.040758,0.00054111704,-7.5213337
3889,1,1,0.999902,9.230547,0.5831360220909119,0.9999261,9.513411,0.9998729,8.970762
3890,0,1,0.99993503,9.641535,1.0,0.9983467,6.4033036,0.8782677,1.9761269
3891,1,1,0.99983525,8.710934,0.7165946364402771,0.9999896,11.471556,0.00035330773,-7.947818
3892,1,1,0.99983513,8.71021,0.6207216382026672,0.99995184,9.941921,0.00027184704,-8.209999
3893,0,1,0.99990726,9.285566,1.0,0.9978473,6.1388907,0.58640325,0.34911624
3894,0,1,0.99992967,9.562192,1.0,0.99998534,11.131236,0.9240344,2.4984694
3895,0,1,0.99990416,9.25269,1.0,0.9787942,3.8320446,0.97118795,3.5177279
3896,1,0,7.6485165e-05,-9.478337,1.0,2.6060216e-05,-10.555075,0.9477817,2.8986902
3897,0,0,7.4284566e-05,-9.507533,0.6370993256568909,1.388745e-05,-11.184511,0.00027333517,-8.204538
3898,1,1,0.999835,8.709487,0.6934843063354492,0.9999615,10.164013,0.00019302241,-8.552511
3899,0,1,0.99992025,9.436522,1.0,0.9819431,3.996003,0.16964588,-1.588139
3900,0,0,0.00011016024,-9.113464,0.6851486563682556,9.237775e-06,-11.5922,0.9998566,8.849972
3901,1,1,0.9999058,9.270258,0.5946580171585083,0.999671,8.019085,0.55498344,0.22082685
3902,0,1,0.9997212,8.184841,1.0,0.92465734,2.5073774,0.009029486,-4.6981893
3903,0,0,7.110533e-05,-9.551277,0.7558878660202026,9.633128e-06,-11.550293,0.520766,0.08311184
3904,1,0,7.888917e-05,-9.447388,1.0,0.035227437,-3.3100672,0.3347773,-0.68665636
3905,0,0,7.058439e-05,-9.558631,0.7085399627685547,1.2560994e-05,-11.284902,0.4269756,-0.29420137
3906,1,1,0.999902,9.230547,0.5577454566955566,0.99997926,10.784631,0.9998969,9.179482
3907,0,0,7.4297954e-05,-9.507353,0.6897199749946594,5.1385236e-06,-12.17874,0.00023506723,-8.355404
3908,1,1,0.999902,9.230547,0.5764920711517334,0.9999249,9.496504,0.9998337,8.701608
3909,0,1,0.98241454,4.022941,1.0,0.6598459,0.66260743,0.38666466,-0.46135408
3910,1,0,9.7355085e-05,-9.237048,1.0,0.0032289298,-5.7323704,0.9814518,3.9686615
3911,0,1,0.99990785,9.292014,1.0,0.99996865,10.371546,0.46058977,-0.1579687
3912,1,0,0.00010022673,-9.207975,0.646015465259552,0.08476155,-2.3793426,0.13303615,-1.8743763
3913,1,1,0.999835,8.709487,0.6951577663421631,0.9999819,10.919189,0.00021243881,-8.456644
3914,0,0,0.00022475104,-8.400292,0.7295278906822205,0.121651635,-1.9768817,0.00016049898,-8.737062
3915,0,0,0.00011017568,-9.113324,0.7925214767456055,3.2589538e-05,-10.331487,0.99985766,8.857614
3916,0,1,0.99993145,9.587947,1.0,0.999984,11.041126,0.9140905,2.364636
3917,1,0,5.3012907e-05,-9.844922,1.0,5.8630267e-06,-12.046839,0.8545627,1.7708449
3918,0,1,0.9998821,9.045573,1.0,0.999788,8.458656,0.04437668,-3.0696497
3919,1,1,0.999902,9.230547,0.6733235716819763,0.99998116,10.876913,0.9998355,8.712751
3920,0,1,0.9999118,9.335647,1.0,0.99938214,7.388733,0.6193177,0.4866532
3921,1,1,0.999835,8.709487,0.5059494972229004,0.9999888,11.3949795,0.00018611233,-8.588974
3922,0,1,0.99992406,9.485539,1.0,0.9999392,9.707972,0.33185816,-0.69979274
3923,0,1,0.9999114,9.3316,1.0,0.99994576,9.821188,0.42657727,-0.29582956
3924,1,1,0.9998927,9.139883,0.7664017677307129,0.9847162,4.1655545,0.999876,8.99494
3925,1,1,0.99989593,9.170345,0.5199229717254639,0.98228157,4.0152726,0.47428218,-0.10296206
3926,0,0,7.428534e-05,-9.507523,0.5639729499816895,6.7676497e-06,-11.90335,0.0002650743,-8.235235
3927,1,1,0.9999088,9.302418,0.8736365437507629,0.999946,9.825906,0.4505925,-0.19827715
3928,0,1,0.9999064,9.2766075,1.0,0.99764436,6.0486126,0.57896775,0.31853735
3929,1,1,0.9999019,9.229331,0.7772464752197266,0.99968636,8.0670185,0.9998783,9.013893
3930,0,1,0.9999323,9.600196,1.0,0.9998933,9.145628,0.90867347,2.2975445
3931,0,0,7.431871e-05,-9.507073,0.6470540165901184,1.05758045e-05,-11.456931,0.00019309181,-8.552152
3932,0,0,7.432091e-05,-9.507044,0.6605270504951477,8.032644e-06,-11.731989,0.00018584421,-8.590416
3933,0,0,7.528417e-05,-9.494165,0.5039575695991516,0.0022849329,-6.079131,0.00011943959,-9.03258
3934,1,1,0.999835,8.709487,0.6684437990188599,0.99991953,9.427544,0.00021745195,-8.433315
3935,0,0,7.43331e-05,-9.50688,0.7700478434562683,1.4667596e-05,-11.129855,0.00016433644,-8.71343
3936,1,1,0.9996543,7.9695735,0.6763909459114075,0.9109707,2.325545,0.00017090602,-8.674226
3937,0,0,0.000110064684,-9.114332,0.8744341731071472,1.0352182e-05,-11.478303,0.9997491,8.29048
3938,0,0,0.0008066142,-7.121858,0.5179358720779419,0.20616218,-1.348216,0.00014167589,-8.861827
3939,1,1,0.9999062,9.274063,0.6168189644813538,0.9999918,11.701416,0.4856694,-0.057338223
3940,1,1,0.999902,9.230547,0.7164940237998962,0.9999664,10.301697,0.9998957,9.168251
3941,0,0,0.000110141336,-9.113636,0.5067381262779236,3.2412743e-05,-10.336926,0.99981934,8.618412
3942,1,1,0.999902,9.230547,0.5888939499855042,0.9999746,10.580649,0.9998971,9.18198
3943,1,1,0.99983513,8.71021,0.8115150928497314,0.9999635,10.218442,0.00025777088,-8.263182
3944,0,1,0.99985826,8.861376,1.0,0.99920124,7.13156,0.019363679,-3.9248025
3945,0,0,8.830847e-05,-9.334586,0.6846461296081543,0.027686961,-3.5587163,0.0002880034,-8.15225
3946,0,0,7.4367774e-05,-9.506413,0.6708583831787109,0.00010436927,-9.167471,0.00016760208,-8.69375
3947,1,1,0.999902,9.230547,0.5399890542030334,0.9999273,9.528789,0.9998392,8.734905
3948,1,1,0.999835,8.709487,0.6151083707809448,0.99993587,9.655334,0.00018417787,-8.599424
3949,0,0,0.00011018524,-9.113237,0.706489086151123,2.130168e-05,-10.756703,0.99987614,8.996409
3950,1,0,7.3036514e-05,-9.524478,1.0,0.0023563516,-6.0482817,0.4923241,-0.030706003
3951,0,1,0.9999051,9.2626915,1.0,0.9996871,8.069349,0.52961177,0.1185859
3952,0,0,0.00011017305,-9.113348,0.7828783392906189,6.6281564e-06,-11.924177,0.9998729,8.970992
3953,0,0,7.432793e-05,-9.506949,0.7123811841011047,6.994657e-05,-9.567709,0.00022628266,-8.393499
3954,0,0,7.431581e-05,-9.5071125,0.6336172819137573,6.0217157e-05,-9.717493,0.00024479185,-8.3148575
3955,1,1,0.999902,9.230547,0.5598108768463135,0.99996746,10.331636,0.9998827,9.0509
3956,0,0,7.556043e-05,-9.490502,0.6497982144355774,0.0029754003,-5.814397,0.00015038533,-8.802159
3957,0,0,7.4303054e-05,-9.507284,0.8159646391868591,2.0192545e-05,-10.810177,0.00023724567,-8.346177
3958,0,1,0.99991,9.3155775,1.0,0.9989532,6.860988,0.4350138,-0.26142347
3959,1,1,0.999835,8.709487,0.6424717903137207,0.9999664,10.300354,0.0001439098,-8.84618
3960,1,1,0.9999008,9.218453,0.6599721312522888,0.99774325,6.091576,0.99991155,9.332638
3961,1,1,0.999902,9.230547,0.8030727505683899,0.9999529,9.963616,0.9998659,8.916947
3962,1,1,0.9999021,9.231764,0.7553691267967224,0.9999913,11.651097,0.9997918,8.4769745
3963,1,1,0.99983513,8.71021,0.7220305800437927,0.9999794,10.791718,0.00027662748,-8.192562
3964,1,1,0.9998996,9.206505,0.45928704738616943,0.9871421,4.3408556,0.5726127,0.292519
3965,1,1,0.9998349,8.708765,0.5558191537857056,0.9999218,9.455899,0.00013637244,-8.899984
3966,0,0,7.433976e-05,-9.50679,0.6094565987586975,4.899299e-05,-9.923784,0.00018052527,-8.619459
3967,1,1,0.9999019,9.229331,0.6957757472991943,0.9996697,8.015196,0.99989533,9.164564
3968,1,1,0.9990447,6.9525466,1.0,0.7965482,1.3648582,0.9783362,3.810213
3969,0,0,0.16902918,-1.5925233,0.6418319344520569,0.45406955,-0.18424118,0.0015945307,-6.43958
3970,1,1,0.999902,9.230547,0.609460175037384,0.99998343,11.0065365,0.9998547,8.836506
3971,0,0,7.428201e-05,-9.507567,0.6092285513877869,6.451879e-06,-11.951133,0.00027220856,-8.20867
3972,1,1,0.9997553,8.315327,0.671434760093689,0.8946916,2.1395864,0.9999304,9.573076
3973,0,0,0.00010988012,-9.116011,0.7570765614509583,1.8840026e-05,-10.879508,0.99953663,7.6765075
3974,0,0,8.269178e-05,-9.400308,0.6697529554367065,0.017883396,-4.0058374,0.00013573313,-8.904684
3975,1,1,0.999835,8.709487,0.6707427501678467,0.9999914,11.667997,0.00018629343,-8.588001
3976,0,1,0.99739325,5.947041,0.6710511445999146,0.7745529,1.2342,0.00016935988,-8.683315
3977,0,0,7.427939e-05,-9.507603,0.7254115343093872,8.043911e-06,-11.730587,0.00027973557,-8.181386
3978,1,1,0.99983525,8.710934,0.7950403094291687,0.99997866,10.755033,0.00030183574,-8.105326
3979,0,0,7.455602e-05,-9.503885,0.670582115650177,0.0006810114,-7.29125,0.00026955365,-8.218473
3980,1,0,0.015742423,-4.1355286,0.7360489964485168,0.33085343,-0.7043277,0.9998678,8.931168
3981,0,1,0.9998853,9.0732565,1.0,0.9999285,9.545013,0.048506398,-2.9763372
3982,0,0,7.436338e-05,-9.506473,0.6102436184883118,1.5280164e-05,-11.08894,9.6582524e-05,-9.245016
3983,1,1,0.999835,8.709487,0.6738570332527161,0.99993956,9.7129345,0.00019454416,-8.544657
3984,0,0,7.433502e-05,-9.506854,0.7041720747947693,8.625238e-05,-9.358147,0.00022508325,-8.398815
3985,0,0,8.086216e-05,-9.422684,0.7207736372947693,0.018429669,-3.9751918,0.46365932,-0.1456193
3986,1,1,0.9999021,9.231764,0.8232821822166443,0.9999863,11.200709,0.99979705,8.502256
3987,0,1,0.9999299,9.565588,1.0,0.99985623,8.847553,0.2758822,-0.96498007
3988,0,1,0.9998442,8.76674,1.0,0.99979013,8.468964,0.007080058,-4.943368
3989,1,1,0.99990594,9.271524,0.9247428178787231,0.9999367,9.666985,0.48906863,-0.043732345
3990,1,1,0.9999014,9.224482,0.8008894920349121,0.9987192,6.6590166,0.99984705,8.785237
3991,1,1,0.99983466,8.707321,0.48261120915412903,0.99964106,7.931891,0.0001368401,-8.896561
3992,0,0,7.434416e-05,-9.506731,0.5920243859291077,1.1873096e-05,-11.341224,0.00013683487,-8.896599
3993,0,0,7.4256095e-05,-9.507916,0.7406167387962341,1.1164614e-05,-11.40275,0.00033534566,-8.000013
3994,1,1,0.99990094,9.219656,0.5019350647926331,0.98874795,4.47589,0.46580055,-0.13701168
3995,0,1,0.99953544,7.6739583,1.0,0.83088684,1.5919257,0.2545302,-1.0745951
3996,0,1,0.9999112,9.328912,1.0,0.9999876,11.297681,0.094869584,-2.255576
3997,0,0,7.1573646e-05,-9.544712,0.8748354315757751,4.5848123e-05,-9.99013,0.44678542,-0.21366745
3998,1,1,0.9998336,8.700852,0.6636343002319336,0.99858934,6.562285,0.00012926041,-8.953552
3999,1,1,0.99990535,9.265207,0.7011860609054565,0.99997246,10.498102,0.5044311,0.017725006
4000,0,0,7.439239e-05,-9.506083,0.7704840898513794,0.00029698794,-8.121522,0.0002876324,-8.15354
4001,0,0,7.43083e-05,-9.507214,0.7087162733078003,1.4355056e-05,-11.151394,0.0002199282,-8.421989
