index,label,pred,score,logit,ssim,text_score,text_logit,image_score,image_logit
0,1,0,0.49980623,-0.00077510107,0.7259314656257629,0.9994286,7.4668875,0.00018389044,-8.6009865
1,1,1,0.50001156,4.6252135e-05,0.7531411051750183,0.9998148,8.593795,0.00020829438,-8.47635
2,0,0,0.49990857,-0.00036574138,0.6279298067092896,8.524872e-06,-11.672514,0.9998086,8.560925
3,1,1,0.5000888,0.00035529977,0.6713093519210815,0.99996924,10.389339,0.00020840128,-8.475837
4,0,0,0.4999439,-0.00022437706,0.5265914797782898,5.2216903e-05,-9.860052,0.9998356,8.7135935
5,0,0,0.4998933,-0.00042674108,0.7564916014671326,1.0060269e-05,-11.5069065,0.99977654,8.4057865
6,0,1,0.5183519,0.07344065,0.6469201445579529,0.03686328,-3.2629795,0.9998405,8.743519
7,1,0,0.391658,-0.44034815,1.0,3.1192092e-05,-10.375315,0.78328484,1.2849127
8,1,1,0.5002149,0.00085948716,0.8958860635757446,0.9999809,10.864565,0.0004487699,-7.7085514
9,0,0,0.49980384,-0.00078464526,0.6950652599334717,1.1400819e-05,-11.381814,0.9995963,7.8144264
10,1,0,0.30743366,-0.8121447,0.5376757979393005,0.61471087,0.4671579,0.00015647364,-8.762466
11,1,1,0.500054,0.0002159839,0.49204808473587036,0.9999628,10.199257,0.0001452563,-8.836865
12,1,1,0.5001117,0.0004468158,0.7028214931488037,0.99999094,11.605919,0.00023242232,-8.366722
13,0,0,0.49995252,-0.00018985881,0.5297924876213074,1.6607333e-05,-11.00565,0.9998884,9.100484
14,0,1,0.6412587,0.5808315,0.539588451385498,0.2828168,-0.93053204,0.99970067,8.113472
15,1,0,0.49991608,-0.0003356901,0.5414803624153137,0.9995896,7.7981386,0.00024253856,-8.324107
16,0,1,0.5002921,0.0011685217,0.6790931224822998,0.0006953278,-7.2704315,0.9998889,9.10485
17,1,0,0.49998343,-6.628256e-05,0.6484044790267944,0.9997327,8.22678,0.00023420101,-8.359097
18,1,1,0.5000956,0.00038246947,0.6151890158653259,0.9999708,10.440252,0.00022044593,-8.419638
19,1,0,0.4999295,-0.00028202933,0.677150547504425,0.99968207,8.05314,0.00017690024,-8.639748
20,1,0,0.46514282,-0.13965519,1.0,0.00042685354,-7.7586427,0.9298588,2.5845232
21,0,0,0.4997905,-0.0008380347,0.7077032327651978,2.8774404e-05,-10.455996,0.9995522,7.710864
22,0,0,0.4999239,-0.00030426838,0.794978141784668,6.009108e-06,-12.022228,0.9998418,8.751814
23,1,1,0.5000525,0.00021002471,0.5241850018501282,0.9999068,9.280484,0.00019826888,-8.525688
24,0,0,0.49993724,-0.00025102665,0.668293833732605,0.00011929639,-9.03378,0.9997552,8.314979
25,0,0,0.49990577,-0.0003769512,0.9046408534049988,4.117551e-05,-10.097626,0.99977034,8.37874
26,0,1,0.5966477,0.3915164,0.7407752871513367,0.19356078,-1.427037,0.9997346,8.234055
27,0,1,0.5877272,0.3545776,1.0,0.999977,10.6806755,0.17547737,-1.5472945
28,0,0,0.4999206,-0.00031756435,0.6246503591537476,1.4380612e-05,-11.149615,0.99982685,8.661037
29,1,1,0.5001424,0.00056953897,0.7731537818908691,0.9999856,11.145999,0.0002992341,-8.113985
30,1,0,0.4998479,-0.00060845044,0.6364651322364807,0.9994512,7.507228,0.00024457675,-8.315737
31,0,1,0.5651626,0.2621413,1.0,0.97670776,3.7360668,0.15361749,-1.7065058
32,1,0,0.46366602,-0.14559254,1.0,6.7536836e-05,-9.60277,0.9272645,2.5454092
33,0,0,0.4999314,-0.0002743978,0.7428434491157532,1.3585637e-05,-11.206484,0.9998492,8.799175
34,1,1,0.5000864,0.00034576637,0.6353628635406494,0.9999875,11.292744,0.00018540208,-8.592798
35,1,1,0.5000881,0.00035243976,0.8203651905059814,0.99989545,9.166069,0.00028068208,-8.178007
36,0,0,0.49995175,-0.00019307809,0.734981894493103,2.4847279e-05,-10.602737,0.99987864,9.016559
37,1,0,0.49012902,-0.039489064,0.7239177227020264,0.97995424,3.8894851,0.00030381975,-8.098772
38,0,0,0.49977225,-0.000910995,0.63801109790802,8.695928e-06,-11.652647,0.9995358,7.674758
39,0,1,0.50000435,1.7404405e-05,0.7037267088890076,0.00015420052,-8.777102,0.99985445,8.83497
40,1,1,0.5001234,0.00049352384,0.7522054314613342,0.9999869,11.239694,0.0002599157,-8.254893
41,0,0,0.4999211,-0.0003155968,0.7484313249588013,0.000117203424,-9.051482,0.99972504,8.198799
42,0,0,0.49991867,-0.00032525582,0.6902421116828918,7.2164107e-06,-11.839146,0.9998301,8.680252
43,1,1,0.5000856,0.0003423105,0.8255913257598877,0.99992955,9.560825,0.00024169116,-8.327608
44,1,0,0.48569977,-0.057216506,1.0,0.0001835611,-8.602779,0.97121596,3.5187292
45,1,0,0.44258156,-0.23069145,1.0,0.79868,1.3780649,0.08648312,-2.3573525
46,0,0,0.49993244,-0.00027028398,0.776652455329895,4.1143638e-05,-10.0984,0.99982375,8.643479
47,1,1,0.5000309,0.0001234932,0.9322864413261414,0.999648,7.9515696,0.00041381398,-7.78968
48,0,1,0.54731536,0.18982945,1.0,0.95240784,2.996324,0.14222294,-1.7969484
49,0,1,0.505871,0.023485113,0.7660250067710876,0.012032958,-4.408,0.99970907,8.142399
50,1,1,0.5000472,0.00018880969,0.6063584685325623,0.9999229,9.46992,0.00017151363,-8.670676
51,1,0,0.4942817,-0.022874169,1.0,0.00015413188,-8.777548,0.9884093,4.445896
52,1,1,0.5000654,0.00026151098,0.7076510787010193,0.99998796,11.328488,0.00014276798,-8.854147
53,1,0,0.4669953,-0.13221109,1.0,8.389221e-05,-9.385894,0.93390673,2.6483102
54,0,1,0.5137739,0.055109657,1.0,0.9978156,6.1242127,0.029732252,-3.4853396
55,0,0,0.49994618,-0.00021531516,0.6625555157661438,1.7258411e-05,-10.967194,0.99987507,8.987868
56,0,0,0.49994102,-0.00023600264,0.6532701849937439,8.265728e-06,-11.703384,0.99987376,8.977258
57,1,1,0.5001115,0.00044610086,0.7322995066642761,0.9999865,11.213078,0.0002365678,-8.349039
58,1,0,0.46256703,-0.15001258,0.622256875038147,0.92496854,2.5118527,0.00016552156,-8.7062435
59,1,1,0.50014114,0.00056453503,0.7984988689422607,0.9999896,11.47294,0.0002926175,-8.136352
60,0,0,0.4998934,-0.00042632368,0.6944190263748169,1.38496225e-05,-11.187239,0.99977297,8.390074
61,1,1,0.50011533,0.00046135273,0.5964166522026062,0.9999839,11.035168,0.00024680916,-8.306648
62,1,0,0.42216083,-0.31390914,0.6452248096466064,0.8441632,1.6895363,0.00015850663,-8.749556
63,1,1,0.5001067,0.00042679737,0.604324460029602,0.99997604,10.63706,0.00023734388,-8.345763
64,1,0,0.37933224,-0.49238345,1.0,8.353132e-05,-9.390205,0.758581,1.1449156
65,1,1,0.50001824,7.295342e-05,0.7704367637634277,0.99973184,8.223533,0.0003046037,-8.096194
66,0,1,0.6366657,0.56092143,1.0,0.99966216,7.9924784,0.27366924,-0.9760853
67,0,0,0.4999059,-0.0003762953,0.730880081653595,0.00017231784,-8.6659975,0.9996395,7.9277062
68,0,1,0.5003111,0.0012442474,0.5915675163269043,0.0008434777,-7.077133,0.9997787,8.415883
69,1,0,0.4921629,-0.03135088,1.0,3.3887358e-05,-10.292435,0.9842919,4.137748
70,1,1,0.500126,0.0005040091,0.7117308378219604,0.99998546,11.139281,0.00026654828,-8.229689
71,1,1,0.5000705,0.00028200942,0.5862331390380859,0.99991596,9.384111,0.00022501778,-8.399106
72,1,0,0.14698078,-1.7584803,1.0,1.206933e-05,-11.324831,0.29394948,-0.87627894
73,0,1,0.9840032,4.1192393,0.6651612520217896,0.9684628,3.424542,0.9995436,7.6916404
74,0,1,0.5527417,0.21175453,1.0,0.9999405,9.73028,0.10554291,-2.1370993
75,0,0,0.499892,-0.00043198856,0.842905580997467,3.4870252e-05,-10.263842,0.9997491,8.290211
76,1,1,0.5000816,0.00032634177,0.46549805998802185,0.99997437,10.569526,0.00018882572,-8.574497
77,0,1,0.5297245,0.11903824,1.0,0.99990666,9.2797,0.05954224,-2.7596807
78,0,1,0.98371905,4.1013446,0.9514561891555786,0.9677998,3.4030523,0.9996383,7.9242754
79,0,0,0.49996772,-0.0001291716,0.5608363747596741,0.00012529879,-8.984684,0.99981016,8.569315
80,0,0,0.49991214,-0.00035143114,0.5699619054794312,1.0296228e-05,-11.483723,0.999814,8.589097
81,0,1,0.5000203,8.129743e-05,0.6894158720970154,0.00028670672,-8.156764,0.9997539,8.309568
82,0,1,0.67182535,0.7164525,1.0,0.9976004,6.030032,0.34605032,-0.63644624
83,1,0,0.10203482,-2.174817,1.0,8.446618e-06,-11.681736,0.2040612,-1.3611023
84,1,0,0.49974063,-0.0010375397,0.5964034199714661,0.99935216,7.341159,0.00012907467,-8.95499
85,0,1,0.84048796,1.6618632,1.0,0.99993026,9.570108,0.68104565,0.75858116
86,1,1,0.5001832,0.0007328685,0.8379127979278564,0.99998546,11.137444,0.000381043,-7.872217
87,0,1,0.8873197,2.0636506,0.6605402231216431,0.77482015,1.2357314,0.9998192,8.61783
88,1,0,0.46535465,-0.13880377,0.5801519751548767,0.93048275,2.5941288,0.00022655033,-8.392317
89,1,1,0.5001164,0.00046564225,0.6826629042625427,0.99997485,10.588795,0.00025792475,-8.262585
90,1,1,0.50008965,0.00035863643,0.7561225295066833,0.9999528,9.9616165,0.0002264851,-8.392605
91,0,1,0.5196672,0.07870939,1.0,0.9999851,11.117887,0.0393493,-3.1951327
92,1,1,0.500107,0.00042798897,0.6782551407814026,0.99999,11.508702,0.00022397026,-8.403773
93,1,1,0.50013375,0.00053498737,0.7585412263870239,0.9999726,10.503744,0.00029487922,-8.12865
94,1,0,0.44466606,-0.22224614,1.0,6.6194652e-06,-11.925489,0.8893255,2.08387
95,1,0,0.44319883,-0.22818978,0.8055175542831421,0.8860216,2.0507324,0.00037603843,-7.885443
96,1,0,0.49492836,-0.020287232,0.5651456713676453,0.9897508,4.570256,0.00010592111,-9.15271
97,1,0,0.46860602,-0.12574135,0.5984017848968506,0.93706274,2.7006118,0.00014929703,-8.809423
98,1,1,0.5000904,0.00036173477,0.7609618306159973,0.9999882,11.347832,0.00019261867,-8.5546055
99,0,0,0.49985498,-0.0005800618,0.5915714502334595,1.38548e-05,-11.186865,0.99969614,8.098405
100,1,0,0.49997407,-0.00010371746,0.6609071493148804,0.99972063,8.182706,0.00022748279,-8.388208
101,0,1,0.50111973,0.0044788998,0.7297378778457642,0.0024151225,-6.023587,0.99982435,8.646731
102,0,0,0.49995387,-0.000184553,0.628241777420044,1.023873e-05,-11.489323,0.9998975,9.1857815
103,1,1,0.50004405,0.0001761758,0.66297847032547,0.9998056,8.545671,0.00028244522,-8.171743
104,1,1,0.500081,0.00032395837,0.573756217956543,0.99993634,9.661304,0.000225629,-8.396393
105,1,0,0.49976137,-0.00095454697,0.4488895833492279,0.99936825,7.3663244,0.00015451122,-8.775089
106,0,1,0.5010691,0.004276536,0.47880688309669495,0.0022626359,-6.0889597,0.99987566,8.992134
107,1,1,0.5000798,0.00031919152,0.584243655204773,0.99998486,11.099628,0.00017474416,-8.652013
108,1,1,0.50014967,0.0005987282,0.6123179793357849,0.99996746,10.333885,0.0003318922,-8.010368
109,1,1,0.50011945,0.00047779587,0.7974585294723511,0.9999682,10.354201,0.0002707307,-8.214115
110,0,0,0.35285187,-0.60652685,1.0,0.18656613,-1.4724789,0.5191376,0.07658805
111,1,1,0.50010914,0.0004365683,0.753901481628418,0.9999883,11.353912,0.00023001229,-8.377148
112,0,0,0.4999265,-0.0002939537,0.7002783417701721,2.6030832e-05,-10.556203,0.99982697,8.661671
113,1,1,0.5000569,0.00022766383,0.6034857630729675,0.9999435,9.780177,0.0001703374,-8.677559
114,0,1,0.6009197,0.40929875,1.0,0.9990569,6.9653826,0.20278251,-1.3689935
115,1,0,0.49950117,-0.0019953474,0.6776506900787354,0.9988501,6.766993,0.00015222088,-8.790026
116,0,1,0.7141358,0.91555643,1.0,0.99997425,10.569215,0.42829743,-0.2888009
117,0,1,0.6176617,0.47963512,1.0,0.9635971,3.2760258,0.27172625,-0.9858819
118,1,1,0.5001067,0.00042679737,0.7702391147613525,0.999987,11.251438,0.00022633378,-8.393273
119,0,0,0.49995503,-0.00017984338,0.7763124704360962,0.00014028694,-8.87168,0.99976975,8.375953
120,1,1,0.50004655,0.00018618758,0.5408176779747009,0.9999032,9.242723,0.0001899089,-8.568776
121,1,0,0.44059014,-0.2387673,0.8254724740982056,0.88090247,2.0010047,0.00027783486,-8.188206
122,1,1,0.50012976,0.00051902176,0.7486685514450073,0.999969,10.382242,0.00029054892,-8.143448
123,1,1,0.5000088,3.5285328e-05,0.6544095873832703,0.99982834,8.669836,0.00018929549,-8.572012
124,1,1,0.50008845,0.00035386975,0.7103005051612854,0.99994767,9.857494,0.00022927356,-8.380365
125,1,0,0.4999623,-0.00015075151,0.6822100281715393,0.9996991,8.108195,0.0002255077,-8.396931
126,1,1,0.5001305,0.0005218813,0.8572197556495667,0.999984,11.04246,0.00027693942,-8.191435
127,0,0,0.4999458,-0.00021692483,0.4981372356414795,2.7934144e-05,-10.485633,0.9998636,8.899669
128,1,1,0.5000711,0.0002843929,0.6926551461219788,0.99997985,10.813492,0.00016240266,-8.725269
129,1,1,0.50005794,0.00023171601,0.6120703816413879,0.99993074,9.577235,0.0001851371,-8.594229
130,1,0,0.49999347,-2.6166781e-05,0.631998598575592,0.99980766,8.556124,0.00017929242,-8.626313
131,1,0,0.43625307,-0.25638297,1.0,2.9846915e-05,-10.419399,0.8724763,1.923033
132,0,0,0.49988353,-0.0004658592,0.7230916619300842,5.0913154e-06,-12.187969,0.999762,8.342978
133,1,1,0.5000452,0.00018070496,0.6003772020339966,0.9999019,9.2293415,0.00018846597,-8.576405
134,0,0,0.49993566,-0.00025740598,0.7000903487205505,0.00010145622,-9.195782,0.99976987,8.376791
135,0,0,0.49995494,-0.00018026069,0.4944843649864197,8.677768e-06,-11.654737,0.9999012,9.222662
136,1,0,0.49191096,-0.032359052,1.0,8.16658e-06,-11.715452,0.98381376,4.1072736
137,0,1,0.95575726,3.0728128,1.0,0.9999714,10.459814,0.91154313,2.3326244
138,0,1,0.9367081,2.6946142,1.0,0.9999815,10.899975,0.87343466,1.9316747
139,1,1,0.500346,0.0013840153,0.8118659853935242,0.99998856,11.383259,0.00070341513,-7.2588596
140,0,0,0.49992123,-0.0003151198,0.5734748244285583,9.115988e-06,-11.605472,0.99983335,8.69935
141,0,0,0.49990952,-0.00036192528,0.8774967193603516,2.126188e-05,-10.758574,0.99979776,8.505893
142,1,1,0.50009865,0.00039462408,0.669301450252533,0.9999802,10.828531,0.00021707118,-8.435068
143,1,1,0.50008994,0.0003598281,0.5572558045387268,0.9999869,11.243948,0.00019295322,-8.55287
144,1,1,0.5000929,0.00037174468,0.6343488693237305,0.99996686,10.314745,0.00021897073,-8.426353
145,1,1,0.50011003,0.00044014302,0.6828397512435913,0.9999733,10.531666,0.00024677528,-8.306786
146,0,1,0.9729029,3.5808573,1.0,0.9999745,10.577085,0.9458313,2.8599613
147,0,0,0.4999196,-0.00032161878,0.6995196342468262,2.8330956e-05,-10.471527,0.9998109,8.572684
148,1,1,0.5001575,0.0006299419,0.8711480498313904,0.99998057,10.846199,0.0003343774,-8.002906
149,0,1,0.5001497,0.0005989665,0.6108841300010681,0.0004024672,-7.8174944,0.999897,9.180927
150,1,0,0.4998536,-0.00058554864,0.8282859325408936,0.9994398,7.4867473,0.0002674703,-8.226234
151,1,0,0.49715906,-0.011363875,0.5632039308547974,0.99416536,5.138082,0.0001527478,-8.78657
152,0,1,0.92283964,2.4815698,1.0,0.99883276,6.7519813,0.8468466,1.7100794
153,1,0,0.47402585,-0.10399024,1.0,0.025582144,-3.6399455,0.92246956,2.4763837
154,0,0,0.49947745,-0.0020901933,0.4543822407722473,1.4577693e-05,-11.1360035,0.9989403,6.8486395
155,1,1,0.5000773,0.0003091811,0.5837433338165283,0.9999654,10.272887,0.00018913546,-8.572858
156,0,1,0.6961249,0.8289124,1.0,0.8709134,1.9090586,0.5213365,0.0853979
157,1,0,0.17010061,-1.5849143,0.6985924243927002,0.340059,-0.66303134,0.00014221702,-8.858014
158,1,1,0.5001291,0.0005164005,0.8884596824645996,0.99997234,10.494089,0.0002858388,-8.159797
159,0,0,0.49988645,-0.0004541713,0.5526393055915833,1.0579578e-05,-11.456574,0.99976236,8.34462
160,0,0,0.49992993,-0.00028030033,0.8710905909538269,1.0076565e-05,-11.505288,0.9998498,8.803571
161,0,1,0.5000612,0.0002448259,0.6174443364143372,0.00035515934,-7.942589,0.99976724,8.36536
162,1,1,0.5001105,0.00044204952,0.6130768060684204,0.9999815,10.898942,0.00023955072,-8.336506
163,1,0,0.4810573,-0.07580713,1.0,0.00077099376,-7.167059,0.9613436,3.21362
164,1,1,0.5000433,0.00017307691,0.6116045117378235,0.999913,9.34934,0.00017354512,-8.658899
165,1,1,0.5000625,0.00025006983,0.6267789602279663,0.9999018,9.227727,0.00022329178,-8.406808
166,1,1,0.50016403,0.00065615104,0.8541831970214844,0.99999094,11.616762,0.0003371475,-7.9946527
167,1,1,0.5001215,0.0004858982,0.6360281705856323,0.9999919,11.724821,0.00025106227,-8.289558
168,0,1,0.5000553,0.00022122797,0.8057222962379456,0.00027267978,-8.20694,0.999838,8.727869
169,1,1,0.50009394,0.00037579628,0.6693738102912903,0.9999722,10.492004,0.00021565867,-8.441598
170,0,0,0.49993697,-0.00025215943,0.830428421497345,2.7719487e-05,-10.493347,0.9998462,8.77998
171,1,1,0.5000876,0.00035053308,0.7111896276473999,0.9999721,10.485553,0.00020315328,-8.501347
172,0,1,0.77918667,1.2609329,1.0,0.7471586,1.0835148,0.81121475,1.4579229
173,0,0,0.49995562,-0.00017745877,0.6049689054489136,4.667026e-05,-9.972357,0.9998646,8.907191
174,1,0,0.35664922,-0.5899374,1.0,0.20901754,-1.3308576,0.5042809,0.017124012
175,1,1,0.5000825,0.0003299169,0.5966938734054565,0.9999914,11.663397,0.0001735837,-8.658677
176,0,1,0.93658376,2.692519,1.0,0.9997663,8.36136,0.8734013,1.9313729
177,0,0,0.49986634,-0.00053461775,0.7497701048851013,5.8288347e-06,-12.052688,0.99972683,8.205151
178,1,0,0.49999383,-2.4736233e-05,0.684799313545227,0.9997011,8.115315,0.00028657855,-8.157211
179,1,1,0.50019526,0.00078111177,0.8004668354988098,0.9999918,11.706936,0.00039879733,-7.8266582
180,1,1,0.50009394,0.00037579628,0.613898754119873,0.99998033,10.834702,0.00020755749,-8.479895
181,1,1,0.5001005,0.0004020121,0.7207088470458984,0.99992144,9.451688,0.00027952442,-8.182141
182,1,1,0.5000742,0.0002967871,0.5308505892753601,0.99998033,10.836225,0.00016807498,-8.690932
183,0,0,0.49988154,-0.0004739096,0.7285387516021729,1.9170117e-05,-10.862139,0.9997439,8.269539
184,0,0,0.49988493,-0.00046019413,0.5681821703910828,5.1225147e-06,-12.18186,0.99976474,8.354549
185,1,1,0.50005364,0.0002145537,0.6181826591491699,0.99998903,11.42135,0.000118251824,-9.042576
186,0,0,0.4999256,-0.00029753105,0.6614460945129395,5.333821e-05,-9.838804,0.9997979,8.506243
187,0,1,0.7032156,0.8626576,0.6178829073905945,0.40680677,-0.37718192,0.9996245,7.8868876
188,1,0,0.48715335,-0.0513979,1.0,6.910846e-05,-9.579764,0.9742376,3.632739
189,0,1,0.5002906,0.00116233,0.7535526752471924,0.0013833487,-6.581864,0.9991978,7.1272707
190,1,1,0.5001051,0.0004203628,0.7988593578338623,0.99995947,10.112097,0.00025067717,-8.291094
191,1,1,0.5000997,0.00039891392,0.7049697041511536,0.99999106,11.6301985,0.00020835934,-8.476038
192,0,1,0.5099799,0.03992491,0.5748090744018555,0.020085897,-3.8874469,0.9998739,8.978684
193,0,1,0.8920379,2.1117287,1.0,0.9999212,9.449265,0.78415465,1.2900442
194,1,1,0.5000456,0.00018237358,0.5479245781898499,0.9999685,10.365635,0.00012269833,-9.005659
195,1,1,0.50005865,0.00023457636,0.7401506900787354,0.9998996,9.206604,0.00021763486,-8.432474
196,1,0,0.49534583,-0.018617185,1.0,0.0048715165,-5.3194666,0.9858202,4.241649
197,1,0,0.4621178,-0.15181981,1.0,3.2179876e-05,-10.344137,0.9242034,2.5008783
198,0,0,0.4998807,-0.00047724904,0.8108404278755188,0.00012738828,-8.968143,0.999634,7.912651
199,1,0,0.41480806,-0.34412402,1.0,0.041195337,-3.1473622,0.7884208,1.3154327
200,1,1,0.50008094,0.00032372,0.5721774697303772,0.9999862,11.188829,0.000175733,-8.646369
201,1,1,0.5001581,0.00063232455,0.4987655282020569,0.99991333,9.35293,0.00040281843,-7.816622
202,1,1,0.5001162,0.00046492735,0.6958038806915283,0.99998355,11.014381,0.00024891525,-8.298149
203,1,1,0.5001714,0.0006856951,0.6853852272033691,0.9999703,10.426142,0.00037250877,-7.8948774
204,0,1,0.6152323,0.46936008,1.0,0.9999882,11.351742,0.23047638,-1.2056234
205,1,1,0.50010043,0.00040177378,0.724435567855835,0.99995947,10.1147785,0.00024138072,-8.328894
206,1,1,0.5001139,0.0004556333,0.7644239068031311,0.9999871,11.259597,0.00024065687,-8.331898
207,0,1,0.61532146,0.4697368,1.0,0.99798787,6.2065663,0.23265503,-1.1933796
208,0,1,0.5012468,0.0049872994,0.6607176065444946,0.0027011747,-5.9113636,0.9997924,8.479692
209,0,0,0.49997252,-0.000109917004,0.5989524722099304,2.2758655e-05,-10.690542,0.9999223,9.463022
210,1,0,0.4998927,-0.0004291263,0.6323015093803406,0.9996203,7.8758535,0.0001651322,-8.708599
211,1,1,0.5000898,0.00035935143,0.7515126466751099,0.9997054,8.129502,0.00047425652,-7.653288
212,0,1,0.70719755,0.8818119,1.0,0.999345,7.3301673,0.4150501,-0.343127
213,0,0,0.49988094,-0.00047629492,0.7161527872085571,1.54903e-05,-11.075281,0.9997464,8.279339
214,0,1,0.580896,0.32645273,1.0,0.99998987,11.498232,0.16180219,-1.6448796
215,0,0,0.499925,-0.00029997557,0.6225573420524597,1.1004531e-05,-11.417192,0.99983895,8.733599
216,0,0,0.4999778,-8.875525e-05,0.7100067138671875,6.8509245e-05,-9.588473,0.9998871,9.089538
217,0,0,0.4999064,-0.00037438725,0.7873747944831848,6.4108094e-06,-11.957519,0.99980634,8.548846
218,0,1,0.8821297,2.0127544,1.0,0.98343325,4.083654,0.7808262,1.2704877
219,0,0,0.49989685,-0.00041254924,0.7696838974952698,1.0481573e-05,-11.465881,0.9997832,8.436535
220,0,1,0.5611208,0.24571201,1.0,0.9999869,11.243172,0.12225473,-1.9712496
221,0,0,0.49999636,-1.4543639e-05,0.6950095891952515,0.00039560444,-7.8347,0.99959713,7.816605
222,0,0,0.4999142,-0.00034326245,0.6208125352859497,4.5413426e-06,-12.302283,0.99982387,8.64386
223,1,0,0.49818245,-0.007270296,0.5644153952598572,0.9961204,5.5481386,0.00024449328,-8.316078
224,0,0,0.4998802,-0.00047921695,0.6430168151855469,8.633836e-06,-11.659813,0.99975175,8.300912
225,1,1,0.5000721,0.00028844486,0.7354986071586609,0.99993134,9.586437,0.00021292266,-8.454369
226,0,0,0.49994642,-0.00021436128,0.666144609451294,0.00011867407,-9.039011,0.99977416,8.395199
227,1,1,0.5000894,0.0003576831,0.6909864544868469,0.99996567,10.280298,0.00021310423,-8.453516
228,0,0,0.49992308,-0.00030760726,0.8253465294837952,8.190361e-06,-11.712544,0.999838,8.728245
229,1,1,0.5001499,0.0005996813,0.7239995002746582,0.99997604,10.639849,0.00032381937,-8.035001
230,0,0,0.49995545,-0.00017829338,0.412212997674942,0.00017276139,-8.663426,0.99973816,8.247563
231,0,1,0.9290289,2.5718675,1.0,0.9999697,10.404966,0.85808814,1.7995012
232,1,0,0.48367465,-0.06532466,1.0,7.687146e-05,-9.473299,0.9672724,3.3862624
233,1,0,0.49972504,-0.0010998334,0.6832194328308105,0.99913424,7.051035,0.00031586696,-8.059874
234,0,1,0.90606475,2.266505,1.0,0.8694597,1.8961897,0.94266987,2.7998896
235,0,0,0.48407286,-0.063730136,1.0,0.8828349,2.0195541,0.085310824,-2.372283
236,0,1,0.8386624,1.648309,1.0,0.98779804,4.393877,0.6895267,0.7979076
237,0,1,0.957579,3.116765,1.0,0.9998332,8.698845,0.91532475,2.3804555
238,0,1,0.8424424,1.6765141,0.7817572355270386,0.6851162,0.77738446,0.9997687,8.371599
239,0,1,0.63353926,0.5474306,1.0,0.999912,9.337966,0.26716647,-1.0090466
240,0,0,0.49975625,-0.00097507075,0.6809616684913635,1.1633474e-05,-11.361612,0.9995009,7.602051
241,0,1,0.9351964,2.6693954,0.6558666229248047,0.8705934,1.9062154,0.99979943,8.514246
242,1,1,0.5000757,0.00030274576,0.6899176836013794,0.9999627,10.197686,0.0001886722,-8.575311
243,0,0,0.49991915,-0.00032334786,0.946342408657074,1.010003e-05,-11.502962,0.9998282,8.669476
244,1,1,0.5000848,0.0003392121,0.6513164639472961,0.99999154,11.676356,0.00017813621,-8.632784
245,0,0,0.499899,-0.00040396265,0.6737130880355835,3.8754606e-05,-10.158222,0.99975926,8.331495
246,1,1,0.50014746,0.0005897928,0.807179868221283,0.99998856,11.381868,0.00030634762,-8.090484
247,1,0,0.48643503,-0.054273143,1.0,0.014593052,-4.212509,0.958277,3.134084
248,1,1,0.50011355,0.00045420343,0.7572974562644958,0.9999509,9.921797,0.00027626165,-8.193886
249,1,1,0.50011593,0.0004637358,0.7439686059951782,0.99998,10.820249,0.0002519104,-8.286185
250,1,1,0.50008583,0.00034326382,0.7408866286277771,0.9999646,10.248911,0.00020703272,-8.482427
251,0,1,0.673865,0.72571844,1.0,0.9995522,7.7107224,0.34817782,-0.6270584
252,1,1,0.5001049,0.00041964784,0.8538671135902405,0.99998784,11.312801,0.00022192534,-8.412948
253,1,0,0.49461746,-0.02153099,0.7350401878356934,0.98904175,4.5026426,0.00019318222,-8.551683
254,0,1,0.50002587,0.00010346831,0.8727908730506897,0.00020642955,-8.485345,0.99984527,8.77404
255,1,1,0.5001383,0.00055309734,0.6510918140411377,0.999961,10.151981,0.0003155608,-8.060843
256,0,1,0.56022054,0.24205716,1.0,0.999632,7.9070926,0.120809056,-1.9847908
257,0,1,0.6887944,0.7944889,1.0,0.96891195,3.4393494,0.40867683,-0.36943784
258,1,1,0.5001172,0.00046874027,0.6307514309883118,0.9999459,9.824105,0.00028853657,-8.1504
259,0,0,0.49987403,-0.000503965,0.7303480505943298,4.3952537e-06,-12.334981,0.99974364,8.268644
260,1,0,0.49990785,-0.00036860345,0.43420132994651794,0.999734,8.231558,8.170619e-05,-9.412299
261,0,1,0.6468956,0.60542107,0.7029969692230225,0.29389212,-0.8765553,0.999899,9.200905
262,1,1,0.5001623,0.0006492414,0.7176974415779114,0.99998987,11.500122,0.00033477964,-8.001703
263,0,0,0.48057452,-0.07774111,1.0,0.90716064,2.279449,0.053988416,-2.8634853
264,1,1,0.5001164,0.00046564225,0.612360954284668,0.9999888,11.394998,0.00024406103,-8.317848
265,0,0,0.49987665,-0.00049346936,0.6427332758903503,8.9415635e-06,-11.624791,0.99974436,8.271648
266,1,1,0.5001146,0.000458493,0.6543810963630676,0.9999778,10.715335,0.00025141105,-8.28817
267,0,1,0.5081054,0.032424483,1.0,0.9995159,7.6328077,0.016694885,-4.075817
268,1,1,0.5000692,0.00027676567,0.714434802532196,0.99991,9.31602,0.00022839407,-8.38421
269,1,1,0.50015897,0.00063589856,0.721147894859314,0.9999765,10.657402,0.00034136046,-7.98223
270,0,1,0.5002134,0.00085353176,0.7027695775032043,0.00052592537,-7.549825,0.9999008,9.218554
271,0,0,0.49991426,-0.0003429047,0.7859799861907959,2.3470911e-05,-10.659725,0.99980503,8.542074
272,0,0,0.4999525,-0.00019003767,0.7861200571060181,1.4333074e-05,-11.152926,0.9998907,9.121396
273,0,1,0.5769376,0.31021446,1.0,0.9999572,10.057916,0.15391801,-1.7041962
274,1,0,0.4990743,-0.0037026922,0.6353012323379517,0.9979225,6.174469,0.00022615063,-8.394083
275,1,0,0.4962729,-0.014908629,0.6974186897277832,0.9922357,4.8504367,0.00031007497,-8.078386
276,0,1,0.7472958,1.0842414,1.0,0.99988735,9.091584,0.49470425,-0.021183804
277,0,1,0.78892726,1.3184713,1.0,0.9884222,4.4470243,0.5894323,0.36161903
278,1,1,0.5000924,0.0003695997,0.6169756650924683,0.9999864,11.206763,0.00019831482,-8.525456
279,0,0,0.49992868,-0.00028518928,0.7554283142089844,9.605039e-06,-11.553213,0.99984777,8.789829
280,1,1,0.50008345,0.0003337303,0.757992684841156,0.99999285,11.84274,0.0001741027,-8.655691
281,1,1,0.5001011,0.00040439534,0.6402228474617004,0.9999896,11.47688,0.00021260863,-8.455845
282,1,1,0.5000559,0.00022361163,0.6874375939369202,0.99988747,9.092716,0.00022435945,-8.402037
283,1,0,0.49708664,-0.01165353,0.6932857632637024,0.9939627,5.103749,0.00021057604,-8.465453
284,1,0,0.47345555,-0.10627775,1.0,0.30159584,-0.83971,0.6453153,0.59850955
285,0,1,0.5287324,0.11505648,1.0,0.9996408,7.931324,0.05782404,-2.7907875
286,0,1,0.6910367,0.80497044,1.0,0.95500267,3.0551126,0.4270707,-0.29381284
287,0,0,0.49996924,-0.00012303155,0.45522525906562805,4.127171e-05,-10.095292,0.99989724,9.183679
288,1,1,0.50019836,0.00079349976,0.779719352722168,0.9999759,10.634576,0.00042082544,-7.7728715
289,1,1,0.50013417,0.0005366554,0.6176655888557434,0.99999,11.505785,0.00027834764,-8.186361
290,0,1,0.5004305,0.0017220443,0.6186002492904663,0.0009793134,-6.927679,0.99988174,9.042423
291,1,1,0.5000944,0.0003777029,0.6493502855300903,0.9999598,10.12372,0.00022894458,-8.381802
292,0,0,0.49994698,-0.00021215543,0.7449288368225098,1.6142814e-05,-11.034019,0.9998778,9.009957
293,0,0,0.4999501,-0.00019957626,0.8445053696632385,1.1212364e-05,-11.398482,0.999889,9.106651
294,1,0,0.3783428,-0.4965881,0.562711238861084,0.7565343,1.1337717,0.00015134425,-8.795802
295,0,1,0.5227742,0.09115995,0.6011512279510498,0.04565539,-3.0399032,0.99989307,9.143204
296,1,0,0.48902836,-0.043893635,0.6131388545036316,0.9778716,3.7885187,0.00018515174,-8.59415
297,0,1,0.5726259,0.29257277,0.6188883781433105,0.1453453,-1.7715852,0.9999064,9.276101
298,0,1,0.5014845,0.0059380312,0.8367288708686829,0.0032073578,-5.739095,0.99976164,8.341562
299,0,0,0.49995336,-0.00018652032,0.48823514580726624,2.8538998e-05,-10.4642105,0.99987817,9.013277
300,1,1,0.5000896,0.0003583981,0.6487857103347778,0.99993074,9.577115,0.00024845763,-8.29999
301,1,0,0.4998303,-0.0006787696,0.6573784351348877,0.99949217,7.584949,0.00016842873,-8.688829
302,1,1,0.5001486,0.00059432007,0.8321099877357483,0.9999932,11.9002,0.00030398808,-8.098218
303,1,0,0.46722355,-0.13129413,0.6522670984268188,0.93421197,2.6532655,0.00023511522,-8.3552
304,1,0,0.38916662,-0.4508167,1.0,5.713946e-05,-9.7699585,0.7782761,1.2556484
305,1,1,0.5000678,0.0002710452,0.6994860172271729,0.9998084,8.559838,0.00032711835,-8.024861
306,1,0,0.38053536,-0.4872765,1.0,0.006283685,-5.063495,0.754787,1.1243087
307,0,1,0.7511027,1.104502,1.0,0.99998486,11.100647,0.5022205,0.008882031
308,1,1,0.5001177,0.00047088502,0.8174369931221008,0.99996984,10.408703,0.00026554632,-8.233456
309,1,1,0.67539513,0.7326892,1.0,0.8834106,2.0251317,0.46737972,-0.13066663
310,0,1,0.64075685,0.57865053,1.0,0.9823523,4.019345,0.29916143,-0.8512943
311,1,0,0.48979962,-0.040807176,0.46133074164390564,0.979393,3.861301,0.00020621906,-8.486365
312,1,1,0.50009567,0.00038270777,0.8865785002708435,0.9999616,10.166336,0.0002297136,-8.378448
313,1,0,0.49107307,-0.03571152,0.7147033214569092,0.9819577,3.996829,0.00018849256,-8.576263
314,1,1,0.50006455,0.000258174,0.5602816939353943,0.9999721,10.488788,0.00015696739,-8.7593155
315,1,1,0.5001457,0.0005826444,0.7724807262420654,0.9999801,10.821627,0.0003112057,-8.074745
316,0,0,0.49991432,-0.00034278544,0.6797990202903748,1.464297e-05,-11.131536,0.999814,8.589211
317,1,1,0.50007325,0.0002929735,0.5755128860473633,0.9999769,10.672665,0.0001696102,-8.681838
318,0,1,0.50007534,0.00030131568,0.5840663909912109,0.00028536527,-8.161455,0.9998653,8.912498
319,1,1,0.50010854,0.00043418517,0.6433176398277283,0.99998176,10.91397,0.00023527442,-8.354523
320,1,1,0.5000135,5.3881147e-05,0.6727586388587952,0.99987483,8.986067,0.00015215107,-8.790484
321,0,1,0.54398555,0.17639816,1.0,0.99996674,10.309852,0.0880044,-2.3382483
322,0,1,0.5217702,0.087135755,1.0,0.9984143,6.4451647,0.045126036,-3.05212
323,0,1,0.5007268,0.0029073374,0.6325382590293884,0.0016088203,-6.430644,0.9998448,8.770889
324,0,0,0.49995252,-0.00018985881,0.7193684577941895,1.1999757e-05,-11.330612,0.99989307,9.143131
325,1,0,0.20564266,-1.3513935,1.0,5.4600627e-05,-9.815411,0.4112307,-0.35887986
326,0,1,0.654673,0.63964397,0.757450520992279,0.30949086,-0.8025007,0.99985516,8.839819
327,0,1,0.5789977,0.31866005,1.0,0.24576844,-1.1213095,0.9122269,2.3411338
328,1,1,0.5000967,0.00038675935,0.6462045311927795,0.9999261,9.512129,0.00026728958,-8.226911
329,1,1,0.50012,0.00047994062,0.74681556224823,0.9999893,11.446489,0.00025066524,-8.2911415
330,0,0,0.49994308,-0.00022771567,0.7154172658920288,7.4079167e-06,-11.812954,0.99987876,9.017904
331,0,1,0.53818226,0.15302697,1.0,0.9997075,8.136976,0.076656945,-2.4886606
332,1,1,0.50011027,0.0004410963,0.5768144130706787,0.99998283,10.969602,0.00023764523,-8.344494
333,1,1,0.5000609,0.0002436341,0.6290030479431152,0.999821,8.6277685,0.0003008113,-8.1087265
334,1,0,0.49982038,-0.00071855367,0.6801367402076721,0.9993788,7.383276,0.0002619587,-8.247062
335,0,1,0.5158878,0.06357262,1.0,0.99977237,8.387684,0.03200326,-3.409391
336,0,0,0.49994162,-0.00023361789,0.7105823159217834,1.48455165e-05,-11.117798,0.9998684,8.935526
337,1,1,0.5001493,0.0005971794,0.8000629544258118,0.99998784,11.31308,0.00031073816,-8.076249
338,0,1,0.53240675,0.12980896,0.8538619875907898,0.0649767,-2.6665428,0.9998368,8.720678
339,0,1,0.6290804,0.5282738,1.0,0.31802773,-0.7628504,0.94013304,2.7538967
340,0,1,0.9526537,3.0017629,1.0,0.99989986,9.209196,0.90540755,2.2588077
341,1,1,0.5000856,0.0003423105,0.5643749833106995,0.9999639,10.229218,0.00020736441,-8.480825
342,1,1,0.50009876,0.00039510074,0.6435849070549011,0.9999763,10.64669,0.0002213098,-8.415726
343,0,1,0.5030623,0.01224936,0.7725028991699219,0.0062997867,-5.06092,0.9998248,8.649197
344,0,0,0.49988306,-0.00046776742,0.821498692035675,9.607723e-06,-11.552934,0.9997565,8.320201
345,1,0,0.48955363,-0.04179156,0.6643279194831848,0.97892696,3.8384624,0.00018028721,-8.620779
346,1,0,0.49979922,-0.0008030777,0.6189993023872375,0.99933165,7.310072,0.00026676434,-8.228878
347,1,1,0.500077,0.00030798936,0.6076542139053345,0.99998116,10.881341,0.00017286933,-8.662802
348,0,1,0.6793362,0.75072294,0.7549065947532654,0.35882196,-0.5804808,0.9998504,8.807691
349,0,1,0.9877953,4.393654,0.7217937707901001,0.9757606,3.6952367,0.99983,8.679918
350,1,1,0.5000743,0.0002972638,0.5841012001037598,0.9999858,11.166397,0.0001627808,-8.722943
351,1,1,0.5001049,0.00041964784,0.6458431482315063,0.99998236,10.942556,0.00022749843,-8.38814
352,1,1,0.5000467,0.00018666433,0.6826695799827576,0.99989927,9.202654,0.00019412172,-8.546831
353,0,0,0.49994248,-0.0002301004,0.6773900985717773,4.3958235e-06,-12.334851,0.99988055,9.032778
354,1,0,0.4011994,-0.40047008,1.0,0.00013982794,-8.874958,0.80225897,1.4004731
355,0,0,0.49990106,-0.00039579356,0.7070805430412292,8.986709e-06,-11.619755,0.9997931,8.483225
356,0,1,0.5145972,0.05840526,1.0,0.98801816,4.4123116,0.041176252,-3.1478455
357,0,0,0.49993673,-0.00025311337,0.630631685256958,1.3186417e-05,-11.23631,0.9998603,8.876024
358,1,0,0.49901128,-0.0039548893,0.7818188071250916,0.9978411,6.136014,0.00018140771,-8.614582
359,0,0,0.49987483,-0.0005006851,0.5267332196235657,1.0296532e-05,-11.483693,0.99973935,8.252325
360,1,1,0.5002089,0.0008356655,0.794882595539093,0.99999154,11.676733,0.0004263452,-7.759835
361,1,1,0.5000831,0.0003323003,0.5576099753379822,0.99997425,10.566117,0.00019186786,-8.558512
362,1,1,0.50008714,0.0003486264,0.8266626596450806,0.99991024,9.318106,0.000264017,-8.239233
363,1,0,0.3992793,-0.40846893,1.0,0.77796835,1.253866,0.02059026,-3.8621318
364,1,0,0.49993137,-0.00027457668,0.6858192086219788,0.9996437,7.9393425,0.00021904592,-8.42601
365,1,1,0.5000015,5.9604467e-06,0.7956962585449219,0.9997969,8.501897,0.00020602724,-8.487296
366,0,1,0.50675327,0.027014762,1.0,0.99965286,7.9654803,0.013853657,-4.2652555
367,1,0,0.44875416,-0.20570564,1.0,1.8164397e-05,-10.916029,0.89749014,2.1696432
368,0,0,0.49992037,-0.00031851835,0.5041858553886414,1.5341373e-05,-11.084942,0.9998254,8.652803
369,0,1,0.59721285,0.39386532,1.0,0.9999429,9.770204,0.19448279,-1.4211409
370,1,1,0.5000713,0.00028510796,0.5387769937515259,0.9999107,9.323654,0.0002318305,-8.369272
371,1,1,0.5000877,0.0003507714,0.7397275567054749,0.99998176,10.912504,0.00019361058,-8.549468
372,0,1,0.5027452,0.010981009,0.6705425977706909,0.0057192547,-5.158181,0.9997712,8.382311
373,1,1,0.5000727,0.00029082838,0.644456684589386,0.9999813,10.887175,0.00016417983,-8.714384
374,1,1,0.5001295,0.00051806855,0.784570574760437,0.9999825,10.952627,0.00027658584,-8.192713
375,1,0,0.49983916,-0.00064334105,0.8717041611671448,0.99930286,7.267888,0.00037546654,-7.8869658
376,1,0,0.36098823,-0.57107747,1.0,0.022045739,-3.7923436,0.6999307,0.84696794
377,0,1,0.94096875,2.768843,1.0,0.99955744,7.722407,0.88238007,2.0151641
378,0,0,0.4999284,-0.0002863221,0.6325998306274414,1.7313405e-05,-10.964012,0.99983954,8.737216
379,1,1,0.5001057,0.00042274597,0.5498318076133728,0.9999896,11.474468,0.00022176755,-8.413659
380,1,1,0.50010204,0.0004082085,0.7761111259460449,0.9999825,10.951526,0.0002215847,-8.414484
381,1,1,0.50005394,0.00021574555,0.7121203541755676,0.9998246,8.647791,0.00028324287,-8.168922
382,0,1,0.89216757,2.1130755,1.0,0.99984515,8.77322,0.78449,1.2920264
383,0,1,0.51573366,0.06295538,0.47508367896080017,0.031651445,-3.4208083,0.9998159,8.599312
384,1,1,0.5000768,0.00030703598,0.655119001865387,0.9999031,9.241797,0.0002504734,-8.291907
385,0,0,0.49995723,-0.00017113957,0.6180151104927063,9.333349e-06,-11.581907,0.9999051,9.263168
386,0,1,0.5881953,0.3565099,1.0,0.9999819,10.920907,0.17640877,-1.5408704
387,0,0,0.49991342,-0.0003462437,0.7828221917152405,7.982776e-06,-11.738216,0.99981886,8.615998
388,1,1,0.50007117,0.00028463127,0.5684220790863037,0.9999852,11.121532,0.0001570972,-8.758489
389,1,1,0.5001196,0.0004785108,0.7467053532600403,0.9999881,11.33591,0.00025121315,-8.288958
390,1,1,0.50007504,0.00030012394,0.5659434795379639,0.99997497,10.59709,0.00017512664,-8.649826
391,1,1,0.5000949,0.00037960953,0.7775086760520935,0.9999647,10.252914,0.0002250665,-8.39889
392,0,1,0.51437366,0.05751046,1.0,0.9999542,9.992918,0.028793067,-3.518405
393,0,1,0.50331855,0.013274388,0.5337411761283875,0.00697492,-4.958435,0.99966216,7.9924493
394,0,1,0.9671475,3.3823242,1.0,0.9999784,10.742329,0.93431664,2.6549697
395,1,0,0.3844758,-0.47059336,1.0,0.0020495465,-6.188085,0.766902,1.1909001
396,0,0,0.4998656,-0.0005376592,0.6916607618331909,2.1304644e-05,-10.756564,0.9997099,8.14502
397,0,0,0.4999375,-0.0002498939,0.7113825678825378,1.2572885e-05,-11.283956,0.99986243,8.891829
398,0,0,0.49992424,-0.0003030163,0.7467848062515259,2.257085e-05,-10.698829,0.9998259,8.655319
399,1,1,0.5000872,0.00034886473,0.6959441304206848,0.99996936,10.394995,0.00020503976,-8.492102
400,0,0,0.49994272,-0.0002291465,0.6268270611763,5.628963e-06,-12.08758,0.99987984,9.027147
401,1,1,0.5000915,0.00036602473,0.7034383416175842,0.9999478,9.859988,0.00023517213,-8.354958
402,1,0,0.48925483,-0.04298726,1.0,0.00014354209,-8.848739,0.97836614,3.8116245
403,0,0,0.49988282,-0.00046872156,0.5895442366600037,1.5181713e-05,-11.095404,0.99975044,8.295681
404,1,1,0.50022596,0.0009037939,0.707949697971344,0.9999763,10.6475,0.00047561896,-7.650418
405,0,0,0.49984598,-0.00061608455,0.7212296724319458,1.1792006e-05,-11.348077,0.99968016,8.047213
406,0,1,0.5038532,0.015413099,0.7481816411018372,0.007830719,-4.8418393,0.99987566,8.99239
407,0,1,0.5152017,0.060825545,0.7602995038032532,0.030772535,-3.4498768,0.9996308,7.9038773
408,1,0,0.49816898,-0.007324213,0.7024872303009033,0.9961959,5.5678644,0.00014206575,-8.859078
409,0,1,0.5002257,0.0009028411,0.6272664070129395,0.0006118787,-7.3983645,0.99983954,8.737723
410,1,1,0.5000499,0.00019953644,0.8269543051719666,0.9999627,10.194922,0.00013714917,-8.894304
411,0,0,0.49986404,-0.0005438614,0.6367212533950806,6.3522093e-06,-11.9667015,0.9997217,8.186674
412,1,1,0.5001239,0.00049566856,0.7689653635025024,0.9999677,10.341738,0.0002801402,-8.17994
413,0,0,0.49996045,-0.00015826286,0.8217348456382751,3.5229496e-05,-10.253592,0.9998857,9.076043
414,1,1,0.72711766,0.9800476,1.0,0.7919618,1.3367915,0.6622735,0.67344236
415,0,1,0.8302858,1.5876541,1.0,0.99998176,10.91442,0.66058975,0.6659234
416,1,1,0.5001138,0.00045515667,0.8532435297966003,0.9999896,11.478205,0.00023789282,-8.343452
417,1,1,0.5000824,0.0003294402,0.4915928542613983,0.9999747,10.587873,0.00018997282,-8.5684395
418,0,1,0.78414565,1.2899909,1.0,0.9898392,4.5790086,0.5784521,0.3164225
419,0,0,0.49989876,-0.0004049167,0.6231995224952698,2.2286806e-05,-10.7114935,0.99977523,8.400172
420,1,0,0.45864367,-0.16580409,0.5654500126838684,0.91713285,2.4040134,0.00015452404,-8.775006
421,1,1,0.5000746,0.00029845553,0.7431911826133728,0.99997616,10.642492,0.00017312994,-8.661295
422,0,1,0.7059618,0.8758516,0.7416410446166992,0.4121696,-0.35500342,0.999754,8.310034
423,0,0,0.499947,-0.00021197658,0.7045251727104187,1.965901e-05,-10.836955,0.99987435,8.982153
424,0,0,0.49994606,-0.0002157921,0.5882037281990051,2.2299198e-05,-10.7109375,0.9998698,8.9465685
425,0,0,0.49988917,-0.00044337803,0.9390785694122314,1.1317126e-05,-11.389182,0.999767,8.364177
426,0,1,0.5044056,0.017622912,0.7363626956939697,0.008967307,-4.705162,0.99984396,8.765617
427,0,1,0.58880806,0.35904014,1.0,0.9942648,5.1553793,0.18335128,-1.4938052
428,1,0,0.49786213,-0.00855158,0.46842384338378906,0.99561125,5.4243073,0.00011300451,-9.08797
429,0,1,0.5016416,0.0065662577,0.7887916564941406,0.003398763,-5.680939,0.99988437,9.064823
430,1,1,0.5001027,0.00041083002,0.7141218781471252,0.9999784,10.74132,0.00022698882,-8.390383
431,1,0,0.49971923,-0.0011229857,0.7264765501022339,0.99922335,7.159772,0.00021508473,-8.444263
432,1,0,0.4999873,-5.0784445e-05,0.7310030460357666,0.9997353,8.236559,0.00023929388,-8.337579
433,1,0,0.4998897,-0.00044111203,0.6659238934516907,0.999592,7.8036976,0.00018738942,-8.582134
434,0,1,0.51418465,0.056753863,1.0,0.9998653,8.912729,0.028504007,-3.5287924
435,0,1,0.79553366,1.3586098,1.0,0.9999263,9.516601,0.59114105,0.36868432
436,0,1,0.58853984,0.3579324,1.0,0.9999758,10.629936,0.17710388,-1.5360936
437,1,1,0.5001574,0.0006297036,0.707168459892273,0.99998903,11.418533,0.0003257599,-8.029024
438,1,1,0.50007796,0.0003118029,0.7089415192604065,0.99998605,11.178271,0.0001698672,-8.680324
439,0,1,0.7613733,1.1602232,1.0,0.900255,2.2000618,0.6224916,0.50013745
440,1,0,0.4999772,-9.113966e-05,0.6409003734588623,0.9997278,8.208852,0.00022659074,-8.3921385
441,0,1,0.62216705,0.49875644,0.4404335618019104,0.24454352,-1.1279289,0.9997906,8.471122
442,1,1,0.50007343,0.00029368856,0.8550999164581299,0.9999877,11.304945,0.0001591653,-8.745408
443,0,1,0.5394027,0.1579384,0.660728931427002,0.07905162,-2.455303,0.9997538,8.308775
444,1,0,0.49914327,-0.0034269933,0.5883200168609619,0.99809843,6.263198,0.00018808754,-8.578415
445,1,1,0.5001031,0.00041249825,0.6160871982574463,0.9999863,11.198109,0.00021993618,-8.421953
446,0,0,0.49985504,-0.0005798232,0.7696743607521057,2.5492744e-05,-10.577091,0.9996846,8.061193
447,0,1,0.53603643,0.14439608,0.636416494846344,0.07234937,-2.5511484,0.9997235,8.193245
448,0,0,0.49989954,-0.00040193528,0.8696384429931641,3.434059e-05,-10.279148,0.99976474,8.3544655
449,1,0,0.47544727,-0.09828993,0.7927124500274658,0.95050764,2.955178,0.00038689334,-7.8569746
450,0,0,0.49996495,-0.00014019995,0.7354076504707336,1.4572148e-05,-11.136384,0.99991536,9.376454
451,0,0,0.49990416,-0.00038339096,0.771509051322937,8.743293e-06,-11.647215,0.99979955,8.514518
452,0,1,0.50350636,0.014025691,1.0,0.9999702,10.419737,0.0070424955,-4.948725
453,0,1,0.9016061,2.2151988,1.0,0.9999536,9.978586,0.80325854,1.4067861
454,1,1,0.5001904,0.00076145737,0.6803915500640869,0.9999844,11.069262,0.00039639624,-7.8327
455,1,1,0.5000622,0.00024887803,0.5480737090110779,0.9999683,10.35804,0.00015614992,-8.764538
456,0,1,0.5100695,0.040283367,1.0,0.99979883,8.511147,0.02034017,-3.8746076
457,0,0,0.49989995,-0.0004001464,0.6572766304016113,1.2635123e-05,-11.279017,0.9997873,8.455069
458,0,0,0.49994802,-0.00020792261,0.6151601672172546,5.0081697e-05,-9.901805,0.999846,8.7782135
459,0,0,0.49993426,-0.00026295066,0.7606942057609558,1.2180542e-05,-11.315659,0.99985635,8.848288
460,0,1,0.9420552,2.7885735,1.0,0.9990933,7.004753,0.8850172,2.0408244
461,0,0,0.4998253,-0.00069881056,0.6636736989021301,5.1334697e-05,-9.877092,0.9995993,7.821704
462,0,1,0.5000079,3.170917e-05,0.845482349395752,0.00018531407,-8.593273,0.9998305,8.682453
463,1,1,0.5001125,0.00044991384,0.8273664712905884,0.9998944,9.1561,0.0003306113,-8.014236
464,0,0,0.49992785,-0.0002885281,0.5680913925170898,1.0804332e-05,-11.435553,0.9998449,8.771438
465,0,1,0.8502004,1.7361737,1.0,0.9992829,7.2395515,0.701118,0.85262734
466,0,0,0.4999057,-0.00037718972,0.4188460409641266,1.2601369e-05,-11.2816925,0.99979883,8.511309
467,0,1,0.5600764,0.24147221,0.6283705234527588,0.12030442,-1.9895505,0.99984837,8.79387
468,0,1,0.5147099,0.058856517,0.7845177054405212,0.029691856,-3.4867408,0.9997279,8.208952
469,0,0,0.49993765,-0.0002493573,0.713615357875824,3.601123e-05,-10.231644,0.9998393,8.736277
470,1,0,0.3808556,-0.48591834,0.6802706718444824,0.76142013,1.160481,0.000291033,-8.141783
471,1,1,0.50014347,0.00057382806,0.8263705968856812,0.99997056,10.433519,0.00031642694,-8.058102
472,0,0,0.499917,-0.00033193376,0.628886342048645,2.21952e-05,-10.715612,0.9998118,8.577999
473,1,0,0.48218238,-0.07130063,0.6821951270103455,0.9640869,3.2900784,0.000277851,-8.188148
474,1,1,0.50005144,0.00020573408,0.6514998078346252,0.9999696,10.400846,0.00013333467,-8.922515
475,0,1,0.53040177,0.12175725,1.0,0.9999926,11.810498,0.060810886,-2.737248
476,1,1,0.5000312,0.00012468515,0.6610196232795715,0.99990356,9.246699,0.00015878104,-8.747826
477,1,0,0.4506856,-0.197901,1.0,6.615023e-05,-9.623516,0.901305,2.2118096
478,0,0,0.4999509,-0.0001964762,0.6988976001739502,1.6668564e-05,-11.001969,0.9998851,9.071468
479,1,0,0.49838442,-0.0064623696,0.4918540418148041,0.9966241,5.6877174,0.00014474847,-8.840368
480,0,1,0.9160468,2.389808,1.0,0.99963975,7.928293,0.83245385,1.6031189
481,1,0,0.49813637,-0.0074545145,0.7372273802757263,0.9960859,5.5392313,0.00018688854,-8.584811
482,0,1,0.50321925,0.012877166,0.8179625868797302,0.006602241,-5.013722,0.9998362,8.716597
483,0,1,0.5054946,0.021979313,1.0,0.9999418,9.751966,0.011047315,-4.494459
484,1,1,0.50018847,0.00075383374,0.8646216988563538,0.99997795,10.7200165,0.0003989677,-7.826231
485,1,0,0.2992119,-0.85105366,1.0,8.60337e-05,-9.360685,0.59833777,0.39854375
486,0,0,0.49991724,-0.00033097976,0.7439151406288147,4.6864083e-05,-9.968212,0.9997876,8.457085
487,1,1,0.5000859,0.00034350218,0.6585218906402588,0.9999286,9.547914,0.00024317694,-8.321478
488,0,0,0.4998819,-0.00047247842,0.5703973174095154,8.009779e-06,-11.734839,0.9997558,8.317518
489,1,1,0.500094,0.0003760346,0.6694976091384888,0.9999777,10.71006,0.00021029993,-8.466765
490,1,1,0.500094,0.0003760346,0.6248447895050049,0.9999788,10.76101,0.00020924567,-8.471792
491,0,0,0.49976793,-0.0009283559,0.7656797766685486,1.4113246e-05,-11.168383,0.99952173,7.6448517
492,0,1,0.90948534,2.307367,1.0,0.9999517,9.938057,0.8190189,1.5097146
493,1,0,0.49999976,-9.536748e-07,0.6628512144088745,0.99979836,8.508466,0.0002011773,-8.511123
494,0,1,0.92632556,2.5315697,1.0,0.9956573,5.4349194,0.85699373,1.7905424
495,1,1,0.50006086,0.00024339574,0.5485737323760986,0.99997187,10.477711,0.00014984641,-8.80575
496,1,0,0.2192623,-1.2699704,0.7314112782478333,0.43824005,-0.24830768,0.00028456215,-8.164274
497,0,1,0.78471917,1.2933825,1.0,0.99998796,11.323563,0.5694504,0.27960917
498,1,0,0.48994735,-0.040216096,1.0,2.073961e-05,-10.783444,0.97987396,3.8854077
499,0,0,0.4999259,-0.0002963386,0.6928499937057495,8.230841e-05,-9.404955,0.9997695,8.375261
500,0,0,0.49988437,-0.0004625198,0.9460092782974243,8.055274e-06,-11.729176,0.9997607,8.337513
501,1,1,0.50004685,0.00018737945,0.6113174557685852,0.9999546,10.000407,0.00013910171,-8.880166
502,0,0,0.49995258,-0.00018973959,0.8361852169036865,7.779896e-06,-11.76396,0.99989736,9.183975
503,0,0,0.49992225,-0.00031094617,0.7049588561058044,1.0878577e-05,-11.428704,0.9998336,8.700855
504,1,1,0.5001172,0.00046874027,0.7445525527000427,0.99999094,11.613936,0.00024339872,-8.320566
505,1,1,0.50008756,0.00035029475,0.633349597454071,0.99995303,9.965612,0.00022211712,-8.412084
506,0,1,0.6981998,0.83874017,1.0,0.9999826,10.955457,0.39641705,-0.42041665
507,1,0,0.49997008,-0.000119693286,0.4848403334617615,0.9998061,8.547991,0.00013407451,-8.916981
508,0,1,0.733012,1.0099585,1.0,0.64943606,0.6165612,0.816588,1.4933996
509,1,0,0.4996688,-0.0013246962,0.8596247434616089,0.99902284,6.929929,0.0003147568,-8.0633955
510,0,1,0.50226194,0.009047818,0.7324318885803223,0.0046533826,-5.3654966,0.99987054,8.952006
511,0,1,0.50671357,0.026855903,1.0,0.9973239,5.920707,0.016103253,-4.1124997
512,1,0,0.49916095,-0.0033562414,0.7162916660308838,0.9981165,6.272724,0.00020537472,-8.490469
513,1,1,0.50007105,0.00028415458,0.593141496181488,0.99997354,10.540552,0.00016860483,-8.687784
514,0,0,0.49992895,-0.0002841757,0.6684935688972473,1.535298e-05,-11.084186,0.9998425,8.755919
515,0,1,0.96145505,3.2166226,1.0,0.9999839,11.038124,0.9229262,2.4827855
516,0,0,0.4999453,-0.00021883259,0.8001599907875061,1.1251621e-05,-11.394987,0.99987936,9.0222435
517,0,0,0.49994883,-0.00020464369,0.5475329160690308,2.1267679e-05,-10.758301,0.9998764,8.998673
518,0,1,0.8956878,2.1502037,1.0,0.98614883,4.26544,0.80522674,1.4192878
519,0,0,0.499898,-0.00040813666,0.7807120084762573,5.113368e-06,-12.183647,0.99979085,8.472275
520,0,0,0.4998944,-0.00042244775,0.8233698606491089,9.537584e-06,-11.560261,0.9997793,8.418604
521,0,1,0.5248525,0.09949209,0.7460801601409912,0.050033875,-2.943726,0.9996711,8.019307
522,1,1,0.50004,0.00015996608,0.5298372507095337,0.99992466,9.493822,0.00015535182,-8.769663
523,0,1,0.5843487,0.34065112,1.0,0.84447324,1.6918956,0.32422408,-0.7344267
524,0,0,0.49993068,-0.00027725965,0.8293433785438538,7.5004364e-06,-11.800542,0.99985385,8.830791
525,0,1,0.5049262,0.019705484,1.0,0.99968433,8.060634,0.010168026,-4.578287
526,1,0,0.49984574,-0.0006170388,0.7483407258987427,0.99949324,7.5869684,0.00019826698,-8.525698
527,0,1,0.5136639,0.054669123,1.0,0.053078238,-2.8814495,0.97424954,3.633213
528,0,1,0.5854152,0.34504375,0.5188238024711609,0.1710064,-1.5785115,0.999824,8.644693
529,0,1,0.50460714,0.018429123,0.6799071431159973,0.009353627,-4.6625934,0.99986064,8.878275
530,1,0,0.4537821,-0.18540084,0.748616099357605,0.9073967,2.2822547,0.00016756995,-8.693942
531,0,1,0.5159946,0.06400031,1.0,0.9999827,10.967215,0.03200651,-3.409286
532,0,0,0.49990204,-0.0003919177,0.7513616681098938,1.9662086e-05,-10.836799,0.9997844,8.44178
533,1,1,0.50010353,0.0004141665,0.7088292241096497,0.99994826,9.868777,0.00025882982,-8.259081
534,0,0,0.4999102,-0.00035912285,0.8115111589431763,8.823219e-06,-11.638115,0.9998116,8.576561
535,1,1,0.50011694,0.00046778703,0.690275251865387,0.9999708,10.440079,0.0002630737,-8.242813
536,1,1,0.5000648,0.0002591274,0.5975834727287292,0.9999857,11.152714,0.00014393902,-8.845977
537,0,0,0.4999094,-0.0003624023,0.811275064945221,9.8435e-06,-11.528689,0.99980897,8.562982
538,0,1,0.6318308,0.54007906,1.0,0.99993026,9.571282,0.26373136,-1.026664
539,1,1,0.50004977,0.0001990597,0.6826275587081909,0.9999039,9.250009,0.00019560847,-8.5392
540,0,1,0.53435177,0.13762392,0.7997830510139465,0.06907381,-2.6010044,0.99962974,7.9009037
541,0,1,0.5010072,0.004028777,0.7197242975234985,0.0023887225,-6.034605,0.9996257,7.890242
542,0,0,0.49989802,-0.0004079578,0.7038065195083618,6.1539913e-06,-11.998404,0.9997899,8.467887
543,0,0,0.49988028,-0.0004787995,0.7197179794311523,6.1736714e-06,-11.995211,0.99975437,8.3116255
544,1,1,0.5001411,0.00056429673,0.7215768098831177,0.99998844,11.364416,0.00029370363,-8.132646
545,0,1,0.54427373,0.17755999,0.7907492518424988,0.088793315,-2.3284583,0.99975413,8.310564
546,0,1,0.96179473,3.2258277,1.0,0.9984309,6.455735,0.9251585,2.5145926
547,1,1,0.5001383,0.00055309734,0.7594865560531616,0.9999721,10.485054,0.00030451047,-8.0965
548,0,1,0.50611365,0.02445577,1.0,0.9666714,3.367443,0.0455559,-3.042189
549,0,0,0.45443016,-0.1827866,1.0,0.36177135,-0.5676842,0.547089,0.18891564
550,1,0,0.2547919,-1.0732166,1.0,0.0008251906,-7.0990705,0.5087586,0.035037927
551,1,0,0.49857038,-0.005718457,0.5688717365264893,0.9969995,5.8059816,0.00014124236,-8.864892
552,0,1,0.7355043,1.0227315,1.0,0.9999758,10.627111,0.4710329,-0.11599822
553,1,1,0.50004274,0.00017093151,0.6844823956489563,0.99982184,8.632393,0.00026366432,-8.24057
554,0,0,0.49977082,-0.0009167223,0.8046973943710327,4.0431038e-05,-10.115872,0.9995012,7.6028056
555,1,0,0.26192412,-1.0359918,1.0,0.0033253187,-5.702859,0.5205229,0.08213776
556,0,1,0.5046886,0.018755006,1.0,0.9993018,7.2662706,0.010075447,-4.5875273
557,0,1,0.5197826,0.07917173,0.7010335326194763,0.0398358,-3.1823382,0.99972945,8.214923
558,1,1,0.50007313,0.0002924968,0.6552347540855408,0.9999652,10.266455,0.0001810987,-8.616287
559,1,0,0.49983463,-0.000661413,0.6490209698677063,0.9994159,7.444805,0.00025337999,-8.280367
560,0,1,0.5305583,0.122385666,1.0,0.99971956,8.179113,0.061397005,-2.7270315
561,1,1,0.50007284,0.00029130507,0.5913512110710144,0.9999881,11.33506,0.00015754979,-8.755611
562,1,1,0.5000541,0.00021646064,0.6082544326782227,0.9999579,10.074961,0.00015034173,-8.802449
563,0,1,0.8616097,1.8287244,1.0,0.99996734,10.33103,0.723252,0.96065056
564,1,0,0.43188766,-0.27415377,1.0,0.00088539947,-7.028586,0.8628899,1.8395029
565,0,1,0.5000137,5.483477e-05,0.6364889144897461,0.00016926737,-8.683862,0.99985814,8.861004
566,1,1,0.5001099,0.00043966642,0.7202933430671692,0.9999056,9.268111,0.00031426473,-8.0649605
567,0,0,0.49995494,-0.00018026069,0.6899474263191223,3.07832e-05,-10.388511,0.9998791,9.020345
568,0,0,0.49993452,-0.00026181788,0.5991942286491394,1.0101879e-05,-11.502779,0.999859,8.866315
569,1,1,0.50006133,0.00024530262,0.47991687059402466,0.99998605,11.180109,0.00013663994,-8.898025
570,0,0,0.49994853,-0.00020595525,0.720409095287323,0.00010992215,-9.115628,0.99978715,8.454523
571,0,0,0.4999003,-0.00039871535,0.6545551419258118,1.0148895e-05,-11.498136,0.9997905,8.47058
572,1,1,0.50007886,0.00031537804,0.6469651460647583,0.9999118,9.335354,0.00024587108,-8.310457
573,1,0,0.054241702,-2.858537,0.8243983387947083,0.10826383,-2.1085992,0.00021957266,-8.423608
574,1,0,0.26694983,-1.0101534,1.0,4.686042e-05,-9.96829,0.5338528,0.13561894
575,0,0,0.4999511,-0.00019558196,0.599931001663208,9.9561785e-06,-11.517307,0.99989223,9.135845
576,0,1,0.71737677,0.9314865,1.0,0.99998605,11.177793,0.43476748,-0.2624259
577,0,0,0.49978453,-0.00086189684,0.72092205286026,7.119462e-05,-9.550022,0.9994979,7.5961514
578,1,1,0.50012785,0.00051139627,0.7509190440177917,0.99999034,11.552104,0.00026536334,-8.234145
579,1,1,0.50011396,0.0004558716,0.7591855525970459,0.99996746,10.332506,0.00026048452,-8.252707
580,1,1,0.50006866,0.00027462048,0.6285574436187744,0.9999932,11.892189,0.00014416745,-8.844391
581,1,0,0.4985957,-0.005617153,0.797591507434845,0.99700874,5.8090687,0.0001827121,-8.607416
582,1,1,0.500083,0.00033206193,0.6625338196754456,0.9999689,10.37776,0.00019714536,-8.531372
583,0,1,0.6037304,0.4210329,1.0,0.99997246,10.499275,0.20748831,-1.3401322
584,0,1,0.7497119,1.0970762,1.0,0.99969494,8.094683,0.49972883,-0.0010846257
585,0,1,0.5000468,0.00018714108,0.6389532089233398,0.00034624533,-7.9680166,0.99974734,8.283333
586,1,0,0.2889238,-0.9006166,1.0,9.333389e-05,-9.279234,0.57775426,0.31356126
587,0,1,0.5017103,0.0068412125,1.0,0.9987832,6.7102776,0.004637433,-5.368946
588,1,0,0.49991116,-0.0003553068,0.6461745500564575,0.9996332,7.910397,0.00018914953,-8.572783
589,0,0,0.49995115,-0.00019546274,0.7436039447784424,1.3063654e-05,-11.245664,0.99988925,9.108049
590,0,1,0.554715,0.21973982,1.0,0.9904186,4.638307,0.119011305,-2.0018263
591,1,1,0.50005925,0.00023696,0.7222644686698914,0.9998636,8.899662,0.00025481344,-8.274724
592,0,1,0.8082789,1.4388655,1.0,0.9997187,8.175811,0.61683905,0.47615293
593,0,0,0.4999468,-0.0002127516,0.7129198312759399,9.696169e-06,-11.54377,0.9998839,9.060659
594,0,1,0.50253844,0.010153901,1.0,0.99848014,6.487577,0.00659678,-5.014555
595,1,0,0.103086226,-2.163394,1.0,1.2218971e-05,-11.312509,0.20616023,-1.348228
596,0,0,0.49998057,-7.7727476e-05,0.7984055876731873,0.0001266997,-8.973564,0.9998344,8.70636
597,1,1,0.50007707,0.00030822773,0.5705015063285828,0.99995255,9.955177,0.00020162051,-8.508922
598,1,1,0.50010884,0.00043537674,0.7766411900520325,0.99998045,10.839694,0.00023720157,-8.346363
599,1,1,0.5000621,0.0002484013,0.5069112777709961,0.99996626,10.297107,0.00015790023,-8.753389
600,1,0,0.45542574,-0.17877164,1.0,1.2824943e-05,-11.264106,0.91083866,2.3239174
601,1,0,0.49975064,-0.0009975042,0.6152991652488708,0.9993274,7.303638,0.0001738744,-8.657003
602,0,0,0.49992114,-0.0003154179,0.7030040621757507,2.367842e-05,-10.650923,0.9998186,8.614769
603,0,0,0.4999054,-0.00037838225,0.7194990515708923,8.534405e-06,-11.671396,0.9998023,8.528673
604,1,1,0.5002639,0.001055756,0.8831204771995544,0.99997854,10.751006,0.00054934435,-7.5062356
605,0,1,0.9664262,3.3598588,1.0,0.999879,9.02019,0.9329734,2.633287
606,0,1,0.5080173,0.03207197,0.7240317463874817,0.016165724,-4.1085644,0.99986887,8.939308
607,1,1,0.5001723,0.0006892689,0.7997537851333618,0.9999329,9.608502,0.00041169536,-7.794815
608,0,1,0.54865515,0.19523838,0.4815279245376587,0.09740633,-2.2263813,0.9999039,9.250586
609,0,1,0.7410809,1.051594,1.0,0.99995196,9.94347,0.48220977,-0.07119091
610,1,1,0.50004077,0.00016306501,0.6537017822265625,0.9998913,9.127111,0.00019031296,-8.56665
611,1,0,0.49840966,-0.00636147,0.7310618162155151,0.99666363,5.6995196,0.0001556589,-8.767688
612,0,1,0.5036407,0.014563099,0.8466346263885498,0.00748097,-4.8878837,0.9998005,8.519312
613,0,0,0.49997887,-8.446335e-05,0.70957350730896,0.00016309945,-8.720987,0.99979466,8.490677
614,1,1,0.5000545,0.00021789085,0.7215636372566223,0.9998894,9.10921,0.00021962059,-8.423389
615,0,0,0.49986276,-0.00054887094,0.7655006051063538,2.7598495e-05,-10.497722,0.9996979,8.104242
616,0,0,0.4999192,-0.00032322863,0.680260181427002,2.5969168e-05,-10.558575,0.9998124,8.580757
617,0,1,0.8000206,1.386423,1.0,0.9998312,8.686695,0.60020995,0.40633994
618,0,0,0.49994886,-0.00020458407,0.7030614614486694,1.2892449e-05,-11.258856,0.99988484,9.069585
619,0,1,0.520969,0.08392509,1.0,0.99998045,10.844717,0.041957483,-3.1282353
620,1,1,0.5001014,0.00040558696,0.6747575402259827,0.9999883,11.361782,0.00021446423,-8.447153
621,1,0,0.49999133,-3.475011e-05,0.6189159750938416,0.999741,8.2586155,0.00024164552,-8.327797
622,0,1,0.5025442,0.010177029,0.7708731889724731,0.005424447,-5.2114,0.99966395,7.998007
623,0,1,0.50761694,0.030470137,1.0,0.9995987,7.8202567,0.01563518,-4.142473
624,1,0,0.23054975,-1.2052096,1.0,0.03133364,-3.431228,0.42976585,-0.28280646
625,0,1,0.51155,0.046208236,1.0,0.99885,6.7668934,0.024250027,-3.6947887
626,0,0,0.49996778,-0.00012881393,0.6766387820243835,0.00014734757,-8.822569,0.9997882,8.45998
627,1,0,0.4987144,-0.005142478,0.6572472453117371,0.9972626,5.898023,0.00016618005,-8.702272
628,1,0,0.35445118,-0.5995302,1.0,0.00027172733,-8.21044,0.7086306,0.8887428
629,1,0,0.4860666,-0.055748027,0.7866043448448181,0.9718864,3.542986,0.00024683366,-8.306549
630,0,0,0.4999218,-0.0003127945,0.7696835398674011,1.3323848e-05,-11.225942,0.99983025,8.681438
631,1,1,0.50013965,0.0005585779,0.7100239396095276,0.99997056,10.43129,0.00030876225,-8.08263
632,1,1,0.50007206,0.00028820653,0.6682300567626953,0.9999752,10.606177,0.00016895888,-8.685686
633,1,1,0.5000306,0.00012230125,0.6897117495536804,0.99975723,8.32313,0.0003039594,-8.098312
634,1,1,0.50009996,0.00039986722,0.5929312109947205,0.9999876,11.293795,0.00021232541,-8.457178
635,1,1,0.5001014,0.00040558696,0.7424001693725586,0.9999043,9.253851,0.00029852314,-8.1163645
636,1,1,0.50011015,0.00044061965,0.7763811349868774,0.9999492,9.886797,0.00027105588,-8.212914
637,0,1,0.500541,0.0021639282,0.6245937347412109,0.0012145275,-6.712185,0.99986744,8.928292
638,1,0,0.45255867,-0.19033796,0.7233281135559082,0.90486383,2.2524753,0.00025348918,-8.279936
639,1,1,0.5000926,0.00037055303,0.6577614545822144,0.99996567,10.280867,0.00021955444,-8.423691
640,1,0,0.42816412,-0.28934538,0.700391411781311,0.8560273,1.7826788,0.00030096507,-8.108215
641,0,0,0.4999508,-0.00019689352,0.6410975456237793,2.8769187e-05,-10.456177,0.9998728,8.9700365
642,0,0,0.4998621,-0.00055161427,0.7522481083869934,4.5269084e-05,-10.002841,0.99967897,8.043488
643,0,0,0.49992296,-0.00030808424,0.7853575944900513,1.5798705e-05,-11.055567,0.9998301,8.680376
644,0,0,0.4998931,-0.00042763553,0.7564131617546082,7.538464e-06,-11.795485,0.9997787,8.415716
645,1,0,0.49839097,-0.006436154,0.6484607458114624,0.99652535,5.658779,0.00025657724,-8.267824
646,1,0,0.34856495,-0.62535304,1.0,0.00029135976,-8.14066,0.69683856,0.83228827
647,1,1,0.50008047,0.0003218133,0.798501193523407,0.9999546,9.9997425,0.00020637938,-8.485588
648,1,1,0.5000892,0.0003569681,0.7227180600166321,0.9999844,11.065363,0.00019404214,-8.547241
649,0,1,0.50000477,1.9073304e-05,0.7980495691299438,0.00015310638,-8.7842245,0.9998565,8.848646
650,1,1,0.5000909,0.00036364142,0.7308172583580017,0.9999832,10.994048,0.00019854773,-8.524282
651,1,0,0.48047638,-0.07813424,1.0,0.043905158,-3.0808253,0.9170476,2.4028935
652,1,1,0.50008744,0.00034981806,0.7251721620559692,0.9999695,10.396117,0.00020543854,-8.490158
653,0,1,0.50972044,0.03888672,1.0,0.99979955,8.514719,0.019641297,-3.9102843
654,1,1,0.50009453,0.00037817957,0.6771052479743958,0.9999877,11.306181,0.00020136365,-8.510197
655,0,0,0.49991393,-0.00034427608,0.7276778221130371,6.839521e-06,-11.892786,0.999821,8.627625
656,1,1,0.5000618,0.0002472095,0.47891300916671753,0.99997365,10.546315,0.0001499123,-8.80531
657,1,0,0.49987727,-0.00049090513,0.6018893718719482,0.99957603,7.765502,0.00017850484,-8.630716
658,1,1,0.5000833,0.00033325364,0.7740867733955383,0.9999733,10.531051,0.0001934126,-8.550491
659,1,0,0.25684252,-1.0624449,1.0,0.00031000638,-8.078608,0.51337504,0.053513054
660,0,1,0.7913804,1.3332663,1.0,0.99979764,8.505433,0.5829631,0.33494934
661,0,0,0.49989626,-0.0004149344,0.7616167664527893,6.9709844e-05,-9.571099,0.9997228,8.190584
662,1,1,0.50009173,0.00036697806,0.5695733428001404,0.9999832,10.990636,0.00020028693,-8.515559
663,0,1,0.8894793,2.0854332,1.0,0.99998605,11.179126,0.77897245,1.2596881
664,0,0,0.4999814,-7.438936e-05,0.825865626335144,0.00014345945,-8.849315,0.99981934,8.618515
665,1,0,0.4967074,-0.013170465,0.7720107436180115,0.99317366,4.980112,0.00024113093,-8.329929
666,0,0,0.4999573,-0.00017078189,0.6012489795684814,1.1401852e-05,-11.381723,0.9999032,9.243036
667,0,0,0.49990225,-0.0003910233,0.7666659951210022,2.819471e-05,-10.476348,0.9997763,8.404934
668,1,1,0.5001001,0.00040034385,0.5212860703468323,0.99998784,11.316589,0.00021232257,-8.457191
669,1,0,0.46577653,-0.1371082,1.0,0.00014734027,-8.8226185,0.9314057,2.6084862
670,1,1,0.5000696,0.00027843413,0.5643060207366943,0.9999906,11.579221,0.00014861838,-8.81398
671,1,1,0.50012654,0.00050615374,0.7698550820350647,0.99996233,10.186283,0.00029072963,-8.142826
672,0,1,0.500695,0.0027799078,0.818350613117218,0.0016624595,-6.3977933,0.99972755,8.207928
673,0,1,0.5031523,0.012609399,1.0,0.99497014,5.287315,0.011334468,-4.468508
674,0,1,0.5007579,0.0030315416,0.5853608250617981,0.0016726211,-6.3916893,0.9998431,8.75974
675,0,0,0.49992365,-0.00030540122,0.4196811616420746,8.253755e-06,-11.704834,0.99983907,8.7342205
676,1,0,0.49987286,-0.0005085569,0.6296569108963013,0.9995796,7.773778,0.00016611368,-8.702672
677,0,0,0.4998922,-0.0004310941,0.7795913219451904,8.3316685e-05,-9.392778,0.9997011,8.11499
678,0,1,0.5007086,0.0028343527,0.5884126424789429,0.0016056746,-6.4326043,0.9998115,8.576253
679,1,1,0.5001546,0.0006185049,0.6510778665542603,0.99996996,10.411648,0.0003392636,-7.988394
680,0,0,0.49993443,-0.0002622352,0.800415575504303,8.67719e-06,-11.654804,0.99986017,8.874968
681,1,1,0.5000552,0.00022075123,0.4579286575317383,0.9999869,11.240927,0.00012355646,-8.998689
682,0,1,0.5011335,0.004533964,0.6156332492828369,0.0025183954,-5.9816117,0.99974865,8.288284
683,0,0,0.49995187,-0.00019260115,0.8072872161865234,9.1070815e-06,-11.606449,0.9998946,9.157948
684,0,1,0.50006604,0.0002641329,0.722480297088623,0.0002714037,-8.211632,0.99986064,8.878586
685,1,1,0.5001432,0.00057263667,0.8500158786773682,0.9999479,9.863086,0.00033840144,-7.990939
686,1,1,0.5001057,0.00042274597,0.7524964213371277,0.9999639,10.228041,0.00024751,-8.303812
687,0,0,0.4998537,-0.0005851311,0.5120204091072083,3.1657128e-05,-10.360516,0.99967575,8.033739
688,1,1,0.50006175,0.00024697115,0.6987546682357788,0.99989724,9.18306,0.00022629215,-8.393457
689,1,1,0.5000816,0.00032634177,0.6966823935508728,0.9999659,10.287697,0.00019723899,-8.530897
690,0,1,0.549027,0.19674021,1.0,0.9997259,8.201761,0.09832821,-2.2159395
691,1,1,0.50001895,7.5814234e-05,0.8170058131217957,0.9996904,8.080047,0.00034748853,-7.9644313
692,1,0,0.49499664,-0.020014038,0.6864690184593201,0.9897389,4.5690804,0.00025441655,-8.276283
693,1,1,0.5000897,0.00035887476,0.8155182600021362,0.9999534,9.973829,0.00022602324,-8.394647
694,1,1,0.50006527,0.00026103426,0.6362523436546326,0.9999516,9.93582,0.00017892676,-8.628355
695,1,1,0.5001505,0.0006020641,0.7261103987693787,0.9999869,11.238733,0.00031414043,-8.065356
696,1,0,0.49978876,-0.0008449547,0.763157069683075,0.999292,7.252348,0.0002855204,-8.160912
697,1,0,0.49991682,-0.00033276848,0.5782812833786011,0.99957126,7.7543397,0.00026235083,-8.245565
698,0,0,0.49978942,-0.0008423299,0.8607781529426575,6.7335172e-06,-11.908406,0.9995721,7.756191
699,1,1,0.50007504,0.00030012394,0.6892759799957275,0.9998919,9.132775,0.0002581511,-8.261707
700,0,1,0.517069,0.068302445,0.7961791753768921,0.034343883,-3.3363838,0.99979407,8.487784
701,1,1,0.50005835,0.00023338455,0.4712843596935272,0.9999536,9.979203,0.00016304689,-8.72131
702,1,1,0.5256151,0.10255017,1.0,0.19919479,-1.3913345,0.8520354,1.7506547
703,0,1,0.9488542,2.920575,0.672701895236969,0.8978374,2.173423,0.999871,8.956038
704,1,0,0.4921587,-0.03136773,1.0,0.0075176395,-4.882957,0.9767998,3.7401223
705,0,0,0.49993172,-0.0002731458,0.664270281791687,6.727798e-06,-11.909256,0.9998567,8.850817
706,0,1,0.8810563,2.0024714,1.0,0.99998844,11.369714,0.7621241,1.1643605
707,1,1,0.50007135,0.00028534632,0.5997291207313538,0.99996614,10.294643,0.00017651473,-8.64193
708,1,1,0.5001229,0.0004916175,0.6766265034675598,0.99997246,10.4998665,0.00027336436,-8.204432
709,1,0,0.49981153,-0.00075386564,0.8134080171585083,0.99926084,7.209355,0.00036222502,-7.9228826
710,0,0,0.49994346,-0.00022610597,0.6901728510856628,8.156671e-06,-11.716666,0.99987876,9.017456
711,1,1,0.5456133,0.18296185,1.0,0.21844143,-1.2747722,0.8727851,1.9258113
712,1,0,0.49057832,-0.03769122,1.0,7.878857e-05,-9.448664,0.98107785,3.9483209
713,1,1,0.50008535,0.00034135714,0.6066038608551025,0.99994516,9.8111105,0.00022557801,-8.396619
714,0,1,0.6426825,0.58702606,1.0,0.9999845,11.076708,0.2853805,-0.9179268
715,1,1,0.5001005,0.0004020121,0.6510642766952515,0.9999895,11.461515,0.00021149397,-8.4611025
716,1,1,0.5000914,0.00036554807,0.7409966588020325,0.99996066,10.144013,0.00022207244,-8.412285
717,1,0,0.34846678,-0.6257855,0.8465373516082764,0.696613,0.831221,0.0003205295,-8.045216
718,0,1,0.5254786,0.10200271,1.0,0.9955095,5.4012904,0.05544767,-2.8352714
719,1,1,0.50012636,0.00050543883,0.7537410259246826,0.9999881,11.334719,0.00026461677,-8.236963
720,0,0,0.49993318,-0.00026724333,0.8182259798049927,1.4658535e-05,-11.130473,0.9998517,8.816214
721,1,0,0.408369,-0.37071192,0.6783338785171509,0.81655586,1.4931849,0.00018212244,-8.610649
722,1,0,0.47480568,-0.10086264,0.7361297607421875,0.94930416,2.9298859,0.00030720077,-8.087702
723,1,0,0.44039613,-0.23955452,1.0,1.9382509e-05,-10.85112,0.8807729,1.9997702
724,1,0,0.4992601,-0.002959693,0.8119375109672546,0.9982672,6.3562946,0.00025305114,-8.281666
725,0,1,0.5797328,0.32167655,0.7943586111068726,0.15962975,-1.6609855,0.99983585,8.714874
726,1,0,0.4839449,-0.06424254,1.0,0.0005111758,-7.5782857,0.9673786,3.3896213
727,0,0,0.499991,-3.6001853e-05,0.4645068049430847,0.00018266332,-8.607683,0.9997993,8.513692
728,0,1,0.5027863,0.011145241,1.0,0.99625576,5.5837903,0.009316753,-4.6665807
729,0,0,0.49993208,-0.00027171487,0.8237349987030029,1.211948e-05,-11.320684,0.99985206,8.818764
730,0,1,0.66218245,0.67303514,1.0,0.46009648,-0.15995418,0.8642685,1.8512049
731,0,0,0.49986756,-0.0005297872,0.5228762030601501,4.469867e-05,-10.015522,0.9996904,8.079819
732,0,0,0.49992654,-0.00029377485,0.7057859897613525,5.5530272e-05,-9.798527,0.9997975,8.504371
733,0,1,0.5014631,0.005852468,0.6367946267127991,0.0031163297,-5.767978,0.9998099,8.567478
734,0,1,0.5090972,0.036392912,1.0,0.9999778,10.714782,0.018216621,-3.9870362
735,0,1,0.9016794,2.2160254,1.0,0.9981261,6.2778597,0.80523264,1.4193257
736,0,1,0.5025935,0.010374192,0.6238915920257568,0.005354281,-5.22449,0.99983275,8.695932
737,0,1,0.6426283,0.58679014,1.0,0.99997306,10.521973,0.2852836,-0.91840196
738,1,1,0.5001179,0.00047159992,0.911933958530426,0.9999769,10.675411,0.00025894976,-8.258617
739,0,1,0.68372315,0.7709351,1.0,0.98815465,4.423908,0.37929162,-0.4925559
740,0,0,0.4998954,-0.00041845255,0.6951137781143188,4.3260266e-06,-12.350857,0.99978644,8.451338
741,0,0,0.4998987,-0.00040527448,0.8610619902610779,2.3938299e-05,-10.640007,0.99977344,8.3922
742,1,1,0.50016046,0.0006418552,0.7985409498214722,0.99995303,9.966841,0.00036789826,-7.907336
743,1,1,0.5001061,0.0004244142,0.7500656247138977,0.9999831,10.989525,0.00022917957,-8.380775
744,1,1,0.5001062,0.00042489084,0.6061522960662842,0.99999166,11.690247,0.00022073007,-8.418349
745,1,1,0.5001246,0.0004982899,0.76459139585495,0.9999454,9.816108,0.00030369867,-8.099171
746,0,1,0.5005416,0.0021665453,0.6316941976547241,0.0012895984,-6.652134,0.9997937,8.486164
747,1,1,0.50007135,0.00028534632,0.5913711786270142,0.999977,10.6786995,0.00016571658,-8.705066
748,1,0,0.48693004,-0.052291773,0.44562146067619324,0.97364974,3.6095746,0.00021037074,-8.466429
749,0,0,0.49989974,-0.00040104086,0.8704238533973694,8.068589e-06,-11.727524,0.99979144,8.474769
750,1,1,0.50012624,0.0005049622,0.7548515796661377,0.9999888,11.395332,0.00026363466,-8.240683
751,1,0,0.4995484,-0.0018063398,0.7443744540214539,0.99878997,6.7159033,0.00030684337,-8.088866
752,0,0,0.4998863,-0.00045482724,0.6938724517822266,1.563184e-05,-11.066185,0.999757,8.3222065
753,1,0,0.49982092,-0.00071628706,0.5973894596099854,0.99944204,7.490686,0.0001997916,-8.518036
754,1,0,0.49991596,-0.00033616708,0.7310389280319214,0.99962664,7.8925843,0.00020527173,-8.490971
755,1,0,0.4937715,-0.024915304,0.6000412702560425,0.9873603,4.358194,0.00018270129,-8.607475
756,0,1,0.50693136,0.027727177,0.6280580759048462,0.014307963,-4.2325277,0.9995548,7.716591
757,1,0,0.39662746,-0.4195374,1.0,0.035701558,-3.2962065,0.75755334,1.1393123
758,0,1,0.8971436,2.165882,1.0,0.9997067,8.1341305,0.7945805,1.3527602
759,0,1,0.50849706,0.03399151,0.6281315684318542,0.017178819,-4.04675,0.9998153,8.596191
760,1,0,0.49030167,-0.03879819,1.0,1.2582252e-05,-11.283211,0.98059076,3.92241
761,1,1,0.5000752,0.000300839,0.6573241949081421,0.9999583,10.085539,0.00019211079,-8.557246
762,0,1,0.50858957,0.034361657,1.0,0.9999702,10.422135,0.017208986,-4.044965
763,0,1,0.6042024,0.42300627,1.0,0.99996495,10.2605,0.20843986,-1.3343554
764,0,1,0.86279464,1.8386979,1.0,0.9999753,10.611467,0.7256139,0.97248167
765,1,1,0.5000998,0.00039915222,0.6181915402412415,0.9999745,10.5759,0.00022501693,-8.39911
766,0,1,0.67909616,0.7496212,1.0,0.9995184,7.6379843,0.35867396,-0.58112407
767,1,0,0.41086242,-0.3604013,1.0,0.00042847078,-7.7548594,0.82129633,1.5251548
768,1,1,0.5001076,0.0004303721,0.7193679809570312,0.9999881,11.335558,0.00022714036,-8.389715
769,0,0,0.499758,-0.00096797093,0.6456736922264099,6.040085e-05,-9.714447,0.99945563,7.515299
770,0,1,0.52308685,0.09241313,0.7971999049186707,0.04629363,-3.0253515,0.9998801,9.028632
771,1,0,0.11458974,-2.0446928,1.0,3.248094e-05,-10.334825,0.229147,-1.213134
772,0,1,0.617288,0.47805288,1.0,0.9999505,9.914006,0.23462543,-1.1823752
773,0,0,0.49994984,-0.00020070898,0.5354464650154114,2.3284025e-05,-10.66772,0.9998764,8.99818
774,1,1,0.500088,0.0003519631,0.5815030336380005,0.99997354,10.540377,0.00020238922,-8.5051155
775,0,0,0.49985656,-0.0005736804,0.6201108694076538,1.5321475e-05,-11.08624,0.9996978,8.103873
776,0,0,0.49994627,-0.00021501706,0.7325996160507202,5.7821785e-06,-12.060724,0.99988675,9.085846
777,0,1,0.50560015,0.022401497,1.0,0.9988533,6.7697763,0.012346981,-4.38192
778,0,1,0.6107305,0.45038402,0.6862052083015442,0.22157332,-1.2565213,0.9998877,9.09411
779,0,1,0.96207786,3.23356,1.0,0.9997664,8.361893,0.92438936,2.5035362
780,1,0,0.49973333,-0.0010666574,0.6682395339012146,0.9992539,7.1999345,0.00021274936,-8.455183
781,1,0,0.4787826,-0.08492064,1.0,0.00025701526,-8.266118,0.9573082,3.1101177
782,0,0,0.49994946,-0.0002021994,0.8695243000984192,1.7644945e-05,-10.945044,0.99988127,9.038149
783,0,1,0.51204073,0.0481722,1.0,0.9996183,7.8706217,0.02446313,-3.6858208
784,0,0,0.499892,-0.00043198856,0.666425347328186,3.7621736e-05,-10.187891,0.9997464,8.279276
785,0,0,0.499924,-0.00030397027,0.571877121925354,2.1886597e-05,-10.729614,0.99982613,8.656813
786,1,0,0.40348637,-0.39095938,0.6786702871322632,0.8066567,1.428431,0.00031605127,-8.05929
787,1,0,0.49730498,-0.010780177,0.6408425569534302,0.99442226,5.183372,0.00018768877,-8.580538
788,0,0,0.49993727,-0.0002508478,0.7452167272567749,1.00972175e-05,-11.503241,0.99986446,8.906187
789,1,1,0.5001053,0.00042131607,0.6729311943054199,0.99998593,11.168503,0.00022474612,-8.400314
790,0,0,0.49997061,-0.000117547264,0.7130739688873291,8.953194e-05,-9.320826,0.9998517,8.815992
791,1,1,0.50009036,0.00036149644,0.8048940300941467,0.99990857,9.3001175,0.0002721178,-8.209003
792,0,1,0.70150185,0.8544598,1.0,0.9999651,10.261156,0.40303868,-0.3928197
793,0,1,0.6668563,0.6940006,1.0,0.99576735,5.460686,0.3379452,-0.6724647
794,1,1,0.5000789,0.00031561637,0.8014861345291138,0.9999311,9.582249,0.00022673703,-8.391493
795,1,0,0.4999006,-0.00039764203,0.5004944205284119,0.9995747,7.762213,0.000226516,-8.392468
796,1,1,0.50021785,0.00087139773,0.7935962080955505,0.9999851,11.113209,0.00045061958,-7.7044363
797,0,1,0.9888299,4.4832826,1.0,0.9999858,11.159573,0.977674,3.779425
798,0,1,0.9951191,5.3175316,1.0,0.9999399,9.720564,0.99029833,4.625704
799,0,0,0.4999434,-0.00022646369,0.7512215971946716,3.3457327e-05,-10.305206,0.9998534,8.827695
800,0,1,0.74506783,1.0724778,1.0,0.63187766,0.54028046,0.858258,1.8008966
801,0,1,0.51564556,0.06260271,1.0,0.99452716,5.2024813,0.036763925,-3.2657814
802,0,1,0.59552646,0.38685954,1.0,0.99996054,10.140852,0.19109237,-1.4429278
803,0,0,0.49993786,-0.000248463,0.7671798467636108,1.2102835e-05,-11.322059,0.9998636,8.899803
804,1,0,0.49993274,-0.00026897233,0.591140627861023,0.99974567,8.276542,0.00011980427,-9.0295315
805,1,0,0.47463593,-0.101543404,1.0,4.265796e-05,-10.062254,0.9492292,2.9283297
806,0,1,0.615338,0.4698068,1.0,0.9999907,11.589785,0.23068532,-1.2044456
807,1,0,0.21506792,-1.2946433,1.0,1.202879e-05,-11.328196,0.4301238,-0.2813461
808,0,0,0.49993291,-0.0002683761,0.7333789467811584,1.7447446e-05,-10.9563,0.99984837,8.793964
809,1,0,0.49999797,-8.106264e-06,0.6354851126670837,0.9998161,8.60117,0.00017983053,-8.623316
810,1,1,0.50015223,0.000608974,0.6666353344917297,0.99996734,10.33062,0.0003370913,-7.9948196
811,1,1,0.5001169,0.00046754873,0.7730143070220947,0.9999101,9.316597,0.00032362033,-8.035616
812,0,0,0.49980664,-0.00077343086,0.535220205783844,3.782016e-06,-12.4852495,0.99960953,7.847783
813,1,0,0.49984437,-0.0006225258,0.6203931570053101,0.9995066,7.613657,0.00018213253,-8.610594
814,1,1,0.50014466,0.0005785937,0.7684414386749268,0.99998736,11.279973,0.0003019094,-8.105082
815,1,1,0.5001085,0.00043394684,0.7514429688453674,0.9999722,10.4908905,0.0002447832,-8.314893
816,1,0,0.4996542,-0.0013832476,0.7296012043952942,0.9991159,7.030033,0.00019251987,-8.555119
817,0,0,0.4997709,-0.000916424,0.7958884835243225,2.8806035e-05,-10.454897,0.99951303,7.6267548
818,1,0,0.4997861,-0.0008555137,0.8152950406074524,0.9993641,7.35987,0.00020816574,-8.476968
819,0,1,0.5165664,0.066289864,1.0,0.9999753,10.610815,0.033157423,-3.372769
820,0,1,0.6734183,0.72368646,0.5814889073371887,0.3470162,-0.6321809,0.9998204,8.624218
821,1,1,0.5000897,0.00035887476,0.7263370752334595,0.99998295,10.980846,0.00019647449,-8.534781
822,1,1,0.500143,0.0005719218,0.643454372882843,0.9999895,11.46418,0.0002964643,-8.123287
823,0,1,0.5020673,0.008269357,0.8393938541412354,0.0043221363,-5.439674,0.99981254,8.58151
824,0,0,0.4999375,-0.0002498939,0.7542063593864441,1.6039048e-05,-11.040468,0.999859,8.8669
825,0,1,0.51401156,0.056060933,0.6408446431159973,0.02822748,-3.5388258,0.9997956,8.495045
826,0,0,0.27712703,-0.9587575,1.0,0.21721993,-1.2819414,0.33703414,-0.67653924
827,1,1,0.5001055,0.00042203104,0.5795596241950989,0.99998784,11.317299,0.00022318303,-8.407295
828,1,1,0.5001073,0.00042918054,0.7009596228599548,0.99997675,10.6718025,0.00023780912,-8.343804
829,1,0,0.4253835,-0.3007117,1.0,5.4205822e-05,-9.822668,0.85071284,1.7402031
830,1,1,0.50008255,0.00033015522,0.745993435382843,0.9999386,9.697499,0.00022649506,-8.392561
831,1,0,0.43136078,-0.27630132,1.0,1.1884323e-05,-11.340279,0.8627097,1.8379806
832,1,1,0.5001404,0.00056167564,0.7927042245864868,0.9999925,11.799635,0.00028839905,-8.150877
833,1,0,0.49984315,-0.0006274761,0.8559972643852234,0.99937963,7.3846087,0.00030668426,-8.089385
834,1,1,0.50026685,0.0010674262,0.8509831428527832,0.999984,11.0473995,0.0005496877,-7.5056105
835,0,0,0.49986973,-0.00052114,0.8024298548698425,2.074145e-05,-10.783356,0.9997187,8.176084
836,0,1,0.5279872,0.112065874,1.0,0.999777,8.407918,0.056197308,-2.8210483
837,0,1,0.5151281,0.06053082,1.0,0.9999491,9.886595,0.030307109,-3.4655972
838,0,0,0.49997237,-0.00011057273,0.7123076915740967,4.1807474e-05,-10.082394,0.99990296,9.239998
839,0,0,0.49996248,-0.00015015538,0.7925149202346802,3.249569e-05,-10.334371,0.9998925,9.137267
840,0,1,0.51756024,0.07026987,0.7738471627235413,0.03531265,-3.3075628,0.9998079,8.557202
841,1,1,0.50013095,0.00052378763,0.6933097243309021,0.99999094,11.606428,0.00027098585,-8.213173
842,1,1,0.5001114,0.00044562423,0.6707620620727539,0.9999739,10.553217,0.000248864,-8.298355
843,0,0,0.49987134,-0.00051458005,0.7429665327072144,5.1552808e-05,-9.872852,0.9996911,8.082222
844,1,1,0.5000722,0.00028868322,0.7143641114234924,0.9998995,9.205322,0.0002448054,-8.314802
845,1,0,0.4967713,-0.012914906,0.7190957069396973,0.9933595,5.0079,0.00018310573,-8.605264
846,0,1,0.53191113,0.12781826,0.7399196028709412,0.06399272,-2.682854,0.99982953,8.67684
847,1,1,0.5000905,0.0003619731,0.5932153463363647,0.99997914,10.7754135,0.00020177956,-8.508133
848,1,1,0.5001323,0.00052926835,0.741908848285675,0.99998224,10.938456,0.0002823472,-8.172091
849,0,0,0.4999186,-0.00032561357,0.6452370882034302,1.337448e-05,-11.222149,0.99982387,8.643776
850,0,0,0.49991992,-0.00032036667,0.6762518882751465,2.5176418e-05,-10.589578,0.9998147,8.592933
851,0,0,0.49985683,-0.0005726666,0.7717031836509705,5.7930183e-06,-12.058851,0.9997079,8.138023
852,0,0,0.49994436,-0.00022264813,0.606085479259491,6.5150193e-06,-11.941394,0.9998822,9.0469475
853,1,0,0.22178946,-1.2552686,1.0,1.28517195e-05,-11.26202,0.44356608,-0.22670162
854,0,1,0.50518185,0.020728156,1.0,0.9999703,10.42581,0.010393394,-4.556137
855,1,0,0.47632453,-0.09477273,1.0,0.0038338038,-5.5600567,0.9488152,2.9197714
856,1,1,0.50013953,0.00055810134,0.7255869507789612,0.9999913,11.649495,0.000287775,-8.153044
857,1,1,0.5001083,0.0004332319,0.7112817168235779,0.9999809,10.870056,0.00023570731,-8.352684
858,1,1,0.5000817,0.00032681847,0.5331297516822815,0.99999034,11.543045,0.00017313259,-8.66128
859,0,1,0.9665866,3.3648136,1.0,0.98760825,4.3782554,0.945565,2.854775
860,0,0,0.49992004,-0.0003198897,0.6313967704772949,1.3573658e-05,-11.207366,0.9998265,8.658712
861,1,1,0.5001107,0.0004427645,0.7279831171035767,0.9999783,10.737582,0.00024309767,-8.321804
862,1,1,0.5000493,0.00019715272,0.5222871899604797,0.99997365,10.545955,0.0001249628,-8.98737
863,0,0,0.49991605,-0.0003357497,0.7921319007873535,8.22113e-06,-11.708795,0.99982387,8.644001
864,1,1,0.500102,0.00040797016,0.7152358293533325,0.9997979,8.506279,0.00040613324,-7.808423
865,0,0,0.49995834,-0.00016666847,0.8490657210350037,8.129313e-06,-11.720026,0.99990857,9.299976
866,1,0,0.3474304,-0.63035345,1.0,0.0012068655,-6.718521,0.69365394,0.8172579
867,1,1,0.5001129,0.00045158202,0.8143659234046936,0.99999154,11.674292,0.00023423586,-8.358948
868,1,1,0.50005656,0.00022623363,0.6555399298667908,0.9999784,10.746472,0.00013472413,-8.912147
869,1,0,0.49008667,-0.03965848,1.0,0.00048604363,-7.628726,0.97968733,3.875991
870,0,1,0.71027493,0.8967197,1.0,0.9999161,9.385795,0.42063382,-0.32017186
871,0,0,0.499883,-0.00046800595,0.7241157293319702,2.6756496e-05,-10.528707,0.9997392,8.251846
872,1,1,0.50014055,0.0005621522,0.7795948386192322,0.99998903,11.41972,0.00029211605,-8.138067
873,0,0,0.49993452,-0.00026181788,0.7553526759147644,1.1007019e-05,-11.416966,0.999858,8.8602295
874,1,1,0.5001109,0.00044371773,0.6707379221916199,0.9999651,10.261494,0.00025680754,-8.266927
875,0,0,0.4999306,-0.00027755773,0.7148715257644653,6.046758e-05,-9.713343,0.99980074,8.520798
876,1,1,0.50007904,0.00031609306,0.8674001097679138,0.9998523,8.820338,0.0003057565,-8.092416
877,1,1,0.50013053,0.0005221196,0.6386638283729553,0.99998474,11.087366,0.00027634858,-8.193571
878,0,1,0.50249237,0.0099695595,0.7252967357635498,0.005133049,-5.266909,0.9998517,8.816277
879,1,0,0.055580437,-2.8327394,1.0,3.7709415e-05,-10.185563,0.11112317,-2.0793195
880,0,1,0.500412,0.001647902,0.7075120210647583,0.0010102753,-6.8965216,0.99981374,8.588214
881,1,1,0.50015473,0.00061898143,0.903175413608551,0.99998116,10.881963,0.0003283228,-8.021185
882,1,1,0.5001117,0.0004468158,0.7262566089630127,0.9999455,9.817337,0.0002778921,-8.188
883,1,1,0.5001291,0.0005164005,0.7060551643371582,0.99999285,11.84724,0.00026540787,-8.233977
884,0,0,0.49996492,-0.00014025957,0.6729064583778381,6.631362e-05,-9.621049,0.9998635,8.899475
885,0,1,0.50014764,0.00059050764,0.6406766772270203,0.00047786938,-7.645695,0.99981743,8.60792
886,0,1,0.62540334,0.51254696,1.0,0.99997807,10.728615,0.25082862,-1.0941978
887,1,0,0.3850884,-0.46800548,1.0,0.00051437505,-7.5720434,0.76966244,1.206406
888,0,0,0.49996802,-0.00012786014,0.6644871234893799,3.3437806e-05,-10.30579,0.9999026,9.237113
889,1,0,0.3138169,-0.78233474,0.7706869840621948,0.6273529,0.5208774,0.0002809372,-8.177098
890,1,0,0.45815837,-0.16775881,1.0,0.0011276198,-6.786518,0.91518915,2.3787072
891,1,0,0.49984968,-0.0006012936,0.7013744711875916,0.99944276,7.49194,0.00025660687,-8.267709
892,0,0,0.4999897,-4.1247265e-05,0.6343713998794556,0.0001416278,-8.862166,0.99983776,8.726694
893,0,1,0.5111262,0.04451227,1.0,0.9999604,10.13748,0.022291984,-3.780984
894,1,0,0.4845799,-0.061699968,0.5916290879249573,0.96899396,3.442075,0.00016581634,-8.704464
895,1,1,0.50005394,0.00021574555,0.8052423596382141,0.999824,8.644567,0.00028389174,-8.166634
896,0,1,0.9855284,4.2209907,1.0,0.999496,7.5924516,0.97156084,3.5311375
897,0,0,0.49993396,-0.00026414308,0.6332891583442688,2.398798e-05,-10.637934,0.99984396,8.765683
898,0,1,0.6992681,0.843815,0.5493066310882568,0.3988847,-0.41011435,0.99965143,7.9613533
899,1,1,0.5000849,0.00033945043,0.706430196762085,0.999928,9.539174,0.00024175615,-8.327339
900,0,0,0.49995473,-0.00018115493,0.6434570550918579,2.4234747e-05,-10.627699,0.9998852,9.072773
901,1,1,0.5000835,0.00033396867,0.6126012802124023,0.99997723,10.689128,0.00018982001,-8.569244
902,0,0,0.4997864,-0.00085443986,0.7198944687843323,6.322728e-06,-11.971354,0.9995665,7.743149
903,0,0,0.49998933,-4.2677835e-05,0.7119583487510681,8.581289e-05,-9.3632555,0.99989283,9.141057
904,1,0,0.48333693,-0.066676974,1.0,2.1369535e-05,-10.753523,0.96665245,3.3668532
905,0,1,0.5050635,0.020254567,0.677423894405365,0.010281147,-4.567109,0.99984574,8.777194
906,0,1,0.55193865,0.20850678,1.0,0.9990809,6.991264,0.104796454,-2.1450312
907,1,0,0.46981293,-0.12089534,0.5942264199256897,0.9394159,2.7412262,0.00020996435,-8.468363
908,1,0,0.4865927,-0.05364204,1.0,7.05957e-06,-11.861119,0.9731784,3.5913582
909,0,1,0.6189226,0.48497766,1.0,0.99977463,8.397625,0.23807049,-1.1632872
910,1,1,0.50003636,0.00014542475,0.7498014569282532,0.999843,8.7596445,0.00022970635,-8.378479
911,1,1,0.50011116,0.00044467096,0.6631016731262207,0.99999225,11.7675905,0.00023006012,-8.37694
912,1,0,0.06020352,-2.7479324,0.6068668961524963,0.12015272,-1.9909848,0.00025431952,-8.276665
913,1,1,0.5001013,0.00040534863,0.7173507809638977,0.9999931,11.878666,0.00020955154,-8.470331
914,0,0,0.49991614,-0.0003354516,0.941281795501709,0.00015105706,-8.797702,0.99968123,8.050583
915,1,1,0.5000693,0.00027724236,0.7371083498001099,0.9999813,10.885277,0.00015730647,-8.757157
916,1,1,0.5000834,0.00033349197,0.7697976231575012,0.9999602,10.130728,0.00020655498,-8.484737
917,1,0,0.4855336,-0.057881765,1.0,0.000111818335,-9.098523,0.9709554,3.509449
918,1,1,0.50009567,0.00038270777,0.6973065137863159,0.9999558,10.026352,0.00023551367,-8.353506
919,0,1,0.857407,1.7939181,1.0,0.9892735,4.524254,0.72554046,0.97211295
920,1,0,0.49569827,-0.017207362,0.7287901043891907,0.9911985,4.723996,0.00019806557,-8.526714
921,0,1,0.9663343,3.35703,1.0,0.99998295,10.977586,0.9326856,2.628695
922,0,0,0.49993983,-0.00024077215,0.7734351754188538,1.1129439e-05,-11.405906,0.9998685,8.936432
923,1,1,0.50010484,0.00041940954,0.49606969952583313,0.99998116,10.88238,0.00022855354,-8.383512
924,1,1,0.50004035,0.00016139635,0.7300879955291748,0.99980754,8.555205,0.00027316768,-8.205152
925,1,1,0.5000909,0.00036364142,0.6519836783409119,0.99997115,10.451873,0.00021066298,-8.46504
926,1,0,0.19877894,-1.3939435,1.0,5.699249e-06,-12.0751705,0.3975522,-0.41567487
927,0,1,0.8566253,1.7875392,1.0,0.9999261,9.511878,0.71332455,0.91158575
928,1,1,0.5001211,0.0004844684,0.5618462562561035,0.9999881,11.335824,0.0002541164,-8.277464
929,0,1,0.63417876,0.5501861,1.0,0.99997115,10.452858,0.26838633,-1.0028251
930,0,1,0.50018585,0.0007433512,0.801002562046051,0.00053050497,-7.5411506,0.9998412,8.747713
931,0,1,0.71907306,0.9398683,1.0,0.9854592,4.216146,0.45268697,-0.18982004
932,1,1,0.50006455,0.000258174,0.7070345282554626,0.99989605,9.17174,0.00023302852,-8.364117
933,0,0,0.49991593,-0.00033622672,0.709733784198761,5.1497777e-06,-12.176552,0.9998267,8.660556
934,1,1,0.500123,0.0004920941,0.7503196597099304,0.99999034,11.548248,0.00025566836,-8.271374
935,0,0,0.49994949,-0.00020213978,0.8030306100845337,6.2746726e-06,-11.978983,0.9998927,9.139816
936,0,1,0.5050752,0.020301526,1.0,0.99965525,7.972306,0.01049517,-4.5462894
937,1,0,0.16632925,-1.6118693,1.0,1.5034037e-05,-11.105179,0.33264348,-0.69625306
938,1,0,0.49986717,-0.0005312781,0.7400432825088501,0.9995376,7.67844,0.00019675287,-8.533365
939,1,0,0.4998774,-0.00049042806,0.7198947072029114,0.9996008,7.825657,0.0001539468,-8.778749
940,0,1,0.5000011,4.2915253e-06,0.7683249115943909,0.00012118071,-9.018106,0.9998809,9.0356
941,1,1,0.5000978,0.00039128753,0.6865841746330261,0.9999881,11.334437,0.00020755947,-8.479885
942,1,1,0.5001041,0.0004165497,0.7069477438926697,0.99998987,11.496717,0.00021840275,-8.428951
943,1,0,0.21388242,-1.30168,1.0,4.0080467e-05,-10.124581,0.42772475,-0.2911402
944,1,0,0.4999864,-5.4360913e-05,0.7431172132492065,0.9997602,8.335394,0.00021259283,-8.455919
945,0,1,0.6304195,0.53401685,1.0,0.9998436,8.763239,0.2609954,-1.0408014
946,1,1,0.50006443,0.00025769728,0.6414762735366821,0.99999154,11.683807,0.00013726979,-8.893425
947,1,1,0.50010926,0.00043704495,0.7699819207191467,0.99998605,11.177239,0.00023250742,-8.366356
948,0,0,0.4999553,-0.00017882993,0.8337804079055786,2.3098972e-05,-10.675699,0.99988747,9.092622
949,1,0,0.19698678,-1.4052346,1.0,0.016575282,-4.0831285,0.37739828,-0.50060606
950,0,1,0.50007355,0.00029416525,0.6537857055664062,0.00025279314,-8.282686,0.99989426,9.154901
951,0,1,0.5020846,0.0083385175,0.3305082619190216,0.0043306504,-5.4376974,0.9998386,8.731297
952,1,1,0.50011206,0.00044824567,0.8396968245506287,0.99994135,9.743326,0.00028271627,-8.170784
953,1,1,0.50007635,0.00030536758,0.6499699950218201,0.9999349,9.640223,0.00021777207,-8.431844
954,0,1,0.595461,0.38658777,0.6051436066627502,0.19110033,-1.4428763,0.9998217,8.631908
955,0,0,0.49994513,-0.00021942877,0.7485400438308716,9.3923874e-05,-9.272932,0.99979633,8.498861
956,0,1,0.90296024,2.2305577,1.0,0.9591256,3.1555166,0.8467949,1.7096815
957,1,0,0.4852831,-0.058884498,1.0,1.7823673e-05,-10.934965,0.9705484,3.4951134
958,1,1,0.5000666,0.0002662781,0.7935071587562561,0.99986506,8.910429,0.000268138,-8.223741
959,1,0,0.49889585,-0.004416548,0.6920722126960754,0.9975509,6.00959,0.00024077897,-8.33139
960,0,1,0.86546934,1.8614798,1.0,0.8912161,2.1032236,0.8397225,1.656165
961,1,1,0.5002316,0.00092654204,0.7900077104568481,0.9999603,10.133244,0.0005029618,-7.5944934
962,0,1,0.964008,3.2878022,1.0,0.9999554,10.0185375,0.9280605,2.5572717
963,0,1,0.72473943,0.96809405,1.0,0.9989034,6.814415,0.45057553,-0.19834566
964,0,1,0.9383615,2.7228491,1.0,0.99998665,11.220559,0.87673634,1.9618802
965,1,1,0.5001109,0.00044371773,0.5074658989906311,0.9999896,11.478296,0.00023226633,-8.3673935
966,0,1,0.5000145,5.7934038e-05,0.5407428741455078,0.00015524165,-8.770372,0.99987376,8.977695
967,0,0,0.49993408,-0.0002636661,0.8203961253166199,6.296108e-06,-11.975573,0.99986184,8.887168
968,0,1,0.5016954,0.006781657,0.8270663022994995,0.0036182527,-5.6181393,0.9997725,8.387902
969,1,1,0.50007445,0.00029774048,0.5811423063278198,0.9999877,11.3066845,0.0001611982,-8.732715
970,1,1,0.50008154,0.00032610344,0.7694794535636902,0.9999534,9.973442,0.00020970384,-8.4696045
971,0,1,0.63046205,0.5341995,0.7029306292533875,0.2610318,-1.0406127,0.99989235,9.136828
972,0,1,0.94703805,2.8837657,1.0,0.99588287,5.488471,0.8981932,2.177308
973,1,0,0.44673362,-0.21387711,1.0,0.0010408539,-6.8666725,0.8924264,2.1157684
974,0,0,0.4999231,-0.00030754766,0.7294059991836548,2.1377851e-05,-10.753134,0.9998248,8.649601
975,1,1,0.5001032,0.00041273658,0.8137665390968323,0.99992526,9.501181,0.00028110202,-8.176512
976,1,1,0.500156,0.00062398514,0.7413508296012878,0.99997807,10.729649,0.0003339327,-8.004237
977,0,1,0.9717299,3.5372722,1.0,0.99941313,7.4401155,0.9440467,2.8256586
978,1,1,0.50006825,0.00027295202,0.7749972939491272,0.9999337,9.620999,0.0002027392,-8.503387
979,0,0,0.4999414,-0.00023439294,0.7021806240081787,6.667506e-05,-9.615613,0.9998161,8.601158
980,0,1,0.5122454,0.048991505,1.0,0.99995816,10.081089,0.024532735,-3.6829083
981,0,0,0.49994946,-0.0002021994,0.701897144317627,6.7654687e-06,-11.903672,0.9998921,9.134462
982,0,1,0.7472499,1.0839984,1.0,0.99995637,10.040307,0.49454343,-0.021826982
983,1,1,0.5000982,0.00039295582,0.5872159004211426,0.9999864,11.205663,0.00021006809,-8.467869
984,0,0,0.49991563,-0.00033753845,0.46780291199684143,4.027453e-05,-10.119751,0.99979097,8.472713
985,1,1,0.50002545,0.00010179955,0.5597326755523682,0.99988306,9.05398,0.0001678623,-8.692199
986,1,0,0.4513907,-0.19505316,1.0,2.6951071e-05,-10.521461,0.9027545,2.2282119
987,0,0,0.4998705,-0.00051791966,0.7282775640487671,1.5241221e-05,-11.091492,0.99972576,8.201345
988,0,1,0.71248156,0.90746707,1.0,0.99591917,5.497348,0.42904398,-0.28575277
989,0,1,0.7593166,1.1489365,1.0,0.8175279,1.4996879,0.70110536,0.85256726
990,0,0,0.49994135,-0.0002346314,0.6940832734107971,8.4535395e-06,-11.680917,0.99987423,8.980904
991,1,0,0.47771776,-0.08918803,0.5746720433235168,0.9553235,3.062604,0.00011199901,-9.096909
992,1,0,0.49998966,-4.1426087e-05,0.6751314401626587,0.99978715,8.454575,0.0001921443,-8.557072
993,1,0,0.4861207,-0.055531446,0.6355113983154297,0.9719659,3.5458996,0.00027550544,-8.196628
994,1,1,0.50005156,0.00020621081,0.5657321810722351,0.99994576,9.822876,0.00015734171,-8.756933
995,1,0,0.4632756,-0.14716257,1.0,0.41223294,-0.3547421,0.5143183,0.05728875
996,0,0,0.4997673,-0.00093080197,0.6870620846748352,2.2999642e-05,-10.680009,0.9995116,7.623778
997,0,0,0.49975616,-0.00097536907,0.6509692668914795,2.8951665e-05,-10.449854,0.99948335,7.5676146
998,1,1,0.50012857,0.00051425584,0.7455401420593262,0.99997497,10.593035,0.00028221024,-8.172576
999,1,1,0.5002009,0.00080374355,0.882768452167511,0.9999809,10.869898,0.0004209713,-7.772525
1000,1,1,0.50008845,0.00035386975,0.7055044174194336,0.99990535,9.265751,0.0002715634,-8.211043
1001,1,1,0.50006056,0.00024220394,0.6370604038238525,0.99996936,10.391928,0.00015176204,-8.793045
1002,1,0,0.09631545,-2.2388515,1.0,0.00013673054,-8.897362,0.19249417,-1.4338844
1003,1,1,0.50010604,0.00042417587,0.7092984914779663,0.99998534,11.12958,0.00022670765,-8.391623
1004,0,1,0.5610732,0.24551861,0.565377950668335,0.122347236,-1.9703878,0.9997992,8.512645
1005,0,0,0.49993953,-0.0002418453,0.768479585647583,7.2076064e-06,-11.840366,0.99987185,8.962126
1006,1,0,0.45873863,-0.16542172,1.0,9.116193e-05,-9.302782,0.9173861,2.4073513
1007,0,0,0.49994406,-0.00022372126,0.7536919116973877,7.906269e-05,-9.44519,0.9998091,8.563326
1008,0,1,0.537254,0.1492926,0.7079656720161438,0.074681535,-2.516905,0.9998264,8.658249
1009,0,0,0.49970657,-0.0011737079,0.9398425817489624,8.1141545e-05,-9.419234,0.999332,7.310544
1010,1,1,0.5001395,0.00055786304,0.7655143141746521,0.9999639,10.229218,0.00031507504,-8.062385
1011,1,0,0.48050806,-0.078007214,0.7467952966690063,0.9606913,3.1962059,0.00032483015,-8.031883
1012,1,1,0.500075,0.0002998856,0.7582988142967224,0.99988544,9.07419,0.00026449113,-8.237438
1013,1,1,0.50010216,0.00040868513,0.7218737006187439,0.99998856,11.373418,0.0002157716,-8.441074
1014,0,0,0.49991637,-0.0003344976,0.7537820935249329,1.365056e-05,-11.201716,0.9998191,8.617464
1015,0,1,0.95277417,3.004437,1.0,0.9999764,10.654114,0.90557194,2.2607284
1016,0,1,0.53273976,0.13114671,1.0,0.99997175,10.476229,0.065507784,-2.6578343
1017,1,1,0.50009173,0.00036697806,0.6687144637107849,0.9999676,10.33754,0.000215942,-8.440285
1018,1,0,0.499999,-4.053124e-06,0.5915699601173401,0.99978584,8.448684,0.00021212247,-8.458135
1019,1,0,0.059263878,-2.7646627,1.0,0.00034675968,-7.9665318,0.118181,-2.0097694
1020,0,1,0.89157504,2.1069312,1.0,0.9999567,10.047607,0.78319335,1.2843736
1021,1,1,0.5000925,0.00037007636,0.5867100954055786,0.9999591,10.105798,0.0002258647,-8.395349
1022,0,1,0.52209806,0.08844985,0.8420982956886292,0.044372503,-3.0697482,0.99982363,8.642255
1023,0,0,0.49998945,-4.220098e-05,0.5473901033401489,5.4123073e-05,-9.824196,0.9999248,9.49568
1024,1,0,0.4986734,-0.0053062905,0.8573372960090637,0.9970933,5.8378234,0.00025347178,-8.2800045
1025,1,1,0.50007385,0.000295357,0.6308919787406921,0.99997437,10.573362,0.00017330238,-8.660299
1026,1,1,0.50008637,0.00034552804,0.6631985902786255,0.99996555,10.274555,0.00020723771,-8.481437
1027,1,1,0.50013185,0.00052736205,0.7156419157981873,0.9998802,9.0299,0.0003835491,-7.865659
1028,0,1,0.50000536,2.1457441e-05,0.5220851898193359,0.00025919382,-8.257675,0.9997515,8.299936
1029,1,0,0.4252792,-0.30113843,1.0,0.00013455095,-8.913433,0.8504239,1.7379289
1030,1,1,0.5001341,0.0005364171,0.7289019227027893,0.9999883,11.361611,0.00027989378,-8.18082
1031,1,1,0.5001787,0.0007147618,0.8752447366714478,0.9999912,11.634277,0.00036626696,-7.911782
1032,0,1,0.6241798,0.50732756,0.7301877737045288,0.24855271,-1.1063461,0.9998068,8.551509
1033,1,1,0.50318545,0.012741938,1.0,0.13919468,-1.8219948,0.8671762,1.876219
1034,0,1,0.5112213,0.044892676,1.0,0.9998958,9.169432,0.022546787,-3.769358
1035,0,1,0.8347857,1.6199317,1.0,0.9999616,10.168673,0.6696098,0.70642066
1036,1,1,0.500143,0.0005719218,0.8687155246734619,0.9999908,11.593521,0.00029518444,-8.127615
1037,1,0,0.49128044,-0.034881774,0.8976284265518188,0.98206675,4.003006,0.00049414544,-7.6121864
1038,1,1,0.50014794,0.00059169903,0.6328988075256348,0.99999034,11.542395,0.00030556179,-8.093053
1039,1,1,0.5001263,0.0005052005,0.7312582731246948,0.99999297,11.867443,0.00025964595,-8.255932
1040,1,1,0.5000702,0.00028081765,0.5597479939460754,0.9999852,11.120829,0.00015523957,-8.770386
1041,0,0,0.49997875,-8.494023e-05,0.6252813935279846,7.02855e-05,-9.562875,0.9998872,9.089897
1042,0,0,0.49987605,-0.00049585477,0.7194186449050903,5.6552915e-05,-9.780277,0.99969554,8.096589
1043,1,0,0.49654442,-0.013822519,0.735163152217865,0.9928306,4.9307256,0.00025826038,-8.261284
1044,0,0,0.49995553,-0.00017787608,0.6596856117248535,4.8034344e-05,-9.943546,0.999863,8.895397
1045,0,0,0.49997574,-9.704107e-05,0.8041110634803772,0.00013407477,-8.916979,0.99981743,8.608012
1046,0,1,0.7522073,1.1104193,1.0,0.9700275,3.477044,0.534387,0.13776559
1047,1,1,0.5000385,0.00015400654,0.8385205864906311,0.9997234,8.192832,0.0003536049,-7.9469767
1048,1,1,0.50009656,0.00038628269,0.5851529836654663,0.9999826,10.961927,0.00021047205,-8.465947
1049,1,1,0.50002074,8.2966224e-05,0.8306886553764343,0.99977034,8.378584,0.0002710928,-8.212778
1050,0,0,0.49991444,-0.00034230846,0.7838483452796936,1.2626487e-05,-11.279701,0.99981624,8.601495
1051,1,0,0.3618012,-0.5675549,1.0,2.9173663e-05,-10.442215,0.72357327,0.9622563
1052,1,1,0.5000736,0.0002944036,0.6142395734786987,0.9999604,10.13788,0.00018682974,-8.585126
1053,0,0,0.49992743,-0.00029031676,0.696704089641571,2.1967815e-05,-10.72591,0.99983287,8.696879
1054,0,0,0.49987373,-0.0005050385,0.6563839316368103,2.6077272e-05,-10.55442,0.99972135,8.185522
1055,0,1,0.9910044,4.7019844,1.0,0.99991965,9.428985,0.98208916,4.00428
1056,1,0,0.17658018,-1.5396912,0.7062578797340393,0.35294008,-0.6061407,0.00022027323,-8.420422
1057,1,1,0.5000848,0.0003392121,0.612835705280304,0.9999827,10.965675,0.00018694004,-8.584536
1058,1,0,0.4317104,-0.27487624,1.0,0.00010536213,-9.158002,0.8633154,1.8431045
1059,0,1,0.8886881,2.07741,0.7927599549293518,0.7775466,1.2514259,0.99982953,8.677258
1060,1,1,0.5000704,0.0002815327,0.8517247438430786,0.9999782,10.73182,0.00016265496,-8.723717
1061,1,1,0.5001466,0.0005864569,0.6379872560501099,0.99998677,11.235011,0.00030642856,-8.0902195
1062,0,0,0.49998802,-4.7923284e-05,0.5484349727630615,5.9948437e-05,-9.721966,0.9999161,9.385648
1063,0,1,0.500004,1.5973917e-05,0.5658062100410461,0.00012557163,-8.982509,0.99988246,9.049171
1064,0,0,0.4999006,-0.00039764203,0.883552610874176,2.2862661e-05,-10.685983,0.99977833,8.414006
1065,0,1,0.5359656,0.14411137,1.0,0.9998541,8.832163,0.07207712,-2.555212
1066,0,0,0.49984837,-0.000606542,0.934951663017273,2.2662127e-05,-10.694793,0.9996741,8.028427
1067,1,0,0.28307524,-0.9292582,1.0,0.0598114,-2.7548842,0.5063391,0.025357872
1068,1,0,0.48353517,-0.06588315,0.6331313848495483,0.9668013,3.3714802,0.00026905964,-8.220308
1069,0,1,0.50587136,0.023486512,1.0,0.99948883,7.578292,0.012253897,-4.3895817
1070,1,0,0.4932623,-0.02695247,0.7643152475357056,0.9862521,4.2730255,0.00027242771,-8.207865
1071,0,1,0.52500236,0.10009291,0.8328226208686829,0.050235324,-2.9394958,0.9997694,8.37432
1072,1,1,0.50010693,0.00042775064,0.7691499590873718,0.99998534,11.13411,0.00022850189,-8.383738
1073,1,0,0.45279115,-0.18939957,1.0,0.13633712,-1.8460519,0.7692452,1.204054
1074,1,1,0.5001171,0.00046850197,0.6669199466705322,0.9999856,11.148979,0.00024870317,-8.299002
1075,0,0,0.49992633,-0.00029466918,0.7123391032218933,5.681687e-05,-9.77562,0.99979585,8.496178
1076,1,1,0.500113,0.00045205865,0.7894747853279114,0.9999894,11.4487,0.0002366481,-8.3487
1077,0,1,0.7327416,1.0085771,1.0,0.9529905,3.0092554,0.5124928,0.049981654
1078,0,1,0.9830328,4.059362,0.8535940647125244,0.9662565,3.354641,0.9998092,8.563901
1079,0,0,0.49994078,-0.00023695653,0.6158267855644226,1.0401761e-05,-11.473525,0.99987113,8.956675
1080,0,0,0.4999101,-0.00035959986,0.5393959283828735,1.2278429e-05,-11.307654,0.9998079,8.556886
1081,1,1,0.5000622,0.00024887803,0.5237651467323303,0.99998116,10.87889,0.00014323131,-8.850906
1082,1,1,0.50011975,0.0004789874,0.7499817609786987,0.9999589,10.097691,0.00028062216,-8.178221
1083,1,1,0.50013095,0.00052378763,0.7734420895576477,0.99997604,10.637225,0.00028592002,-8.1595125
1084,0,0,0.49998927,-4.2916265e-05,0.7178565263748169,0.00019737425,-8.530211,0.9997812,8.426943
1085,0,1,0.50068676,0.0027470968,0.510780394077301,0.0016033151,-6.4340773,0.9997702,8.378133
1086,1,1,0.50012875,0.00051497074,0.8199341893196106,0.99995804,10.078335,0.00029947187,-8.113191
1087,1,1,0.5000588,0.00023529146,0.5723938345909119,0.9999844,11.065796,0.00013333061,-8.922545
1088,0,0,0.4998864,-0.00045440983,0.7105724811553955,1.0807939e-05,-11.435219,0.999762,8.342888
1089,1,0,0.44405514,-0.22472036,1.0,1.0560758e-05,-11.458355,0.88809973,2.0714762
1090,1,1,0.5001025,0.00041011506,0.5519907474517822,0.99998724,11.267435,0.00021775923,-8.431903
1091,1,1,0.50013334,0.0005333193,0.8352416753768921,0.99997747,10.701359,0.00028925654,-8.147907
1092,1,0,0.49855235,-0.005790695,0.7120473980903625,0.9969387,5.785862,0.00016597261,-8.703522
1093,1,0,0.42561746,-0.29975465,0.5210282802581787,0.85110265,1.7432752,0.00013225671,-8.930634
1094,1,1,0.50013447,0.0005378469,0.8052697777748108,0.9999852,11.11928,0.0002837294,-8.167206
1095,1,1,0.5000985,0.00039414744,0.5409839749336243,0.9999875,11.285276,0.00020959151,-8.47014
1096,0,1,0.50204444,0.008177845,1.0,0.9997569,8.321686,0.0043319752,-5.4373903
1097,0,0,0.49990126,-0.00039489914,0.6876884698867798,0.00029715136,-8.120972,0.9995054,7.6114006
1098,1,0,0.49992725,-0.00029091298,0.688010036945343,0.99961495,7.8619695,0.00023954292,-8.336538
1099,0,1,0.8597962,1.8135986,1.0,0.99997795,10.722128,0.7196145,0.9425502
1100,0,1,0.52630246,0.10530703,1.0,0.9998869,9.087303,0.05271809,-2.888638
1101,0,0,0.49995235,-0.00019069343,0.7085868716239929,3.06803e-05,-10.391859,0.999874,8.978949
1102,1,1,0.5000652,0.0002607959,0.6167539954185486,0.9999336,9.618985,0.000196836,-8.532943
1103,1,0,0.46328992,-0.14710505,1.0,0.00017989743,-8.622944,0.92639995,2.5326602
1104,0,0,0.4998854,-0.0004582859,0.8263732194900513,1.1449141e-05,-11.377584,0.9997594,8.331967
1105,1,1,0.5001218,0.0004870897,0.6903550624847412,0.99998593,11.172865,0.00025760356,-8.263831
1106,0,0,0.49992487,-0.00030045255,0.6470020413398743,9.015553e-06,-11.61655,0.99984074,8.744932
1107,0,1,0.56957334,0.2801106,1.0,0.98060703,3.923264,0.15853962,-1.6691344
1108,1,1,0.50003684,0.00014733183,0.6083248853683472,0.99991953,9.427451,0.00015415656,-8.777388
1109,0,1,0.9763638,3.7210548,1.0,0.99345547,5.022566,0.9592721,3.1592607
1110,0,0,0.49997136,-0.00011450708,0.639794647693634,1.3187991e-05,-11.236191,0.99992955,9.559897
1111,1,1,0.50008184,0.00032729513,0.6458284258842468,0.9999287,9.548553,0.00023495745,-8.355871
1112,0,1,0.50417614,0.016704919,0.8046976327896118,0.008722051,-4.7331405,0.9996302,7.902393
1113,0,0,0.49992162,-0.00031350995,0.6928542852401733,1.6296066e-05,-11.02457,0.99982697,8.661573
1114,0,1,0.51886106,0.07548002,1.0,0.99995327,9.970228,0.0377689,-3.2377687
1115,1,0,0.4742752,-0.1029901,1.0,0.021276664,-3.828638,0.92727375,2.545546
1116,0,0,0.49996236,-0.00015063229,0.7476127743721008,7.375778e-05,-9.51465,0.999851,8.811277
1117,1,1,0.50014156,0.00056620303,0.6534619927406311,0.9999815,10.898913,0.0003015861,-8.1061535
1118,1,1,0.5000448,0.0001792747,0.7651959657669067,0.9998627,8.892767,0.00022702993,-8.390202
1119,1,1,0.50011903,0.00047612775,0.8140560984611511,0.99995804,10.078233,0.0002800379,-8.1803055
1120,1,1,0.5001065,0.00042608244,0.6168497204780579,0.99997354,10.541158,0.00023943423,-8.336992
1121,0,1,0.5009201,0.0036804813,0.8440842032432556,0.0020271267,-6.1991067,0.99981314,8.5847
1122,1,1,0.5000906,0.00036244976,0.862057626247406,0.9999771,10.686874,0.00020408363,-8.496777
1123,1,0,0.4987513,-0.0049948054,0.7377530932426453,0.997292,5.908826,0.00021063889,-8.465155
1124,1,0,0.48394433,-0.06424483,1.0,4.8769572e-05,-9.928355,0.9678399,3.4043384
1125,1,0,0.4998137,-0.00074521644,0.6228062510490417,0.99947137,7.544757,0.00015601523,-8.765401
1126,0,1,0.9935801,5.0419126,1.0,0.999984,11.041079,0.9871761,4.3435388
1127,0,1,0.5000477,0.00019071667,0.7609360814094543,0.00039494125,-7.8363786,0.9997004,8.112916
1128,0,0,0.49995583,-0.00017668378,0.7376902103424072,7.081166e-05,-9.555416,0.99984086,8.745625
1129,1,0,0.49921125,-0.0031550177,0.4628952443599701,0.9982436,6.3427114,0.00017892302,-8.628376
1130,1,1,0.50013715,0.0005485699,0.7467452883720398,0.9999877,11.309204,0.00028654956,-8.157312
1131,1,1,0.5000851,0.00034040379,0.7396193146705627,0.9999896,11.479746,0.00018060017,-8.619044
1132,1,0,0.43332413,-0.26830155,1.0,3.1642154e-05,-10.360989,0.8666166,1.8713692
1133,0,0,0.4998507,-0.000597238,0.5601673722267151,5.3625145e-06,-12.136072,0.999696,8.098335
1134,1,1,0.5001262,0.0005047239,0.5722836256027222,0.9999876,11.294724,0.00026472224,-8.236565
1135,0,0,0.4999044,-0.0003824369,0.632966160774231,1.424885e-05,-11.15882,0.99979454,8.490046
1136,1,0,0.4572759,-0.17131422,1.0,0.020505175,-3.8663597,0.8940466,2.132759
1137,0,0,0.4998572,-0.0005712352,0.8576114773750305,5.5582555e-06,-12.100221,0.99970883,8.141426
1138,1,1,0.5002258,0.0009030793,0.7270575165748596,0.9999529,9.96237,0.0004986295,-7.6031485
1139,0,1,0.5123677,0.049480952,1.0,0.9999864,11.209394,0.02474902,-3.673909
1140,1,0,0.26827073,-1.0034139,1.0,0.10932913,-2.0976121,0.42721233,-0.29323402
1141,0,1,0.6424141,0.5858575,1.0,0.9999685,10.366959,0.28485963,-0.9204823
1142,0,0,0.49975193,-0.0009923135,0.65446537733078,5.3557937e-06,-12.137326,0.9994985,7.597356
1143,0,1,0.6384584,0.5686793,1.0,0.99865675,6.6113443,0.27825993,-0.9531094
1144,1,0,0.4301464,-0.28125387,1.0,0.0006656839,-7.3140297,0.8596271,1.812197
1145,1,1,0.5001164,0.00046564225,0.7778212428092957,0.9999864,11.2036,0.00024636716,-8.308441
1146,1,0,0.38787624,-0.45624807,1.0,2.4340223e-05,-10.623356,0.77572817,1.2409431
1147,0,0,0.49995276,-0.00018890496,0.5474063754081726,2.8455188e-05,-10.467152,0.9998771,9.004406
1148,0,0,0.49959198,-0.001632174,0.9161229133605957,4.4077747e-06,-12.332136,0.99917954,7.1049013
1149,0,0,0.4999746,-0.00010157147,0.6615384817123413,0.00012830563,-8.960967,0.9998209,8.626945
1150,1,1,0.50010604,0.00042417587,0.6869090795516968,0.9999871,11.264339,0.00022497101,-8.399314
1151,1,1,0.5001252,0.00050091115,0.6683700084686279,0.99995136,9.931628,0.0002990992,-8.114436
1152,1,1,0.50009763,0.00039057256,0.7495612502098083,0.999972,10.481697,0.00022331627,-8.406698
1153,0,0,0.49991262,-0.00034952312,0.643851637840271,7.913994e-06,-11.74687,0.9998173,8.607225
1154,1,1,0.50011045,0.00044181122,0.7340043783187866,0.99994874,9.877581,0.00027217148,-8.208806
1155,1,0,0.4940657,-0.023738317,0.6950374245643616,0.9879616,4.4075413,0.00016983257,-8.680528
1156,1,0,0.46781456,-0.12891999,1.0,2.7875254e-05,-10.487743,0.93560123,2.6760945
1157,0,0,0.4383876,-0.24770844,1.0,0.37981823,-0.49031985,0.49695697,-0.012172371
1158,1,1,0.5000915,0.00036602473,0.6990283727645874,0.99998784,11.316856,0.00019520306,-8.541275
1159,1,1,0.5001797,0.00071881205,0.7084512710571289,0.9999852,11.121187,0.0003742276,-7.890272
1160,0,0,0.499954,-0.00018407608,0.7195307016372681,6.060559e-06,-12.013702,0.9999019,9.229479
1161,0,0,0.49995074,-0.00019701276,0.609198272228241,2.0448928e-05,-10.79756,0.999881,9.03672
1162,0,1,0.6408137,0.5788976,1.0,0.99987555,8.991507,0.2817519,-0.93578804
1163,0,1,0.5113271,0.045316122,1.0,0.99991167,9.334471,0.02274251,-3.7605143
1164,1,1,0.5000772,0.00030870442,0.7373860478401184,0.99987257,8.968287,0.00028176772,-8.174146
1165,0,1,0.712412,0.90712744,1.0,0.99996436,10.241464,0.42485967,-0.30285513
1166,1,1,0.5001066,0.00042632074,0.7331393361091614,0.9999789,10.764509,0.000234264,-8.358828
1167,1,1,0.5000511,0.00020430385,0.7122679352760315,0.99989367,9.149213,0.00020852212,-8.475257
1168,1,0,0.48417875,-0.063306056,1.0,3.8696184e-05,-10.159731,0.9683188,3.419838
1169,1,1,0.5001078,0.00043132537,0.690994381904602,0.9999858,11.162367,0.0002298102,-8.378027
1170,1,1,0.50009036,0.00036149644,0.6003026366233826,0.99997365,10.545767,0.00020708068,-8.482195
1171,1,1,0.5000302,0.000120870915,0.7695016264915466,0.99977607,8.403982,0.00028442845,-8.164744
1172,1,1,0.50013494,0.0005397532,0.8010595440864563,0.99998164,10.907267,0.0002882825,-8.151281
1173,0,1,0.51514816,0.06061116,0.6404757499694824,0.030429754,-3.461432,0.9998666,8.922208
1174,1,1,0.5001053,0.00042131607,0.5816000699996948,0.9999846,11.084328,0.00022604695,-8.394542
1175,0,1,0.5176567,0.07065616,1.0,0.9998987,9.197529,0.03541465,-3.3045728
1176,0,0,0.49995703,-0.00017191457,0.6781692504882812,1.8714767e-05,-10.886179,0.99989533,9.164686
1177,0,0,0.49994358,-0.00022562903,0.760006844997406,6.5709624e-05,-9.630199,0.9998215,8.630459
1178,0,1,0.5001172,0.00046874027,0.5879834294319153,0.00040706643,-7.806127,0.9998273,8.663681
1179,0,0,0.49982825,-0.0006870603,0.8212533593177795,1.006311e-05,-11.506624,0.9996464,7.94724
1180,1,0,0.44838154,-0.20721206,1.0,2.8871622e-05,-10.452622,0.89673424,2.161454
1181,0,1,0.82850915,1.575098,1.0,0.9034995,2.2367277,0.7535188,1.1174685
1182,0,0,0.49985543,-0.0005783323,0.5575293302536011,1.0913293e-05,-11.425518,0.99969995,8.111271
1183,0,1,0.818424,1.5057061,1.0,0.99977857,8.415249,0.63706934,0.56266665
1184,1,1,0.50007135,0.00028534632,0.5973543524742126,0.9999653,10.269325,0.00017738077,-8.637034
1185,1,1,0.50012183,0.000487328,1.0,0.019354576,-3.925282,0.98088914,3.9382052
1186,0,1,0.98621225,4.2700915,1.0,0.97711235,3.7540042,0.9953121,5.358086
1187,1,1,0.5002173,0.0008692539,0.774238646030426,0.99998426,11.058789,0.0004504001,-7.7049236
1188,0,0,0.49995044,-0.00019832431,0.5730779767036438,6.632817e-06,-11.923474,0.99989426,9.154486
1189,0,1,0.5001844,0.0007376334,0.6444240212440491,0.00050537684,-7.5897007,0.9998635,8.899416
1190,1,0,0.49998125,-7.492585e-05,0.6655116677284241,0.9998085,8.560355,0.00015403754,-8.77816
1191,0,0,0.49996504,-0.00013978266,0.6772274971008301,3.985411e-05,-10.130245,0.9998902,9.116716
1192,0,0,0.4998951,-0.00041964513,0.6459985971450806,8.43579e-05,-9.380358,0.99970585,8.131125
1193,0,1,0.53823185,0.15322652,0.7146610021591187,0.076650806,-2.4887474,0.9998129,8.58342
1194,1,1,0.50011164,0.00044657747,0.6682894229888916,0.9999777,10.709412,0.00024556724,-8.311694
1195,0,0,0.49991924,-0.00032304975,0.528660237789154,3.2719738e-05,-10.327499,0.99980575,8.546112
1196,1,1,0.50006413,0.0002565055,0.6313573122024536,0.99996054,10.14142,0.0001677114,-8.693098
1197,0,0,0.49990734,-0.00037057113,0.6550855040550232,2.6571353e-05,-10.53565,0.9997881,8.459417
1198,0,0,0.43949753,-0.24320154,1.0,0.82636255,1.5600642,0.05263253,-2.8903527
1199,1,1,0.50012386,0.00049543026,0.7669557332992554,0.9999827,10.966646,0.0002650359,-8.23538
1200,0,1,0.60789305,0.4384643,1.0,0.99756324,6.0146294,0.21822284,-1.2760531
1201,1,0,0.49924877,-0.0030049486,0.605340301990509,0.9982888,6.368887,0.00020872481,-8.474285
1202,0,0,0.49989727,-0.00041099888,0.8828622102737427,9.654556e-06,-11.548071,0.9997849,8.444214
1203,0,1,0.9796297,3.8730965,0.723271906375885,0.95947045,3.1643503,0.99978894,8.46336
1204,0,0,0.49993643,-0.0002541865,0.8945788741111755,5.367006e-05,-9.832602,0.9998192,8.61757
1205,0,0,0.49996054,-0.00015784556,0.7384520173072815,7.940012e-05,-9.440931,0.9998417,8.751152
1206,1,1,0.5001693,0.0006771179,0.8804383277893066,0.99998856,11.382801,0.00035003727,-7.957121
1207,0,1,0.5001914,0.0007655074,0.6267940998077393,0.0005108604,-7.578903,0.99987197,8.963161
1208,1,0,0.44334206,-0.22760923,1.0,2.0267516e-05,-10.806471,0.88666385,2.0571077
1209,1,1,0.50007087,0.00028343953,0.555659830570221,0.9999845,11.071308,0.00015724513,-8.757547
1210,0,0,0.4999448,-0.00022079998,0.860686719417572,1.8827004e-05,-10.880199,0.9998708,8.953846
1211,0,0,0.4999512,-0.00019510504,0.5901442170143127,9.600771e-06,-11.553658,0.99989283,9.141241
1212,1,1,0.50011057,0.00044228786,0.8131987452507019,0.99996316,10.209799,0.00025799338,-8.262319
1213,1,0,0.49945337,-0.0021865414,0.7154248952865601,0.99858224,6.5572605,0.00032450483,-8.032886
1214,0,1,0.5000251,0.00010036919,0.8055495619773865,0.00016857043,-8.687988,0.9998816,9.041808
1215,0,0,0.4999401,-0.00023963938,0.5611653923988342,6.6816524e-06,-11.916139,0.9998735,8.975694
1216,1,1,0.5000583,0.00023314619,0.5568727850914001,0.9999291,9.554192,0.0001874768,-8.581668
1217,0,1,0.50325775,0.013031202,0.8087480068206787,0.0066645825,-5.004261,0.99985087,8.810487
1218,0,0,0.49990383,-0.0003847624,0.6833142638206482,5.228127e-06,-12.161452,0.9998024,8.528873
1219,0,0,0.49991924,-0.00032304975,0.6079187393188477,5.464704e-06,-12.117195,0.999833,8.697529
1220,1,1,0.5001526,0.00061040366,0.6701539158821106,0.99992657,9.519149,0.00037864712,-7.878527
1221,0,1,0.6175104,0.4789943,1.0,0.9999819,10.919027,0.2350389,-1.180074
1222,1,1,0.500171,0.0006840273,0.8477740287780762,0.99998546,11.137304,0.00035660737,-7.9385185
1223,1,0,0.46231794,-0.1510146,1.0,5.192453e-05,-9.865667,0.924584,2.5063248
1224,1,1,0.50000477,1.9073304e-05,0.5639685988426208,0.999897,9.180302,0.00011258514,-9.091688
1225,1,1,0.5000712,0.00028486963,0.6191611886024475,0.9999305,9.574539,0.0002119201,-8.459089
1226,1,1,0.50752074,0.03008524,1.0,0.033646878,-3.357609,0.98139465,3.965522
1227,0,1,0.5146598,0.058656096,1.0,0.99989474,9.159563,0.029424857,-3.496049
1228,0,0,0.49992448,-0.00030206234,0.704189658164978,8.819215e-06,-11.638569,0.99984014,8.740879
1229,0,1,0.7839855,1.289045,1.0,0.9994935,7.5874662,0.5684776,0.27564234
1230,1,0,0.4341189,-0.26506558,1.0,4.6214307e-05,-9.982175,0.8681916,1.8850628
1231,1,1,0.5001221,0.00048828122,0.6995145082473755,0.9999826,10.96115,0.00026150854,-8.248782
1232,1,1,0.5000808,0.00032324335,0.7471085786819458,0.99997926,10.780641,0.00018236887,-8.609297
1233,1,1,0.5000723,0.0002891599,0.672463595867157,0.99997985,10.812893,0.00016473714,-8.710995
1234,1,1,0.50012326,0.00049304724,0.5164614319801331,0.9999163,9.388049,0.00033017978,-8.015543
1235,1,1,0.5001109,0.00044371773,0.8012695908546448,0.9999819,10.916998,0.00024002715,-8.334518
1236,1,1,0.50005674,0.00022694873,0.6655427813529968,0.9999449,9.806006,0.00016861093,-8.687748
1237,1,0,0.46131125,-0.15506503,1.0,0.0002557893,-8.270901,0.92236674,2.474947
1238,1,0,0.4435973,-0.22657512,1.0,0.012982125,-4.331115,0.87421244,1.9387289
1239,1,0,0.45329243,-0.1873766,1.0,1.1755258e-05,-11.351198,0.9065731,2.2724924
1240,0,0,0.4998808,-0.00047683163,0.8415131568908691,5.2487638e-05,-9.85488,0.99970907,8.142267
1241,1,0,0.48693222,-0.052283045,1.0,0.001279901,-6.659692,0.97258455,3.568849
1242,1,0,0.47426042,-0.10304936,1.0,0.00075322075,-7.1903987,0.9477676,2.8984072
1243,0,1,0.52384245,0.09544219,1.0,0.9889419,4.493476,0.058742944,-2.7740452
1244,0,1,0.8769406,1.9637722,1.0,0.9948665,5.266817,0.7590148,1.1472857
1245,0,0,0.49994358,-0.00022562903,0.6551158428192139,1.746949e-05,-10.955037,0.9998697,8.945439
1246,1,1,0.50026166,0.0010467056,0.8501740097999573,0.99998975,11.486015,0.0005335728,-7.5353813
1247,0,1,0.530483,0.12208343,1.0,0.99993205,9.596263,0.06103396,-2.7333488
1248,0,1,0.9721004,3.5508459,1.0,0.99998343,11.004427,0.9442173,2.8288925
1249,1,0,0.06802651,-2.6174068,1.0,1.3195173e-05,-11.235646,0.13603982,-1.8485789
1250,0,1,0.7362308,1.0264691,1.0,0.99994063,9.731985,0.47252092,-0.11002718
1251,0,1,0.54282224,0.17170961,1.0,0.999265,7.2150073,0.08637953,-2.3586645
1252,0,1,0.73540497,1.0222208,1.0,0.99998736,11.279181,0.47082257,-0.11684234
1253,0,1,0.5002492,0.0009968079,0.5421720147132874,0.0006133293,-7.395995,0.9998851,9.070976
1254,1,0,0.46087545,-0.1568188,0.646920382976532,0.921523,2.4632218,0.00022794222,-8.38619
1255,0,1,0.7995566,1.3835255,1.0,0.9995229,7.6472435,0.5995903,0.40375853
1256,0,0,0.49992895,-0.0002841757,0.7819730043411255,2.956792e-05,-10.428791,0.99982834,8.669861
1257,0,1,0.95055854,2.9562604,1.0,0.9997993,8.513289,0.9013178,2.2119532
1258,0,1,0.55287766,0.2123045,1.0,0.999092,7.003339,0.106663324,-2.125286
1259,1,0,0.48486823,-0.060545586,1.0,1.435091e-05,-11.151683,0.9697221,3.466589
1260,1,1,0.5001024,0.00040963842,0.6114398837089539,0.99998224,10.937786,0.0002225466,-8.4101515
1261,1,0,0.4998133,-0.0007467673,0.8855575919151306,0.99935144,7.3400784,0.00027513978,-8.197956
1262,1,0,0.4302181,-0.28096136,1.0,5.667752e-05,-9.778076,0.8603795,1.8184456
1263,0,0,0.4999436,-0.00022556941,0.7217891216278076,8.360808e-06,-11.691947,0.9998789,9.018449
1264,0,1,0.844233,1.690067,1.0,0.9999745,10.57745,0.68849146,0.7930761
1265,0,0,0.49985784,-0.00056861114,0.7587040662765503,2.1837457e-05,-10.731862,0.9996939,8.091052
1266,0,0,0.49994156,-0.00023373713,0.6908299326896667,2.5336201e-05,-10.583251,0.9998578,8.858326
1267,0,0,0.49980867,-0.0007653184,0.7902780771255493,0.00011836949,-9.041581,0.99949896,7.5983276
1268,0,1,0.5158573,0.063450344,0.790307343006134,0.031863447,-3.4139137,0.9998511,8.812008
1269,0,0,0.4999473,-0.00021078423,0.42624393105506897,2.7409254e-05,-10.504602,0.9998672,8.926691
1270,0,0,0.49992022,-0.00031905496,0.7581493258476257,6.1438227e-06,-12.000057,0.9998343,8.705121
1271,1,1,0.50010866,0.0004346618,0.8571524024009705,0.99997854,10.74983,0.0002387813,-8.339724
1272,1,1,0.50013447,0.0005378469,0.8628165125846863,0.9999895,11.466612,0.0002793832,-8.182647
1273,0,1,0.8826994,2.0182445,1.0,0.9999682,10.354576,0.7654305,1.1826868
1274,0,1,0.5886993,0.3585909,1.0,0.21603747,-1.2889093,0.9613611,3.2140913
1275,1,1,0.5001117,0.0004468158,0.5590883493423462,0.9999914,11.661228,0.00023194525,-8.368777
1276,1,1,0.5001044,0.0004177413,0.5705772042274475,0.9999703,10.425496,0.0002385385,-8.340741
1277,1,0,0.49538508,-0.018460285,1.0,0.00022610322,-8.394293,0.9905441,4.651621
1278,0,1,0.50143,0.0057199607,0.6723482012748718,0.0032403865,-5.728817,0.9996196,7.87405
1279,1,1,0.5000324,0.0001296913,0.499362975358963,0.99988306,9.053665,0.00018179801,-8.6124325
1280,1,1,0.5001172,0.00046874027,0.7170827388763428,0.9999708,10.439889,0.0002635751,-8.240909
1281,0,1,0.50047404,0.0018961322,0.6970375776290894,0.0010676733,-6.841205,0.99988043,9.031281
1282,0,1,0.7689518,1.2024018,1.0,0.975785,3.6962686,0.56211853,0.24976453
1283,1,1,0.5001321,0.0005283152,0.6890362501144409,0.9999875,11.289339,0.00027668235,-8.192364
1284,0,0,0.49986473,-0.00054117775,0.7303318977355957,1.5368112e-05,-11.0832,0.9997141,8.1596155
1285,1,0,0.43886292,-0.24577813,1.0,1.3448186e-05,-11.216653,0.87771237,1.9709435
1286,1,1,0.5001017,0.00040677856,0.6295713782310486,0.9999893,11.446281,0.00021414732,-8.448632
1287,0,1,0.5043439,0.017376095,0.8183132410049438,0.008992081,-4.7023783,0.9996958,8.097554
1288,0,0,0.49994874,-0.000205061,0.673336386680603,1.1422291e-05,-11.379932,0.99988604,9.079129
1289,1,0,0.49781618,-0.008735313,0.6357733607292175,0.99540544,5.37828,0.00022692305,-8.390673
1290,0,1,0.50595546,0.023822973,1.0,0.99997926,10.781052,0.011931706,-4.4165525
1291,0,0,0.4998322,-0.000671135,0.5974783897399902,5.8414275e-06,-12.0505295,0.9996586,7.9820604
1292,0,0,0.49989116,-0.00043532785,0.8429436683654785,4.5644115e-06,-12.297216,0.99977773,8.411628
1293,1,1,0.5000654,0.00026151098,0.6250692009925842,0.9998294,8.676491,0.00030134118,-8.106966
1294,1,1,0.5000954,0.00038175448,0.7147226929664612,0.99998736,11.2808275,0.00020347838,-8.499747
1295,1,1,0.5001403,0.00056119903,0.8798910975456238,0.99995756,10.067613,0.00032307804,-8.037293
1296,0,0,0.49992552,-0.0002979484,0.8559998869895935,0.000107776665,-9.135342,0.9997433,8.267456
1297,1,0,0.4991817,-0.0032732354,0.5579066872596741,0.99798155,6.2033987,0.00038184263,-7.87012
1298,1,0,0.0014213051,-6.5547576,0.8015771508216858,0.0025456292,-5.9708285,0.00029698113,-8.121545
1299,1,1,0.50010717,0.0004287039,0.7664328813552856,0.99995995,10.124604,0.00025442938,-8.276233
1300,1,0,0.46784973,-0.12877876,1.0,0.38183808,-0.4817537,0.5538614,0.21628472
1301,0,1,0.5989195,0.4009651,1.0,0.99990475,9.259468,0.19793424,-1.3992559
1302,1,1,0.50009793,0.0003917642,0.6760640740394592,0.99998975,11.486879,0.00020607891,-8.487045
1303,0,1,0.7942784,1.3509101,1.0,0.998725,6.6635427,0.5898317,0.3632699
1304,0,0,0.49985266,-0.00058936555,0.6179654598236084,8.709605e-06,-11.651075,0.9996966,8.100077
1305,1,0,0.41329426,-0.35036355,1.0,4.8620783e-05,-9.931411,0.8265399,1.5613009
1306,0,0,0.49918118,-0.0032753285,0.7077392935752869,7.3724523e-06,-11.817753,0.998355,6.40837
1307,0,0,0.4998137,-0.00074521644,0.8511799573898315,1.5153362e-05,-11.097273,0.9996123,7.854641
1308,0,1,0.8006617,1.390435,1.0,0.99995196,9.942853,0.60137135,0.4111824
1309,1,1,0.5002083,0.0008332833,0.7315775752067566,0.9999778,10.716881,0.00043875017,-7.7311416
1310,1,1,0.50002515,0.000100607576,0.6200510263442993,0.9999062,9.274771,0.00014407208,-8.845053
1311,1,1,0.5000736,0.0002944036,0.7698946595191956,0.99997187,10.477209,0.00017535422,-8.648527
1312,0,1,0.5441292,0.17697729,1.0,0.9900006,4.5951858,0.09825781,-2.216734
1313,0,0,0.4999117,-0.00035327952,0.5424725413322449,2.541366e-05,-10.580198,0.999798,8.506887
1314,0,1,0.99015105,4.6104927,1.0,0.99481,5.2558093,0.98549217,4.218452
1315,1,1,0.5000145,5.7934038e-05,0.6047636270523071,0.9997178,8.172705,0.00031123657,-8.074646
1316,1,1,0.50006264,0.00025054652,0.7331293821334839,0.9999918,11.704671,0.00013357225,-8.920734
1317,0,0,0.49998546,-5.8175825e-05,0.8533040285110474,0.000108618035,-9.127564,0.9998623,8.890173
1318,0,0,0.49992615,-0.00029538464,0.7114050388336182,7.1592417e-06,-11.847099,0.99984515,8.773361
1319,1,0,0.49993235,-0.0002705821,0.7547678351402283,0.9995968,7.815564,0.00026791953,-8.224556
1320,1,1,0.50016135,0.0006454292,0.7445549368858337,0.9999728,10.512159,0.0003498701,-7.9575987
1321,0,1,0.5166313,0.06654977,1.0,0.99998665,11.227727,0.033275917,-3.369079
1322,0,1,0.5075568,0.030229477,1.0,0.9999484,9.87096,0.015165194,-4.173471
1323,1,1,0.5001241,0.00049638347,0.7225775718688965,0.9999373,9.676474,0.00031095333,-8.075557
1324,0,1,0.51005495,0.040225197,0.5508632659912109,0.020227822,-3.8802612,0.9998821,9.045285
1325,1,0,0.36205062,-0.56647485,1.0,7.628292e-06,-11.783639,0.7240936,0.9648591
1326,1,0,0.49696472,-0.012141323,1.0,0.002051169,-6.187292,0.9918783,4.8050513
1327,1,1,0.5001047,0.00041893288,0.6903709173202515,0.99998045,10.840157,0.00022904719,-8.381353
1328,1,1,0.5001241,0.00049638347,0.7893062233924866,0.9999895,11.461537,0.0002586285,-8.259859
1329,1,0,0.47474343,-0.10111235,1.0,2.0207186e-05,-10.809452,0.94946665,2.9332662
1330,0,1,0.51241726,0.049679253,0.7698913216590881,0.024981828,-3.6643074,0.99985266,8.8225
1331,0,0,0.49996957,-0.00012166048,0.5296226739883423,5.2015923e-05,-9.863909,0.9998871,9.089254
1332,0,0,0.49989173,-0.00043300228,0.8364997506141663,2.0168722e-05,-10.8113575,0.9997633,8.348721
1333,0,0,0.49988878,-0.0004448688,0.6572901010513306,7.68288e-06,-11.776508,0.99976987,8.376469
1334,1,0,0.06613163,-2.6476884,0.7390351295471191,0.13211,-1.8824301,0.0001532631,-8.783201
1335,1,1,0.5000834,0.00033349197,0.6065405607223511,0.9999795,10.792031,0.00018723082,-8.582981
1336,1,1,0.50014,0.00056000764,0.8544073700904846,0.9999703,10.426552,0.0003097632,-8.079392
1337,1,0,0.49272525,-0.029101053,1.0,0.00022104576,-8.41692,0.98522943,4.2002354
1338,1,0,0.49986935,-0.0005226309,0.76024329662323,0.9994609,7.524993,0.00027781897,-8.188263
1339,0,1,0.7560756,1.1312832,0.5397473573684692,0.51237607,0.049514316,0.9997751,8.399823
1340,0,0,0.49992132,-0.00031470243,0.6715120077133179,7.0439146e-06,-11.863339,0.9998356,8.713234
1341,1,1,0.5000896,0.0003583981,0.6081214547157288,0.99995637,10.039093,0.00022275145,-8.409231
1342,1,1,0.50024897,0.0009958552,0.7375462651252747,0.99998045,10.844588,0.0005175082,-7.5659676
1343,0,1,0.51063,0.042526472,1.0,0.9999672,10.326433,0.021292761,-3.8278654
1344,1,1,0.5001845,0.0007378716,0.739004909992218,0.9999912,11.639822,0.0003778014,-7.880764
1345,1,0,0.40098232,-0.4013738,1.0,6.8220174e-06,-11.895349,0.80195785,1.398576
1346,0,1,0.50809264,0.032373358,1.0,0.99994993,9.901015,0.016235398,-4.1041927
1347,1,1,0.50009805,0.00039224082,0.7794557809829712,0.9999703,10.424194,0.00022581754,-8.395557
1348,1,0,0.49052185,-0.03791716,1.0,0.00018368821,-8.602087,0.98086,3.936647
1349,1,1,0.5000933,0.00037317464,0.6324142813682556,0.9999819,10.917937,0.0002047135,-8.493694
1350,0,0,0.49996826,-0.00012690634,0.8082660436630249,0.000109328605,-9.121043,0.9998272,8.663009
1351,1,1,0.50010234,0.0004094001,0.575438380241394,0.9999609,10.149991,0.000243801,-8.318914
1352,1,0,0.49999067,-3.7253598e-05,0.6069844961166382,0.99975306,8.306295,0.00022829547,-8.384642
1353,0,1,0.50016433,0.0006573423,0.7212749719619751,0.0005003354,-7.5997314,0.99982834,8.66999
1354,1,0,0.1617184,-1.6454976,1.0,9.388698e-06,-11.5759945,0.3234274,-0.73806506
1355,0,0,0.49991104,-0.0003557838,0.7143152356147766,1.166972e-05,-11.358501,0.9998104,8.570118
1356,0,0,0.4999307,-0.00027708078,0.6682437062263489,2.3295817e-05,-10.667213,0.9998381,8.728658
1357,0,1,0.9093042,2.3051686,1.0,0.9999343,9.630096,0.8186741,1.5073903
1358,1,0,0.45650548,-0.17441891,1.0,0.00010833565,-9.130168,0.9129026,2.3496017
1359,1,0,0.4984899,-0.0060405415,1.0,0.021774085,-3.80502,0.97520566,3.6720347
1360,0,0,0.49991068,-0.00035721483,0.7852272987365723,1.4175768e-05,-11.163962,0.9998072,8.553407
1361,0,1,0.9663229,3.35668,0.6744605898857117,0.93275875,2.6298587,0.999887,9.08786
1362,1,1,0.5000869,0.00034767305,0.735649049282074,0.9999944,12.089529,0.00017939825,-8.625723
1363,0,1,0.93752205,2.7084267,1.0,0.99605125,5.5304046,0.8789928,1.9829264
1364,0,1,0.9828439,4.048095,0.7597023844718933,0.96591747,3.3442945,0.9997702,8.378016
1365,0,0,0.49986976,-0.00052096107,0.8302887082099915,1.354016e-05,-11.209837,0.999726,8.20216
1366,0,0,0.49992782,-0.00028870697,0.7787144184112549,1.5403135e-05,-11.080924,0.99984026,8.741632
1367,1,1,0.5000809,0.00032348168,0.7430182695388794,0.9999839,11.036583,0.00017788535,-8.634193
1368,0,0,0.49994478,-0.0002208596,0.7996501922607422,3.990093e-06,-12.431692,0.99988556,9.075399
1369,1,0,0.4772791,-0.090946294,0.7384846210479736,0.9542936,3.0387328,0.00026456482,-8.23716
1370,0,0,0.4999841,-6.365978e-05,0.6249222159385681,0.00012636572,-8.976204,0.9998418,8.751644
1371,0,0,0.49992764,-0.00028942243,0.7258564829826355,1.2283253e-05,-11.307261,0.999843,8.759393
1372,1,1,0.5001329,0.0005316513,0.7594108581542969,0.99998415,11.055672,0.00028166967,-8.174494
1373,1,1,0.50013113,0.0005245025,0.6344999074935913,0.9999759,10.632309,0.00028637506,-8.157922
1374,1,0,0.4521911,-0.1918216,1.0,1.0696519e-05,-11.445581,0.90437156,2.2467701
1375,1,0,0.30662823,-0.8159303,1.0,0.00019372822,-8.548861,0.61306274,0.46020475
1376,0,1,0.96374863,3.2803535,1.0,0.99988246,9.048632,0.9276148,2.5506139
1377,1,1,0.5001121,0.00044848397,0.6894227862358093,0.99994814,9.866836,0.00027614736,-8.1943
1378,0,1,0.50012857,0.00051425584,0.7351819276809692,0.0005137302,-7.5732985,0.9997434,8.26795
1379,1,1,0.5000931,0.00037245965,0.6114575266838074,0.9999889,11.4150715,0.00019728525,-8.530663
1380,0,1,0.50051284,0.0020513937,0.6471482515335083,0.0012548574,-6.6794777,0.9997708,8.380833
1381,0,0,0.49987575,-0.0004969282,0.8379887938499451,1.25250735e-05,-11.2877655,0.999739,8.250711
1382,1,1,0.50007874,0.00031490135,0.7003780603408813,0.9999409,9.7366905,0.000216644,-8.437038
1383,1,1,0.50009996,0.00039986722,0.5366437435150146,0.999987,11.252628,0.00021296043,-8.454191
1384,1,0,0.49213636,-0.031457163,0.582617998123169,0.9841427,4.128142,0.00012997976,-8.948002
1385,1,1,0.5001242,0.00049686007,0.7913811206817627,0.9999763,10.64703,0.00027209753,-8.209078
1386,0,1,0.7011014,0.8525482,1.0,0.6961074,0.8288298,0.7060955,0.8764956
1387,1,0,0.49983007,-0.0006797239,0.6472663879394531,0.99943525,7.4786434,0.00022488758,-8.399685
1388,0,1,0.5001276,0.00051044306,0.5684614777565002,0.00041673734,-7.7826376,0.9998385,8.730661
1389,1,1,0.5001051,0.0004203628,0.5864366888999939,0.9999882,11.346461,0.00022199031,-8.412655
1390,1,0,0.4808013,-0.07683245,1.0,7.193006e-05,-9.539744,0.9615307,3.2186646
1391,1,1,0.50009906,0.00039629237,0.7487650513648987,0.99998367,11.024504,0.00021445053,-8.447217
1392,1,0,0.49966723,-0.0013310823,0.6850721836090088,0.9991321,7.0485983,0.00020237958,-8.505163
1393,0,1,0.5787356,0.317585,1.0,0.9997639,8.351084,0.15770727,-1.675387
1394,0,1,0.50873965,0.034962155,1.0,0.99987006,8.948162,0.017609255,-4.0215645
1395,1,0,0.49995983,-0.00016070703,0.5602285265922546,0.99973565,8.23795,0.00018397569,-8.600523
1396,0,1,0.7378793,1.034975,1.0,0.9999802,10.830396,0.47577834,-0.096962415
1397,0,0,0.4999643,-0.00014282293,0.8279163241386414,5.8161615e-05,-9.752227,0.9998704,8.9514065
1398,0,1,0.5015379,0.00615167,0.7183859944343567,0.0032002907,-5.741308,0.99987555,8.991709
1399,0,1,0.5198468,0.07942887,1.0,0.9999541,9.989249,0.03973943,-3.1848607
1400,0,0,0.49986625,-0.0005350352,0.7292017340660095,5.875839e-06,-12.044656,0.9997266,8.204479
1401,1,0,0.49992305,-0.00030778613,0.6010530591011047,0.9996865,8.067378,0.0001596491,-8.7423725
1402,1,0,0.47756907,-0.089783885,1.0,0.00017613947,-8.644058,0.954962,3.0541644
1403,0,1,0.69310385,0.81467044,1.0,0.9812584,3.9580903,0.40494928,-0.38488477
1404,1,1,0.5000879,0.00035172474,0.5722898244857788,0.9999645,10.24474,0.00021133856,-8.461838
1405,0,1,0.5165795,0.066342406,0.5285521745681763,0.033334795,-3.3672504,0.9998242,8.645777
1406,0,1,0.5048858,0.019543821,1.0,0.9999888,11.404357,0.009782824,-4.617296
1407,1,1,0.5000942,0.00037674958,0.7600089311599731,0.9998605,8.877232,0.00032782266,-8.02271
1408,1,1,0.5001486,0.00059432007,0.8124334812164307,0.9999913,11.650486,0.00030594075,-8.091813
1409,1,0,0.46195242,-0.15248507,0.79627925157547,0.9236435,2.4929137,0.00026128595,-8.249634
1410,0,1,0.9649906,3.3165023,1.0,0.99998343,11.0091305,0.9299978,2.5866559
1411,0,0,0.4998719,-0.0005123736,0.6882577538490295,7.915979e-06,-11.746619,0.9997359,8.239117
1412,1,0,0.49307635,-0.027696421,0.794061005115509,0.9859655,4.2520986,0.00018723369,-8.582966
1413,0,1,0.8796755,1.9893609,0.7971856594085693,0.75968134,1.1509334,0.9996697,8.01503
1414,1,0,0.4579677,-0.16852698,1.0,0.0041196663,-5.487855,0.9118157,2.336009
1415,0,1,0.5002572,0.0010287237,0.8263416886329651,0.0006288589,-7.3709745,0.99988556,9.075851
1416,1,0,0.49979067,-0.0008373189,0.6914106011390686,0.99931,7.278184,0.00027134287,-8.211856
1417,0,0,0.49995294,-0.0001883088,0.6862607002258301,9.82122e-06,-11.530955,0.99989605,9.171823
1418,0,1,0.8315104,1.59637,1.0,0.99992037,9.43741,0.6631004,0.6771414
1419,0,1,0.520693,0.08281936,0.7596948146820068,0.041653655,-3.1358202,0.9997323,8.225384
1420,0,1,0.93955344,2.743645,1.0,0.9999844,11.065526,0.8791225,1.9841468
1421,0,1,0.5004083,0.0016331442,0.6322166323661804,0.0009254871,-6.9842644,0.99989104,9.1245575
1422,1,1,0.5002135,0.0008540082,0.9251167178153992,0.9999809,10.864781,0.00044605782,-7.714616
1423,0,0,0.49994218,-0.00023129277,0.8018340468406677,1.1222365e-05,-11.397591,0.99987316,8.973007
1424,1,1,0.5001195,0.00047803417,0.7792402505874634,0.9999205,9.439318,0.0003185682,-8.051355
1425,1,1,0.50011057,0.00044228786,0.6909645199775696,0.9999652,10.264313,0.0002559264,-8.270365
1426,1,0,0.08657165,-2.3562326,0.7555415034294128,0.17289273,-1.565263,0.00025056535,-8.29154
1427,0,0,0.49988794,-0.00044820816,0.6121886968612671,7.836877e-06,-11.756662,0.9997681,8.368769
1428,0,0,0.49991968,-0.00032132067,0.8030035495758057,0.00010099204,-9.200368,0.9997384,8.248222
1429,0,0,0.49998325,-6.699786e-05,0.713937520980835,7.4141324e-05,-9.509463,0.99989235,9.136766
1430,1,1,0.50014454,0.00057811715,0.7721453905105591,0.999982,10.926424,0.00030711116,-8.087994
1431,1,0,0.3121546,-0.7900655,1.0,3.2104806e-05,-10.346473,0.62427706,0.50774235
1432,0,1,0.58714986,0.35219538,1.0,0.99994016,9.724001,0.17435952,-1.55504
1433,1,1,0.50014585,0.0005833593,0.7835572957992554,0.9999763,10.648074,0.00031542877,-8.061262
1434,0,1,0.50322974,0.012919178,0.8216795325279236,0.0067081163,-4.9977064,0.9997514,8.299327
1435,1,1,0.5000597,0.00023886688,0.7613251805305481,0.9999527,9.958953,0.00016680986,-8.698489
1436,0,1,0.5000565,0.00022599527,0.6116806268692017,0.00026428772,-8.238208,0.9998487,8.796135
1437,0,1,0.9211842,2.4585462,1.0,0.9887531,4.4763474,0.8536152,1.7632415
1438,1,1,0.5001003,0.00040129715,0.6469337940216064,0.9999478,9.860304,0.00025289872,-8.282269
1439,0,1,0.7104242,0.89744514,1.0,0.99953413,7.671133,0.42131427,-0.31738043
1440,1,0,0.18427078,-1.4876761,1.0,0.06996117,-2.587286,0.2985804,-0.85406697
1441,1,1,0.5000476,0.0001904783,0.7840062975883484,0.9998029,8.531631,0.00029233948,-8.137302
1442,1,0,0.41005033,-0.36375734,1.0,0.067601204,-2.6241348,0.75249946,1.1119876
1443,0,1,0.91535044,2.380787,1.0,0.99864286,6.6010494,0.83205795,1.6002831
1444,0,0,0.49995568,-0.00017733955,0.8077887296676636,6.0403265e-05,-9.714407,0.999851,8.811817
1445,1,1,0.5000931,0.00037245965,0.6796807646751404,0.9999099,9.31394,0.0002763834,-8.193445
1446,1,1,0.50012195,0.00048780462,0.8268060684204102,0.9999536,9.979477,0.00029032715,-8.144212
1447,1,1,0.5001781,0.00071237935,0.7120351195335388,0.99997675,10.66991,0.0003794696,-7.8763566
1448,1,0,0.4977633,-0.0089469245,0.8788484334945679,0.9952009,5.3345213,0.00032571674,-8.029157
1449,1,1,0.50015616,0.0006246999,0.7420450448989868,0.9999788,10.760992,0.00033356354,-8.005343
1450,0,1,0.83891195,1.6501546,0.5415050983428955,0.6779245,0.7442499,0.9998994,9.2044735
1451,1,1,0.50009733,0.00038938093,0.641673743724823,0.9999912,11.633786,0.00020352281,-8.499529
1452,0,0,0.4999199,-0.0003204263,0.8661719560623169,6.7992085e-05,-9.596051,0.9997718,8.384912
1453,0,1,0.7451317,1.072814,1.0,0.99343646,5.0196366,0.4968269,-0.012692701
1454,1,0,0.49998963,-4.1485695e-05,0.6469751596450806,0.99972504,8.198688,0.00025419178,-8.277167
1455,1,0,0.49998564,-5.746053e-05,0.6519014835357666,0.99978405,8.440423,0.00018722654,-8.583004
1456,1,0,0.4998272,-0.00069117587,0.6869102120399475,0.99940944,7.433801,0.00024497748,-8.314099
1457,1,1,0.5001675,0.0006699701,0.28448590636253357,0.999984,11.046274,0.00035096554,-7.9544716
1458,0,0,0.49979863,-0.0008054638,0.8855564594268799,2.0996868e-05,-10.771116,0.9995763,7.766063
1459,0,0,0.49989304,-0.0004277548,0.7680191993713379,1.0462996e-05,-11.467655,0.9997756,8.402027
1460,1,1,0.50011563,0.00046254427,0.622613787651062,0.9999888,11.3993,0.00024249416,-8.32429
1461,0,1,0.5005106,0.0020423522,0.7206242084503174,0.001175561,-6.7448335,0.9998456,8.775862
1462,0,1,0.54338455,0.17397569,1.0,0.9999845,11.074116,0.08678458,-2.3535428
1463,0,1,0.9903626,4.632418,1.0,0.9999825,10.954674,0.9807427,3.9304168
1464,0,0,0.49979278,-0.0008287883,0.7807061672210693,7.2643443e-06,-11.832525,0.9995783,7.7708898
1465,0,1,0.5310543,0.124377415,1.0,0.99650854,5.6539397,0.06560014,-2.6563265
1466,0,1,0.657039,0.6501266,1.0,0.50880826,0.035236806,0.8052697,1.4195617
1467,0,1,0.9416471,2.7811217,1.0,0.999846,8.778203,0.88344824,2.025497
1468,1,1,0.5001654,0.00066163106,0.6603987812995911,0.9999869,11.242338,0.00034387223,-7.9748964
1469,1,1,0.5001096,0.00043847485,0.5664951205253601,0.9999831,10.985709,0.00023613965,-8.350851
1470,1,0,0.49718866,-0.011245421,0.6208208203315735,0.9941518,5.1357527,0.00022554425,-8.396769
1471,1,0,0.4995489,-0.0018043694,0.7004024386405945,0.9988502,6.7670183,0.00024761976,-8.303369
1472,1,1,0.500053,0.00021193166,0.673668622970581,0.99980026,8.517968,0.00030572995,-8.092503
1473,0,0,0.49981034,-0.0007586376,0.8861501216888428,1.7687316e-05,-10.942645,0.999603,7.831138
1474,0,1,0.76728386,1.1930374,1.0,0.999979,10.7690735,0.5345887,0.13857621
1475,1,1,0.5000585,0.00023386128,0.6619368195533752,0.9999647,10.252937,0.00015219969,-8.790165
1476,0,0,0.4998854,-0.0004582859,0.6528118848800659,1.1918462e-05,-11.33741,0.9997589,8.329964
1477,0,0,0.49975023,-0.0009990555,0.7701922059059143,7.5421394e-06,-11.794997,0.9994929,7.586353
1478,0,1,0.5205499,0.082245946,0.7469061613082886,0.041223828,-3.1466413,0.9998759,8.994505
1479,1,1,0.5000965,0.00038604435,0.8961045742034912,0.9999745,10.5769005,0.0002185094,-8.428463
1480,1,0,0.49705145,-0.011794289,0.6714715957641602,0.993871,5.0885777,0.0002319335,-8.368828
1481,0,0,0.49991623,-0.00033515348,0.7925615310668945,1.5162182e-05,-11.096691,0.9998173,8.607256
1482,1,1,0.5001069,0.00042751234,0.760858416557312,0.99995446,9.996295,0.00025932927,-8.257153
1483,1,0,0.49864647,-0.0054140952,0.6747031807899475,0.9970812,5.833689,0.00021171792,-8.460044
1484,1,1,0.5001234,0.00049352384,0.7914220094680786,0.99998033,10.83753,0.00026639353,-8.230269
1485,1,0,0.2239199,-1.2429674,1.0,0.0018501272,-6.290649,0.44598967,-0.21688758
1486,1,1,0.5000983,0.00039319415,0.8426905870437622,0.99989426,9.154544,0.00030231383,-8.103743
1487,1,1,0.50011325,0.0004530119,0.7545121312141418,0.9999871,11.25683,0.0002394007,-8.337132
1488,0,0,0.49990484,-0.00038058846,0.8156818151473999,6.9148455e-06,-11.881833,0.99980277,8.531071
1489,1,0,0.48428646,-0.06287492,1.0,0.0045081256,-5.3973556,0.9640648,3.289441
1490,0,0,0.49996534,-0.00013870963,0.5261388421058655,6.0874318e-05,-9.706638,0.9998698,8.946821
1491,0,1,0.5000512,0.00020478059,0.6720232367515564,0.00020692262,-8.482959,0.99989545,9.165331
1492,0,0,0.4999866,-5.364562e-05,0.5727044939994812,0.00010954754,-9.119042,0.9998636,8.899793
1493,1,0,0.49954847,-0.0018062205,0.7990159392356873,0.9988319,6.751178,0.00026501037,-8.2354765
1494,0,1,0.5081239,0.03249834,0.7462266683578491,0.016380746,-4.0951324,0.99986696,8.924832
1495,1,0,0.49364537,-0.025419882,0.7351589202880859,0.98705924,4.334349,0.0002314921,-8.370733
1496,1,1,0.5000741,0.00029631038,0.5854102969169617,0.9999908,11.598613,0.00015731726,-8.757089
1497,0,1,0.51097435,0.043904472,1.0,0.9942707,5.156411,0.027677957,-3.5590508
1498,1,1,0.50020564,0.0008225633,0.8215792775154114,0.9999907,11.58073,0.00042053591,-7.77356
1499,0,1,0.8272191,1.5660455,1.0,0.9999788,10.762084,0.6544595,0.63869995
1500,0,0,0.4999301,-0.00027946563,0.5451900959014893,1.9749868e-05,-10.832344,0.9998405,8.743568
1501,0,0,0.4840955,-0.06363942,1.0,0.79908204,1.3805671,0.16910899,-1.5919552
1502,1,1,0.5000903,0.0003612581,0.6338152289390564,0.99996233,10.187334,0.0002182666,-8.429575
1503,1,1,0.5000671,0.0002684233,0.5906806588172913,0.99996877,10.374731,0.00016543636,-8.7067585
1504,0,1,0.5000333,0.00013326711,0.6950066089630127,0.0001631164,-8.720883,0.99990356,9.246118
1505,1,1,0.5000452,0.00018070496,0.6743260622024536,0.9999008,9.218014,0.00018957637,-8.570529
1506,0,1,0.71837425,0.9364116,1.0,0.999985,11.106929,0.43676353,-0.25430772
1507,1,1,0.50005543,0.0002217047,0.687117338180542,0.99996305,10.2069435,0.00014783311,-8.819279
1508,1,0,0.46715888,-0.1315538,1.0,4.167937e-05,-10.085463,0.9342761,2.6543093
1509,1,0,0.35113242,-0.61406535,1.0,0.00022998072,-8.377285,0.7020349,0.85700667
1510,0,0,0.49991792,-0.00032829665,0.7027285695075989,8.90763e-06,-11.628593,0.99982697,8.66152
1511,1,1,0.50007766,0.00031061115,0.7068626880645752,0.99998283,10.97526,0.00017254852,-8.6646595
1512,0,0,0.4999238,-0.00030474536,0.8066985607147217,8.176562e-06,-11.714231,0.9998394,8.736862
1513,1,0,0.4999202,-0.00031923383,0.7771309614181519,0.9996061,7.8389235,0.00023428342,-8.358745
1514,0,0,0.49994546,-0.00021817679,0.623192310333252,1.7664088e-05,-10.943959,0.9998733,8.973193
1515,0,1,0.50025916,0.0010367024,0.5819821357727051,0.00083581475,-7.0862675,0.99968255,8.054895
1516,1,0,0.49642813,-0.014287729,0.9362422227859497,0.99262345,4.902047,0.00023284018,-8.364925
1517,0,1,0.76898724,1.2026014,1.0,0.9999685,10.365278,0.53800595,0.15231754
1518,1,1,0.50011253,0.00045015215,0.7400778532028198,0.9999528,9.960289,0.00027224206,-8.208547
1519,1,0,0.46640623,-0.13457784,1.0,4.835505e-05,-9.936892,0.9327641,2.629946
1520,0,1,0.813982,1.4760948,1.0,0.6971109,0.8335778,0.9308532,2.5998702
1521,1,1,0.50013286,0.000531413,0.7133100628852844,0.9999279,9.537236,0.00033786052,-7.9925394
1522,1,1,0.50009996,0.00039986722,0.7931368350982666,0.9999753,10.61026,0.0002246193,-8.400879
1523,1,1,0.50009876,0.00039510074,0.763045072555542,0.9999703,10.426056,0.000227227,-8.389334
1524,1,1,0.5001578,0.0006311332,0.7168258428573608,0.99998665,11.222709,0.00032892934,-8.019339
1525,1,1,0.5000768,0.00030703598,0.6123448610305786,0.9999746,10.579698,0.00017888445,-8.628592
1526,0,0,0.4999613,-0.00015492448,0.688330888748169,7.146671e-05,-9.546207,0.9998511,8.811962
1527,0,1,0.96199214,3.2312133,1.0,0.9997738,8.393963,0.9242104,2.5009785
1528,0,1,0.73905194,1.0410469,1.0,0.63798755,0.56664014,0.84011626,1.6590934
1529,1,0,0.4999913,-3.480972e-05,0.7507285475730896,0.9996582,7.9809337,0.00032435113,-8.03336
1530,1,0,0.4707992,-0.11693621,0.7813910245895386,0.9413855,2.7763705,0.00021290683,-8.454443
1531,1,1,0.5000778,0.00031108785,0.6415087580680847,0.9999809,10.864912,0.00017463307,-8.652649
1532,0,0,0.49994615,-0.000215494,0.7529767751693726,6.957172e-06,-11.8757305,0.9998853,9.072909
1533,1,1,0.5000607,0.00024268066,0.657355546951294,0.9999298,9.564228,0.00019159364,-8.559942
1534,0,0,0.4998871,-0.0004515475,0.6752308011054993,2.045704e-05,-10.797163,0.9997538,8.309152
1535,0,1,0.50155264,0.006210552,1.0,0.99310875,4.9705977,0.009996531,-4.5954704
1536,1,0,0.44314623,-0.22840285,0.7177098989486694,0.8860853,2.051363,0.0002071834,-8.481699
1537,0,1,0.50883436,0.03534115,1.0,0.9992417,7.1836395,0.018426966,-3.9753413
1538,1,1,0.5000677,0.00027080684,0.6434934139251709,0.9998568,8.85188,0.00027863332,-8.185335
1539,0,1,0.5001464,0.0005855038,0.6532838940620422,0.00042532972,-7.7622204,0.99986744,8.928619
1540,1,1,0.50007033,0.00028129434,0.7188707590103149,0.99994504,9.80903,0.00019561649,-8.539159
1541,0,0,0.49986959,-0.0005216767,0.6263719797134399,1.7462728e-05,-10.955424,0.9997217,8.186521
1542,1,1,0.5000491,0.00019643761,0.5996832251548767,0.9999083,9.297293,0.00018992012,-8.568717
1543,1,0,0.48350543,-0.06600221,1.0,1.1408508e-05,-11.38114,0.9669995,3.377675
1544,1,1,0.50003505,0.0001401803,0.7355729937553406,0.99985087,8.810936,0.00021918253,-8.425386
1545,1,1,0.500091,0.00036411808,0.5010711550712585,0.99998295,10.979647,0.00019910625,-8.521473
1546,1,1,0.5000628,0.0002512616,0.5578181147575378,0.9999659,10.286196,0.00015977643,-8.741575
1547,0,1,0.5114879,0.045959722,1.0,0.9784728,3.8166773,0.04450293,-3.0666766
1548,0,1,0.5651043,0.26190406,1.0,0.99991846,9.414719,0.13029018,-1.8983954
1549,1,0,0.4955806,-0.017678032,1.0,9.147715e-06,-11.601997,0.9911521,4.718684
1550,1,1,0.50007457,0.00029821717,0.8768453598022461,0.9998561,8.846163,0.0002929896,-8.13508
1551,1,0,0.4997041,-0.0011835543,0.6357672214508057,0.9992053,7.1367683,0.00020288055,-8.50269
1552,1,1,0.5000467,0.00018666433,0.6148378849029541,0.9999366,9.665375,0.00015681688,-8.760275
1553,1,1,0.5000736,0.0002944036,0.6071581244468689,0.99999094,11.611862,0.00015630126,-8.763569
1554,0,1,0.65371424,0.635406,1.0,0.9989913,6.8980665,0.30843717,-0.80743575
1555,0,0,0.49989793,-0.00040825593,0.6290344595909119,1.5497553e-05,-11.074813,0.99978036,8.423266
1556,0,1,0.50798,0.031922687,0.5941340923309326,0.016119776,-4.1114573,0.99984026,8.741718
1557,0,0,0.4999139,-0.0003443357,0.6346914172172546,8.442189e-06,-11.6822605,0.99981934,8.618496
1558,0,0,0.49995264,-0.00018938188,0.5367388725280762,1.3070845e-05,-11.245113,0.99989223,9.135599
1559,0,0,0.4999403,-0.00023886433,0.7771744132041931,8.404586e-06,-11.686725,0.9998722,8.965057
1560,0,0,0.49993446,-0.0002621756,0.745766282081604,1.1603679e-05,-11.364177,0.9998573,8.855069
1561,0,0,0.4998788,-0.00048488213,0.720786452293396,7.846464e-06,-11.75544,0.9997497,8.292586
1562,1,1,0.5000829,0.00033158527,0.7035639882087708,0.99991405,9.362125,0.00025176606,-8.286758
1563,1,0,0.48976642,-0.040940054,0.5594972968101501,0.9793676,3.8600488,0.0001652333,-8.707987
1564,1,0,0.4230918,-0.31009403,0.6253035068511963,0.84595644,1.7032323,0.00022717481,-8.389564
1565,0,1,0.885587,2.0464358,0.5768862366676331,0.77136284,1.2160226,0.9998111,8.573779
1566,1,0,0.23457766,-1.1826411,1.0,0.00093870074,-6.9700747,0.4682166,-0.12730521
1567,1,0,0.20146091,-1.3771886,1.0,1.30359385e-05,-11.247787,0.4029088,-0.39335966
1568,0,1,0.83882344,1.6494999,1.0,0.9989379,6.8464146,0.678709,0.7478451
1569,0,1,0.50114334,0.004573362,0.6427097916603088,0.0024176352,-6.022545,0.999869,8.94014
1570,1,0,0.48454416,-0.061843067,1.0,0.0003889739,-7.851609,0.96869934,3.4323158
1571,1,0,0.49999657,-1.37687675e-05,0.584440290927887,0.9998349,8.709152,0.0001582677,-8.751064
1572,0,0,0.49989337,-0.00042650258,0.7222718596458435,1.2600216e-05,-11.281784,0.99977416,8.395493
1573,1,1,0.500065,0.00026008085,0.6684996485710144,0.99997234,10.497061,0.00015776206,-8.754265
1574,1,1,0.50021446,0.0008578196,0.7782308459281921,0.9999678,10.343702,0.00046106888,-7.681502
1575,0,1,0.5007222,0.0028889133,0.8143976926803589,0.0015648239,-6.458416,0.9998796,9.024633
1576,0,0,0.49992505,-0.00029985633,0.46638986468315125,9.575771e-06,-11.556265,0.9998405,8.743778
1577,1,1,0.5000937,0.00037484296,0.6412026882171631,0.9999883,11.359752,0.0001990952,-8.521528
1578,1,1,0.50017595,0.00070380233,0.834003210067749,0.9999832,10.994028,0.00036867906,-7.9052153
1579,0,1,0.91822237,2.4184358,1.0,0.99920017,7.130346,0.8372446,1.6378678
1580,1,0,0.37276596,-0.520369,1.0,0.00012486953,-8.988116,0.74540704,1.0742643
1581,1,1,0.5000791,0.00031633142,0.6904535293579102,0.9999707,10.436676,0.000187546,-8.581299
1582,0,0,0.49981588,-0.0007364481,0.7000096440315247,1.9258803e-05,-10.857523,0.9996125,7.8552527
1583,0,0,0.49989435,-0.00042256698,0.6310076117515564,1.1709675e-05,-11.355083,0.999777,8.4081335
1584,1,0,0.48674488,-0.05303289,0.6041629314422607,0.9732002,3.5921955,0.00028956638,-8.146836
1585,0,0,0.49982834,-0.0006866428,0.5678822994232178,1.29875325e-05,-11.251508,0.9996437,7.9393725
1586,0,1,0.63713163,0.5629361,1.0,0.99388486,5.0908504,0.28037837,-0.9425855
1587,0,1,0.50024855,0.0009941879,0.7433351278305054,0.00077752565,-7.158616,0.99971956,8.178982
1588,0,1,0.5042679,0.017071912,0.769238293170929,0.00882286,-4.721547,0.9997129,8.155383
1589,1,1,0.50004673,0.0001869027,0.6625003218650818,0.9998696,8.944398,0.00022382636,-8.404416
1590,1,1,0.50013983,0.00055929273,0.7790647149085999,0.99999,11.5113125,0.00028967217,-8.146471
1591,1,0,0.36996102,-0.53238404,1.0,2.694172e-05,-10.521808,0.7398951,1.0454233
1592,0,1,0.8322754,1.60184,1.0,0.80985504,1.4490688,0.85469574,1.7719159
1593,0,1,0.5194737,0.077934146,1.0,0.9976931,6.0695734,0.041254245,-3.1458719
1594,1,1,0.50008017,0.0003206216,0.6968623995780945,0.999987,11.249545,0.00017332038,-8.660195
1595,1,1,0.50011003,0.00044014302,0.7495353817939758,0.9999912,11.632128,0.00022884464,-8.382238
1596,1,1,0.50013345,0.0005337959,0.8177109956741333,0.9999771,10.687333,0.00028983044,-8.145925
1597,1,0,0.45726123,-0.17137331,1.0,0.0003355882,-7.99929,0.9141869,2.3658633
1598,0,0,0.49995378,-0.00018497033,0.7614008784294128,2.3166678e-05,-10.672772,0.99988437,9.064796
1599,0,1,0.5076257,0.030505173,1.0,0.999138,7.0553927,0.016113378,-4.1118608
1600,0,1,0.53250784,0.13021499,1.0,0.9999629,10.201708,0.06505279,-2.6652908
1601,0,1,0.82470113,1.5485287,1.0,0.8358341,1.6275525,0.8135682,1.4733644
1602,0,0,0.49986786,-0.0005285945,0.6908349394798279,5.901824e-06,-12.040243,0.9997298,8.216177
1603,0,0,0.49992672,-0.00029317863,0.8957263231277466,7.31845e-06,-11.825105,0.9998461,8.779258
1604,0,0,0.4998958,-0.00041678292,0.5853022933006287,6.122673e-06,-12.003506,0.9997855,8.446943
1605,1,0,0.49971792,-0.0011282369,0.6081179976463318,0.9992493,7.193774,0.0001865896,-8.586412
1606,1,1,0.5001244,0.000497575,0.7234058976173401,0.99998343,11.005199,0.00026541596,-8.233947
1607,1,1,0.5000676,0.0002703301,0.6879222393035889,0.9999474,9.852357,0.00018772707,-8.580334
1608,0,0,0.49995908,-0.00016362814,0.8480479121208191,0.000109540546,-9.119106,0.9998086,8.560763
1609,1,1,0.5000577,0.00023076255,0.5112999081611633,0.9999292,9.5553665,0.00018625135,-8.588227
1610,0,1,0.8871546,2.0620003,1.0,0.99997437,10.570534,0.7743347,1.2329512
1611,0,0,0.4999309,-0.00027648456,0.6128125786781311,3.5879224e-05,-10.235316,0.9998259,8.655806
1612,0,1,0.9116846,2.3343792,1.0,0.9999448,9.803787,0.82342434,1.5397223
1613,1,0,0.46898583,-0.124216236,0.6222643852233887,0.9377434,2.7122128,0.00022821405,-8.384998
1614,1,0,0.49996403,-0.00014395558,0.5627443194389343,0.9997458,8.27705,0.00018225118,-8.609942
1615,0,0,0.4999358,-0.00025675015,0.45356759428977966,6.099431e-06,-12.007309,0.99986553,8.913886
1616,0,1,0.51267177,0.050697915,1.0,0.9999409,9.736012,0.025402708,-3.6471686
1617,1,1,0.50012106,0.00048423008,0.6128239631652832,0.9999845,11.074367,0.0002575861,-8.263899
1618,1,1,0.50012183,0.000487328,0.7613387703895569,0.9999461,9.827767,0.00029759223,-8.119489
1619,1,0,0.49968958,-0.0012416797,0.5567764639854431,0.9991862,7.113079,0.00019295211,-8.5528755
1620,0,0,0.499928,-0.0002879915,0.6957749128341675,6.4216647e-06,-11.955827,0.99984956,8.801657
1621,1,0,0.19113839,-1.4426302,1.0,0.00035967183,-7.929959,0.3819171,-0.4814191
1622,1,1,0.5001094,0.00043752158,0.6583473682403564,0.99991965,9.429319,0.00029909378,-8.114454
1623,0,0,0.49991497,-0.0003400427,0.683986485004425,8.3529985e-06,-11.692882,0.9998216,8.630925
1624,1,1,0.500102,0.00040797016,0.5977301001548767,0.99997556,10.619659,0.00022844308,-8.383995
1625,0,1,0.5009148,0.0036592209,0.538079559803009,0.0022472483,-6.095799,0.99958235,7.780519
1626,0,0,0.49992782,-0.00028870697,0.621738851070404,2.3368488e-05,-10.664099,0.9998323,8.693145
1627,0,0,0.49996275,-0.00014902272,0.5464394092559814,6.295899e-05,-9.672964,0.99986255,8.892656
1628,1,0,0.49313122,-0.027476823,0.8182441592216492,0.98575264,4.236831,0.0005098201,-7.5809426
1629,0,1,0.8810667,2.0025704,0.7008551955223083,0.7623405,1.1655542,0.9997929,8.481673
1630,1,1,0.500094,0.0003760346,0.6594165563583374,0.99996793,10.348928,0.00022009015,-8.421253
1631,1,0,0.49970478,-0.001180869,0.8394798040390015,0.9990802,6.990404,0.00032938246,-8.0179615
1632,1,0,0.4172046,-0.33425942,0.5851954221725464,0.8342256,1.615876,0.0001835541,-8.602818
1633,1,1,0.5000826,0.00033039355,0.7085435390472412,0.999943,9.773221,0.00022221646,-8.411636
1634,1,1,0.5000579,0.00023147765,0.6493856310844421,0.9999684,10.363299,0.00014734056,-8.822617
1635,0,1,0.9978036,6.1187496,0.5443976521492004,0.9957787,5.4633803,0.9998286,8.671221
1636,1,1,0.5000769,0.00030751267,0.6689002513885498,0.9999609,10.150244,0.00019287966,-8.553251
1637,1,0,0.49996942,-0.00012231621,0.5467137694358826,0.99973065,8.219206,0.00020820444,-8.476782
1638,0,0,0.49993497,-0.00026008888,0.788061797618866,7.2835733e-06,-11.829882,0.9998627,8.893272
1639,1,0,0.41541886,-0.34160826,1.0,0.00021464241,-8.446322,0.8306231,1.5900499
1640,1,1,0.50009197,0.00036793138,0.6668198704719543,0.9999298,9.5631695,0.00025413846,-8.277377
1641,0,1,0.9839452,4.115562,1.0,0.99979395,8.48731,0.96809644,3.4126134
1642,1,0,0.48083225,-0.07670868,0.681050717830658,0.9614606,3.216773,0.00020388835,-8.497734
1643,0,0,0.49990332,-0.0003867301,0.6809720993041992,1.4693425e-05,-11.128096,0.9997919,8.477574
1644,0,1,0.9631884,3.2644362,1.0,0.9999783,10.740969,0.9263985,2.5326385
1645,0,1,0.5346969,0.13901094,1.0,0.999992,11.736378,0.06940177,-2.5959153
1646,1,0,0.4996759,-0.0012964662,0.6863365769386292,0.99912935,7.04545,0.00022244648,-8.410602
1647,1,1,0.5001074,0.00042965717,0.6387961506843567,0.9999882,11.346891,0.00022663329,-8.391951
1648,1,0,0.49902144,-0.003914318,0.7881807088851929,0.99780077,6.117459,0.00024209637,-8.3259325
1649,0,1,0.5310495,0.12435794,1.0,0.9753914,3.6797411,0.08670755,-2.354515
1650,1,1,0.5001416,0.0005664413,0.7476617693901062,0.9999713,10.457788,0.00031198282,-8.07225
1651,1,1,0.50011873,0.0004749362,0.7168458104133606,0.9999845,11.077706,0.00025290836,-8.28223
1652,0,0,0.49996343,-0.00014634011,0.5995084047317505,4.3202122e-05,-10.049578,0.99988365,9.0591955
1653,1,0,0.38189718,-0.48150337,0.8252924680709839,0.76359797,1.1725079,0.00019637017,-8.535313
1654,0,1,0.50035155,0.0014061574,0.9270236492156982,0.0012966063,-6.6467075,0.99940646,7.4288073
1655,0,1,0.73166746,1.0030991,1.0,0.99985623,8.847634,0.4634787,-0.1463457
1656,0,1,0.53931004,0.15756537,1.0,0.9999801,10.824214,0.07863995,-2.460971
1657,0,1,0.6202703,0.49069574,1.0,0.24686535,-1.115401,0.9936753,5.056957
1658,0,1,0.50855,0.03420327,1.0,0.99990964,9.311764,0.017190365,-4.0460663
1659,1,1,0.50011086,0.00044347942,0.6192824840545654,0.9999602,10.131385,0.00026160228,-8.248424
1660,0,0,0.4998362,-0.0006551504,0.7368630766868591,9.6611824e-05,-9.244713,0.9995758,7.7649574
1661,1,0,0.42910552,-0.28550157,1.0,0.15725622,-1.6787865,0.70095485,0.8518491
1662,1,1,0.5001105,0.00044204952,0.6917742490768433,0.99998593,11.168587,0.0002351309,-8.355133
1663,0,0,0.4999232,-0.00030713028,0.684660792350769,1.6719923e-05,-10.998893,0.99982965,8.67774
1664,0,0,0.4998144,-0.0007424129,0.7859683036804199,0.00012721104,-8.969536,0.9995016,7.6037116
1665,0,0,0.49984503,-0.0006199016,0.7660167217254639,3.502058e-05,-10.25954,0.999655,7.9717894
1666,1,0,0.49982038,-0.00071855367,0.6990469694137573,0.9994573,7.5182962,0.00018349163,-8.603158
1667,0,1,0.9729031,3.5808642,1.0,0.9999851,11.1117,0.94582105,2.8597617
1668,1,1,0.5000487,0.000194769,0.72922682762146,0.999759,8.330573,0.00033837,-7.991032
1669,0,1,0.814273,1.4780178,1.0,0.99979454,8.490112,0.6287514,0.52686393
1670,0,1,0.665963,0.6899823,1.0,0.996714,5.714801,0.33521196,-0.6847052
1671,1,0,0.32367063,-0.7369538,1.0,4.083445e-05,-10.105944,0.6473004,0.60719395
1672,0,1,0.8458017,1.7020456,1.0,0.9995092,7.618944,0.69209427,0.80992854
1673,0,0,0.4538097,-0.18528943,1.0,0.049157783,-2.962313,0.8584616,1.8025713
1674,1,1,0.5001611,0.0006444761,0.786721408367157,0.9999889,11.412954,0.00033326447,-8.006241
1675,1,0,0.39581212,-0.42294547,1.0,4.3388496e-05,-10.045273,0.79158086,1.334481
1676,0,0,0.49989554,-0.0004177966,0.7926670908927917,1.4451732e-05,-11.144682,0.99977666,8.4066515
1677,1,0,0.08167775,-2.4197667,1.0,0.07777423,-2.47298,0.08558127,-2.368822
1678,0,0,0.49990946,-0.0003621638,0.841562807559967,2.940617e-05,-10.434277,0.99978954,8.465889
1679,0,1,0.5612244,0.2461327,1.0,0.99983764,8.725586,0.12261113,-1.9679325
1680,0,0,0.499936,-0.00025597512,0.8547291159629822,4.2206393e-06,-12.37552,0.9998678,8.931268
1681,1,1,0.50005794,0.00023171601,0.7433233857154846,0.99988127,9.038162,0.0002346449,-8.357203
1682,0,1,0.9520122,2.9876306,1.0,0.9999902,11.53925,0.9040341,2.2428741
1683,0,0,0.4999027,-0.00038917485,0.7816787958145142,2.5024896e-05,-10.595614,0.99978036,8.422982
1684,1,1,0.50010234,0.0004094001,0.5403499603271484,0.9999435,9.782053,0.00026114474,-8.2501745
1685,1,1,0.5001069,0.00042751234,0.6517221927642822,0.99999225,11.764709,0.00022153823,-8.414694
1686,0,1,0.5498266,0.19997025,1.0,0.99727327,5.9019184,0.10237999,-2.1710556
1687,1,1,0.50015396,0.0006158839,0.7226346135139465,0.99998355,11.017998,0.00032432578,-8.033438
1688,1,1,0.5000938,0.00037531962,0.7841113209724426,0.99994075,9.73325,0.0002469351,-8.306138
1689,0,1,0.5000664,0.00026556302,0.8692494034767151,0.00039505438,-7.836092,0.9997378,8.246004
1690,1,0,0.45711634,-0.17195706,1.0,1.6716845e-05,-10.999077,0.914216,2.3662343
1691,0,0,0.49989745,-0.00041016407,0.7028520107269287,2.2440552e-05,-10.704618,0.9997725,8.388204
1692,0,1,0.50587845,0.023514923,0.6206904053688049,0.011902756,-4.419011,0.9998541,8.832298
1693,1,1,0.5000512,0.00020478059,0.6167556643486023,0.99990463,9.257981,0.00019778777,-8.528118
1694,0,0,0.49990714,-0.00037146552,0.6442601084709167,1.4099739e-05,-11.16934,0.99980015,8.517708
1695,1,1,0.50010234,0.0004094001,0.6669620275497437,0.9999784,10.742966,0.00022624122,-8.3936825
1696,0,0,0.49987403,-0.000503965,0.6308205127716064,1.9100717e-05,-10.865766,0.999729,8.213148
1697,1,0,0.16157243,-1.6465746,1.0,0.0054044486,-5.2151136,0.3177404,-0.7641754
1698,1,0,0.45727062,-0.17133546,1.0,1.6696724e-05,-11.000281,0.91452456,2.3701746
1699,1,1,0.500096,0.00038413776,0.691453218460083,0.99997413,10.5647545,0.00021793264,-8.431107
1700,1,0,0.48226896,-0.07095395,1.0,0.0005142797,-7.572229,0.96402365,3.288254
1701,0,1,0.5981719,0.3978537,1.0,0.9999198,9.431016,0.196424,-1.4087961
1702,1,1,0.50006795,0.00027176025,0.5702290534973145,0.9999833,10.999083,0.00015263844,-8.787286
1703,1,1,0.5001412,0.00056477333,0.7285863161087036,0.99997795,10.724516,0.00030445476,-8.0966835
1704,0,0,0.499904,-0.0003839276,0.77335524559021,1.2654018e-05,-11.277523,0.9997954,8.49406
1705,1,1,0.5001164,0.00046564225,0.5980785489082336,0.99998665,11.221556,0.00024614765,-8.309333
1706,1,0,0.4995269,-0.0018925086,0.7196977734565735,0.99884796,6.7650747,0.00020580048,-8.488398
1707,1,1,0.5001107,0.0004427645,0.8178629875183105,0.99998856,11.374559,0.00023282689,-8.364983
1708,1,0,0.37532535,-0.50943774,0.7594459652900696,0.75038606,1.1006722,0.00026465865,-8.236805
1709,0,1,0.9542848,3.038531,1.0,0.9997904,8.470094,0.9087792,2.2988195
1710,1,0,0.04081719,-3.1569784,1.0,0.0017312684,-6.357168,0.07990311,-2.443664
1711,0,0,0.49997658,-9.370289e-05,0.6929356455802917,0.00013225558,-8.930642,0.9998209,8.627325
1712,0,1,0.8200082,1.5164031,1.0,0.9999114,9.331379,0.640105,0.57581997
1713,0,0,0.49991822,-0.00032710418,0.599003255367279,8.218944e-06,-11.709061,0.9998282,8.669434
1714,1,1,0.5002031,0.0008123197,0.6562160849571228,0.99997973,10.804676,0.0004263596,-7.759801
1715,0,1,0.50800556,0.032024983,0.7073540091514587,0.01620386,-4.106169,0.9998073,8.55427
1716,0,1,0.9556463,3.0701911,1.0,0.9998838,9.059771,0.91140884,2.3309598
1717,0,1,0.9156263,2.3843524,1.0,0.86027676,1.8175907,0.97097576,3.510171
1718,0,1,0.943184,2.8094437,1.0,0.999979,10.7714,0.88638896,2.0543752
1719,0,1,0.7595575,1.150255,1.0,0.9999671,10.323788,0.5191478,0.07662867
1720,0,1,0.97465485,3.649496,0.7713181972503662,0.9495999,2.9360476,0.9997098,8.144777
1721,0,1,0.9544709,3.042805,1.0,0.9985441,6.5306797,0.9103976,2.318499
1722,0,0,0.49995634,-0.00017459724,0.6041115522384644,1.14131335e-05,-11.380734,0.9999013,9.223241
1723,1,1,0.5001602,0.00064090214,0.9229995608329773,0.9999888,11.397273,0.0003316341,-8.011147
1724,1,1,0.5000987,0.0003948624,0.8323238492012024,0.9999552,10.012074,0.00024222706,-8.325393
1725,0,1,0.87366396,1.9337505,1.0,0.99885917,6.7748227,0.74846876,1.0904622
1726,0,0,0.4997664,-0.00093438156,0.7202210426330566,5.017678e-05,-9.899908,0.99948263,7.566239
1727,0,0,0.49995068,-0.00019737045,0.6788456439971924,2.8452474e-05,-10.467247,0.9998729,8.970642
1728,1,1,0.5000464,0.00018547245,0.6077283620834351,0.9999325,9.603275,0.00016018434,-8.739025
1729,1,1,0.5000738,0.00029511866,0.5936424732208252,0.99997973,10.803875,0.0001677978,-8.692583
1730,1,0,0.19703428,-1.4049343,1.0,1.7586919e-05,-10.948338,0.394051,-0.43031555
1731,0,1,0.50024766,0.0009906152,0.831904411315918,0.0006200425,-7.3851023,0.9998753,8.990112
1732,1,1,0.5000676,0.0002703301,0.5225020051002502,0.9999813,10.88469,0.00015393534,-8.778824
1733,0,1,0.93838394,2.7232366,0.7141491770744324,0.87691283,1.9635147,0.99985504,8.839188
1734,0,0,0.49988398,-0.00046401058,0.6715722680091858,4.382308e-06,-12.337931,0.99976355,8.3495865
1735,1,1,0.5001692,0.0006768796,0.7305905818939209,0.9999908,11.602435,0.0003475941,-7.9641275
1736,0,1,0.60945326,0.44501463,1.0,0.9999596,10.116445,0.21894696,-1.2718136
1737,0,1,0.5070875,0.028352065,0.6341010928153992,0.014276733,-4.2347445,0.9998983,9.1933775
1738,0,0,0.4998828,-0.0004687812,0.7755746245384216,8.486828e-06,-11.676987,0.9997571,8.322738
1739,0,0,0.4999617,-0.00015313606,0.6566692590713501,5.4417338e-05,-9.818773,0.999869,8.939901
1740,1,0,0.49996433,-0.00014264409,0.7282048463821411,0.9996326,7.908705,0.00029603302,-8.124743
1741,0,0,0.49992797,-0.00028805112,0.5054180026054382,1.0657541e-05,-11.449232,0.99984527,8.773597
1742,0,1,0.558357,0.23449673,1.0,0.15244222,-1.7155734,0.9642718,3.2954328
1743,1,1,0.5001225,0.00048994937,0.7614378333091736,0.9999857,11.151545,0.00025925264,-8.257448
1744,1,1,0.50013936,0.0005573865,0.8234446048736572,0.99998295,10.97711,0.00029577094,-8.125629
1745,1,1,0.5001058,0.0004232226,0.7419297695159912,0.999987,11.247228,0.00022454395,-8.401215
1746,1,0,0.4979437,-0.008225261,0.711384654045105,0.99572504,5.45069,0.00016238516,-8.725377
1747,1,1,0.5001124,0.00044967554,0.6168741583824158,0.9999515,9.9331,0.00027329323,-8.204692
1748,1,1,0.5001456,0.0005824062,0.845425009727478,0.99997616,10.641867,0.00031502097,-8.062556
1749,1,1,0.50005865,0.00023457636,0.6417955160140991,0.99997187,10.478945,0.00014541387,-8.835781
1750,1,0,0.46936777,-0.1226826,1.0,4.100157e-05,-10.101859,0.93869454,2.7286203
1751,0,1,0.7781306,1.2548054,1.0,0.9999759,10.634777,0.55628526,0.22609933
1752,1,0,0.49057215,-0.037715856,1.0,2.3172888e-05,-10.672504,0.9811211,3.950653
1753,1,1,0.5000838,0.00033516035,0.6437872648239136,0.9999877,11.305251,0.00017988113,-8.6230345
1754,1,0,0.3937885,-0.43141505,1.0,0.016026538,-4.117353,0.7715504,1.2170866
1755,0,1,0.95014846,2.947569,1.0,0.9999118,9.336041,0.9003851,2.201511
1756,0,1,0.5537193,0.21570966,1.0,0.99997556,10.621002,0.10746295,-2.116922
1757,0,1,0.98274016,4.0419626,1.0,0.99997246,10.499222,0.9655079,3.331925
1758,1,0,0.017213007,-4.0447273,0.7824349999427795,0.034188095,-3.3410916,0.00023791775,-8.343348
1759,0,1,0.54561925,0.18298587,0.5073615312576294,0.0913848,-2.2968426,0.99985373,8.830336
1760,1,1,0.50013345,0.0005337959,0.738987922668457,0.9999825,10.95329,0.00028438802,-8.164886
1761,1,1,0.5001318,0.00052712375,0.8004632592201233,0.99993324,9.614219,0.00033032335,-8.015108
1762,0,1,0.5073843,0.02953933,0.5927796363830566,0.014950106,-4.187974,0.9998185,8.61422
1763,0,1,0.95108783,2.9675803,1.0,0.99992645,9.51793,0.9022492,2.2224693
1764,0,1,0.66086555,0.6671538,1.0,0.99994934,9.889702,0.3217817,-0.7455958
1765,0,1,0.9287872,2.5682065,1.0,0.99999166,11.697172,0.8575827,1.7953558
1766,0,0,0.49989024,-0.0004390846,0.6201018691062927,1.54018e-05,-11.081011,0.9997651,8.356108
1767,0,0,0.49991348,-0.00034612446,0.6036655902862549,5.6394474e-05,-9.783083,0.9997706,8.379603
1768,1,1,0.5001004,0.00040153548,0.6601672768592834,0.9999844,11.066551,0.00021634925,-8.4384
1769,1,0,0.024889568,-3.668102,0.8703464269638062,0.049447775,-2.956126,0.000331362,-8.011968
1770,1,0,0.48273763,-0.06907685,1.0,0.002572265,-5.960393,0.962903,3.256416
1771,0,1,0.51372075,0.05489675,0.7033313512802124,0.0275643,-3.5632825,0.9998772,9.004896
1772,1,1,0.500089,0.00035601476,0.6266413331031799,0.9999846,11.083141,0.00019331803,-8.550981
1773,0,1,0.51048905,0.041962396,1.0,0.99993527,9.644421,0.02104281,-3.8399289
1774,0,1,0.5004314,0.0017257335,0.5908522009849548,0.0010339878,-6.8732977,0.9998288,8.673043
1775,1,1,0.50014806,0.0005921756,0.5930882692337036,0.9999782,10.732198,0.0003179598,-8.0532675
1776,0,1,0.5205405,0.08220817,1.0,0.99625826,5.584463,0.044822656,-3.0591834
1777,1,1,0.50012594,0.0005037708,0.6998177766799927,0.99998045,10.843227,0.0002714927,-8.211304
1778,0,1,0.5000476,0.0001904783,0.6699591279029846,0.00028246624,-8.171669,0.9998128,8.583153
1779,1,0,0.42891297,-0.28628758,0.600084662437439,0.8575886,1.7954042,0.00023733731,-8.345791
1780,1,1,0.50012064,0.00048256197,0.786266565322876,0.99998593,11.174426,0.00025532878,-8.272703
1781,1,1,0.5001359,0.00054356584,0.6618841290473938,0.9998989,9.199899,0.00037287065,-7.893906
1782,1,0,0.49998248,-7.009752e-05,0.5979674458503723,0.99978703,8.453944,0.00017791436,-8.63403
1783,0,1,0.5070625,0.028251827,0.6480562686920166,0.014332159,-4.2308135,0.9997929,8.481697
1784,1,1,0.5001044,0.0004177413,0.6589291095733643,0.9999881,11.334446,0.00022077933,-8.418126
1785,1,0,0.48640284,-0.054401968,0.7680500149726868,0.97248906,3.5652754,0.00031659415,-8.057573
1786,1,0,0.41843423,-0.3292043,1.0,0.0050910483,-5.2751675,0.8317774,1.5982767
1787,0,0,0.4999098,-0.00036091165,0.6268534660339355,9.417995e-06,-11.572879,0.99981016,8.569057
1788,1,1,0.5001616,0.0006463822,0.7289696335792542,0.9999789,10.76532,0.00034431968,-7.9735956
1789,0,0,0.49994242,-0.00023033888,0.7990182638168335,6.694223e-06,-11.914259,0.99987817,9.0129385
1790,1,1,0.5000707,0.00028272448,0.5212203860282898,0.99995124,9.928684,0.00019011345,-8.567699
1791,1,1,0.5001399,0.00055953104,0.7897758483886719,0.9999815,10.899152,0.00029827308,-8.117203
1792,0,0,0.49996212,-0.0001515861,0.5356232523918152,9.122889e-05,-9.302048,0.999833,8.697708
1793,1,1,0.5001791,0.00071642955,0.7818238735198975,0.99997294,10.51527,0.00038530928,-7.8610787
1794,1,1,0.50015277,0.00061111845,0.8178468346595764,0.99999,11.506681,0.00031548773,-8.061075
1795,1,1,0.50008893,0.00035577643,0.7172769904136658,0.999966,10.290574,0.00021179506,-8.45968
1796,1,1,0.50014114,0.00056453503,0.7470992207527161,0.9999654,10.272177,0.00031686682,-8.056712
1797,1,0,0.4986686,-0.005325585,0.5876045227050781,0.9971324,5.851429,0.0002048045,-8.49325
1798,1,0,0.4960849,-0.015660683,0.6810450553894043,0.9920026,4.820613,0.0001672046,-8.696125
1799,1,0,0.49902928,-0.0038829036,0.7412359714508057,0.99777335,6.105035,0.00028519583,-8.162049
1800,1,1,0.5000877,0.0003507714,0.6911455988883972,0.99984324,8.761114,0.00033208338,-8.009792
1801,1,0,0.05833721,-2.781407,1.0,4.231725e-05,-10.070273,0.116632104,-2.0247173
1802,0,1,0.862189,1.8335913,1.0,0.89921784,2.188564,0.82516015,1.5517071
1803,0,0,0.49989927,-0.00040294896,0.7950754761695862,1.3060902e-05,-11.245874,0.9997855,8.446892
1804,1,0,0.10251623,-2.169574,1.0,6.922406e-06,-11.88074,0.20502552,-1.3551755
1805,1,0,0.47341475,-0.10644136,1.0,4.0093044e-05,-10.124268,0.9467894,2.8788192
1806,0,0,0.49943265,-0.0022693377,0.7103192210197449,5.3003882e-06,-12.147725,0.99886,6.7755575
1807,1,1,0.50012547,0.00050186436,0.9092184901237488,0.9999857,11.15545,0.00026522524,-8.234666
1808,0,1,0.7037772,0.86534995,1.0,0.9999865,11.218494,0.40756786,-0.37402898
1809,0,1,0.981464,3.9693322,1.0,0.99998045,10.844526,0.96294755,3.2576642
1810,1,0,0.3619298,-0.5669981,1.0,6.2600506e-05,-9.678675,0.723797,0.963375
1811,1,1,0.50008255,0.00033015522,0.6500738859176636,0.9999435,9.781533,0.00022161703,-8.414338
1812,0,1,0.9916233,4.773887,0.8005961775779724,0.9834579,4.085166,0.9997887,8.461849
1813,0,1,0.5042331,0.016932914,0.553473711013794,0.008589826,-4.74855,0.9998764,8.997852
1814,1,1,0.50011045,0.00044181122,0.7607972621917725,0.999972,10.482189,0.00024886683,-8.298344
1815,1,0,0.030305479,-3.4656527,1.0,2.4312432e-05,-10.624498,0.060586646,-2.7411811
1816,1,0,0.49923122,-0.0030751375,0.6023191809654236,0.9983121,6.3825665,0.00015032756,-8.802544
1817,1,0,0.4767488,-0.0930719,0.7560015320777893,0.95323706,3.0147734,0.0002605218,-8.252563
1818,1,1,0.500183,0.0007319155,0.8125420808792114,0.9999924,11.785611,0.00037365544,-7.891803
1819,1,0,0.4806672,-0.07736972,1.0,0.0018384991,-6.2969656,0.9594959,3.1650052
1820,1,1,0.50016373,0.0006549597,0.8169347643852234,0.99994934,9.889874,0.00037814843,-7.8798456
1821,1,0,0.44813237,-0.20821951,1.0,0.00011814408,-9.043488,0.8961466,2.1551235
1822,0,0,0.49994063,-0.0002374931,0.601452112197876,6.1574334e-05,-9.695204,0.9998197,8.620661
1823,0,1,0.5442944,0.17764333,1.0,0.9999819,10.921392,0.0886069,-2.3307645
1824,0,1,0.5149894,0.059975464,1.0,0.86323404,1.8424144,0.16674474,-1.6088759
1825,0,1,0.99341404,5.016208,1.0,0.9965683,5.671258,0.9902597,4.6217003
1826,1,1,0.50008076,0.000323005,0.7427114248275757,0.99998176,10.911202,0.00017978098,-8.623591
1827,1,0,0.4640719,-0.14396054,0.7470014691352844,0.92794067,2.5554783,0.00020312404,-8.501491
1828,1,1,0.50010335,0.00041345155,0.7860026955604553,0.99998295,10.978573,0.00022370923,-8.40494
1829,1,1,0.5000729,0.00029154343,0.5954263806343079,0.99996734,10.327496,0.00017851368,-8.630667
1830,0,1,0.5764452,0.30819744,1.0,0.9999049,9.259906,0.15298554,-1.7113743
1831,1,0,0.26874393,-1.0010047,1.0,0.25411263,-1.076797,0.2833752,-0.92778057
1832,0,0,0.4999526,-0.00018956074,0.7076873183250427,1.4888191e-05,-11.114927,0.9998903,9.118026
1833,1,0,0.49926522,-0.0029391884,0.7188233137130737,0.9983298,6.393169,0.00020062143,-8.51389
1834,1,1,0.5001032,0.00041273658,0.7460986375808716,0.9999554,10.018132,0.00025098975,-8.289847
1835,1,0,0.042798504,-3.1075108,1.0,8.2768665e-06,-11.702038,0.08558873,-2.3687267
1836,1,0,0.32164612,-0.7462172,1.0,0.0027084872,-5.908653,0.64058375,0.5778987
1837,1,1,0.50010496,0.00041988617,0.8134143948554993,0.99998033,10.836878,0.00022959862,-8.378948
1838,0,0,0.49996626,-0.00013495403,0.620857298374176,3.4326316e-05,-10.279564,0.9998982,9.192191
1839,1,0,0.13059506,-1.8957076,0.8476121425628662,0.2608776,-1.0414121,0.0003125026,-8.070585
1840,0,0,0.49988002,-0.00047993253,0.6583855152130127,8.536147e-06,-11.671192,0.9997515,8.3
1841,1,1,0.50010777,0.00043108707,0.6808700561523438,0.99996114,10.15556,0.0002543668,-8.276479
1842,0,1,0.9922278,4.8493986,1.0,0.9995153,7.63144,0.98494023,4.1805563
1843,1,0,0.2856843,-0.91643775,1.0,3.722247e-05,-10.198561,0.5713314,0.28728515
1844,1,0,0.4999445,-0.00022199233,0.5852798819541931,0.99966097,7.988972,0.00022801873,-8.385855
1845,0,1,0.7547134,1.1239108,1.0,0.9998621,8.888725,0.50956476,0.03826376
1846,0,0,0.4998605,-0.00055793585,0.7623701691627502,1.39612275e-05,-11.179213,0.99970704,8.135477
1847,1,0,0.482221,-0.071146,1.0,0.00018930092,-8.571983,0.9642527,3.2948787
1848,0,1,0.54786545,0.19204988,1.0,0.9999881,11.341591,0.095742784,-2.2454486
1849,1,1,0.5001125,0.00044991384,0.6909822821617126,0.9999697,10.404503,0.00025526865,-8.272939
1850,0,1,0.98354506,4.090538,1.0,0.9936301,5.04978,0.97345996,3.6021993
1851,0,0,0.49992347,-0.0003061167,0.6772183775901794,5.8158416e-06,-12.054919,0.9998411,8.747008
1852,0,1,0.61501724,0.46845174,1.0,0.99962366,7.8847322,0.23041077,-1.2059933
1853,1,1,0.5001289,0.0005156856,0.771278440952301,0.9999782,10.735317,0.0002796137,-8.181822
1854,0,0,0.49985185,-0.0005926457,0.6377150416374207,9.774477e-05,-9.233053,0.99960595,7.838502
1855,1,0,0.3890652,-0.4512433,1.0,0.0006566359,-7.327724,0.77747375,1.2510047
1856,1,1,0.5001028,0.00041130665,0.874579668045044,0.9999274,9.530157,0.0002782699,-8.186641
1857,0,1,0.70720947,0.88186944,1.0,0.99997044,10.429877,0.41444856,-0.34560513
1858,1,1,0.50013125,0.0005249791,0.7401336431503296,0.9999893,11.445983,0.00027324917,-8.204853
1859,0,1,0.7412248,1.0523443,1.0,0.99544597,5.3871727,0.4870037,-0.051996864
1860,1,0,0.11783427,-2.0131009,0.6391369104385376,0.23544453,-1.1778193,0.00022400892,-8.403601
1861,1,0,0.49983743,-0.00065031927,0.7411835193634033,0.99944776,7.501049,0.00022710918,-8.389853
1862,0,1,0.506703,0.02681366,1.0,0.9999888,11.401501,0.013417191,-4.2977104
1863,1,1,0.5001181,0.00047231486,0.8129665851593018,0.99986744,8.928859,0.000368655,-7.9052806
1864,0,0,0.49993175,-0.00027296692,0.7239810228347778,2.0635776e-05,-10.788464,0.9998429,8.75841
1865,0,0,0.4999186,-0.00032561357,0.6504205465316772,2.0020472e-05,-10.818735,0.9998172,8.606474
1866,0,1,0.88451,2.0358496,1.0,0.84502995,1.69614,0.92399,2.497837
1867,1,0,0.49037632,-0.03849939,0.6014596819877625,0.9805535,3.9204493,0.00019912179,-8.521395
1868,1,1,0.5000857,0.00034278716,0.6890750527381897,0.99997246,10.498833,0.00019895118,-8.522252
1869,1,0,0.49998483,-6.061976e-05,0.6248793601989746,0.9997218,8.186843,0.00024783658,-8.302493
1870,0,0,0.49970582,-0.0011767513,0.6166988611221313,1.2328047e-05,-11.303621,0.9993993,7.416822
1871,0,0,0.4998661,-0.0005355719,0.6721245050430298,7.982547e-06,-11.738245,0.9997242,8.195689
1872,1,0,0.49673247,-0.013070274,0.6384842991828918,0.9933049,4.9996657,0.00016005471,-8.739835
1873,1,0,0.41966835,-0.32413504,0.5020079612731934,0.8391356,1.6518104,0.00020108774,-8.511568
1874,0,1,0.93316233,2.6363125,1.0,0.9968086,5.744115,0.869516,1.8966866
1875,0,0,0.49995,-0.0002000532,0.6070989966392517,3.8278104e-05,-10.170594,0.9998617,8.886065
1876,1,1,0.50011796,0.00047183826,0.7053897976875305,0.99998915,11.427763,0.000246732,-8.306961
1877,1,1,0.5001092,0.00043680664,0.6554282903671265,0.99990463,9.258005,0.00031380067,-8.066439
1878,1,1,0.5000205,8.201263e-05,0.6956695318222046,0.9998808,9.034447,0.00016027264,-8.738474
1879,1,1,0.50006974,0.00027891083,0.5940350890159607,0.999987,11.24684,0.00015241608,-8.788744
1880,0,1,0.64446825,0.594811,1.0,0.9997689,8.372231,0.28916758,-0.89943033
1881,0,0,0.4999255,-0.00029800803,0.7313430309295654,5.987736e-06,-12.025791,0.999845,8.772302
1882,0,1,0.5062191,0.024877608,0.44834810495376587,0.01280147,-4.345311,0.99963665,7.919677
1883,1,1,0.5001254,0.00050162605,0.7519107460975647,0.99998605,11.181778,0.0002648126,-8.236223
1884,1,1,0.5000653,0.00026127262,0.7613610625267029,0.99999285,11.847317,0.0001378284,-8.889363
1885,0,1,0.51191324,0.04766199,1.0,0.9181807,2.4178805,0.10564579,-2.13601
1886,1,1,0.5001226,0.00049042597,0.5556821823120117,0.9999794,10.787878,0.00026580418,-8.232485
1887,1,1,0.5001168,0.00046731043,0.7117534875869751,0.99998605,11.182406,0.00024757985,-8.30353
1888,1,0,0.49970576,-0.0011768707,0.666086733341217,0.99922884,7.166815,0.00018269607,-8.607504
1889,0,1,0.50242335,0.009693458,0.5736351013183594,0.004975209,-5.2983003,0.9998715,8.959581
1890,1,1,0.5001137,0.00045491836,0.7711210250854492,0.9999733,10.529058,0.00025412368,-8.277435
1891,1,1,0.50007486,0.00029940892,0.6283575892448425,0.99998796,11.32799,0.00016174988,-8.729298
1892,1,1,0.5001174,0.00046969348,0.6987088322639465,0.9999906,11.571626,0.0002442461,-8.31709
1893,0,0,0.49992025,-0.00031899533,0.6499266028404236,8.324871e-06,-11.696255,0.99983215,8.692366
1894,0,0,0.49994308,-0.00022771567,0.5715084075927734,5.981566e-06,-12.026822,0.9998802,9.029724
1895,1,0,0.47942656,-0.08234022,1.0,0.00021632717,-8.438502,0.9586368,3.1431203
1896,1,1,0.5001562,0.0006249382,0.87650465965271,0.9999751,10.600641,0.00033735234,-7.9940453
1897,0,0,0.49993235,-0.0002705821,0.621170699596405,6.051815e-06,-12.015146,0.9998586,8.864271
1898,0,0,0.4999677,-0.00012923122,0.7865806818008423,0.0001375195,-8.891607,0.9997979,8.506307
1899,0,0,0.49994683,-0.00021269199,0.7362978458404541,1.0490962e-05,-11.464986,0.9998832,9.054407
1900,0,1,0.5002412,0.00096489117,0.4706498682498932,0.0006289102,-7.370893,0.9998535,8.828513
1901,0,0,0.49992123,-0.0003151198,0.7292092442512512,2.2305558e-05,-10.710652,0.9998202,8.623211
1902,0,1,0.9826715,4.0379224,1.0,0.99986637,8.920583,0.9654767,3.3309882
1903,1,1,0.5000939,0.00037555795,0.44214752316474915,0.99998164,10.905216,0.00020605612,-8.487156
1904,1,0,0.4981379,-0.0074484493,0.6788192391395569,0.9959902,5.515002,0.00028557266,-8.160728
1905,1,1,0.50012064,0.00048256197,0.7493661046028137,0.9999939,12.018316,0.00024731184,-8.304613
1906,0,1,0.93040466,2.5929222,1.0,0.9999733,10.532728,0.86083597,1.8222504
1907,0,0,0.4999228,-0.0003087401,0.5177614688873291,7.876542e-06,-11.751614,0.99983776,8.726153
1908,1,0,0.4930096,-0.027963508,0.5809516310691833,0.9858068,4.2407045,0.00021239446,-8.456853
1909,0,1,0.8113069,1.4585245,1.0,0.99984,8.740424,0.62277377,0.5013381
1910,0,0,0.49992386,-0.00030462613,0.6332024931907654,1.3788685e-05,-11.1916485,0.99983394,8.703447
1911,1,1,0.5001865,0.00074597186,0.8344094157218933,0.9999684,10.364109,0.0004045384,-7.8123593
1912,0,1,0.5061144,0.024458911,1.0,0.99958867,7.795579,0.012640216,-4.358151
1913,1,1,0.5001519,0.0006075444,0.7818644046783447,0.99997544,10.616181,0.00032833937,-8.021134
1914,0,0,0.49990052,-0.00039794017,0.7718275785446167,2.9594548e-05,-10.427891,0.9997714,8.383235
1915,0,0,0.49993032,-0.00027869054,0.652208149433136,1.6684435e-05,-11.001018,0.99984396,8.76507
1916,0,0,0.49993753,-0.00024983427,0.610686719417572,4.3034768e-05,-10.053459,0.99983203,8.692033
1917,0,1,0.5149235,0.059711818,0.743593156337738,0.030109653,-3.4723372,0.9997373,8.244557
1918,0,1,0.5162018,0.064829886,1.0,0.9999795,10.793671,0.032424085,-3.3958924
1919,1,1,0.5001172,0.00046874027,0.7656298875808716,0.99999034,11.546848,0.00024401261,-8.318047
1920,1,1,0.5001099,0.00043966642,0.6945878267288208,0.9999877,11.308796,0.00023214857,-8.367901
1921,0,1,0.5000196,7.8436635e-05,0.7874443531036377,0.000459795,-7.68427,0.99957937,7.7733393
1922,0,0,0.4999275,-0.00028995902,0.6038377285003662,9.3805e-06,-11.576868,0.9998456,8.775827
1923,1,0,0.49989274,-0.00042906665,0.7348439693450928,0.9995241,7.649913,0.00026137615,-8.249289
1924,0,0,0.49990273,-0.00038911522,0.8692185878753662,1.2079761e-05,-11.323967,0.99979335,8.484245
1925,1,1,0.5000464,0.00018547245,0.7583954334259033,0.99981743,8.608341,0.0002752644,-8.197503
1926,1,0,0.4782539,-0.087039314,1.0,7.129687e-05,-9.548587,0.9564365,3.088995
1927,1,0,0.23864606,-1.1601168,1.0,0.006834774,-4.9788737,0.47045735,-0.11830862
1928,1,0,0.49954802,-0.0018079521,0.6615669131278992,0.99893516,6.8439007,0.00016085319,-8.734858
1929,0,1,0.9167937,2.3995595,1.0,0.9960602,5.5326767,0.8375272,1.6399432
1930,1,0,0.36652634,-0.54714805,1.0,4.5892655e-05,-9.98916,0.7330068,1.0099318
1931,1,1,0.5000863,0.00034517053,0.6024898290634155,0.99998295,10.976198,0.00018962844,-8.570254
1932,1,0,0.4999264,-0.00029443068,0.6848915219306946,0.9996623,7.9930973,0.00019051992,-8.565563
1933,0,0,0.49164438,-0.033425555,1.0,0.9572577,3.108884,0.026031073,-3.6220884
1934,0,0,0.49981055,-0.00075774285,0.7415860891342163,6.7621468e-06,-11.904163,0.99961436,7.8602114
1935,0,1,0.5084752,0.03390393,1.0,0.99977106,8.381755,0.017179253,-4.0467243
1936,1,1,0.50020564,0.0008225633,0.7669622898101807,0.99998784,11.318913,0.00042346874,-7.7666073
1937,0,1,0.50034845,0.001393777,0.5531046986579895,0.00090315635,-7.0087113,0.9997937,8.48583
1938,1,1,0.5000876,0.00035053308,0.6361329555511475,0.9999789,10.764823,0.00019632094,-8.535563
1939,1,1,0.5000362,0.0001447096,0.6496150493621826,0.999879,9.019892,0.00019339158,-8.5506
1940,1,1,0.5001343,0.000537132,0.8908925652503967,0.99999106,11.631369,0.00027746902,-8.189524
1941,0,1,0.5274248,0.10980945,0.564089298248291,0.05519239,-2.8401563,0.9996573,7.978059
1942,1,1,0.500222,0.00088807236,0.8332151174545288,0.99999046,11.557932,0.00045361856,-7.6978
1943,1,1,0.5001199,0.0004797023,0.710710346698761,0.99998486,11.099127,0.00025504603,-8.273811
1944,1,1,0.5001039,0.0004155964,0.7359917759895325,0.99997675,10.667293,0.00023101055,-8.372816
1945,0,1,0.5122494,0.049007397,1.0,0.99991965,9.429583,0.024579218,-3.6809676
1946,0,0,0.49995372,-0.00018508955,0.7682965993881226,9.982514e-06,-11.514666,0.9998975,9.185244
1947,1,1,0.50011015,0.00044061965,0.6173068881034851,0.9999875,11.288769,0.00023284883,-8.364888
1948,0,0,0.49993226,-0.00027088018,0.6394616365432739,1.2807161e-05,-11.265493,0.9998517,8.816209
1949,1,1,0.50022274,0.0008909309,0.802105188369751,0.9999676,10.337581,0.00047794566,-7.6455355
1950,1,1,0.5000981,0.00039247915,0.729099690914154,0.99998903,11.418725,0.00020717033,-8.481762
1951,1,0,0.46548787,-0.13826846,1.0,1.676423e-05,-10.996246,0.930959,2.6015146
1952,0,0,0.4999488,-0.00020482253,0.6540921330451965,2.4293058e-05,-10.625296,0.9998733,8.973097
1953,0,1,0.50964177,0.03857181,0.7670676708221436,0.01947253,-3.919086,0.999811,8.573328
1954,0,0,0.49984252,-0.00062992144,0.7158455848693848,1.1565134e-05,-11.367504,0.9996735,8.026707
1955,1,0,0.49418423,-0.023264114,0.670707643032074,0.9880965,4.418946,0.0002720026,-8.209427
1956,0,1,0.83007777,1.5861785,0.7540869116783142,0.6605894,0.66592205,0.99956614,7.7423544
1957,1,0,0.15389462,-1.7043759,0.5567800998687744,0.3075306,-0.8116894,0.000258613,-8.259919
1958,1,1,0.50010943,0.00043775988,0.7136337161064148,0.99998534,11.131155,0.00023353363,-8.361951
1959,1,1,0.50006187,0.00024744787,0.5626659989356995,0.9999577,10.069745,0.00016609151,-8.7028055
1960,0,1,0.9361123,2.6846082,1.0,0.99962354,7.8844824,0.87260103,1.9241549
1961,0,0,0.49994853,-0.00020595525,0.6122622489929199,7.798109e-06,-11.761621,0.99988925,9.10881
1962,1,1,0.50007534,0.00030131568,0.7155644297599792,0.99999154,11.686338,0.00015918213,-8.745302
1963,0,1,0.5813628,0.3283703,1.0,0.9998646,8.906815,0.16286103,-1.6370928
1964,1,0,0.40785384,-0.3728446,1.0,0.56083006,0.24453145,0.2548776,-1.0727652
1965,1,1,0.5001059,0.00042369924,0.7410889267921448,0.9999856,11.143675,0.00022621793,-8.393785
1966,0,0,0.49993357,-0.00026563357,0.6582473516464233,1.3148131e-05,-11.239218,0.99985397,8.831978
1967,1,1,0.50003785,0.00015138435,0.6673911809921265,0.9998246,8.648258,0.0002511238,-8.289313
1968,1,1,0.50011647,0.00046588058,0.7225314378738403,0.99996686,10.314951,0.0002660765,-8.231461
1969,1,1,0.5000174,6.96158e-05,0.804548442363739,0.9998745,8.982779,0.0001603512,-8.737984
1970,1,0,0.3718606,-0.5242431,1.0,9.680944e-06,-11.5453415,0.74371153,1.0653495
1971,1,0,0.35858366,-0.58151674,1.0,0.00017150234,-8.670742,0.71699584,0.9296083
1972,1,1,0.5000793,0.00031704645,0.5776007175445557,0.99998367,11.025821,0.00017491238,-8.651051
1973,0,0,0.49993408,-0.0002636661,0.7556284070014954,1.2306293e-05,-11.3053875,0.9998559,8.844652
1974,0,0,0.49990582,-0.0003767127,0.7860779762268066,6.8759223e-06,-11.887478,0.9998048,8.541147
1975,1,1,0.5001238,0.00049519195,0.8498268127441406,0.9999316,9.589657,0.00031604888,-8.059298
1976,0,1,0.8944466,2.1369884,1.0,0.9999852,11.125005,0.78890795,1.3183551
1977,0,1,0.53225964,0.12921809,1.0,0.9992231,7.159396,0.06529612,-2.661297
1978,1,0,0.4858192,-0.056738403,1.0,0.00029835443,-8.11693,0.97134,3.5231748
1979,1,1,0.50005865,0.00023457636,0.6445620656013489,0.99999166,11.6922245,0.0001255909,-8.982355
1980,1,1,0.5000579,0.00023147765,0.6447522640228271,0.9999325,9.604564,0.00018326363,-8.604402
1981,1,1,0.5001006,0.00040248877,0.7193857431411743,0.9999764,10.654676,0.00022483357,-8.399925
1982,0,1,0.88022494,1.994562,1.0,0.9995685,7.74792,0.76088136,1.1575176
1983,0,0,0.4999379,-0.0002484034,0.7381507754325867,9.27523e-06,-11.588154,0.9998665,8.921257
1984,1,1,0.5001028,0.00041130665,0.704631507396698,0.99998474,11.089376,0.00022093304,-8.41743
1985,1,1,0.50009215,0.00036864638,0.5262929797172546,0.99998546,11.138983,0.00019880384,-8.522993
1986,1,1,0.50010353,0.0004141665,0.7049003839492798,0.9999423,9.760026,0.00026471444,-8.236594
1987,1,1,0.5000757,0.00030274576,0.7384408116340637,0.99998915,11.427727,0.0001622697,-8.726089
1988,0,1,0.50126755,0.005070209,0.7587866187095642,0.002819033,-5.8685384,0.9997161,8.166876
1989,0,0,0.49993727,-0.0002508478,0.7436025738716125,2.0229012e-05,-10.8083725,0.9998543,8.834215
1990,0,1,0.52862996,0.11464519,1.0,0.9999695,10.397148,0.05729042,-2.8006248
1991,1,0,0.48771393,-0.04915416,1.0,0.0025772392,-5.958456,0.9728506,3.5788755
1992,0,0,0.499941,-0.00023606226,0.7114859819412231,2.0482885e-05,-10.7959,0.9998615,8.884371
1993,0,1,0.76355684,1.1722797,1.0,0.9999769,10.674641,0.5271368,0.10865402
1994,1,0,0.4585839,-0.16604488,0.7122645378112793,0.9169867,2.402092,0.0001810854,-8.616361
1995,0,0,0.49993983,-0.00024077215,0.6946362853050232,1.4242559e-05,-11.159262,0.9998654,8.913715
1996,1,0,0.34179512,-0.6553048,0.5855262875556946,0.68335706,0.76924247,0.00023317852,-8.363473
1997,0,0,0.4999444,-0.00022246927,0.7748236656188965,1.833485e-05,-10.906689,0.9998704,8.950811
1998,0,1,0.76607674,1.1862893,1.0,0.9627031,3.2508366,0.5694504,0.27960896
1999,1,1,0.5000707,0.00028272448,0.7559167742729187,0.99990237,9.2341385,0.00023904783,-8.338608
2000,0,1,0.5000159,6.365574e-05,0.6721624135971069,0.00018641142,-8.587368,0.9998454,8.774821
2001,0,1,0.7850321,1.2952359,1.0,0.99988663,9.08503,0.57017756,0.2825756
2002,0,1,0.5037385,0.014954367,1.0,0.9999865,11.21586,0.0074905613,-4.886593
2003,1,1,0.5000603,0.0002412505,0.6662254333496094,0.9999602,10.131349,0.00016050725,-8.737011
2004,1,1,0.500036,0.00014399446,0.6283330321311951,0.99990296,9.240455,0.00016901367,-8.685362
2005,1,1,0.5001461,0.0005843124,0.7455590963363647,0.9999838,11.032419,0.00030836745,-8.08391
2006,1,0,0.46398395,-0.14431414,1.0,0.0014710488,-6.5203075,0.92649686,2.534083
2007,1,0,0.3465528,-0.6342266,0.6275389790534973,0.6928622,0.8135347,0.00024337087,-8.320681
2008,1,1,0.5000782,0.00031275625,0.7240538001060486,0.9999869,11.241961,0.00016949202,-8.682535
2009,0,0,0.4999779,-8.845721e-05,0.7682074308395386,0.00012649424,-8.975187,0.9998293,8.675804
2010,1,0,0.39697784,-0.41807345,1.0,0.0002511904,-8.289048,0.7937045,1.3474015
2011,1,1,0.5001568,0.0006273209,0.8797193169593811,0.9999889,11.408322,0.00032477005,-8.032068
2012,0,1,0.7246814,0.96780306,1.0,0.91988075,2.4407287,0.52948207,0.118065275
2013,1,0,0.48626295,-0.054962076,0.7826628088951111,0.9722005,3.5545473,0.0003253713,-8.030218
2014,0,1,0.6039167,0.4218118,1.0,0.999979,10.772734,0.20785436,-1.3379077
2015,0,1,0.8077791,1.4356432,1.0,0.66610163,0.6906056,0.9494565,2.933057
2016,1,1,0.5000651,0.0002603192,0.7819604873657227,0.999928,9.539225,0.00020213984,-8.506349
2017,1,1,0.5001391,0.00055643334,0.7733254432678223,0.9999765,10.657865,0.00030166082,-8.105906
2018,0,0,0.49995118,-0.00019528388,0.6519961357116699,9.337831e-05,-9.278758,0.99980897,8.562655
2019,1,1,0.500143,0.0005719218,0.8373014330863953,0.9999441,9.791361,0.00034191835,-7.9805965
2020,1,1,0.5000715,0.00028606137,0.7034740447998047,0.9999639,10.228548,0.00017922165,-8.626708
2021,0,0,0.49989256,-0.00042966296,0.7941845059394836,1.0700091e-05,-11.445248,0.9997744,8.39649
2022,1,0,0.49917066,-0.003317369,0.7177971005439758,0.9980635,6.244923,0.00027779274,-8.188357
2023,0,1,0.8149798,1.4826983,1.0,0.9973654,5.936403,0.6325942,0.54336226
2024,0,0,0.4990003,-0.0039987536,0.824691653251648,1.8971768e-05,-10.8725395,0.99798167,6.2034607
2025,0,1,0.505383,0.021532917,0.6853919625282288,0.010864793,-4.5113034,0.9999013,9.223295
2026,0,1,0.5501444,0.20125407,0.7502084374427795,0.10042042,-2.1925619,0.9998683,8.934674
2027,1,1,0.5001006,0.00040248877,0.6223955154418945,0.99998033,10.833645,0.00022091536,-8.41751
2028,0,0,0.49992168,-0.00031327148,0.7138881087303162,6.337439e-06,-11.969029,0.99983704,8.721951
2029,1,1,0.50012517,0.00050067285,0.7500996589660645,0.99997246,10.501714,0.0002779125,-8.187926
2030,1,1,0.5000967,0.00038675935,0.6096574068069458,0.99998176,10.914698,0.00021158736,-8.460661
2031,1,0,0.26506042,-1.0198305,1.0,3.8310536e-05,-10.169747,0.5300825,0.120475575
2032,0,1,0.50122607,0.0049042646,0.6445677876472473,0.0028681594,-5.8512125,0.999584,7.7844787
2033,1,1,0.50008816,0.0003526781,0.5779258012771606,0.9999752,10.603674,0.00020109062,-8.511554
2034,0,1,0.83623916,1.6305076,1.0,0.9999049,9.260698,0.67257345,0.7198478
2035,0,0,0.4998056,-0.0007776661,0.8426418900489807,9.778968e-06,-11.535267,0.9996014,7.827177
2036,0,0,0.4999016,-0.00039364694,0.6323666572570801,4.295322e-05,-10.055356,0.9997602,8.335703
2037,0,0,0.49991566,-0.00033735958,0.5845761299133301,7.697732e-06,-11.774577,0.99982363,8.642458
2038,1,0,0.4916852,-0.03326225,0.7053214311599731,0.9830804,4.062218,0.0002900585,-8.145138
2039,1,1,0.5001609,0.00064352306,0.8804153203964233,0.9999769,10.676387,0.00034483298,-7.9721055
2040,0,0,0.49991798,-0.00032805817,0.6733736991882324,1.1379972e-05,-11.383644,0.9998246,8.647851
2041,0,1,0.9942288,5.149084,1.0,0.99998236,10.945125,0.9884752,4.4516654
2042,1,1,0.50013405,0.0005361788,0.8373926877975464,0.999982,10.924238,0.0002861589,-8.158677
2043,1,1,0.50007033,0.00028129434,0.6189060211181641,0.99997354,10.540952,0.00016715616,-8.696415
2044,0,1,0.7845111,1.2921512,1.0,0.975195,3.6715908,0.5938272,0.37980968
2045,0,0,0.49994764,-0.00020941305,0.6758949756622314,1.224495e-05,-11.310385,0.99988306,9.053939
2046,0,0,0.49994445,-0.00022223081,0.6936218738555908,8.565064e-06,-11.66781,0.9998803,9.030433
2047,1,1,0.5001179,0.00047159992,0.6937270164489746,0.9999876,11.298916,0.000248201,-8.3010235
2048,0,0,0.49992323,-0.00030707067,0.5953608751296997,1.7902308e-05,-10.930563,0.9998286,8.671712
2049,1,0,0.068302505,-2.613062,0.8515586256980896,0.13618965,-1.8473048,0.0004153615,-7.785946
2050,1,0,0.49936214,-0.00255147,0.7698632478713989,0.9983981,6.4349475,0.00032613747,-8.027865
2051,0,0,0.49982452,-0.00070191215,0.8164883852005005,1.0704438e-05,-11.444841,0.9996383,7.9245048
2052,1,1,0.5001261,0.0005044856,0.6748887300491333,0.99997294,10.517075,0.0002792615,-8.183083
2053,0,1,0.50003797,0.00015186111,0.5024130344390869,0.00019039898,-8.566198,0.99988556,9.075916
2054,1,1,0.50006163,0.00024649443,0.6279759407043457,0.9999347,9.635354,0.00018860908,-8.575645
2055,0,0,0.49994394,-0.0002241982,0.6640260815620422,5.179234e-05,-9.8682165,0.9998361,8.716064
2056,0,0,0.49994496,-0.00022026342,0.6762815713882446,6.258116e-05,-9.678984,0.9998273,8.663784
2057,1,0,0.47886047,-0.08460851,0.5542500615119934,0.9574595,3.1138268,0.00026141029,-8.249158
2058,0,1,0.90578187,2.263186,1.0,0.9775693,3.7746382,0.83399445,1.6142056
2059,1,1,0.50006837,0.0002734287,0.550773561000824,0.9999864,11.204639,0.00015029544,-8.802757
2060,1,0,0.4999584,-0.00016643002,0.4983423352241516,0.9997545,8.311683,0.0001623022,-8.725888
2061,1,1,0.50009596,0.00038389943,0.6887693405151367,0.9999876,11.297656,0.00020430851,-8.495675
2062,0,1,0.94029236,2.7567308,0.6143549084663391,0.8808135,2.0001562,0.9997713,8.382887
2063,0,0,0.49989665,-0.00041344366,0.6347181797027588,1.5172726e-05,-11.095996,0.9997781,8.412732
2064,0,1,0.5878957,0.355273,1.0,0.2921622,-0.8849058,0.88362914,2.027255
2065,1,1,0.5001036,0.0004144048,0.7516583204269409,0.9999908,11.596194,0.00021641668,-8.438088
2066,0,1,0.91635084,2.3937678,1.0,0.99994755,9.855698,0.8327542,1.605274
2067,1,0,0.49931934,-0.0027226883,0.9136393666267395,0.9982493,6.3459606,0.00038938408,-7.850555
2068,0,0,0.49716318,-0.011347418,1.0,0.05714984,-2.8032308,0.9371765,2.702542
2069,0,0,0.49990496,-0.00038011145,0.6400281190872192,3.805601e-05,-10.176414,0.9997719,8.38557
2070,0,0,0.49995553,-0.00017787608,0.7268884778022766,1.0980954e-05,-11.419337,0.9999001,9.211241
2071,0,1,0.7327117,1.0084243,0.7102048993110657,0.46552542,-0.13811727,0.99989796,9.19067
2072,1,0,0.020877803,-3.84797,0.46491166949272156,0.041552205,-3.1383646,0.00020340137,-8.500126
2073,1,1,0.5001499,0.0005996813,0.7305874228477478,0.99997723,10.688239,0.00032261852,-8.038717
2074,0,1,0.5004201,0.001680392,0.5706859230995178,0.0009259723,-6.98374,0.99991417,9.36301
2075,0,1,0.5003814,0.0015256682,0.5773304104804993,0.0009477762,-6.960444,0.99981505,8.594971
2076,1,1,0.5746875,0.30100217,1.0,0.38028407,-0.4883427,0.76909095,1.2031853
2077,0,1,0.867036,1.875002,0.5084695816040039,0.7341796,1.015933,0.99989235,9.136745
2078,1,1,0.50006795,0.00027176025,0.6217303276062012,0.9999387,9.699479,0.00019721042,-8.531042
2079,0,1,0.50006616,0.0002646096,0.8588283658027649,0.0004261979,-7.7601805,0.9997061,8.132074
2080,1,0,0.4698046,-0.12092864,0.588424563407898,0.9393152,2.739458,0.00029402022,-8.131568
2081,0,1,0.7299329,0.9942822,1.0,0.8512977,1.7448155,0.6085681,0.44129714
2082,1,0,0.499966,-0.00013596744,0.5003566741943359,0.99980193,8.526709,0.00013006269,-8.947364
2083,0,1,0.5000308,0.00012325481,0.5223355889320374,0.00025560329,-8.271628,0.999806,8.5470915
2084,1,1,0.5000992,0.000396769,0.599736750125885,0.99999106,11.623133,0.00020724781,-8.481388
2085,1,0,0.49447,-0.022120876,0.6715247631072998,0.9887916,4.479819,0.00014842181,-8.815304
2086,0,0,0.49989605,-0.00041582884,0.49192309379577637,1.0654574e-05,-11.449511,0.9997814,8.428179
2087,1,1,0.5001033,0.00041321322,0.5819272398948669,0.9999845,11.073084,0.00022205761,-8.412352
2088,1,1,0.5000948,0.00037913286,0.6472712159156799,0.9999603,10.134038,0.00022923991,-8.380512
2089,0,1,0.693147,0.8148733,0.5752941370010376,0.3864318,-0.46233597,0.9998622,8.889656
2090,1,1,0.500091,0.00036411808,0.7442154884338379,0.99994934,9.890272,0.00023263713,-8.365798
2091,0,0,0.49998078,-7.683334e-05,0.722312331199646,5.0818784e-05,-9.887194,0.9999107,9.32324
2092,0,0,0.49994808,-0.00020768415,0.4851219356060028,2.0524554e-05,-10.793868,0.99987566,8.992218
2093,0,0,0.49980885,-0.0007646026,0.6452062129974365,1.4722715e-05,-11.126104,0.999603,7.8312063
2094,1,1,0.5001742,0.000696893,0.7312046885490417,0.99999106,11.620524,0.00035737772,-7.93636
2095,0,0,0.49993545,-0.00025818104,0.6900053024291992,2.0489275e-05,-10.7955885,0.9998504,8.807209
2096,1,1,0.50007343,0.00029368856,0.6793415546417236,0.99997985,10.814547,0.00016699334,-8.69739
2097,0,0,0.4998936,-0.0004255485,0.5393927097320557,1.0780546e-05,-11.437757,0.9997764,8.405582
2098,0,0,0.49996376,-0.000144969,0.5874906182289124,3.2451186e-05,-10.335741,0.9998951,9.162111
2099,1,0,0.41450846,-0.3453583,1.0,0.000104681436,-9.164484,0.82891226,1.577938
2100,1,0,0.49984762,-0.00060946436,0.7747371792793274,0.9993231,7.297393,0.00037213255,-7.8958883
2101,1,1,0.5581727,0.23374937,1.0,0.19697462,-1.4053113,0.91937083,2.4338298
2102,1,1,0.5000216,8.63038e-05,0.5340375304222107,0.9999436,9.783376,9.9573226e-05,-9.214518
2103,0,0,0.49987733,-0.0004906666,0.7940674424171448,6.8733916e-06,-11.887846,0.9997478,8.284893
2104,0,1,0.51533866,0.06137393,1.0,0.11589641,-2.0318775,0.91478086,2.3734584
2105,0,1,0.9720787,3.5500462,1.0,0.97779626,3.785041,0.96636105,3.3578506
2106,0,0,0.4999687,-0.00012517758,0.7643632292747498,0.00010870321,-9.1267805,0.9998287,8.672092
2107,1,0,0.46753734,-0.13003351,1.0,0.14596741,-1.766586,0.78910726,1.3195524
2108,0,0,0.49995276,-0.00018890496,0.6519922614097595,1.8538589e-05,-10.8956375,0.999887,9.088396
2109,0,0,0.4999546,-0.00018163184,0.5731475949287415,1.9962898e-05,-10.821615,0.99988925,9.108346
2110,0,1,0.50008315,0.00033253862,0.5938014984130859,0.00032589718,-8.028603,0.9998404,8.74256
2111,1,1,0.50013536,0.00054142124,0.6837291717529297,0.9999901,11.518446,0.0002806623,-8.178078
2112,1,0,0.49189344,-0.032429114,0.7893911004066467,0.9834841,4.0867805,0.00030277617,-8.102214
2113,0,0,0.4999557,-0.00017716069,0.7430754899978638,1.787498e-05,-10.932091,0.99989355,9.148327
2114,0,1,0.5210081,0.08408182,1.0,0.9998692,8.94233,0.042146962,-3.1235318
2115,0,1,0.89488757,2.1416676,1.0,0.99998534,11.130659,0.78978974,1.3236583
2116,0,0,0.49995044,-0.00019832431,0.6554715037345886,7.577241e-06,-11.790354,0.9998933,9.145885
2117,0,1,0.947719,2.8974247,1.0,0.9999422,9.757233,0.89549583,2.14815
2118,0,1,0.5308817,0.1236842,0.7599604725837708,0.06192331,-2.717935,0.99984014,8.741118
2119,1,1,0.5000815,0.0003258651,0.703561544418335,0.99995995,10.126348,0.00020299896,-8.502107
2120,0,0,0.49991858,-0.0003256732,0.5790477991104126,6.394684e-05,-9.657394,0.9997732,8.391275
2121,1,1,0.50015825,0.00063303934,0.664908766746521,0.99998915,11.432158,0.00032739382,-8.024019
2122,1,1,0.5000967,0.00038675935,0.5259949564933777,0.99998546,11.137272,0.00020790014,-8.478245
2123,0,0,0.49987307,-0.00050778163,0.6403603553771973,1.26331715e-05,-11.279172,0.9997335,8.22995
2124,1,0,0.21479817,-1.296242,1.0,0.00023566866,-8.352848,0.42936066,-0.28446025
2125,0,1,0.9695049,3.4592192,1.0,0.9999645,10.246452,0.9390453,2.7347333
2126,0,1,0.8142673,1.47798,1.0,0.9999734,10.53687,0.6285611,0.52604866
2127,1,0,0.49984062,-0.00063755567,0.5751710534095764,0.99951494,7.6307554,0.00016628056,-8.701668
2128,1,1,0.5000441,0.00017641419,0.661925196647644,0.9998548,8.837217,0.00023340297,-8.362511
2129,1,0,0.49820173,-0.007193148,0.8000175952911377,0.9961816,5.5640926,0.00022186588,-8.413216
2130,0,1,0.70201564,0.85691464,1.0,0.99995553,10.019929,0.40407577,-0.388511
2131,0,1,0.5048686,0.01947508,0.8474992513656616,0.010072646,-4.587808,0.99966466,7.9998794
2132,1,1,0.5001638,0.000655198,0.626468300819397,0.999984,11.043312,0.00034352686,-7.9759016
2133,1,1,0.5000231,9.250213e-05,0.7226266264915466,0.9998661,8.918217,0.00018014596,-8.621563
2134,0,1,0.6357853,0.55711734,1.0,0.99710673,5.842462,0.2744638,-0.97209156
2135,1,0,0.42609715,-0.29779276,1.0,7.885773e-05,-9.447786,0.85211545,1.7512902
2136,1,1,0.500091,0.00036411808,0.6759935021400452,0.9999819,10.9177885,0.00020013594,-8.516314
2137,1,1,0.50005805,0.00023219273,0.5778504610061646,0.99998987,11.498142,0.00012621231,-8.977419
2138,0,1,0.51096755,0.043877207,1.0,0.9972959,5.910281,0.024639178,-3.6784697
2139,0,0,0.49995,-0.0002000532,0.6795996427536011,1.0832033e-05,-11.432992,0.99988914,9.10721
2140,1,1,0.5000849,0.00033945043,0.8136125802993774,0.99996173,10.171026,0.00020796299,-8.477942
2141,0,1,0.5015768,0.0063071013,0.6520019173622131,0.003384954,-5.6850243,0.99976856,8.370738
2142,1,0,0.4999601,-0.00015969359,0.5983762145042419,0.99977404,8.395136,0.0001461247,-8.830904
2143,1,1,0.50009686,0.0003874743,0.676036536693573,0.9999759,10.631933,0.00021775464,-8.431924
2144,0,0,0.49994922,-0.00020315326,0.6126662492752075,0.00014034782,-8.871246,0.99975806,8.326473
2145,0,1,0.6531216,0.632789,1.0,0.9999777,10.711884,0.30626553,-0.8176368
2146,0,0,0.49984604,-0.00061584596,0.5833874940872192,1.0740371e-05,-11.44149,0.99968135,8.051136
2147,0,1,0.5706132,0.2843535,1.0,0.99974304,8.266355,0.14148338,-1.8030238
2148,1,0,0.4885356,-0.045865532,0.6452473402023315,0.9768723,3.7433274,0.00019892027,-8.522408
2149,0,1,0.99155354,4.7655263,1.0,0.9958016,5.4688544,0.9873055,4.353814
2150,1,0,0.31588045,-0.7727689,1.0,0.07083265,-2.573969,0.5609282,0.24493025
2151,0,1,0.9382026,2.720105,1.0,0.9993729,7.3736463,0.8770324,1.9646233
2152,1,0,0.46546084,-0.13837701,1.0,7.599377e-05,-9.484783,0.9308457,2.599752
2153,0,0,0.49992344,-0.0003061763,0.7651077508926392,1.2074947e-05,-11.324366,0.9998348,8.70792
2154,0,0,0.4999372,-0.00025120552,0.7396101951599121,1.3031961e-05,-11.248093,0.99986136,8.883991
2155,0,0,0.49992502,-0.00029991593,0.4758613109588623,2.0132054e-05,-10.813177,0.9998299,8.679358
2156,0,0,0.49991637,-0.0003344976,0.722781777381897,4.270974e-05,-10.061041,0.99979,8.4683075
2157,1,1,0.50006837,0.0002734287,0.5622780919075012,0.9999895,11.465887,0.0001471931,-8.823618
2158,1,1,0.5001453,0.0005812148,0.811181902885437,0.999987,11.2544565,0.00030360054,-8.099494
2159,1,0,0.2009082,-1.3806278,0.9000059366226196,0.4015062,-0.3991932,0.0003102024,-8.077975
2160,0,0,0.49993142,-0.00027421897,0.6500212550163269,1.4384164e-05,-11.149368,0.9998485,8.794769
2161,1,0,0.12930173,-1.9071469,0.756897509098053,0.25842422,-1.0541749,0.00017922676,-8.626679
2162,0,0,0.49992836,-0.0002865606,0.6245660185813904,2.0280702e-05,-10.80582,0.99983644,8.718389
2163,1,1,0.5000998,0.00039915222,0.7002173662185669,0.9999827,10.968962,0.0002167901,-8.436364
2164,0,0,0.49953237,-0.0018705925,0.761630117893219,4.3336226e-05,-10.046478,0.9990214,6.92843
2165,1,1,0.52317315,0.09275901,1.0,0.25784507,-1.057199,0.78850126,1.3159151
2166,1,1,0.5001109,0.00044371773,0.6972122192382812,0.9999634,10.215334,0.00025850278,-8.260345
2167,0,1,0.85838103,1.801908,1.0,0.9999635,10.217396,0.7167986,0.9286366
2168,1,0,0.49987555,-0.00049782265,0.6337379217147827,0.9995415,7.6870675,0.00020954636,-8.470356
2169,1,1,0.5001888,0.0007552632,0.7069892883300781,0.9999864,11.203034,0.0003912999,-7.845645
2170,0,0,0.499947,-0.00021197658,0.8065040707588196,1.0986035e-05,-11.418875,0.99988306,9.053608
2171,1,1,0.50014925,0.0005969411,0.8355144262313843,0.9999157,9.38172,0.0003827815,-7.8676634
2172,0,0,0.499946,-0.00021603056,0.6041305065155029,2.5388275e-05,-10.581198,0.9998666,8.9218235
2173,1,0,0.22666942,-1.227214,1.0,0.0018940712,-6.267131,0.45144477,-0.19483489
2174,1,1,0.50006485,0.00025936577,0.6977951526641846,0.99994993,9.90244,0.00017981134,-8.623423
2175,1,1,0.50010693,0.00042775064,0.6613777875900269,0.9999863,11.197527,0.00022756396,-8.387852
2176,0,1,0.5208879,0.08360025,1.0,0.99998546,11.1418915,0.041790396,-3.1324
2177,0,1,0.50292003,0.01168031,0.5827200412750244,0.006059848,-5.0999923,0.99978024,8.422534
2178,1,1,0.50010663,0.00042655907,0.6954692006111145,0.9999771,10.683079,0.00023615202,-8.350799
2179,0,0,0.49995977,-0.00016094549,0.6168158054351807,8.604241e-05,-9.360584,0.99983346,8.700169
2180,1,1,0.5001031,0.00041249825,0.6761767864227295,0.9999534,9.97428,0.00025285626,-8.282436
2181,1,0,0.49817932,-0.007282784,0.7074859738349915,0.9961201,5.5480633,0.00023854467,-8.340715
2182,1,1,0.50009197,0.00036793138,0.7494694590568542,0.9999019,9.228907,0.00028210506,-8.172949
2183,0,1,0.5013641,0.0054564355,0.5687179565429688,0.0029672112,-5.817161,0.99976104,8.339184
2184,0,1,0.5000134,5.3642743e-05,0.5802832245826721,0.00021925278,-8.425066,0.99980754,8.555513
2185,0,0,0.49995467,-0.00018127415,0.6555061936378479,5.2093383e-06,-12.165052,0.99990416,9.252645
2186,0,0,0.49978086,-0.0008765127,0.7504574656486511,5.3388785e-06,-12.14049,0.99955636,7.7201147
2187,1,1,0.50007343,0.00029368856,0.7467513084411621,0.99994504,9.809573,0.00020183192,-8.507874
2188,0,1,0.50681907,0.027278004,0.7630025148391724,0.013799986,-4.2691917,0.9998381,8.728804
2189,1,0,0.49999297,-2.8133789e-05,0.5992087125778198,0.9997093,8.142912,0.00027663592,-8.192532
2190,1,0,0.4569147,-0.17276976,0.5752683281898499,0.91364604,2.3589878,0.00018331464,-8.604123
2191,0,0,0.49992403,-0.0003037914,0.7210513353347778,2.286715e-05,-10.685786,0.9998252,8.651182
2192,0,0,0.49992058,-0.00031762398,0.8081309795379639,3.6271783e-06,-12.527052,0.9998375,8.725271
2193,0,0,0.49983114,-0.0006754295,0.6420749425888062,3.065369e-05,-10.392727,0.99963164,7.906102
2194,1,0,0.014246254,-4.2369127,0.6453678607940674,0.028323878,-3.5353174,0.00016863088,-8.68763
2195,0,1,0.52297986,0.091984265,1.0,0.99997234,10.496424,0.04598731,-3.0323114
2196,1,0,0.47255287,-0.10989899,1.0,0.0011093186,-6.8028994,0.9439964,2.824707
2197,0,1,0.9866959,4.3062887,1.0,0.99993515,9.643059,0.9734567,3.602075
2198,0,1,0.9942333,5.1498737,1.0,0.999915,9.3733015,0.9885516,4.458395
2199,1,0,0.4699667,-0.12027798,0.6365311741828918,0.9396718,2.7457309,0.00026163197,-8.24831
2200,0,1,0.51808506,0.072371826,0.7025918364524841,0.036409676,-3.2758317,0.99976045,8.336297
2201,0,0,0.49992865,-0.00028536815,0.6893669366836548,1.6100501e-05,-11.036644,0.9998412,8.748062
2202,1,0,0.47864872,-0.08545708,0.7329107522964478,0.95708346,3.1046329,0.00021395322,-8.449539
2203,0,1,0.5227791,0.091179535,1.0,0.9959424,5.5031185,0.04961585,-2.952556
2204,1,1,0.5000613,0.00024506426,0.5805257558822632,0.9999218,9.455791,0.00020068897,-8.513554
2205,0,0,0.49995545,-0.00017829338,0.6241300106048584,1.6531929e-05,-11.0102005,0.9998944,9.155624
2206,0,1,0.5011792,0.0047169365,0.6437313556671143,0.0026240142,-5.9404225,0.99973446,8.233565
2207,0,1,0.8634579,1.8443123,1.0,0.99997926,10.781399,0.7269365,0.9791348
2208,1,1,0.50007,0.00027986424,0.6736675500869751,0.9999566,10.045137,0.00018333705,-8.604001
2209,1,1,0.5001055,0.00042203104,0.645106315612793,0.9999839,11.039425,0.00022710745,-8.38986
2210,1,1,0.5000643,0.00025722056,0.75168377161026,0.9999827,10.9685955,0.00014590444,-8.832413
2211,0,1,0.50006074,0.00024291902,0.5979043841362,0.00027524368,-8.197578,0.9998462,8.779982
2212,0,1,0.5743412,0.29958543,1.0,0.9769807,3.7481306,0.17170168,-1.5736148
2213,1,1,0.50015074,0.00060301716,0.7464141249656677,0.99998105,10.873507,0.0003204745,-8.045387
2214,1,1,0.5000923,0.00036936137,0.6497027277946472,0.99997556,10.620296,0.0002091232,-8.472378
2215,1,1,0.50012743,0.0005097282,0.7230636477470398,0.9999789,10.766383,0.00027597314,-8.194931
2216,0,1,0.5947524,0.38364685,1.0,0.9997055,8.12984,0.18979926,-1.451315
2217,0,1,0.504802,0.019208489,1.0,0.9999882,11.351944,0.009615735,-4.634692
2218,1,1,0.5001119,0.00044753074,0.6011032462120056,0.9999757,10.626016,0.00024801836,-8.30176
2219,0,1,0.5018754,0.007501647,0.6244643926620483,0.003980445,-5.522373,0.99977034,8.378611
2220,0,1,0.9369847,2.6992898,1.0,0.99998987,11.502809,0.87397957,1.9366126
2221,1,1,0.5001045,0.0004179796,0.6673619747161865,0.9999882,11.342947,0.00022074753,-8.41827
2222,0,1,0.5166382,0.06657743,0.5561988949775696,0.033406813,-3.365018,0.9998696,8.9445305
2223,1,1,0.50011164,0.00044657747,0.7489498853683472,0.99998534,11.13373,0.00023797085,-8.343124
2224,1,0,0.29766345,-0.8584492,0.5649651288986206,0.59516245,0.3853487,0.00016445087,-8.712734
2225,0,0,0.4999376,-0.0002495958,0.92303466796875,0.00010116582,-9.198648,0.99977404,8.395145
2226,1,0,0.49853855,-0.0058457917,0.7562087178230286,0.9968299,5.7508383,0.00024718314,-8.305134
2227,1,0,0.016960837,-4.059742,0.5429989695549011,0.033721734,-3.3553092,0.00019994138,-8.517286
2228,0,1,0.5004553,0.001821289,0.5554331541061401,0.0012118355,-6.7144065,0.99969876,8.107191
2229,1,1,0.50007504,0.00030012394,0.5832380056381226,0.9999536,9.979973,0.00019649528,-8.534676
2230,0,0,0.49990964,-0.00036144827,0.7317763566970825,1.4234277e-05,-11.159843,0.99980503,8.542467
2231,1,1,0.5000861,0.0003444555,0.6796450614929199,0.9999511,9.925154,0.00022113662,-8.416509
2232,1,1,0.50008136,0.00032538842,0.6174219846725464,0.99998236,10.946457,0.00018031095,-8.620647
2233,0,1,0.8061506,1.4251891,1.0,0.64621943,0.6024621,0.9660818,3.349298
2234,0,1,0.512529,0.050126527,1.0,0.9999739,10.55221,0.025084136,-3.6601155
2235,1,0,0.49963397,-0.0014641269,0.6270399689674377,0.99908614,6.996889,0.00018177062,-8.612583
2236,0,0,0.49990797,-0.00036812644,0.8076944351196289,1.6506814e-05,-11.011721,0.99979943,8.514223
2237,0,0,0.49991992,-0.00032036667,0.6770000457763672,5.9127137e-06,-12.0384,0.99983394,8.703341
2238,0,0,0.49997094,-0.00011629542,0.7058277726173401,5.3567383e-05,-9.834517,0.9998883,9.099684
2239,1,1,0.50016075,0.0006430465,0.783625602722168,0.99999154,11.672906,0.0003299142,-8.016348
2240,1,1,0.5001021,0.00040844682,0.5932915806770325,0.99998677,11.2296715,0.0002174202,-8.433461
2241,0,1,0.5000378,0.00015114596,0.5714953541755676,0.00017667438,-8.641026,0.9998989,9.199678
2242,1,1,0.5001303,0.00052116637,0.7001875042915344,0.9999901,11.521976,0.00027051423,-8.214915
2243,0,1,0.85838914,1.8019747,1.0,0.99993384,9.622559,0.7168445,0.92886263
2244,1,0,0.3944826,-0.4285082,1.0,9.459979e-06,-11.568431,0.78895575,1.3186421
2245,0,0,0.49996072,-0.00015713018,0.5510997176170349,9.509138e-06,-11.563248,0.9999119,9.337364
2246,1,0,0.428475,-0.28807577,1.0,0.024568921,-3.6813972,0.83238107,1.6025971
2247,1,0,0.48069736,-0.07724891,1.0,1.4605566e-05,-11.134093,0.9613801,3.2146034
2248,0,1,0.9584402,3.1381733,1.0,0.9999815,10.899115,0.9168989,2.4009392
2249,0,1,0.8677029,1.8807993,1.0,0.9999876,11.300162,0.7354182,1.0222888
2250,1,1,0.5001357,0.00054285093,0.840600311756134,0.9999641,10.234995,0.00030737332,-8.08714
2251,0,1,0.7687261,1.201132,1.0,0.9999473,9.850315,0.5375049,0.15030192
2252,0,0,0.49992704,-0.00029180732,0.5677481889724731,2.6980491e-05,-10.52037,0.9998271,8.662422
2253,0,1,0.50003237,0.0001294529,0.6181229948997498,0.00036438016,-7.9169483,0.9997003,8.112457
2254,1,1,0.50018585,0.0007433512,0.752460241317749,0.9999907,11.585425,0.0003809382,-7.8724923
2255,1,1,0.50012076,0.00048303857,0.7031102180480957,0.99996185,10.173317,0.00027972038,-8.18144
2256,1,1,0.50014454,0.00057811715,0.7156534790992737,0.99998784,11.319747,0.00030126647,-8.107214
2257,1,0,0.3587715,-0.58070016,1.0,2.2543854e-05,-10.700026,0.7175205,0.93219537
2258,0,1,0.5027217,0.010887032,0.6998969912528992,0.0055558393,-5.1873345,0.9998876,9.0935
2259,0,0,0.49997678,-9.2927956e-05,0.7517518401145935,0.0001661604,-8.702391,0.9997874,8.455822
2260,0,0,0.49986666,-0.00053336535,0.6807636022567749,1.9717723e-05,-10.833973,0.9997136,8.157924
2261,0,0,0.49990454,-0.00038190026,0.8033555150032043,6.199874e-05,-9.688334,0.9997471,8.282202
2262,1,0,0.46791354,-0.12852252,1.0,0.00076793873,-7.1710324,0.93505913,2.6671329
2263,1,1,0.50007755,0.00031013446,0.5832901000976562,0.9999845,11.071021,0.00017064466,-8.675756
2264,1,1,0.5000755,0.00030203073,0.8227137923240662,0.99988437,9.06539,0.00026670867,-8.229087
2265,0,1,0.5120978,0.048400514,0.5463083386421204,0.024340663,-3.6909652,0.9998549,8.838198
2266,0,1,0.834023,1.6144117,1.0,0.99948883,7.578416,0.6685571,0.7016662
2267,0,1,0.51037544,0.04150768,0.7100455164909363,0.020912208,-3.8462882,0.9998387,8.731977
2268,0,1,0.6694697,0.70578766,0.5649691820144653,0.3391658,-0.6670139,0.99977356,8.392599
2269,0,0,0.49992028,-0.0003189357,0.5702444314956665,3.13712e-05,-10.369589,0.9998092,8.564156
2270,0,1,0.511597,0.04639626,1.0,0.9994492,7.5036387,0.02374472,-3.716364
2271,0,0,0.49995136,-0.00019456849,0.7483762502670288,0.00010185308,-9.191877,0.99980086,8.521317
2272,0,0,0.4968842,-0.01246331,1.0,0.96323603,3.2657797,0.03053237,-3.4579597
2273,1,0,0.35256687,-0.6077753,1.0,1.088391e-05,-11.428214,0.7051228,0.87181306
2274,1,0,0.490534,-0.037868503,1.0,1.0388557e-05,-11.474795,0.98105764,3.94723
2275,1,0,0.49983093,-0.00067620486,0.7624738812446594,0.99945873,7.5209637,0.00020311221,-8.501549
2276,0,0,0.49993354,-0.00026581244,0.8123290538787842,0.00010517994,-9.159733,0.9997619,8.34244
2277,1,0,0.49911332,-0.0035467385,0.5596539378166199,0.9980574,6.241802,0.00016920702,-8.684218
2278,0,0,0.49986434,-0.0005426687,0.8336025476455688,2.4527055e-05,-10.615709,0.9997042,8.125684
2279,0,0,0.49994653,-0.00021388434,0.7985438704490662,6.7541085e-05,-9.602707,0.99982554,8.653437
2280,1,1,0.5001176,0.0004704084,0.8659392595291138,0.99998915,11.428972,0.00024600007,-8.309933
2281,0,1,0.5102949,0.04118547,1.0,0.9991535,7.073551,0.021436391,-3.8209958
2282,1,1,0.50008935,0.00035744478,0.6740993857383728,0.9999789,10.765645,0.00019974493,-8.51827
2283,0,0,0.4999459,-0.0002164479,0.5301729440689087,2.580603e-05,-10.564877,0.999866,8.91791
2284,1,0,0.49995992,-0.00016028974,0.7694490551948547,0.99966,7.986121,0.0002597881,-8.255384
2285,0,0,0.49989882,-0.00040479747,0.674407958984375,2.1194162e-05,-10.761764,0.9997764,8.405237
2286,1,1,0.50011826,0.00047302977,0.7281122803688049,0.99998295,10.982587,0.00025351119,-8.279849
2287,1,0,0.4998312,-0.0006751909,0.6884339451789856,0.9994229,7.4569674,0.00023948449,-8.336782
2288,0,1,0.7458935,1.0768293,1.0,0.99801,6.217601,0.49377704,-0.02489312
2289,1,0,0.49983373,-0.00066511094,0.6918911337852478,0.9995419,7.6879044,0.00012559438,-8.982327
2290,0,1,0.91659963,2.397018,1.0,0.9950033,5.2939763,0.83819604,1.6448662
2291,1,0,0.37492046,-0.511165,1.0,0.00012599825,-8.979116,0.7497149,1.0970924
2292,1,1,0.5000764,0.0003056059,0.6682141423225403,0.9999831,10.987964,0.00016977346,-8.680876
2293,1,1,0.5001045,0.0004179796,0.5012139678001404,0.99998546,11.137481,0.00022349988,-8.405876
2294,0,0,0.49988663,-0.00045345572,0.5726978182792664,8.283571e-06,-11.701228,0.999765,8.355493
2295,1,1,0.500034,0.00013588935,0.7089234590530396,0.99985206,8.818409,0.00021592595,-8.440359
2296,1,1,0.5000771,0.00030846606,0.685369610786438,0.999928,9.539111,0.00022620134,-8.393859
2297,1,1,0.5000678,0.0002710452,0.6318363547325134,0.9998516,8.815803,0.0002839302,-8.166498
2298,0,0,0.49995098,-0.0001960589,0.6699501872062683,2.689782e-05,-10.523438,0.99987507,8.987598
2299,1,0,0.013316384,-4.305354,0.7641770839691162,0.02642867,-3.6065216,0.00020409802,-8.496706
2300,1,0,0.49980974,-0.0007610236,0.4568715989589691,0.9994579,7.519458,0.0001616088,-8.73017
2301,0,1,0.5239588,0.09590867,1.0,0.06282942,-2.702442,0.98508817,4.190573
2302,0,1,0.50351983,0.014079527,1.0,0.9997002,8.112119,0.0073394217,-4.907129
2303,0,0,0.49995255,-0.0001897992,0.6686393618583679,2.9548246e-05,-10.429457,0.99987555,8.991419
2304,1,0,0.49987432,-0.00050265307,0.7417327761650085,0.9995803,7.7757187,0.00016832646,-8.689437
2305,1,1,0.50009423,0.0003769879,0.7068600058555603,0.9999753,10.609865,0.0002131201,-8.453442
2306,1,1,0.5001067,0.00042679737,0.5538740754127502,0.9999838,11.030208,0.00022959075,-8.378983
2307,0,1,0.53174037,0.12713246,1.0,0.99862516,6.588042,0.064855576,-2.668538
2308,1,1,0.5000943,0.00037722624,0.5759209990501404,0.99998474,11.09143,0.00020379934,-8.498171
2309,0,0,0.49995834,-0.00016666847,0.5266265273094177,0.00028167988,-8.174458,0.999635,7.915392
2310,1,1,0.5000496,0.00019834458,0.8006302118301392,0.99986255,8.8925495,0.00023665828,-8.348657
2311,1,1,0.50008327,0.0003330153,0.5775865912437439,0.99999344,11.939914,0.0001731372,-8.661253
2312,0,0,0.4999774,-9.036472e-05,0.5349341034889221,8.4884174e-05,-9.374138,0.99986994,8.947968
2313,0,1,0.50043684,0.0017473919,0.6526176333427429,0.0010185088,-6.8883967,0.99985516,8.840053
2314,1,1,0.50010306,0.00041225995,0.7624733448028564,0.9999691,10.385433,0.00023697552,-8.347317
2315,1,1,0.50006926,0.00027700403,0.6445537209510803,0.999987,11.252856,0.0001515405,-8.794506
2316,1,0,0.4970016,-0.01199382,0.5330759882926941,0.993793,5.0758514,0.00021015102,-8.467474
2317,1,0,0.4645289,-0.14212313,1.0,0.00029269088,-8.136101,0.92876506,2.5678725
2318,1,0,0.13095737,-1.8925204,0.5558345913887024,0.26172936,-1.0369995,0.00018538193,-8.592907
2319,1,1,0.5002065,0.00082589843,0.7013819813728333,0.9999732,10.525049,0.0004398035,-7.7287426
2320,1,0,0.43459073,-0.26314515,1.0,0.00040277885,-7.81672,0.86877865,1.8902026
2321,1,1,0.5001206,0.00048232367,0.7245980501174927,0.9999759,10.636583,0.00026528494,-8.234441
2322,0,0,0.49993291,-0.0002683761,0.6032286286354065,2.0076186e-05,-10.815956,0.99984574,8.777081
2323,0,1,0.94513595,2.8464704,1.0,0.99992454,9.49218,0.89034736,2.0942943
2324,0,1,0.5138475,0.055404067,1.0,0.99958116,7.7775364,0.02811377,-3.5429792
2325,0,1,0.5002001,0.00080040836,0.7192794680595398,0.0005301022,-7.5419106,0.99987006,8.948586
2326,0,1,0.9429312,2.8047352,0.6092342734336853,0.8860141,2.050658,0.99984825,8.793209
2327,0,1,0.8620169,1.8321438,1.0,0.99963796,7.9233336,0.72439593,0.966373
2328,0,1,0.89169514,2.1081743,1.0,0.9996698,8.015313,0.78372055,1.2874813
2329,0,0,0.49991277,-0.00034898648,0.8089480400085449,1.646465e-05,-11.014278,0.9998091,8.5634985
2330,1,0,0.49979347,-0.0008261039,0.6835349202156067,0.9993235,7.2979116,0.00026344645,-8.241397
2331,0,1,0.9763166,3.7190113,0.5699254870414734,0.95276123,3.004149,0.99987185,8.962176
2332,0,1,0.5669375,0.26936704,1.0,0.9999641,10.236395,0.1339109,-1.8668132
2333,0,1,0.9597863,3.1725028,1.0,0.99999225,11.760571,0.9195803,2.4366572
2334,0,1,0.966499,3.3621042,1.0,0.9999474,9.853036,0.93305045,2.6345198
2335,0,1,0.50534326,0.021373885,0.5501952171325684,0.011019827,-4.4969783,0.9996667,8.006243
2336,1,0,0.41717365,-0.33438674,1.0,0.036793288,-3.2649527,0.797554,1.3710766
2337,0,1,0.87366354,1.9337468,1.0,0.8495667,1.731207,0.89776033,2.1725836
2338,1,0,0.49319786,-0.027210232,1.0,1.310508e-05,-11.242497,0.9863826,4.282693
2339,0,1,0.89479417,2.140675,1.0,0.9999883,11.355776,0.7896,1.3225161
2340,1,1,0.5001141,0.00045634824,0.7238790988922119,0.9999714,10.463661,0.00025680754,-8.266927
2341,0,0,0.49993223,-0.00027105905,0.7984344959259033,9.402469e-06,-11.574529,0.99985504,8.838672
2342,1,1,0.50008154,0.00032610344,0.5171427726745605,0.99997365,10.544945,0.0001893641,-8.57165
2343,0,0,0.49997142,-0.000114387854,0.722213089466095,0.00010864891,-9.12728,0.9998342,8.704906
2344,1,1,0.50011605,0.0004642124,0.5795451402664185,0.9999732,10.526535,0.0002589357,-8.258672
2345,0,0,0.4998749,-0.0005004466,0.8015149831771851,9.990383e-05,-9.211203,0.9996499,7.9568586
2346,0,1,0.8209442,1.5227575,1.0,0.9997819,8.430582,0.64210653,0.5845189
2347,0,1,0.5261604,0.10473735,1.0,0.9998449,8.771879,0.052475914,-2.8934982
2348,0,1,0.5359901,0.14420992,1.0,0.99997175,10.47378,0.07200853,-2.556238
2349,1,0,0.48367026,-0.06534222,1.0,0.00039315876,-7.8409038,0.9669474,3.3760438
2350,1,1,0.50007796,0.0003118029,0.7227764129638672,0.9999429,9.77107,0.00021297748,-8.454111
2351,0,1,0.9532739,3.0155993,1.0,0.9999831,10.988082,0.9065648,2.2723947
2352,0,0,0.4999309,-0.00027648456,0.7337222099304199,8.761824e-06,-11.645098,0.999853,8.825238
2353,0,1,0.551438,0.20648235,1.0,0.9993993,7.416871,0.103476614,-2.1591787
2354,0,1,0.95687723,3.099624,1.0,0.9976654,6.057589,0.91608906,2.3903575
2355,1,0,0.49097005,-0.03612381,1.0,0.00064522814,-7.345261,0.9812949,3.9600735
2356,1,1,0.50006145,0.00024577935,0.5608522295951843,0.99999,11.508772,0.00013291475,-8.92567
2357,1,1,0.50011706,0.00046826364,0.7220779657363892,0.999982,10.922541,0.00025217567,-8.285132
2358,0,0,0.49994248,-0.0002301004,0.5623009204864502,3.2532123e-05,-10.33325,0.9998524,8.821035
2359,0,1,0.5000497,0.00019882133,0.7835465669631958,0.00027625271,-8.193918,0.99982315,8.63978
2360,1,1,0.50007665,0.0003065593,0.6978978514671326,0.9999542,9.99096,0.0001990825,-8.521592
2361,1,1,0.50004965,0.00019858296,0.7260513305664062,0.99986875,8.938576,0.00023055352,-8.374797
2362,0,1,0.99634695,5.6085334,0.7379887700080872,0.9928342,4.931238,0.9998597,8.871598
2363,1,1,0.5000743,0.0002972638,0.5197458267211914,0.9999682,10.353442,0.00018047348,-8.619746
2364,1,0,0.33227396,-0.6979182,1.0,8.144007e-05,-9.415562,0.6644665,0.6832628
2365,1,0,0.4763347,-0.09473203,1.0,1.1286053e-05,-11.391932,0.9526581,3.0018601
2366,0,1,0.91290784,2.349668,1.0,0.9999645,10.246423,0.82585114,1.5565042
2367,1,1,0.50012785,0.00051139627,0.7653243541717529,0.9999852,11.1236725,0.00027050107,-8.214964
2368,0,0,0.42781553,-0.29076928,1.0,0.3355705,-0.68309665,0.52006054,0.08028528
2369,1,0,0.49972135,-0.0011146318,1.0,0.9866164,4.3002486,0.0128262965,-4.3433485
2370,1,1,0.5000664,0.00026556302,0.549901008605957,0.99991953,9.428338,0.00021326602,-8.452757
2371,1,1,0.50009114,0.00036459474,0.5429966449737549,0.9999881,11.341187,0.00019413688,-8.546753
2372,1,1,0.5002214,0.0008854521,0.7824091911315918,0.99999106,11.630603,0.00045166785,-7.7021117
2373,1,1,0.5001008,0.00040320374,0.566146969795227,0.99998987,11.496584,0.00021168403,-8.460204
2374,1,1,0.5000147,5.8887654e-05,0.742400050163269,0.9998172,8.606566,0.0002122645,-8.457465
2375,0,0,0.49994364,-0.0002255098,0.7755099534988403,7.568473e-06,-11.791512,0.9998797,9.026161
2376,1,0,0.2082958,-1.3352286,1.0,7.557635e-05,-9.490292,0.41651604,-0.33709198
2377,1,1,0.5000847,0.00033873544,0.6007547974586487,0.99992514,9.499736,0.00024426865,-8.316998
2378,1,1,0.5001195,0.00047803417,0.7042803168296814,0.99999166,11.692659,0.000247351,-8.304455
2379,0,0,0.49987063,-0.0005174426,0.6990655064582825,1.5481468e-05,-11.075851,0.99972576,8.201294
2380,0,1,0.67383516,0.7255826,1.0,0.9999815,10.901045,0.34768882,-0.6292139
2381,1,1,0.50011355,0.00045420343,0.7800287008285522,0.99996245,10.189971,0.00026467632,-8.236738
2382,1,0,0.49941078,-0.0023569204,0.6585326790809631,0.9986237,6.586997,0.00019783097,-8.5279
2383,1,0,0.48483995,-0.06065888,1.0,1.569142e-05,-11.062381,0.9696642,3.4646213
2384,0,1,0.50130534,0.0052214204,0.7032753825187683,0.0027310124,-5.900348,0.9998797,9.025659
2385,1,1,0.50007254,0.00029011333,0.8575836420059204,0.99981564,8.598301,0.00032949052,-8.017633
2386,0,0,0.49990764,-0.00036949784,0.5763572454452515,8.227413e-06,-11.708031,0.99980706,8.552513
2387,0,1,0.5989055,0.40090674,1.0,0.99999,11.5075655,0.19782098,-1.3999693
2388,0,1,0.50109494,0.0043798,0.6759325861930847,0.002277813,-6.082259,0.999912,9.337841
2389,1,0,0.4944294,-0.02228329,1.0,4.6727353e-05,-9.971134,0.9888121,4.481669
2390,1,1,0.5000028,1.12056105e-05,0.5788745880126953,0.99984145,8.749573,0.00016416369,-8.714482
2391,1,0,0.4995256,-0.0018975846,0.6740372180938721,0.99883956,6.757748,0.00021167091,-8.460266
2392,1,1,0.5000643,0.00025722056,0.6268500089645386,0.99996614,10.292168,0.00016250087,-8.724665
2393,1,1,0.5001397,0.0005588162,0.7434923052787781,0.99993324,9.6139145,0.00034612787,-7.968356
2394,0,1,0.50099957,0.003998263,0.6859598159790039,0.0020947033,-6.1662464,0.9999044,9.25525
2395,1,0,0.40433434,-0.38743746,1.0,0.012429099,-4.375208,0.79623955,1.3629552
2396,0,0,0.499944,-0.00022407896,0.6435906887054443,7.331275e-06,-11.823354,0.9998807,9.03341
2397,1,1,0.50009274,0.0003710297,0.7202168703079224,0.9999902,11.533169,0.00019524232,-8.541074
2398,0,0,0.4999724,-0.00011039389,0.46246716380119324,1.0990362e-05,-11.418481,0.99993384,9.622878
2399,1,0,0.46680498,-0.1329757,1.0,0.00020150655,-8.509487,0.93340844,2.6402645
2400,0,1,0.6979487,0.83754873,1.0,0.9999831,10.983425,0.3959143,-0.4225185
2401,0,0,0.49994835,-0.00020655143,0.6434643864631653,1.2008882e-05,-11.329852,0.9998847,9.067672
2402,0,1,0.9327685,2.6300156,1.0,0.999972,10.483057,0.86556506,1.8623021
2403,0,1,0.5065483,0.02619466,0.6000967025756836,0.013240627,-4.3111362,0.999856,8.846041
2404,1,1,0.5000584,0.00023362292,0.6675041913986206,0.9999219,9.457938,0.0001948633,-8.543017
2405,0,0,0.49991402,-0.0003438587,0.6303089261054993,1.6574519e-05,-11.0076275,0.9998115,8.575767
2406,1,1,0.50008315,0.00033253862,0.6248307824134827,0.99994373,9.785194,0.00022252709,-8.410239
2407,0,0,0.4999686,-0.00012565448,0.6858354210853577,5.5581182e-05,-9.79761,0.9998816,9.041893
2408,1,0,0.49633598,-0.014656316,0.5930253267288208,0.99248135,4.882825,0.0001906155,-8.565062
2409,0,1,0.7404473,1.0482945,1.0,0.9977349,6.0878525,0.48315963,-0.06738712
2410,0,0,0.49993205,-0.0002717745,0.6703929901123047,7.2777275e-06,-11.830685,0.9998568,8.851139
2411,1,1,0.50008506,0.00034016545,0.7731434106826782,0.99997616,10.642303,0.00019399753,-8.547471
2412,0,0,0.49997085,-0.00011659348,0.6670540571212769,3.649531e-05,-10.21829,0.9999052,9.263802
2413,1,1,0.5001339,0.000535464,0.6562443971633911,0.9999895,11.465289,0.0002782903,-8.186567
2414,0,0,0.4999796,-8.160209e-05,0.5721325278282166,6.526511e-05,-9.636988,0.9998939,9.151684
2415,1,0,0.04466641,-3.0628388,1.0,0.01839426,-3.9771512,0.07093856,-2.5723608
2416,1,0,0.4973686,-0.010525711,0.610018789768219,0.99455875,5.208301,0.00017846603,-8.630934
2417,1,0,0.49905413,-0.0037834602,0.7395108938217163,0.9977696,6.103322,0.0003386572,-7.9901834
2418,1,1,0.50009835,0.00039343245,0.735633909702301,0.99996734,10.329134,0.00022938616,-8.379874
2419,1,0,0.43580812,-0.25819236,1.0,0.010619639,-4.5343738,0.8609966,1.8235921
2420,0,0,0.49991247,-0.00035005974,0.7964560389518738,7.059268e-06,-11.861162,0.9998179,8.610636
2421,0,1,0.6840654,0.77251834,1.0,0.9997569,8.32154,0.36837393,-0.539199
2422,1,1,0.5001825,0.0007300096,0.8811811208724976,0.9999852,11.123044,0.00037978787,-7.875518
2423,0,1,0.50103813,0.004152486,0.639323353767395,0.002153159,-6.138664,0.9999231,9.473461
2424,0,1,0.95747405,3.1141841,1.0,0.9994129,7.4396257,0.9155352,2.3831744
2425,1,1,0.5001067,0.00042679737,0.6963425874710083,0.99998796,11.324427,0.00022538904,-8.397457
2426,0,0,0.4999378,-0.00024882075,0.5786070227622986,2.0901134e-05,-10.775686,0.9998547,8.836464
2427,0,0,0.49995896,-0.00016410505,0.5273988842964172,3.320501e-05,-10.312777,0.9998847,9.068193
2428,1,0,0.4899919,-0.040037718,1.0,2.917233e-05,-10.442261,0.97995466,3.889508
2429,1,1,0.50007385,0.000295357,0.7890216708183289,0.99991107,9.328085,0.00023664496,-8.348713
2430,0,0,0.4999322,-0.00027123792,0.7145423293113708,1.2723963e-05,-11.272011,0.9998517,8.815926
2431,1,0,0.439154,-0.24459618,1.0,1.6480453e-05,-11.013319,0.87829155,1.9763501
2432,1,1,0.5001029,0.00041154498,0.7469583749771118,0.9999814,10.895533,0.00022439306,-8.401887
2433,0,1,0.62981224,0.5314114,1.0,0.99995995,10.123985,0.25966454,-1.0477129
2434,0,1,0.7884787,1.3157796,1.0,0.9998512,8.813021,0.5771061,0.31090498
2435,1,1,0.5000936,0.0003743663,0.7323744297027588,0.9999629,10.201096,0.00022428397,-8.402373
2436,1,1,0.50006336,0.00025340685,0.7029335498809814,0.9999707,10.437,0.00015606478,-8.765083
2437,0,1,0.9828362,4.0476394,1.0,0.99998116,10.882427,0.9656912,3.3374434
2438,0,0,0.49983603,-0.0006558661,0.6184990406036377,1.2169791e-05,-11.316542,0.9996599,7.985878
2439,1,1,0.5000907,0.00036292642,0.6245808601379395,0.9999739,10.555365,0.00020751357,-8.480106
2440,1,1,0.50005496,0.00021979777,0.6685235500335693,0.99992156,9.453321,0.00018833538,-8.577098
2441,0,1,0.5125309,0.050134238,1.0,0.9999443,9.795757,0.025117522,-3.6587512
2442,0,0,0.49984786,-0.0006085101,0.7753831148147583,4.822776e-05,-9.9395275,0.9996475,7.950107
2443,0,0,0.49996734,-0.00013066192,0.6819628477096558,4.5657285e-05,-9.994302,0.999889,9.106339
2444,1,0,0.24381475,-1.1318777,1.0,7.005802e-06,-11.868765,0.4876225,-0.049520105
2445,0,0,0.49995032,-0.00019880125,0.7030529379844666,1.1363208e-05,-11.3851185,0.99988925,9.10846
2446,0,1,0.9202231,2.4453824,1.0,0.99994755,9.855766,0.84049875,1.6619442
2447,1,1,0.5001009,0.00040368037,0.7110936641693115,0.9999924,11.786269,0.0002094325,-8.4709
2448,0,1,0.5039751,0.01590072,0.6444892883300781,0.0084867915,-4.760721,0.9994634,7.5295725
2449,0,1,0.5000198,7.915183e-05,0.5485451221466064,0.0002019628,-8.507225,0.99983764,8.7260275
2450,1,0,0.4844217,-0.062333327,0.6898580193519592,0.9686206,3.4297218,0.00022278077,-8.4091
2451,0,0,0.4999643,-0.00014282293,0.840213418006897,9.1194095e-05,-9.302429,0.9998374,8.724033
2452,1,1,0.5001612,0.0006447144,0.7487809062004089,0.9999913,11.653332,0.0003310538,-8.012898
2453,1,1,0.5000671,0.0002684233,0.7106159925460815,0.99992895,9.551657,0.00020528896,-8.490887
2454,1,0,0.47855404,-0.08583655,0.6093413829803467,0.9569481,3.1013417,0.00015996148,-8.7404175
2455,0,1,0.9499333,2.9430356,1.0,0.99993,9.5669155,0.8999366,2.1965206
2456,1,1,0.50006455,0.000258174,0.5786242485046387,0.9999703,10.423166,0.00015883584,-8.74748
2457,1,0,0.4277545,-0.29101866,0.645962119102478,0.8552972,1.776767,0.0002117565,-8.459862
2458,1,1,0.50009,0.00036006642,0.664970874786377,0.9999224,9.463196,0.00025759445,-8.263866
2459,1,0,0.49699792,-0.012008418,0.6333707571029663,0.9937873,5.074922,0.00020853702,-8.475185
2460,1,0,0.28312677,-0.92900425,1.0,0.0031488547,-5.7575626,0.5631047,0.25377202
2461,1,1,0.5001157,0.00046278257,0.6166587471961975,0.99998796,11.329397,0.00024340567,-8.320538
2462,0,1,0.5993005,0.40255138,1.0,0.9998184,8.613559,0.19878258,-1.3939207
2463,0,0,0.4999542,-0.00018318185,0.5974957346916199,1.8080522e-05,-10.920657,0.9998903,9.117587
2464,0,1,0.5430001,0.17242631,0.8839859366416931,0.0863506,-2.3590312,0.99964964,7.9562488
2465,1,0,0.49970222,-0.001191133,0.6742979884147644,0.9992274,7.1649427,0.0001770452,-8.638928
2466,1,0,0.32429498,-0.7341031,0.6739963889122009,0.64839953,0.61201173,0.00019042513,-8.566061
2467,1,1,0.50009185,0.00036745472,0.6827771067619324,0.9999852,11.118166,0.00019852292,-8.524407
2468,1,0,0.31115678,-0.79471684,1.0,0.00013189236,-8.933393,0.62218165,0.49881852
2469,0,0,0.49994797,-0.00020816109,0.4738963544368744,2.4920131e-05,-10.59981,0.999871,8.956272
2470,0,1,0.6750492,0.7311117,1.0,0.99984825,8.793635,0.35025018,-0.6179398
2471,0,1,0.71269774,0.9085226,1.0,0.9996537,7.967825,0.42574176,-0.2992461
2472,1,1,0.50009453,0.00037817957,0.80950927734375,0.9999672,10.326305,0.00022184619,-8.413304
2473,0,1,0.9439214,2.8232884,1.0,0.999908,9.293055,0.8879348,2.0698178
2474,0,0,0.49992412,-0.0003034933,0.7280166745185852,7.169318e-05,-9.543043,0.99977654,8.405955
2475,0,1,0.9301927,2.5896533,1.0,0.9999522,9.94917,0.8604332,1.818893
2476,0,1,0.50813925,0.032559846,1.0,0.9998292,8.674821,0.016449278,-4.0908875
2477,1,1,0.5001084,0.00043370854,0.7980821132659912,0.9999788,10.758013,0.00023808272,-8.342654
2478,0,1,0.5010192,0.0040767426,0.5433189272880554,0.002217318,-6.109237,0.999821,8.627609
2479,1,0,0.37546107,-0.5088588,0.5687495470046997,0.7507315,1.1025174,0.00019063803,-8.564943
2480,0,0,0.4999339,-0.00026438155,0.8062014579772949,2.1806387e-05,-10.733286,0.999846,8.778183
2481,1,1,0.50010383,0.0004153581,0.6866858601570129,0.99998546,11.13439,0.00022224443,-8.41151
2482,1,1,0.5001162,0.00046492735,0.643787145614624,0.99996626,10.297593,0.0002661912,-8.2310295
2483,0,1,0.5001634,0.0006535301,0.7506735324859619,0.00045976232,-7.684341,0.99986696,8.925055
2484,1,0,0.24505323,-1.1251718,0.5873861312866211,0.48990598,-0.04038149,0.00020049121,-8.51454
2485,1,1,0.5001212,0.0004847067,0.8105416893959045,0.99998546,11.139393,0.00025684206,-8.266792
2486,1,0,0.48868886,-0.04525237,1.0,0.00017352015,-8.659043,0.9772042,3.7581193
2487,1,1,0.5000972,0.00038890427,0.738227903842926,0.9999696,10.400553,0.00022488418,-8.3997
2488,1,0,0.49978602,-0.00085593126,0.5785055160522461,0.99942505,7.4606075,0.00014697363,-8.82511
2489,1,1,0.500092,0.0003681697,0.6667779088020325,0.999964,10.232343,0.00022000831,-8.421625
2490,1,1,0.50008297,0.0003318236,0.7458941340446472,0.9999782,10.730221,0.00018774426,-8.580242
2491,1,0,0.46446252,-0.14239003,1.0,1.211257e-05,-11.321255,0.92891294,2.5701094
2492,0,0,0.49999005,-3.9816696e-05,0.42852818965911865,7.281836e-05,-9.52747,0.99990726,9.28583
2493,1,0,0.47725525,-0.09104187,1.0,0.0017002731,-6.3752646,0.9528102,3.0052397
2494,0,0,0.49993026,-0.00027892902,0.7773827314376831,1.5598365e-05,-11.068329,0.9998449,8.771478
2495,0,0,0.49980727,-0.0007709852,0.6420385837554932,6.551493e-06,-11.935811,0.999608,7.843869
2496,1,1,0.500068,0.0002719986,0.6923677325248718,0.9999294,9.558487,0.00020659514,-8.484543
2497,1,1,0.50010127,0.0004051103,0.614619791507721,0.99999213,11.754393,0.00021044939,-8.466055
2498,1,1,0.5001313,0.0005252174,0.6327119469642639,0.9999908,11.600306,0.0002718346,-8.210045
2499,0,0,0.49995455,-0.00018175108,0.746742844581604,1.6133486e-05,-11.034597,0.99989295,9.142199
2500,1,0,0.46900788,-0.12412769,0.6605151295661926,0.93783355,2.7137566,0.00018222912,-8.610064
2501,1,1,0.5001271,0.0005082984,0.7089646458625793,0.9999726,10.503937,0.00028159423,-8.174762
2502,0,0,0.49993894,-0.00024417043,0.629948616027832,6.142136e-06,-12.000332,0.99987173,8.961708
2503,1,1,0.5000681,0.0002724753,0.6980828642845154,0.9999523,9.949975,0.0001839883,-8.600454
2504,1,1,0.50010294,0.0004117833,0.6188786029815674,0.99998796,11.323273,0.00021787405,-8.4313755
2505,1,1,0.50011265,0.00045062878,0.7386606335639954,0.99998844,11.367181,0.00023691496,-8.347572
2506,1,0,0.4937616,-0.024954902,1.0,0.00019184538,-8.558629,0.98733133,4.3558702
2507,0,1,0.6006231,0.40806192,1.0,0.9759824,3.7046592,0.22526367,-1.2352512
2508,1,0,0.18371321,-1.4913899,0.8914552927017212,0.3669619,-0.54527265,0.00046454303,-7.6739917
2509,1,0,0.49970424,-0.0011830173,0.5104737877845764,0.9991849,7.1113706,0.0002235474,-8.4056635
2510,0,1,0.9739721,3.622213,1.0,0.99827623,6.361547,0.949668,2.93747
2511,1,0,0.2735438,-0.97671634,1.0,0.0006332259,-7.36405,0.54645437,0.186355
2512,1,1,0.500109,0.00043609168,0.5223616361618042,0.9999758,10.627418,0.00024227118,-8.325211
2513,1,1,0.50008696,0.00034791138,0.6729285717010498,0.9999622,10.184501,0.00021174579,-8.459912
2514,0,1,0.50407857,0.016314687,0.6954565048217773,0.008261516,-4.7878513,0.9998956,9.16744
2515,1,1,0.5000956,0.00038246947,0.6708359718322754,0.9999783,10.73784,0.00021292793,-8.454344
2516,0,0,0.49998823,-4.7148387e-05,0.6823124289512634,0.0001970294,-8.5319605,0.9997794,8.418875
2517,0,1,0.635705,0.5567706,1.0,0.99961877,7.8716755,0.27179128,-0.98555326
2518,1,1,0.5000631,0.0002524534,0.756700873374939,0.99989164,9.130288,0.00023465499,-8.35716
2519,1,0,0.4525421,-0.19040486,0.8616768717765808,0.9046453,2.2499394,0.00043889822,-7.730804
2520,1,0,0.485896,-0.056430977,1.0,3.081219e-05,-10.387569,0.97176117,3.5384135
2521,0,1,0.65486145,0.6404778,1.0,0.9996958,8.097312,0.3100271,-0.7999927
2522,1,1,0.50012076,0.00048303857,0.777785062789917,0.9999826,10.961078,0.0002589103,-8.25877
2523,0,1,0.7861377,1.3017997,1.0,0.99851996,6.514189,0.5737554,0.29718992
2524,1,1,0.50009304,0.00037222132,0.7055265307426453,0.9999206,9.440495,0.00026552152,-8.233549
2525,0,1,0.9871255,4.33955,1.0,0.9999883,11.361442,0.97426265,3.6337366
2526,1,1,0.5000508,0.000203112,0.5441243648529053,0.9999614,10.162167,0.00014019107,-8.872364
2527,0,0,0.499926,-0.00029604047,0.6746784448623657,7.0865995e-06,-11.857298,0.9998449,8.771204
2528,1,1,0.5001417,0.0005666796,0.6127845644950867,0.9999814,10.895181,0.00030190768,-8.105087
2529,1,0,0.49778888,-0.008844511,0.7416520118713379,0.99534225,5.364563,0.00023547595,-8.353666
2530,0,1,0.5062564,0.0250269,0.6667655110359192,0.01263049,-4.3589306,0.99988234,9.047265
2531,0,1,0.9499657,2.9437175,1.0,0.9987987,6.7232037,0.90113276,2.209875
2532,0,1,0.50083035,0.003321371,0.7197532057762146,0.0017811143,-6.3287334,0.9998796,9.024824
2533,1,1,0.50004196,0.0001678326,0.7894304990768433,0.9996929,8.087943,0.00039099634,-7.8464212
2534,1,1,0.50016135,0.0006454292,0.6233952045440674,0.9999871,11.259195,0.00033554554,-7.9994173
2535,0,1,0.50001013,4.0530336e-05,0.7445662021636963,0.00012934794,-8.952875,0.9998909,9.123156
2536,1,1,0.50010407,0.00041631138,0.8628251552581787,0.9999726,10.504953,0.00023556712,-8.353279
2537,0,1,0.5099248,0.0397045,1.0,0.9998733,8.973869,0.019976346,-3.8930278
2538,1,1,0.50011957,0.0004782725,0.7892563343048096,0.9998504,8.807289,0.0003887211,-7.8522596
2539,0,1,0.50589126,0.023566155,0.7619155645370483,0.012013665,-4.409624,0.9997689,8.372517
2540,0,0,0.49995118,-0.00019528388,0.7276105880737305,9.877993e-06,-11.525191,0.9998925,9.137356
2541,1,1,0.5000746,0.00029845553,0.6860633492469788,0.9999548,10.004762,0.00019446609,-8.545058
2542,1,0,0.49996904,-0.00012392574,0.5386916399002075,0.9998259,8.655784,0.00011216691,-9.09541
2543,1,0,0.44270626,-0.23018606,0.4983745515346527,0.8852828,2.0434375,0.00012970019,-8.950155
2544,1,1,0.5001228,0.0004911409,0.8479731678962708,0.99987245,8.966883,0.000373161,-7.8931274
2545,1,1,0.5001102,0.00044085798,0.6625934839248657,0.999969,10.380991,0.000251429,-8.288098
2546,0,0,0.49994007,-0.00023981824,0.7656078338623047,2.3073657e-05,-10.676796,0.99985707,8.853103
2547,1,0,0.08908609,-2.324845,1.0,2.4625982e-05,-10.611684,0.17814755,-1.5289487
2548,1,1,0.50005674,0.00022694873,0.6342447400093079,0.99996257,10.193026,0.00015090806,-8.798689
2549,1,1,0.50013787,0.00055142934,0.6223238110542297,0.99995375,9.982525,0.00032199785,-8.040644
2550,1,1,0.5000779,0.00031156454,0.5820775628089905,0.99996793,10.347438,0.00018791975,-8.579308
2551,1,1,0.5001202,0.00048089382,0.7849019765853882,0.9998871,9.089382,0.0003533547,-7.947685
2552,1,1,0.5001279,0.0005116346,0.8071048855781555,0.9999783,10.736103,0.00027749126,-8.189444
2553,0,1,0.5068702,0.02748261,1.0,0.99995637,10.039856,0.013784055,-4.270363
2554,0,1,0.610123,0.4478292,1.0,0.86483836,1.8560714,0.3554076,-0.59535295
2555,1,0,0.4933534,-0.026588015,0.7516942620277405,0.98648167,4.290101,0.00022515644,-8.39849
2556,1,0,0.415836,-0.33989084,1.0,0.010764472,-4.5206814,0.82090753,1.5225084
2557,0,0,0.49985194,-0.00059222826,0.6812006235122681,1.8824527e-05,-10.880331,0.99968505,8.062721
2558,0,1,0.91611457,2.3906894,1.0,0.98311585,4.0643487,0.84911335,1.727664
2559,1,1,0.50007236,0.00028939827,0.6629884839057922,0.99997556,10.618217,0.00016915314,-8.684537
2560,0,0,0.4998729,-0.000508378,0.6992374062538147,1.647021e-05,-11.013941,0.99972934,8.214349
2561,0,0,0.49994916,-0.00020339173,0.6600001454353333,3.863512e-05,-10.16131,0.9998597,8.871906
2562,0,1,0.7308761,0.999072,1.0,0.999959,10.102165,0.46179312,-0.15312599
2563,1,0,0.49868813,-0.0052475687,0.6468167304992676,0.99711204,5.8443317,0.00026421493,-8.238483
2564,0,1,0.5000171,6.842379e-05,0.6118401885032654,0.00017801378,-8.6334715,0.99985623,8.847208
2565,1,1,0.50006115,0.00024458754,0.7023067474365234,0.9999738,10.549622,0.00014858268,-8.81422
2566,0,0,0.49994743,-0.0002103073,0.6707251071929932,1.0265784e-05,-11.486684,0.9998846,9.067019
2567,1,1,0.50011986,0.000479464,0.7421205043792725,0.999858,8.859846,0.00038176257,-7.87033
2568,1,1,0.5001125,0.00044991384,0.5606303811073303,0.9999908,11.594982,0.00023414967,-8.359316
2569,0,1,0.91886705,2.4270523,1.0,0.99994206,9.755727,0.83779204,1.6418904
2570,1,1,0.50008154,0.00032610344,0.7762393951416016,0.9999583,10.083494,0.0002047545,-8.493494
2571,0,1,0.9399181,2.7500842,1.0,0.99991107,9.3274555,0.87992513,1.9917216
2572,1,1,0.50018626,0.0007450189,0.7756699323654175,0.9999726,10.502789,0.00039997097,-7.8237185
2573,0,1,0.98108524,3.9487169,1.0,0.99994814,9.866878,0.96222234,3.237527
2574,1,0,0.4848906,-0.06045605,0.6337265372276306,0.9695817,3.4618213,0.00019951137,-8.51944
2575,1,0,0.49740368,-0.010385373,0.878430187702179,0.9945083,5.199007,0.000299063,-8.114557
2576,1,0,0.19770859,-1.4006777,0.7318490743637085,0.39518002,-0.42558956,0.00023716017,-8.346538
2577,0,0,0.4999241,-0.00030367216,0.6617051362991333,5.9136994e-05,-9.735595,0.99978906,8.463473
2578,0,1,0.52887905,0.11564495,1.0,0.88199604,2.0114698,0.17576209,-1.5453279
2579,1,0,0.3201018,-0.753304,1.0,0.0027275183,-5.901632,0.6374761,0.5644263
2580,0,1,0.6277077,0.52239543,1.0,0.9999715,10.465819,0.2554439,-1.0697854
2581,1,0,0.49924576,-0.0030169652,0.833533525466919,0.99827754,6.36228,0.00021396384,-8.44949
2582,1,1,0.50011533,0.00046135273,0.7530548572540283,0.9999738,10.548818,0.0002568881,-8.266613
2583,0,0,0.49977374,-0.0009050291,0.8479899764060974,7.868404e-06,-11.752647,0.9995396,7.682929
2584,1,0,0.36058414,-0.5728297,0.6302285194396973,0.72093403,0.94909954,0.0002342305,-8.358971
2585,1,1,0.50009805,0.00039224082,0.6863917112350464,0.9999683,10.360079,0.00022781988,-8.386727
2586,0,0,0.4999436,-0.00022556941,0.5601169466972351,1.8700957e-05,-10.886917,0.9998685,8.936832
2587,0,0,0.49994725,-0.0002110227,0.7584356665611267,6.651574e-06,-11.9206505,0.9998878,9.0949955
2588,0,1,0.8864796,2.0552757,1.0,0.99949634,7.593236,0.77346283,1.2279686
2589,0,1,0.5435858,0.17478678,0.6541150808334351,0.08730136,-2.3470397,0.9998702,8.949408
2590,0,0,0.4999733,-0.00010681723,0.6686460375785828,7.210058e-05,-9.537376,0.9998745,8.983447
2591,1,1,0.5000907,0.00036292642,0.6105813384056091,0.99997616,10.645882,0.00020526566,-8.491
2592,0,1,0.96418524,3.2929232,1.0,0.99997914,10.775696,0.92839134,2.5622377
2593,0,1,0.9618397,3.2270515,0.8357738852500916,0.92386967,2.4961238,0.9998097,8.566747
2594,0,0,0.49978113,-0.0008754985,0.6897973418235779,5.519413e-05,-9.804599,0.99950707,7.614608
2595,0,1,0.9960407,5.5277214,0.6436765193939209,0.99233043,4.862807,0.99975103,8.297714
2596,1,1,0.5000049,1.9550132e-05,0.6937455534934998,0.99985254,8.821574,0.00015720255,-8.757818
2597,1,0,0.46508768,-0.13987693,0.6558634042739868,0.92999625,2.5866315,0.00017913025,-8.627218
2598,1,0,0.49265185,-0.029394789,1.0,0.000118684045,-9.038927,0.985185,4.197192
2599,0,1,0.5448522,0.17989235,1.0,0.9999099,9.313771,0.089794524,-2.3161464
2600,1,1,0.50004303,0.0001721234,0.55942302942276,0.99983037,8.682039,0.00025576318,-8.271003
2601,1,1,0.50010645,0.0004258441,0.6227117776870728,0.99998486,11.097084,0.00022799284,-8.385968
2602,1,0,0.49998757,-4.9651902e-05,0.6536464691162109,0.9997553,8.315389,0.00021979593,-8.422591
2603,0,1,0.50464594,0.018584296,0.708901584148407,0.009447394,-4.652524,0.99984455,8.769242
2604,0,1,0.92635393,2.5319855,1.0,0.99981695,8.605673,0.85289097,1.7574577
2605,1,1,0.5001447,0.00057883194,0.7501614689826965,0.9999932,11.903709,0.0002962315,-8.124073
2606,0,0,0.49980134,-0.00079466676,0.7433966994285583,7.2026455e-06,-11.841055,0.99959546,7.812217
2607,1,1,0.5001292,0.0005168771,0.6362377405166626,0.9999857,11.15695,0.0002727211,-8.206788
2608,0,0,0.49995357,-0.00018574532,0.5699747800827026,1.838559e-05,-10.903925,0.9998888,9.10392
2609,1,0,0.06339414,-2.6928911,0.5410188436508179,0.12659647,-1.931393,0.00019180897,-8.558819
2610,0,0,0.49990928,-0.0003628793,0.5812135338783264,2.078511e-05,-10.781253,0.99979776,8.505928
2611,1,1,0.5000652,0.0002607959,0.6312987804412842,0.99993694,9.671112,0.00019348474,-8.550118
2612,1,0,0.48183674,-0.07268503,0.6222818493843079,0.9634417,3.2716048,0.00023177103,-8.369529
2613,1,1,0.50011593,0.0004637358,0.8244813680648804,0.99999356,11.944586,0.0002383187,-8.341663
2614,1,0,0.4998042,-0.00078321365,0.5854759812355042,0.99941003,7.434758,0.00019835624,-8.525248
2615,1,0,0.3093746,-0.8030448,0.7675806879997253,0.618487,0.4831313,0.00026218357,-8.246203
2616,0,1,0.75157964,1.1070548,1.0,0.9999809,10.867838,0.50317836,0.012713544
2617,0,1,0.76471543,1.1787081,1.0,0.999974,10.556578,0.5294569,0.11796425
2618,1,0,0.49943763,-0.0022495042,0.687677800655365,0.9987066,6.6491575,0.00016868202,-8.687326
2619,1,1,0.50007915,0.00031656976,0.5292341113090515,0.99996674,10.30994,0.00019156186,-8.560108
2620,1,0,0.4941212,-0.02351629,0.6646741628646851,0.98803663,4.413874,0.00020574122,-8.488686
2621,1,0,0.4337993,-0.26636672,1.0,0.001115623,-6.797226,0.866483,1.8702137
2622,1,1,0.50010276,0.00041106835,0.7053363919258118,0.9999918,11.710451,0.00021372222,-8.45062
2623,1,0,0.4816777,-0.07332198,0.7680900692939758,0.9631579,3.2635736,0.000197513,-8.529509
2624,1,1,0.5000796,0.00031823816,0.5598174929618835,0.9999832,10.995834,0.00017593973,-8.645193
2625,0,0,0.49992257,-0.0003096941,0.7340291142463684,6.884426e-06,-11.886242,0.99983823,8.729055
2626,1,1,0.50003386,0.00013541259,0.5695035457611084,0.99995625,10.03731,0.00011143993,-9.101913
2627,0,1,0.97480404,3.6555529,1.0,0.9999807,10.85592,0.94962746,2.9366229
2628,0,0,0.49968398,-0.001264119,0.8718410730361938,4.586088e-06,-12.292479,0.99936336,7.3587365
2629,0,0,0.49994156,-0.00023373713,0.7636630535125732,8.527247e-06,-11.6722355,0.9998746,8.984267
2630,0,0,0.49985242,-0.0005903198,0.6244966983795166,2.7868608e-05,-10.487982,0.99967694,8.037272
2631,1,1,0.5001684,0.000673544,0.6890738606452942,0.9999938,11.999235,0.0003429581,-7.977559
2632,1,0,0.49058175,-0.03767748,0.6921919584274292,0.98085505,3.9363875,0.00030843625,-8.083687
2633,0,0,0.4999414,-0.00023439294,0.7594051957130432,1.1339522e-05,-11.387205,0.9998715,8.9594
2634,1,1,0.5001025,0.00041011506,0.5816761255264282,0.9999752,10.605753,0.00022986718,-8.377779
2635,1,1,0.5002119,0.00084757636,0.7386419177055359,0.99996567,10.27983,0.0004580919,-7.6879826
2636,1,0,0.49993432,-0.0002627122,0.6711140871047974,0.9996105,7.8502755,0.0002581432,-8.261738
2637,1,0,0.48980674,-0.04077862,1.0,0.005725907,-5.157012,0.97388756,3.6188855
2638,1,1,0.5001197,0.0004787491,0.7275193333625793,0.9999739,10.552032,0.00026550455,-8.233613
2639,0,1,0.92911255,2.5731366,1.0,0.9999821,10.934676,0.8582429,1.8007727
2640,0,0,0.49963975,-0.0014410263,0.8679279685020447,9.090699e-06,-11.60825,0.9992704,7.2221775
2641,0,0,0.49994177,-0.00023296209,0.6918959021568298,5.1506075e-05,-9.873759,0.99983203,8.69172
2642,0,1,0.8357138,1.6266762,1.0,0.9999571,10.057264,0.6714705,0.71484345
2643,0,0,0.49989495,-0.0004201818,0.750789225101471,9.388447e-06,-11.576021,0.9997805,8.42354
2644,1,1,0.50013494,0.0005397532,0.6404404044151306,0.99999154,11.679054,0.00027832747,-8.186434
2645,1,1,0.5000174,6.96158e-05,0.7604065537452698,0.9997824,8.432499,0.0002524564,-8.284019
2646,0,0,0.49994773,-0.00020911495,0.6450821161270142,3.587724e-05,-10.235372,0.9998596,8.870981
2647,0,0,0.49988264,-0.00046943713,0.7595940232276917,2.0453685e-05,-10.797327,0.99974483,8.27355
2648,0,0,0.49982446,-0.00070215075,0.33756351470947266,6.810344e-05,-9.594415,0.9995808,7.776598
2649,1,1,0.50008875,0.00035506143,0.6501674056053162,0.9999496,9.895778,0.00022788269,-8.386452
2650,1,1,0.50008553,0.00034207213,0.682919979095459,0.99995875,10.095746,0.00021233533,-8.457131
2651,1,1,0.5000349,0.00013970352,0.7883217334747314,0.99984705,8.785753,0.00022284704,-8.408802
2652,1,0,0.45457852,-0.1821882,0.8305416107177734,0.90888464,2.3000917,0.00027238202,-8.208033
2653,1,0,0.49951133,-0.0019546167,0.8203585147857666,0.9987393,6.6748247,0.00028337957,-8.16844
2654,0,1,0.51501346,0.0600719,1.0,0.9912901,4.734548,0.03873688,-3.211456
2655,0,0,0.4999154,-0.00033849245,0.7294061183929443,9.3094866e-05,-9.281798,0.9997377,8.245922
2656,0,1,0.51915497,0.076657385,0.5035833120346069,0.03842822,-3.219777,0.99988174,9.043049
2657,0,1,0.50014454,0.00057811715,0.6068734526634216,0.00055489363,-7.496179,0.9997342,8.232796
2658,1,1,0.5000646,0.00025841236,0.6573407053947449,0.99995303,9.9668045,0.00017618164,-8.643819
2659,0,0,0.49982315,-0.0007073997,0.7137523293495178,7.2474945e-06,-11.834847,0.99963903,7.9262686
2660,1,0,0.19162995,-1.4394538,1.0,0.093779266,-2.2683392,0.28948063,-0.89790773
2661,0,0,0.4999281,-0.00028757416,0.6900192499160767,1.1359686e-05,-11.385428,0.9998448,8.770566
2662,1,1,0.5000795,0.00031799983,0.6146264672279358,0.99998224,10.941003,0.0001768429,-8.640072
2663,1,1,0.5001484,0.0005936053,0.6933233141899109,0.9999832,10.996382,0.00031365562,-8.066901
2664,0,0,0.49994794,-0.00020833993,0.6802231669425964,2.137571e-05,-10.753234,0.9998745,8.983323
2665,0,1,0.5115566,0.046234757,1.0,0.9999684,10.363371,0.023144891,-3.7425642
2666,0,1,0.79277277,1.3417207,0.8648287653923035,0.5858005,0.34663165,0.9997451,8.274375
2667,0,0,0.4999002,-0.00039919236,0.8354403972625732,2.9454224e-05,-10.432644,0.99977094,8.38121
2668,1,1,0.50009024,0.00036101977,0.618094265460968,0.99999225,11.760594,0.00018828582,-8.577361
2669,1,0,0.4463834,-0.21529424,0.6530801057815552,0.8926018,2.117597,0.00016499369,-8.709438
2670,0,1,0.53741145,0.14992602,1.0,0.99905545,6.9638443,0.075767405,-2.5012956
2671,1,0,0.4454041,-0.21925773,1.0,0.005062594,-5.280801,0.88574564,2.0480022
2672,0,0,0.49992028,-0.0003189357,0.6699842214584351,1.0537829e-05,-11.460528,0.99983,8.680015
2673,1,1,0.5001163,0.00046516565,0.7985975742340088,0.9999652,10.265514,0.00026736732,-8.22662
2674,0,1,0.9686056,3.4292274,1.0,0.9884797,4.452054,0.9487315,2.9180484
2675,1,1,0.50012285,0.0004913792,0.8504036664962769,0.99997306,10.521894,0.00027267585,-8.206954
2676,1,0,0.24972731,-1.1000671,1.0,7.600589e-06,-11.787277,0.49944702,-0.0022118501
2677,0,1,0.5000975,0.0003900959,0.7639951705932617,0.00036148127,-7.9249387,0.9998336,8.701252
2678,0,0,0.49995992,-0.00016028974,0.6725641489028931,2.318865e-05,-10.671824,0.99989665,9.17712
2679,0,1,0.5272613,0.10915352,1.0,0.3843537,-0.47110936,0.67016894,0.70894915
2680,0,0,0.49996376,-0.000144969,0.7347031831741333,9.835643e-05,-9.226814,0.9998292,8.675005
2681,0,1,0.5046318,0.018527776,1.0,0.99824023,6.3407965,0.011023454,-4.4966455
2682,1,1,0.50009805,0.00039224082,0.5969038605690002,0.9999852,11.123066,0.00021089452,-8.463942
2683,1,1,0.5001287,0.00051473244,0.6099693775177002,0.99998987,11.498892,0.0002674517,-8.226304
2684,1,1,0.5000156,6.246372e-05,0.6063703298568726,0.9997658,8.3591175,0.00026545927,-8.233784
2685,1,1,0.5000908,0.00036316476,0.649455726146698,0.9999777,10.7090845,0.0002038588,-8.497879
2686,1,0,0.49686876,-0.012525173,0.5254839658737183,0.9936092,5.046486,0.00012833255,-8.960757
2687,1,1,0.5001044,0.0004177413,0.7378501892089844,0.9999759,10.633765,0.00023297674,-8.364339
2688,0,0,0.49984235,-0.00063063717,0.6039856672286987,2.3511282e-05,-10.658007,0.9996612,7.989627
2689,1,0,0.48167512,-0.07333231,1.0,0.00083847024,-7.0830927,0.9625118,3.2455196
2690,0,0,0.49995318,-0.00018735495,0.7634102702140808,3.949144e-05,-10.139387,0.99986684,8.923616
2691,1,0,0.3184097,-0.7610898,0.6855075359344482,0.6365901,0.56059474,0.00022932865,-8.380125
2692,1,1,0.500079,0.00031585473,0.5701635479927063,0.99996734,10.330866,0.00019061695,-8.565054
2693,0,1,0.5005124,0.002049728,0.79709792137146,0.0014203226,-6.55545,0.9996045,7.834867
2694,0,1,0.7956728,1.3594652,1.0,0.99884003,6.7581825,0.5925055,0.37433285
2695,0,0,0.4997218,-0.0011129014,0.6326928734779358,2.7264672e-05,-10.5098915,0.99941635,7.4455857
2696,0,0,0.49990585,-0.00037665307,0.7658135890960693,3.776199e-05,-10.18417,0.9997739,8.394144
2697,0,0,0.499747,-0.0010118834,0.7467745542526245,1.3450893e-05,-11.216452,0.99948055,7.562233
2698,1,1,0.50009316,0.00037269798,0.7405412197113037,0.9999645,10.24622,0.00022184958,-8.413289
2699,1,1,0.50005424,0.00021693738,0.5506805777549744,0.9999453,9.814167,0.00016314191,-8.720727
2700,0,1,0.50608987,0.024360726,1.0,0.99989414,9.153563,0.012285542,-4.3869705
2701,1,1,0.50002754,0.000110143315,0.560953676700592,0.9999305,9.574957,0.0001245228,-8.990897
2702,1,0,0.48875907,-0.044971336,1.0,0.0002434925,-8.320181,0.97727466,3.7612867
2703,1,1,0.5000959,0.0003836611,0.6001229882240295,0.99995863,10.091934,0.00023318788,-8.363433
2704,0,0,0.499941,-0.00023606226,0.5621187686920166,9.893746e-06,-11.523598,0.9998721,8.964143
2705,1,1,0.5001608,0.0006432848,0.8280082941055298,0.99998593,11.169888,0.0003357359,-7.99885
2706,1,0,0.4917088,-0.033167973,1.0,9.439054e-06,-11.570645,0.98340815,4.0821114
2707,0,0,0.49996725,-0.0001310792,0.7976201772689819,0.00023105042,-8.372643,0.99970347,8.123215
2708,1,0,0.01722587,-4.043967,0.7804645299911499,0.03422508,-3.339972,0.0002266616,-8.391826
2709,0,1,0.9112365,2.3288271,1.0,0.9996847,8.061518,0.82278836,1.5353541
2710,1,0,0.26789755,-1.0053159,1.0,4.6197696e-05,-9.982534,0.5357489,0.14323993
2711,0,0,0.4998593,-0.0005627069,0.5971695780754089,1.8752857e-05,-10.884146,0.99969983,8.110636
2712,0,0,0.49994883,-0.00020464369,0.624714195728302,8.423708e-06,-11.684452,0.99988925,9.108037
2713,1,1,0.50005466,0.00021860594,0.481687992811203,0.99996614,10.294431,0.00014318939,-8.851199
2714,1,1,0.5000805,0.00032205164,0.5592196583747864,0.9999908,11.592906,0.00017024648,-8.678093
2715,1,1,0.5001502,0.0006008727,0.7005618810653687,0.99994373,9.785467,0.00035671497,-7.9382167
2716,1,0,0.15901457,-1.6655786,1.0,0.00453081,-5.3923135,0.31349832,-0.7838148
2717,1,1,0.50010175,0.0004070169,0.7774430513381958,0.99998,10.819676,0.00022354761,-8.405663
2718,0,1,0.5036299,0.01451998,1.0,0.99993646,9.664174,0.007323336,-4.909339
2719,0,1,0.51407766,0.056325544,1.0,0.9998573,8.855091,0.028297996,-3.5362582
2720,0,1,0.51004493,0.04018512,1.0,0.9999908,11.601584,0.020098986,-3.8867822
2721,0,1,0.50578755,0.023151217,1.0,0.99959916,7.8214064,0.011975899,-4.412811
2722,1,1,0.5000961,0.00038437606,0.7863925695419312,0.9999633,10.211515,0.00022890966,-8.381954
2723,1,1,0.50003886,0.00015543684,0.7099220752716064,0.9998876,9.093159,0.00019019432,-8.567274
2724,0,1,0.554303,0.21807204,0.6048091053962708,0.10897935,-2.1012092,0.99962664,7.8925195
2725,0,1,0.8223461,1.5323241,1.0,0.9999316,9.589203,0.64476067,0.5960873
2726,1,1,0.5000735,0.00029392692,0.5230885148048401,0.9999616,10.169348,0.00018536708,-8.592987
2727,0,1,0.63866395,0.56957,1.0,0.99999094,11.60874,0.27733693,-0.95771
2728,1,1,0.50010484,0.00041940954,0.6412487030029297,0.99996436,10.240856,0.00024529768,-8.312793
2729,0,1,0.9808181,3.9344194,1.0,0.9999919,11.717041,0.9616443,3.2217407
2730,1,1,0.50008655,0.00034624303,0.5365486145019531,0.9999889,11.412458,0.00018412626,-8.599705
2731,1,1,0.5000299,0.00011967897,0.48583167791366577,0.99992216,9.461302,0.00013773236,-8.89006
2732,1,1,0.5491542,0.19725396,1.0,0.6713333,0.7142218,0.42697513,-0.29420337
2733,0,0,0.49993998,-0.00024011634,0.6660472750663757,2.6369156e-05,-10.543289,0.9998536,8.829631
2734,1,0,0.499821,-0.0007159888,0.6204392313957214,0.99946755,7.5375733,0.00017443935,-8.653759
2735,0,0,0.49994537,-0.00021847489,0.6037790775299072,1.36465105e-05,-11.202013,0.9998771,9.004304
2736,0,1,0.5461091,0.18496187,1.0,0.99998,10.817977,0.09223821,-2.2866075
2737,1,1,0.5001161,0.0004644507,0.5796394348144531,0.9999658,10.282425,0.00026641565,-8.230186
2738,0,1,0.527468,0.10998279,1.0,0.99995065,9.91539,0.05498539,-2.844133
2739,1,0,0.38890666,-0.4519104,1.0,0.009107636,-4.6894927,0.76870567,1.201017
2740,1,0,0.37203684,-0.52348864,1.0,2.2907858e-05,-10.684008,0.7440508,1.0671303
2741,0,1,0.93308604,2.6350899,1.0,0.93609756,2.684362,0.9300745,2.587834
2742,1,0,0.49432483,-0.022701722,1.0,0.00049479824,-7.6108656,0.9881549,4.4239283
2743,1,0,0.49232838,-0.030688835,1.0,3.223113e-05,-10.3425455,0.9846245,4.1594877
2744,0,1,0.50011635,0.00046540395,0.7509473562240601,0.00038284645,-7.8674936,0.9998498,8.803457
2745,1,1,0.500126,0.0005040091,0.8313708305358887,0.9999856,11.145638,0.00026638721,-8.230293
2746,0,1,0.92224765,2.473285,1.0,0.9906172,4.659457,0.85387814,1.7653472
2747,1,1,0.5000631,0.0002524534,0.7070638537406921,0.9999012,9.222218,0.00022509739,-8.398752
2748,1,1,0.5001092,0.00043680664,0.5746740698814392,0.99997246,10.50098,0.00024591753,-8.310268
2749,0,1,0.8850229,2.0408804,0.7928555011749268,0.7703929,1.2105309,0.99965286,7.9653654
2750,0,1,0.81035924,1.4523461,1.0,0.999087,6.9978647,0.62163144,0.49647847
2751,1,0,0.42670217,-0.2953191,0.7286859750747681,0.85306156,1.7588177,0.00034276678,-7.9781175
2752,1,1,0.5000671,0.0002684233,0.6019753813743591,0.9999846,11.081625,0.00014963523,-8.80716
2753,1,1,0.5001428,0.00057120697,0.6499811410903931,0.9999578,10.0725,0.00032778733,-8.022818
2754,1,0,0.21662442,-1.2854472,0.6816660165786743,0.43302605,-0.2695154,0.00022280328,-8.4089985
2755,1,1,0.50017226,0.0006890307,0.7907794713973999,0.9999813,10.887672,0.0003632488,-7.920059
2756,1,0,0.47699985,-0.09206555,1.0,3.5447643e-05,-10.247418,0.95396423,3.0312066
2757,1,1,0.5001677,0.00067092315,0.6156678199768066,0.99998176,10.913421,0.0003536607,-7.946819
2758,1,0,0.18304205,-1.4958718,1.0,5.1939805e-06,-12.168005,0.3660789,-0.5490756
2759,0,1,0.8289985,1.578546,1.0,0.9997136,8.157817,0.6582834,0.65565383
2760,1,1,0.50011927,0.00047708096,0.677786648273468,0.9999826,10.956566,0.00025589246,-8.270497
2761,0,1,0.51206225,0.048258416,1.0,0.9968726,5.7644243,0.027251933,-3.5750008
2762,0,1,0.57900625,0.31869534,1.0,0.9997017,8.117062,0.15831085,-1.6708503
2763,1,1,0.50012076,0.00048303857,0.6146358251571655,0.9999864,11.209805,0.00025512095,-8.273518
2764,0,1,0.50923496,0.036944054,0.6563778519630432,0.018779572,-3.9560275,0.9996904,8.079715
2765,1,1,0.50008607,0.00034421717,0.6528132557868958,0.99998724,11.274166,0.00018484589,-8.595803
2766,0,1,0.52159965,0.08645242,1.0,0.9978878,6.157879,0.04531151,-3.047824
2767,1,0,0.49188888,-0.032447338,1.0,6.843801e-05,-9.589514,0.98370934,4.100738
2768,0,0,0.49993947,-0.000242203,0.6655755639076233,1.0214183e-05,-11.491723,0.99986875,8.938116
2769,1,1,0.50010794,0.000431802,0.6688502430915833,0.9999825,10.953079,0.00023336646,-8.362667
2770,1,0,0.28777668,-0.9062067,1.0,0.5211105,0.08449215,0.054442894,-2.854622
2771,0,1,0.5045957,0.018383361,1.0,0.9920804,4.830459,0.017111009,-4.050774
2772,0,0,0.4999621,-0.00015164571,0.6863406300544739,4.4566008e-05,-10.018495,0.9998796,9.02478
2773,1,1,0.50011855,0.0004742213,0.6928653717041016,0.99998677,11.236933,0.00025032394,-8.292504
2774,1,0,0.21072768,-1.3205447,0.7798583507537842,0.42122948,-0.3177284,0.00022587826,-8.395288
2775,0,1,0.90947443,2.3072345,0.5510004162788391,0.81911457,1.51036,0.9998343,8.705373
2776,1,1,0.50010836,0.0004334702,0.6878452897071838,0.9999682,10.354178,0.0002485894,-8.299459
2777,0,0,0.49983314,-0.0006674967,0.7853703498840332,1.3538934e-05,-11.209928,0.99965274,7.9652023
2778,1,1,0.5001512,0.00060492335,0.8466387391090393,0.999987,11.252469,0.0003154619,-8.061157
2779,1,1,0.5000789,0.00031561637,0.690468430519104,0.99998856,11.379148,0.00016923137,-8.684074
2780,1,0,0.3769667,-0.5024431,1.0,0.00020917585,-8.472126,0.7537243,1.1185749
2781,1,0,0.49979886,-0.0008045094,0.548311173915863,0.99944705,7.499735,0.00015065316,-8.80038
2782,1,0,0.4999848,-6.0798586e-05,0.6736383438110352,0.9996921,8.08511,0.0002775161,-8.189354
2783,1,1,0.5000335,0.00013398226,0.6815379858016968,0.9999076,9.288879,0.0001593682,-8.744134
2784,1,1,0.50008065,0.00032252833,0.7654370069503784,0.99997926,10.783247,0.00018198583,-8.6114
2785,1,0,0.49422094,-0.023117218,1.0,6.4715546e-06,-11.948088,0.9884354,4.4481726
2786,0,1,0.9556834,3.0710676,0.7266674041748047,0.9117397,2.3350646,0.9996271,7.893881
2787,1,1,0.50013053,0.0005221196,0.7085596323013306,0.9999924,11.786989,0.00026869203,-8.221676
2788,0,1,0.9716246,3.5334475,1.0,0.99991083,9.325325,0.94333833,2.8123279
2789,0,1,0.87468815,1.943062,1.0,0.9999727,10.507303,0.74940354,1.0954337
2790,0,1,0.5363535,0.1456712,1.0,0.9999275,9.531796,0.072779566,-2.5447562
2791,0,1,0.9157344,2.3857527,0.5477110147476196,0.83173376,1.597965,0.99973506,8.2357025
2792,0,0,0.49991402,-0.0003438587,0.5848265290260315,7.730307e-06,-11.770354,0.9998203,8.624092
2793,1,0,0.49333423,-0.026664654,1.0,0.0004853182,-7.6302204,0.98618317,4.2679567
2794,1,0,0.49525523,-0.018979656,0.6841632723808289,0.99028826,4.6246576,0.00022220101,-8.411706
2795,1,0,0.46782202,-0.12889008,1.0,0.0014668425,-6.5231752,0.93417716,2.6526992
2796,1,0,0.24437504,-1.1288412,0.7992588877677917,0.4885729,-0.045716375,0.000177183,-8.63815
2797,0,1,0.81950116,1.5129714,1.0,0.7062369,0.87717724,0.9327655,2.6299677
2798,0,1,0.5114377,0.045758862,1.0,0.9999566,10.045101,0.02291885,-3.75261
2799,0,1,0.72981846,0.99370176,1.0,0.6019653,0.4136608,0.8576717,1.7960846
2800,1,1,0.5001437,0.0005747812,0.8618664741516113,0.999987,11.254383,0.0003003545,-8.110247
2801,1,1,0.50013036,0.00052140467,0.6135222911834717,0.99999285,11.840485,0.00026786077,-8.224775
2802,1,1,0.50011426,0.00045706314,0.6318777799606323,0.99996877,10.374503,0.00025973856,-8.255575
2803,0,1,0.9364339,2.6899989,1.0,0.99996305,10.207364,0.8729047,1.926889
2804,0,1,0.9747321,3.652628,1.0,0.9980782,6.2525754,0.951386,2.9740076
2805,1,0,0.49946833,-0.0021266886,0.813912570476532,0.9986492,6.605645,0.00028747227,-8.154097
2806,1,1,0.500237,0.0009479796,0.8368046283721924,0.9999856,11.14357,0.00048845785,-7.623769
2807,1,0,0.4976749,-0.009300372,0.8254141807556152,0.9951101,5.315672,0.00023974378,-8.3357
2808,0,1,0.50515234,0.020610102,0.5067213773727417,0.010571726,-4.5389442,0.9997329,8.227609
2809,1,1,0.5001021,0.00040844682,0.6052303314208984,0.99995625,10.036196,0.00024795454,-8.302017
2810,1,1,0.50009537,0.00038151615,0.6620885133743286,0.9999794,10.791384,0.00021133211,-8.461868
2811,1,1,0.50013787,0.00055142934,0.7194839715957642,0.999961,10.153387,0.00031467908,-8.0636425
2812,0,0,0.49993005,-0.00027982335,0.5896457433700562,3.660287e-05,-10.215347,0.9998235,8.641661
2813,0,0,0.49991614,-0.0003354516,0.7219434976577759,2.9988512e-05,-10.414666,0.9998023,8.528523
2814,0,0,0.49993426,-0.00026295066,0.7951450347900391,5.5776845e-06,-12.096731,0.9998629,8.89468
2815,0,0,0.49992743,-0.00029031676,0.6298311948776245,5.736527e-05,-9.766014,0.9997975,8.504666
2816,1,0,0.499962,-0.000152063,0.6993947625160217,0.99971443,8.160826,0.00020955974,-8.470292
2817,1,1,0.50004184,0.00016735584,0.6472591757774353,0.99992335,9.476482,0.0001603451,-8.738022
2818,1,1,0.5001122,0.00044872228,0.8046326041221619,0.9999809,10.864212,0.00024347764,-8.320242
2819,1,1,0.50013566,0.00054261263,0.6545524597167969,0.9999759,10.631938,0.0002954564,-8.126694
2820,1,0,0.49953303,-0.0018678455,0.807273805141449,0.9988643,6.7793107,0.00020173995,-8.508329
2821,0,1,0.98691213,4.322895,1.0,0.999984,11.042134,0.97384024,3.6170225
2822,0,1,0.8949165,2.141975,0.5781798958778381,0.78991556,1.3244169,0.9999174,9.400844
2823,1,1,0.50006837,0.0002734287,0.47652724385261536,0.999915,9.372452,0.00022172884,-8.413834
2824,1,1,0.5000995,0.00039796063,0.6442705988883972,0.99997485,10.591814,0.00022407193,-8.403319
2825,0,1,0.50256205,0.010248301,0.7655274868011475,0.005330865,-5.2288966,0.99979323,8.483374
2826,1,1,0.50007504,0.00030012394,0.6164957880973816,0.99998534,11.128509,0.00016469913,-8.7112255
2827,1,0,0.4983084,-0.006766391,0.6479701995849609,0.9964702,5.6429653,0.00014656175,-8.827917
2828,0,1,0.50013536,0.00054142124,0.6124206185340881,0.0004054041,-7.8102207,0.9998653,8.912591
2829,0,1,0.90342873,2.2359161,1.0,0.9999865,11.2182255,0.80687094,1.4298053
2830,0,1,0.5004154,0.0016615884,0.7318487763404846,0.0010423965,-6.86519,0.99978834,8.460187
2831,1,1,0.5000758,0.00030322245,0.5797141790390015,0.99997735,10.695309,0.00017426844,-8.654739
2832,1,1,0.5001381,0.0005523825,0.831183910369873,0.9999845,11.07196,0.00029169745,-8.139502
2833,1,1,0.5000939,0.00037555795,0.6481978297233582,0.99997926,10.782109,0.0002084595,-8.475557
2834,1,1,0.5001071,0.0004284656,0.7625199556350708,0.9999851,11.113328,0.0002290675,-8.381265
2835,0,0,0.49998432,-6.270605e-05,0.5423266291618347,5.315166e-05,-9.842308,0.9999155,9.379198
2836,1,0,0.33420107,-0.68924487,1.0,5.8841328e-05,-9.740607,0.6683433,0.7007016
2837,0,1,0.5232898,0.09322664,1.0,0.99998903,11.415325,0.046590623,-3.018645
2838,1,1,0.500094,0.0003760346,0.5233699679374695,0.9999509,9.920944,0.0002371568,-8.346552
2839,1,1,0.50013566,0.00054261263,0.7932025790214539,0.9999827,10.963966,0.0002886323,-8.150068
2840,1,0,0.47322628,-0.10719739,1.0,1.4062891e-05,-11.171957,0.9464385,2.8718746
2841,1,1,0.50011796,0.00047183826,0.6641077399253845,0.99997234,10.495722,0.0002635703,-8.240927
2842,0,1,0.69318086,0.8150324,0.6442976593971252,0.38659224,-0.46165937,0.9997695,8.375281
2843,1,0,0.49900582,-0.0039767916,0.7768242359161377,0.9976463,6.04938,0.00036537973,-7.914208
2844,0,1,0.51823825,0.072985396,1.0,0.9999777,10.713774,0.036498763,-3.2732954
2845,1,0,0.35974696,-0.5764626,0.6136242747306824,0.7193161,0.94107187,0.00017782685,-8.634522
2846,1,1,0.5001386,0.00055428874,0.748074471950531,0.9999783,10.736799,0.00029884695,-8.11528
2847,1,1,0.5001448,0.00057907024,0.8384787440299988,0.99998176,10.909253,0.00030777152,-8.085845
2848,1,0,0.4999967,-1.3291924e-05,0.6933544278144836,0.99970645,8.133397,0.00028694762,-8.155924
2849,0,1,0.88120365,2.003878,1.0,0.99998677,11.236794,0.76242054,1.1659961
2850,1,1,0.50013137,0.0005254557,0.7232213616371155,0.99998283,10.974331,0.000279961,-8.18058
2851,1,1,0.50008935,0.00035744478,0.5626334547996521,0.9999926,11.817672,0.00018606725,-8.589216
2852,0,0,0.4996234,-0.0015063897,0.7500607371330261,2.8101913e-05,-10.479645,0.9992187,7.153776
2853,1,0,0.47719878,-0.091268174,1.0,0.0007675945,-7.171481,0.95363,3.0236216
2854,1,1,0.5000293,0.000117295065,0.8551275134086609,0.99979347,8.484846,0.0002652159,-8.234701
2855,0,0,0.49986616,-0.0005354526,0.8112459182739258,9.219702e-05,-9.291491,0.9996401,7.929288
2856,0,0,0.49988225,-0.0004710472,0.6143670082092285,7.7342e-06,-11.769851,0.99975675,8.321055
2857,1,1,0.5001084,0.00043370854,0.8062261343002319,0.99996793,10.347663,0.00024896272,-8.297958
2858,1,0,0.49468356,-0.021266527,0.6404088139533997,0.9892313,4.5202804,0.0001358388,-8.903906
2859,1,1,0.50000376,1.5020258e-05,0.46133312582969666,0.99987435,8.982462,0.00013311299,-8.924179
2860,0,0,0.49995762,-0.00016952997,0.4747205972671509,1.33402755e-05,-11.2247095,0.9999019,9.229483
2861,1,1,0.5000898,0.00035935143,0.6949341893196106,0.99995446,9.996641,0.00022524125,-8.398113
2862,0,0,0.4998866,-0.00045351536,0.6463592052459717,2.1806945e-05,-10.73326,0.9997514,8.299175
2863,0,1,0.59900653,0.4013274,0.6344619393348694,0.19812697,-1.3980422,0.99988616,9.08119
2864,0,0,0.49991837,-0.00032656756,0.7903808355331421,2.7445401e-05,-10.503284,0.9998093,8.564524
2865,0,1,0.50007486,0.00029940892,0.7343365550041199,0.00033097714,-8.01313,0.99981874,8.615324
2866,0,1,0.9199243,2.4413192,1.0,0.999984,11.046225,0.8398646,1.6572211
2867,0,0,0.49992514,-0.00029943895,0.6679239869117737,5.1223874e-06,-12.181885,0.99984515,8.772998
2868,0,1,0.87318563,1.9294238,1.0,0.99986684,8.923841,0.74650437,1.080055
2869,0,0,0.4999322,-0.00027123792,0.6598814725875854,1.815527e-05,-10.916532,0.9998462,8.779635
2870,0,1,0.5289702,0.1160107,1.0,0.99811554,6.2721987,0.059824865,-2.7546449
2871,0,0,0.49995258,-0.00018973959,0.6719266176223755,1.5299674e-05,-11.087664,0.99988985,9.113862
2872,0,0,0.499943,-0.00022801376,0.7313553690910339,6.653868e-05,-9.6176605,0.99981946,8.618909
2873,1,0,0.118711874,-2.0046854,1.0,5.7414854e-05,-9.76515,0.23736633,-1.167173
2874,0,1,0.98314655,4.0662026,1.0,0.9857982,4.240076,0.980495,3.9173863
2875,1,0,0.49983865,-0.00064542855,0.8381131291389465,0.9993781,7.3821297,0.00029920443,-8.114084
2876,1,1,0.5000959,0.0003836611,0.8554486036300659,0.99998164,10.905378,0.00021012076,-8.467618
2877,0,1,0.6763853,0.7372092,1.0,0.99993896,9.704716,0.35283163,-0.60661554
2878,1,1,0.5001056,0.00042250767,0.7914331555366516,0.99998486,11.0978985,0.00022640351,-8.392965
2879,0,1,0.9924749,4.8819594,1.0,0.99998367,11.020084,0.98496616,4.1822996
2880,1,1,0.50014347,0.00057382806,0.6778669357299805,0.9999713,10.4594345,0.00031570197,-8.060396
2881,0,1,0.917398,2.4075072,1.0,0.99971837,8.174522,0.8350776,1.6220493
2882,0,0,0.49975464,-0.000981395,0.7151153087615967,7.5469375e-06,-11.794361,0.9995017,7.6039057
2883,0,1,0.50041145,0.0016457598,0.6586549282073975,0.0009786241,-6.928384,0.9998443,8.7679405
2884,0,0,0.49993116,-0.00027535175,0.8783419728279114,2.1228449e-05,-10.760147,0.9998411,8.747414
2885,1,0,0.064899914,-2.6678073,0.6930452585220337,0.12952675,-1.9051496,0.0002730846,-8.205456
2886,0,1,0.5201179,0.080515034,1.0,0.99995077,9.919054,0.04028503,-3.1706564
2887,1,0,0.4054687,-0.38272968,1.0,1.18625585e-05,-11.342112,0.81092554,1.4560351
2888,1,1,0.50011784,0.00047136162,0.7670870423316956,0.9999802,10.830537,0.00025551775,-8.271963
2889,0,0,0.4998678,-0.000528833,0.7618077993392944,1.457672e-05,-11.13607,0.999721,8.18413
2890,1,1,0.5000792,0.00031680812,0.7220485210418701,0.99996686,10.315959,0.0001915206,-8.560324
2891,1,1,0.50007117,0.00028463127,0.6625052094459534,0.99992585,9.510181,0.00021649532,-8.437725
2892,1,1,0.50011885,0.00047541282,0.7691038250923157,0.99998534,11.1271925,0.00025242416,-8.284147
2893,0,0,0.4999208,-0.0003168489,0.7292395830154419,1.3588838e-05,-11.206248,0.999828,8.668058
2894,0,0,0.4997829,-0.0008683994,0.6222004890441895,8.850237e-06,-11.635057,0.99955696,7.721568
2895,0,1,0.7924125,1.3395293,1.0,0.99997425,10.565508,0.5848508,0.34271884
2896,0,1,0.6729106,0.72137886,1.0,0.99998283,10.970396,0.3458383,-0.6373832
2897,1,0,0.4606143,-0.15786983,1.0,3.7129514e-05,-10.201061,0.92119145,2.4586468
2898,0,1,0.5000979,0.00039152586,0.6058132648468018,0.0004703514,-7.66156,0.9997254,8.199846
2899,1,0,0.4999882,-4.7207992e-05,0.7498357892036438,0.999775,8.398905,0.00020139513,-8.51004
2900,1,0,0.49989393,-0.00042429625,0.6888517141342163,0.9995121,7.6248093,0.00027581953,-8.195488
2901,1,1,0.50001717,6.866219e-05,0.8088893890380859,0.9997248,8.1978855,0.00030955748,-8.080057
2902,0,0,0.49994656,-0.00021370548,0.6033621430397034,1.6283515e-05,-11.025341,0.99987686,9.002136
2903,1,1,0.50010526,0.00042107774,0.7485033869743347,0.99997306,10.522936,0.00023744005,-8.345358
2904,0,1,0.86243534,1.8356662,0.8005931377410889,0.7252606,0.9707082,0.99961,7.848823
2905,0,1,0.5049844,0.01993817,1.0,0.9999616,10.1676445,0.010007167,-4.594396
2906,1,0,0.46094832,-0.15652545,1.0,1.2953689e-05,-11.254117,0.9218837,2.4682207
2907,0,0,0.49998617,-5.5314642e-05,0.7214584946632385,0.00010382886,-9.172663,0.9998685,8.936382
2908,1,1,0.50010574,0.0004229843,0.5981727242469788,0.99995923,10.107826,0.00025219153,-8.285069
2909,0,0,0.49992254,-0.00030987294,0.8037588000297546,2.0620395e-05,-10.789209,0.99982446,8.647047
2910,1,1,0.5512812,0.20584865,1.0,0.27363485,-0.9762583,0.8289276,1.5780458
2911,1,0,0.49118137,-0.03527816,0.5910879969596863,0.98203766,4.0013547,0.00032510745,-8.03103
2912,1,0,0.33274812,-0.6957818,1.0,8.360434e-06,-11.691992,0.6654879,0.68784755
2913,1,1,0.500105,0.00042012447,0.5139622092247009,0.99995255,9.955267,0.00025750263,-8.264223
2914,1,1,0.5000951,0.00038056285,0.6743274331092834,0.9999398,9.717279,0.00025047007,-8.291921
2915,0,1,0.54696923,0.18843253,1.0,0.99999225,11.761879,0.093946174,-2.2663767
2916,0,1,0.88793457,2.0698152,1.0,0.999501,7.602383,0.77636814,1.2446258
2917,0,1,0.99248314,4.8830614,1.0,0.999913,9.349151,0.98505324,4.1882033
2918,1,1,0.5000907,0.00036292642,0.6007940173149109,0.9999528,9.962078,0.00022870152,-8.382864
2919,0,1,0.9827759,4.044073,1.0,0.9999896,11.479382,0.9655623,3.3335576
2920,0,1,0.50016904,0.00067616487,0.5007604956626892,0.00046973868,-7.662864,0.9998684,8.935509
2921,0,1,0.5808203,0.32614183,1.0,0.99989104,9.124668,0.16174957,-1.6452676
2922,0,1,0.9722935,3.5579906,1.0,0.9999746,10.583436,0.94461244,2.8364196
2923,0,1,0.5049026,0.019611036,1.0,0.9977775,6.106907,0.012027693,-4.408443
2924,1,1,0.50004894,0.0001957225,0.6896801590919495,0.99979156,8.475749,0.000306359,-8.090446
2925,0,0,0.49995688,-0.00017257033,0.5883294939994812,1.5331048e-05,-11.085615,0.99989843,9.194388
2926,1,0,0.49048668,-0.038057886,1.0,0.00036500354,-7.9152384,0.98060834,3.9233289
2927,1,1,0.7929569,1.3428419,1.0,0.6439248,0.5924399,0.941989,2.7873604
2928,1,1,0.5001263,0.0005052005,0.6656206250190735,0.99997675,10.671612,0.00027590472,-8.195179
2929,0,0,0.49991733,-0.00033068162,0.7294722199440002,9.487218e-06,-11.565556,0.9998252,8.651424
2930,0,0,0.49988678,-0.00045291905,0.7244866490364075,9.290384e-05,-9.283853,0.99968064,8.048651
2931,0,1,0.52623343,0.105030164,1.0,0.94774175,2.897883,0.1047251,-2.145792
2932,1,0,0.09192845,-2.2903125,1.0,1.2215884e-05,-11.312761,0.18384469,-1.4905133
2933,0,1,0.5000405,0.00016187312,0.7345947623252869,0.00034832404,-7.962029,0.9997327,8.226606
2934,1,1,0.50005674,0.00022694873,0.6802995800971985,0.99994946,9.893308,0.00016406119,-8.715107
2935,1,1,0.50013554,0.0005421361,0.6658991575241089,0.99998593,11.169147,0.00028510092,-8.162382
2936,1,0,0.49987605,-0.00049585477,0.5621886253356934,0.9996147,7.861346,0.00013737363,-8.892669
2937,1,1,0.50010145,0.00040582527,0.8471873998641968,0.9999423,9.759529,0.00026054887,-8.25246
2938,0,1,0.5724425,0.29182342,1.0,0.9917271,4.7864656,0.1531578,-1.7100456
2939,1,0,0.49925086,-0.002996519,0.622435450553894,0.9983381,6.3981185,0.00016359209,-8.717971
2940,1,1,0.500142,0.000567871,0.7209866642951965,0.99999106,11.627142,0.00029290613,-8.1353655
2941,1,1,0.5000893,0.00035720645,0.77143794298172,0.99994576,9.822617,0.00023284506,-8.364904
2942,1,0,0.49983352,-0.0006658863,0.8206000328063965,0.99928457,7.241817,0.00038250064,-7.8683977
2943,1,1,0.50006104,0.00024411082,0.5797616243362427,0.99990785,9.2920265,0.00021422471,-8.448271
2944,1,1,0.50013834,0.0005533356,0.7627211213111877,0.99994993,9.901932,0.00032672813,-8.026055
2945,0,1,0.5038916,0.015566628,1.0,0.99997044,10.429478,0.007812769,-4.8441525
2946,0,1,0.5000176,7.033101e-05,0.6569310426712036,0.00019834112,-8.525324,0.9998368,8.720895
2947,0,1,0.53214234,0.12874687,1.0,0.9999267,9.52008,0.06435799,-2.6767719
2948,1,1,0.50008816,0.0003526781,0.5770302414894104,0.9999808,10.860633,0.00019544555,-8.540033
2949,0,0,0.49989942,-0.00040241232,0.6628158092498779,5.1514475e-05,-9.873596,0.99974734,8.283364
2950,0,0,0.4999372,-0.00025120552,0.5975273847579956,6.406776e-06,-11.958148,0.99986804,8.932577
2951,0,0,0.49989972,-0.0004011005,0.7343958020210266,7.0472543e-06,-11.862865,0.9997924,8.479525
2952,0,1,0.5118977,0.047599703,1.0,0.9981487,6.2900066,0.025646685,-3.6373596
2953,1,1,0.5000551,0.00022027451,0.8038194179534912,0.99989915,9.201666,0.00021104094,-8.463247
2954,1,1,0.500045,0.00017998983,0.7876607775688171,0.99976104,8.339065,0.00032889986,-8.019428
2955,0,1,0.50310427,0.012417269,0.8059703707695007,0.0064688968,-5.03426,0.9997396,8.252999
2956,1,1,0.5000675,0.00026985342,0.5693081021308899,0.99996924,10.388446,0.0001656534,-8.705447
2957,0,1,0.50509167,0.020367408,1.0,0.99956673,7.743763,0.0106166545,-4.534658
2958,1,0,0.28283444,-0.9304451,1.0,0.00029104244,-8.14175,0.56537783,0.2630173
2959,0,0,0.4999524,-0.00019033575,0.7550716400146484,3.6637968e-05,-10.214389,0.99986815,8.933748
2960,1,1,0.5001248,0.0004992431,0.758014976978302,0.99998486,11.099844,0.00026473435,-8.236519
2961,0,1,0.60659504,0.43302187,1.0,0.99975246,8.303894,0.21343757,-1.3043277
2962,0,1,0.5312638,0.12521867,1.0,0.9999589,10.097814,0.06256877,-2.7068772
2963,1,0,0.49991462,-0.0003414737,0.7829958200454712,0.99965143,7.961462,0.0001777914,-8.634722
2964,1,1,0.5000499,0.00019953644,0.6164419054985046,0.9999335,9.618098,0.00016625725,-8.701808
2965,1,1,0.50009286,0.00037150635,0.5912811756134033,0.99996066,10.144644,0.00022502549,-8.399072
2966,1,0,0.46383587,-0.14490966,1.0,3.1571413e-05,-10.363227,0.92764014,2.5509927
2967,0,1,0.5303044,0.12136624,1.0,0.99997306,10.519732,0.060635716,-2.7403193
2968,1,1,0.50010496,0.00041988617,0.7711042165756226,0.9999566,10.045394,0.00025331668,-8.280617
2969,0,0,0.49986026,-0.0005588901,0.7515344619750977,9.195909e-06,-11.596743,0.99971133,8.150114
2970,0,1,0.94354975,2.8162894,1.0,0.99998415,11.05168,0.88711536,2.0616088
2971,1,1,0.5001479,0.00059146073,0.6055094003677368,0.99997103,10.448181,0.00032472055,-8.032221
2972,0,0,0.49990833,-0.0003666954,0.6762210726737976,9.464581e-06,-11.567945,0.9998072,8.553544
2973,1,0,0.051833473,-2.9064941,1.0,0.0039856965,-5.5210495,0.09968125,-2.2007713
2974,1,1,0.5001928,0.000771225,0.8364625573158264,0.9999763,10.647931,0.00040934497,-7.800543
2975,1,0,0.29478773,-0.8722432,1.0,0.00020423975,-8.496012,0.5893712,0.36136663
2976,0,0,0.49992278,-0.00030891897,0.6587544679641724,9.588345e-06,-11.554953,0.99983597,8.715374
2977,0,0,0.4999495,-0.00020196092,0.6405901312828064,2.9301198e-05,-10.437853,0.9998697,8.945453
2978,1,1,0.50011784,0.00047136162,0.6703873872756958,0.9999546,9.99914,0.00028108084,-8.176587
2979,0,1,0.9735706,3.6064928,1.0,0.99992275,9.468552,0.9472184,2.8873672
2980,1,1,0.5001032,0.00041273658,0.7085629105567932,0.99996734,10.329599,0.00023896624,-8.338949
2981,0,0,0.49992675,-0.00029299976,0.7410368919372559,1.3004436e-05,-11.250207,0.9998405,8.743223
2982,0,0,0.4999169,-0.0003323511,0.6567627787590027,1.7248803e-05,-10.967751,0.9998166,8.603291
2983,1,0,0.45666134,-0.17379074,1.0,0.0001624135,-8.725203,0.91316026,2.3528466
2984,0,0,0.49998865,-4.5360164e-05,0.7023289203643799,0.00013643749,-8.8995075,0.99984086,8.745501
2985,0,1,0.52788275,0.11164685,1.0,0.9999112,9.328998,0.055854376,-2.8275325
2986,0,1,0.95646083,3.0895789,1.0,0.999979,10.772293,0.91294265,2.3501053
2987,1,1,0.500111,0.00044395603,0.674472451210022,0.99998116,10.880529,0.00024079137,-8.331339
2988,1,1,0.5000697,0.0002786725,0.7358503341674805,0.9999739,10.553179,0.00016548007,-8.706494
2989,1,1,0.5000787,0.00031466302,0.7240938544273376,0.9998784,9.015202,0.00027896717,-8.184137
2990,0,0,0.4999177,-0.00032925064,0.6409457921981812,1.2686764e-05,-11.274939,0.9998227,8.637306
2991,1,1,0.50005007,0.00020025155,0.5870073437690735,0.99994767,9.857974,0.00015241666,-8.78874
2992,0,1,0.5362656,0.14531767,1.0,0.9999919,11.719564,0.072539374,-2.5483208
2993,1,1,0.5000516,0.00020644917,0.5256834626197815,0.9999305,9.574302,0.00017277176,-8.663366
2994,0,0,0.4999608,-0.00015683212,0.6647017002105713,3.5950874e-05,-10.233321,0.9998857,9.076118
2995,1,1,0.5000995,0.00039796063,0.7627829313278198,0.9999567,10.04936,0.00024226772,-8.325225
2996,0,0,0.499913,-0.00034803248,0.6742614507675171,1.8953178e-05,-10.87352,0.99980706,8.552792
2997,1,1,0.50018275,0.00073096255,0.7912830710411072,0.99997973,10.807854,0.00038579723,-7.8598127
2998,1,0,0.4999231,-0.00030754766,0.6242418885231018,0.99930215,7.266754,0.0005440898,-7.515852
2999,0,0,0.49996415,-0.00014347867,0.6869744658470154,0.00016378923,-8.716766,0.9997645,8.353623
3000,0,1,0.92537415,2.5177112,1.0,0.9848615,4.1752586,0.86588687,1.8650708
3001,1,0,0.20420773,-1.3602004,1.0,2.3173372e-05,-10.672483,0.40839228,-0.37061548
3002,0,0,0.49992687,-0.00029252277,0.6558147668838501,5.4912953e-06,-12.112341,0.99984825,8.793607
3003,0,1,0.9676062,3.3968577,1.0,0.9999912,11.63866,0.93522125,2.669805
3004,1,0,0.02862769,-3.5243354,0.8122414350509644,0.056893848,-2.8079917,0.00036153162,-7.9247994
3005,0,1,0.53021574,0.12101046,1.0,0.9999666,10.308818,0.060464844,-2.743323
3006,0,0,0.49980676,-0.0007729537,0.8621008992195129,2.0452651e-05,-10.797378,0.9995931,7.806588
3007,1,1,0.50009716,0.00038866594,0.6648328304290771,0.9999665,10.3024845,0.00022785399,-8.386578
3008,0,0,0.49993846,-0.00024607824,0.8513197302818298,7.58207e-06,-11.789717,0.99986935,8.942549
3009,0,1,0.500468,0.0018720974,0.8237476348876953,0.001080781,-6.82899,0.9998553,8.841038
3010,1,1,0.5001429,0.0005714452,0.5642510652542114,0.9999813,10.883991,0.00030450933,-8.096504
3011,1,1,0.5000863,0.00034517053,0.7339879870414734,0.9999653,10.270046,0.00020735375,-8.480877
3012,1,1,0.5000708,0.00028320117,0.5772641897201538,0.99995697,10.054283,0.00018468186,-8.596691
3013,1,0,0.248612,-1.1060288,1.0,1.2285338e-05,-11.307092,0.49721172,-0.011153385
3014,1,1,0.5001387,0.00055476534,0.8208807706832886,0.9999895,11.467726,0.0002879309,-8.152502
3015,1,0,0.49922562,-0.0030975584,0.7355149984359741,0.9981852,6.310017,0.00026602476,-8.231655
3016,0,1,0.5144463,0.057801355,1.0,0.99984884,8.79694,0.029043797,-3.5094764
3017,1,0,0.46417215,-0.14355746,1.0,0.0004377924,-7.733328,0.9279065,2.5549674
3018,0,1,0.50002646,0.00010585225,0.6568166613578796,0.00017101115,-8.673611,0.99988186,9.043194
3019,0,0,0.49990687,-0.00037247917,0.7797228693962097,9.627332e-06,-11.550895,0.9998041,8.537481
3020,0,0,0.4999087,-0.00036526436,0.8074542284011841,9.500292e-06,-11.564178,0.9998079,8.557167
3021,1,0,0.48771045,-0.049168058,1.0,1.0691145e-05,-11.446084,0.9754102,3.6805282
3022,1,1,0.500125,0.000499958,0.7963038682937622,0.99998474,11.089233,0.00026529378,-8.234407
3023,0,0,0.49991092,-0.0003562608,0.6465064883232117,4.2889445e-05,-10.056842,0.9997789,8.416799
3024,1,0,0.4994037,-0.0023851804,0.6663894057273865,0.99856853,6.5476027,0.00023886532,-8.339372
3025,1,1,0.5000896,0.0003583981,0.6776547431945801,0.9999658,10.28151,0.00021338035,-8.452221
3026,1,0,0.4981979,-0.007208397,1.0,4.7838414e-05,-9.947634,0.99634796,5.6088104
3027,1,0,0.48077422,-0.076941036,0.6225652694702148,0.96134585,3.2136817,0.00020259405,-8.504104
3028,0,1,0.5000157,6.270212e-05,0.6932083368301392,0.00018682423,-8.5851555,0.99984455,8.768972
3029,0,0,0.499875,-0.0004999695,0.6367074251174927,4.584772e-06,-12.292766,0.9997454,8.275633
3030,1,1,0.50009584,0.00038342277,0.54255610704422,0.99998236,10.942745,0.00020930755,-8.471497
3031,1,1,0.50006187,0.00024744787,0.6486697196960449,0.99986565,8.915215,0.0002580716,-8.262015
3032,1,1,0.50005287,0.00021145493,0.6558749675750732,0.9999647,10.251227,0.00014103712,-8.866346
3033,0,1,0.5000048,1.9311718e-05,0.8745071291923523,0.00026541573,-8.233948,0.99974424,8.271143
3034,1,1,0.500172,0.00068807765,0.8886394500732422,0.99997437,10.570942,0.00036962115,-7.9026623
3035,1,1,0.5001288,0.000515209,0.6425657868385315,0.99998224,10.937465,0.0002753597,-8.197157
3036,1,1,0.5000767,0.00030679765,0.8310452103614807,0.99994445,9.798631,0.0002090024,-8.472956
3037,1,1,0.50004905,0.00019619924,0.715815544128418,0.9998498,8.803278,0.00024827104,-8.300741
3038,0,0,0.49993867,-0.0002453032,0.683799147605896,3.1697607e-05,-10.359238,0.9998456,8.775839
3039,0,1,0.96067154,3.1956842,0.6237157583236694,0.9214614,2.4623709,0.9998816,9.041621
3040,0,0,0.4999298,-0.00028083692,0.6837788820266724,3.856084e-05,-10.163235,0.999821,8.627762
3041,0,0,0.49996755,-0.00012976774,0.7233080267906189,5.263154e-05,-9.852142,0.99988246,9.048386
3042,1,0,0.49981278,-0.00074885506,0.6680170297622681,0.9993765,7.3795166,0.00024910283,-8.297396
3043,1,0,0.31018025,-0.79927677,0.7523536086082458,0.62009686,0.48995936,0.0002636256,-8.240717
3044,1,1,0.50012654,0.00050615374,0.8054673075675964,0.9999826,10.960565,0.00027043765,-8.2151985
3045,0,0,0.4999102,-0.00035912285,0.7409529685974121,1.9414978e-05,-10.849446,0.999801,8.521958
3046,0,1,0.50997007,0.039885506,0.6991584300994873,0.020636022,-3.8598652,0.99930406,7.2696414
3047,1,1,0.500161,0.0006439996,0.8005533814430237,0.99997413,10.564668,0.0003478112,-7.963503
3048,0,1,0.5000296,0.00011848701,0.6152278184890747,0.0002782659,-8.186655,0.99978095,8.4257145
3049,1,1,0.5001233,0.00049328554,0.602677583694458,0.99996865,10.369744,0.0002779965,-8.187624
3050,0,1,0.5019537,0.007814905,0.6429593563079834,0.004054361,-5.5038996,0.99985313,8.825697
3051,0,1,0.7822751,1.278974,1.0,0.999951,9.923679,0.5645991,0.25984874
3052,1,1,0.5000762,0.00030465252,0.691606342792511,0.99997294,10.51767,0.0001794489,-8.625441
3053,0,0,0.49989435,-0.00042256698,0.6715295910835266,1.433466e-05,-11.152816,0.9997744,8.396312
3054,1,1,0.5001316,0.00052640884,0.7531875371932983,0.9999622,10.183992,0.00030103564,-8.107981
3055,0,1,0.97617745,3.713012,0.7679344415664673,0.95261776,3.0009663,0.9997371,8.243364
3056,0,1,0.9705164,3.4939935,1.0,0.9996325,7.908242,0.9414003,2.7766385
3057,1,1,0.50021315,0.0008525789,0.6533368825912476,0.99998236,10.945234,0.00044399124,-7.7192616
3058,1,1,0.5001575,0.0006299419,0.7573407888412476,0.9998938,9.150451,0.00042120751,-7.7719636
3059,0,0,0.49994984,-0.00020070898,0.5833717584609985,7.233025e-05,-9.534196,0.9998273,8.663751
3060,1,1,0.5000801,0.00032038323,0.6758536696434021,0.9999924,11.789185,0.00016781218,-8.692497
3061,1,1,0.5000048,1.9311718e-05,0.576585590839386,0.9998534,8.827365,0.00015624941,-8.763901
3062,1,1,0.50008035,0.0003213366,0.5838102698326111,0.9999815,10.897171,0.00017922182,-8.626707
3063,1,0,0.49157333,-0.033709835,0.7514460682868958,0.982863,4.049228,0.00028367882,-8.167384
3064,0,1,0.75323236,1.1159265,1.0,0.99997497,10.596447,0.50648975,0.02596052
3065,0,0,0.49991694,-0.0003322915,0.6752825379371643,3.7287773e-05,-10.196808,0.99979657,8.499827
3066,1,1,0.50008863,0.00035458477,0.7723976373672485,0.9999093,9.307266,0.00026795373,-8.224428
3067,0,1,0.50142986,0.0057194866,0.6183176636695862,0.0031304134,-5.763455,0.99972934,8.2141905
3068,1,1,0.50009423,0.0003769879,0.7750388383865356,0.999985,11.10911,0.00020345277,-8.499873
3069,0,0,0.49994004,-0.00023987786,0.47483447194099426,9.087119e-06,-11.608644,0.999871,8.955771
3070,0,1,0.75155073,1.1069001,1.0,0.5323594,0.12961897,0.97074205,3.501907
3071,0,1,0.7856978,1.2991852,1.0,0.99986434,8.905179,0.57153136,0.28810182
3072,0,0,0.4999509,-0.0001964762,0.7170316576957703,2.7994762e-05,-10.483465,0.99987376,8.9769945
3073,0,0,0.49995688,-0.00017257033,0.7667356133460999,0.000246475,-8.308003,0.9996673,8.007913
3074,0,1,0.77233195,1.2215258,0.7632016539573669,0.5448402,0.17984387,0.99982363,8.642323
3075,1,1,0.5000999,0.0003996289,0.79090815782547,0.99998283,10.972826,0.0002170058,-8.4353695
3076,1,1,0.5000871,0.00034838807,0.9281671047210693,0.99992263,9.466644,0.00025158536,-8.287477
3077,0,1,0.6459238,0.6011694,1.0,0.9998512,8.813051,0.29199633,-0.8857081
3078,1,1,0.50010014,0.00040058218,0.761789858341217,0.9999931,11.87551,0.00020723337,-8.481458
3079,0,1,0.5248321,0.09941028,1.0,0.9999639,10.227433,0.049700335,-2.9507656
3080,1,1,0.5000598,0.00023910524,0.5403549671173096,0.99998486,11.102018,0.00013471232,-8.912234
3081,1,0,0.47391853,-0.10442062,1.0,0.00088869786,-7.024864,0.94694835,2.8819773
3082,1,1,0.50008255,0.00033015522,0.7238352298736572,0.9999467,9.839579,0.0002183628,-8.429134
3083,0,1,0.6685606,0.70168215,1.0,0.9999465,9.835777,0.3371747,-0.6759103
3084,0,0,0.49995324,-0.00018699725,0.7483540177345276,1.1714076e-05,-11.354708,0.99989474,9.158691
3085,0,1,0.5001042,0.000416788,0.758126974105835,0.00043942698,-7.7295995,0.9997689,8.372352
3086,0,0,0.4998928,-0.00042870888,0.6726478338241577,1.5111657e-05,-11.100029,0.99977046,8.379172
3087,1,1,0.5001208,0.00048327688,0.566685676574707,0.9999808,10.860568,0.00026086727,-8.251238
3088,1,0,0.49760062,-0.009597614,0.7733109593391418,0.9949314,5.279623,0.00026984577,-8.21739
3089,1,1,0.50007546,0.00030179237,0.6970400810241699,0.9999894,11.455017,0.00016151593,-8.730745
3090,1,1,0.5000961,0.00038437606,0.6413243412971497,0.9999616,10.1691475,0.00023052518,-8.37492
3091,1,1,0.5000591,0.00023648326,0.4961923062801361,0.99998987,11.495482,0.0001284469,-8.959867
3092,0,0,0.49994537,-0.00021847489,0.5347912907600403,7.1213403e-06,-11.852407,0.99988365,9.059196
3093,1,1,0.5000735,0.00029392692,0.5661225914955139,0.9998853,9.073107,0.00026168383,-8.248112
3094,0,1,0.505256,0.021024808,0.6165500283241272,0.010619169,-4.5344186,0.99989283,9.141211
3095,1,0,0.4971896,-0.011241623,0.6413946747779846,0.99416035,5.137227,0.0002188764,-8.4267845
3096,1,0,0.038191166,-3.2262115,1.0,1.1088026e-05,-11.409634,0.076371245,-2.492704
3097,0,0,0.49974316,-0.0010273367,0.865472137928009,1.0313829e-05,-11.482015,0.999476,7.553393
3098,1,1,0.5001223,0.00048923446,0.8444079160690308,0.9999906,11.567528,0.00025406483,-8.277667
3099,0,1,0.5752713,0.30339113,1.0,0.99962914,7.8994217,0.15091343,-1.7274547
3100,1,1,0.5000446,0.00017832119,0.7397055625915527,0.99987626,8.997426,0.00021290174,-8.454467
3101,0,0,0.4999525,-0.00019003767,0.7236385345458984,4.480084e-05,-10.013239,0.99986017,8.875386
3102,1,1,0.50007826,0.0003129946,0.7357804775238037,0.9999757,10.623111,0.00018078901,-8.617999
3103,0,1,0.82711375,1.5653085,1.0,0.9999652,10.266016,0.65426224,0.6378277
3104,1,0,0.09976916,-2.1997921,0.6808234453201294,0.19928654,-1.3907595,0.00025177782,-8.286712
3105,1,1,0.5001149,0.00045968455,0.6283400654792786,0.99998736,11.279835,0.00024246852,-8.324396
3106,0,1,0.7717011,1.2179415,1.0,0.5768617,0.30990338,0.9665405,3.3633876
3107,1,0,0.2087048,-1.3327502,1.0,2.621558e-05,-10.54913,0.41738337,-0.3335241
3108,0,1,0.98371816,4.101289,1.0,0.9999635,10.217171,0.96747285,3.392613
3109,0,1,0.7512653,1.105372,1.0,0.68395215,0.7719944,0.8185785,1.506746
3110,1,0,0.24856299,-1.106291,1.0,0.0014291648,-6.549235,0.4956968,-0.017213166
3111,1,1,0.5000511,0.00020430385,0.5224862694740295,0.99996114,10.156277,0.00014105192,-8.866241
3112,1,1,0.50014687,0.00058741,0.7462595105171204,0.9999682,10.354526,0.00032560527,-8.029499
3113,1,1,0.50010157,0.00040630193,0.7327632904052734,0.99997485,10.589542,0.00022825104,-8.384836
3114,1,0,0.023754522,-3.7159412,0.7098171710968018,0.047284,-3.003145,0.00022504653,-8.398978
3115,1,1,0.50013065,0.0005225962,0.8738189339637756,0.9999752,10.602846,0.0002860435,-8.1590805
3116,1,1,0.5000543,0.00021717574,0.5826376676559448,0.9999341,9.627504,0.0001745034,-8.653392
3117,0,0,0.49988058,-0.0004777261,0.8670364022254944,1.5141577e-05,-11.098051,0.999746,8.278049
3118,0,1,0.6666974,0.69328547,1.0,0.96826494,3.418086,0.3651299,-0.55316734
3119,1,1,0.50006133,0.00024530262,0.7438618540763855,0.9998827,9.050987,0.0002399814,-8.334709
3120,1,0,0.4899444,-0.040227823,0.9424805641174316,0.9794956,3.8663979,0.00039319455,-7.8408127
3121,0,1,0.58951586,0.36196432,1.0,0.999754,8.310225,0.17927776,-1.5212483
3122,0,0,0.49989593,-0.00041630588,0.7089439034461975,2.7824339e-05,-10.489572,0.999764,8.351515
3123,0,1,0.9753653,3.6786554,0.6348386406898499,0.9509578,2.9647882,0.9997727,8.38929
3124,1,1,0.50000745,2.9801879e-05,0.57584148645401,0.99981743,8.608148,0.0001974119,-8.530021
3125,1,1,0.50009567,0.00038270777,0.7022744417190552,0.99998534,11.133801,0.00020603846,-8.487242
3126,0,1,0.9869429,4.325279,1.0,0.99998474,11.091451,0.97390103,3.619413
3127,0,0,0.49984953,-0.00060183037,0.7647075653076172,2.4999585e-05,-10.596626,0.9996741,8.028443
3128,0,0,0.4999231,-0.00030754766,0.5856179594993591,1.2729593e-05,-11.271568,0.99983346,8.700211
3129,1,1,0.5000818,0.0003270568,0.6959952116012573,0.99995124,9.927707,0.00021228331,-8.4573765
3130,1,1,0.5001441,0.00057644915,0.9011982679367065,0.99986136,8.883308,0.00042684682,-7.7586584
3131,1,0,0.33923954,-0.66668487,1.0,0.00042429223,-7.7646637,0.6780548,0.7448468
3132,0,1,0.50791216,0.03165131,1.0,0.9994711,7.5441337,0.016353192,-4.0968437
3133,0,0,0.49978933,-0.0008426281,0.870958149433136,4.702821e-05,-9.964716,0.9995316,7.6656866
3134,0,1,0.73167276,1.0031261,1.0,0.9999815,10.900648,0.46336398,-0.14680704
3135,1,0,0.4545677,-0.18223189,1.0,0.0010494002,-6.8584867,0.908086,2.2904863
3136,0,0,0.49993026,-0.00027892902,0.6586199998855591,3.0654242e-05,-10.392709,0.9998299,8.678737
3137,0,0,0.49988133,-0.0004746848,0.8817960619926453,7.3679956e-05,-9.515706,0.999689,8.075426
3138,0,1,0.8149871,1.482747,1.0,0.99965763,7.979426,0.6303166,0.5335752
3139,1,0,0.4811817,-0.07530868,1.0,7.5249714e-05,-9.494623,0.9622882,3.239342
3140,1,1,0.5000973,0.0003891426,0.7515389323234558,0.99998546,11.140192,0.00020914516,-8.472273
3141,1,0,0.40909535,-0.36770642,1.0,0.0014258715,-6.551545,0.81676483,1.494581
3142,1,0,0.3887231,-0.45268273,1.0,0.0030352701,-5.794415,0.77441096,1.2333881
3143,1,1,0.5001251,0.00050043454,0.7782282829284668,0.9999927,11.829074,0.00025743438,-8.264488
3144,0,1,0.98317343,4.0678263,1.0,0.99993074,9.577276,0.9664161,3.3595476
3145,1,1,0.50010026,0.00040105882,0.7215416431427002,0.9999808,10.863386,0.0002197228,-8.422924
3146,1,0,0.3017797,-0.83883744,1.0,3.1315518e-05,-10.371366,0.6035281,0.4201873
3147,1,1,0.50008005,0.0003201449,0.5388213992118835,0.99997663,10.663187,0.00018348481,-8.603195
3148,0,0,0.49985665,-0.00057338225,0.7134267687797546,7.236134e-06,-11.836416,0.9997061,8.132181
3149,0,0,0.49985963,-0.0005614545,0.7725736498832703,7.803115e-06,-11.76098,0.99971145,8.150259
3150,0,1,0.50701344,0.028055608,1.0,0.9996476,7.950589,0.014379295,-4.2274823
3151,0,1,0.9632168,3.2652369,1.0,0.97975314,3.8792973,0.9466805,2.8766592
3152,0,0,0.49996006,-0.00015975321,0.6565768718719482,3.8753125e-05,-10.15826,0.9998814,9.04012
3153,1,0,0.49846432,-0.0061426684,0.7456536889076233,0.99671113,5.7139244,0.00021750294,-8.433081
3154,1,0,0.49993756,-0.00024977466,0.6249532699584961,0.99969995,8.111116,0.00017520013,-8.649406
3155,0,1,0.6380005,0.5666962,1.0,0.9999926,11.81685,0.27600837,-0.9643487
3156,1,0,0.47262153,-0.10962347,1.0,1.3464421e-05,-11.215446,0.9452296,2.8482764
3157,0,1,0.5679374,0.27344057,1.0,0.99992645,9.517354,0.13594835,-1.8493575
3158,1,0,0.49990374,-0.00038506053,0.5860922336578369,0.99967325,8.026045,0.00013425553,-8.915631
3159,1,0,0.4240769,-0.30605927,1.0,0.00040780846,-7.804305,0.847746,1.7170309
3160,1,1,0.5000785,0.000313948,0.8333975076675415,0.9999888,11.397011,0.0001681723,-8.690353
3161,0,0,0.49994606,-0.0002157921,0.5475067496299744,6.0526345e-06,-12.015011,0.99988604,9.079584
3162,0,0,0.49969253,-0.0012298037,0.8349750638008118,0.0017309124,-6.357374,0.99765414,6.052749
3163,0,1,0.7638853,1.1741,1.0,0.999974,10.558096,0.5277966,0.11130128
3164,1,0,0.4207882,-0.31953865,1.0,2.2030712e-05,-10.723051,0.84155434,1.6698391
3165,1,1,0.5000776,0.00031037282,0.656525731086731,0.9999087,9.301269,0.00024648604,-8.307959
3166,0,1,0.8592708,1.8092468,1.0,0.99990904,9.304721,0.7186326,0.9376887
3167,0,1,0.5207481,0.083040014,1.0,0.9999771,10.683855,0.04151902,-3.139198
3168,1,1,0.50008994,0.0003598281,0.7197820544242859,0.99996924,10.388525,0.00021060495,-8.465316
3169,0,0,0.4998875,-0.00045005672,0.6872673630714417,7.813756e-05,-9.456962,0.99969685,8.100739
3170,1,1,0.50009984,0.00039939056,0.5838640332221985,0.9999808,10.863527,0.00021889812,-8.426685
3171,1,1,0.50009894,0.0003958157,0.7374818921089172,0.99996793,10.346083,0.00023001121,-8.377152
3172,0,0,0.49987662,-0.000493529,0.8128160238265991,6.8318677e-06,-11.893906,0.9997464,8.279317
3173,0,1,0.5000227,9.083335e-05,0.753034234046936,0.0003806665,-7.873206,0.9996648,8.000437
3174,1,1,0.50006384,0.0002553137,0.6396598219871521,0.9999411,9.739084,0.0001866097,-8.586305
3175,1,1,0.5000668,0.00026723152,0.6204324960708618,0.99998105,10.873575,0.00015260236,-8.787522
3176,0,0,0.49993163,-0.00027344387,0.5768813490867615,7.660933e-05,-9.476715,0.9997867,8.452484
3177,1,1,0.5000445,0.00017808282,0.6523182988166809,0.9998598,8.872216,0.00022926349,-8.380409
3178,1,0,0.49996465,-0.00014139221,0.7310079336166382,0.99974054,8.256848,0.00018877188,-8.574782
3179,0,0,0.49990943,-0.00036234266,0.6604921221733093,1.5029779e-05,-11.105462,0.99980384,8.536444
3180,0,1,0.9813472,3.9629302,1.0,0.9999826,10.961573,0.9627119,3.251078
3181,0,0,0.49990958,-0.00036168678,0.6385434865951538,2.7973676e-05,-10.484219,0.9997912,8.474096
3182,0,0,0.4998871,-0.0004515475,0.8018221259117126,6.9960006e-06,-11.870165,0.99976724,8.365263
3183,0,0,0.49990913,-0.00036341595,0.6995323300361633,8.470026e-06,-11.678968,0.9998098,8.567254
3184,0,0,0.49991783,-0.0003285948,0.6997320055961609,7.704165e-06,-11.773742,0.999828,8.66802
3185,0,0,0.49994445,-0.00022223081,0.5372803211212158,7.85088e-06,-11.754877,0.999881,9.036812
3186,1,1,0.5000762,0.00030465252,0.631788432598114,0.9999752,10.6043625,0.00017714837,-8.638346
3187,1,0,0.49455735,-0.021771397,1.0,0.0003011522,-8.107594,0.9888136,4.481802
3188,1,1,0.5001208,0.00048327688,0.8092551827430725,0.9998927,9.139749,0.00034892696,-7.960299
3189,1,1,0.5001057,0.00042274597,0.6158835291862488,0.99978524,8.445703,0.00042605572,-7.7605143
3190,1,1,0.50010365,0.00041464315,0.6800807118415833,0.99998415,11.05258,0.00022315492,-8.407421
3191,1,0,0.4991901,-0.0032396284,0.6027727723121643,0.99814963,6.290535,0.00023052124,-8.374937
3192,1,1,0.5000887,0.0003548231,0.5503220558166504,0.9999832,10.990583,0.00019421018,-8.546375
3193,1,1,0.5000959,0.0003836611,0.5773035287857056,0.9999807,10.857104,0.00021114762,-8.462742
3194,1,1,0.50012064,0.00048256197,0.5981296896934509,0.9999802,10.828968,0.000261029,-8.250618
3195,1,1,0.5000531,0.0002124084,0.6394841074943542,0.9999397,9.715977,0.0001665303,-8.700167
3196,1,1,0.50009197,0.00036793138,0.694381594657898,0.99994075,9.734308,0.0002432289,-8.321264
3197,0,0,0.4999368,-0.00025275562,0.5711482167243958,3.0477631e-05,-10.398487,0.9998431,8.76017
3198,1,1,0.50007856,0.00031418633,0.5832204818725586,0.9999857,11.156577,0.0001714448,-8.671078
3199,1,1,0.5001187,0.0004746979,0.7782084941864014,0.99997866,10.756493,0.00025866675,-8.259711
3200,1,0,0.49635595,-0.014576479,1.0,4.3503427e-05,-10.042627,0.9926684,4.9082017
3201,0,1,0.94382584,2.8214848,1.0,0.9998078,8.55661,0.88784385,2.0689034
3202,1,1,0.500095,0.0003800862,0.8049317002296448,0.9999193,9.424877,0.00027071548,-8.214171
3203,1,0,0.4997698,-0.00092077913,0.5214100480079651,0.9993344,7.3141227,0.00020520343,-8.491303
3204,0,0,0.49995396,-0.0001841357,0.6226440072059631,4.7872963e-05,-9.946912,0.99986005,8.873941
3205,0,0,0.4999335,-0.0002659913,0.6991207003593445,8.620147e-06,-11.6614,0.9998584,8.862116
3206,0,0,0.49978477,-0.00086094235,0.5901157259941101,1.8182924e-05,-10.9150095,0.99955136,7.708993
3207,1,1,0.5000908,0.00036316476,0.6441805958747864,0.9999542,9.991082,0.0002273163,-8.388941
3208,0,0,0.4999588,-0.00016476082,0.5171430110931396,8.72873e-06,-11.648882,0.9999089,9.303953
3209,1,1,0.50007224,0.00028892158,0.7202883958816528,0.99993277,9.606831,0.00021168464,-8.460201
3210,0,0,0.49994662,-0.00021358625,0.7656332850456238,4.9913535e-05,-9.905169,0.99984336,8.761286
3211,1,1,0.50002265,9.059496e-05,0.5042320489883423,0.99991953,9.427838,0.0001257907,-8.980765
3212,0,1,0.9767859,3.7395074,1.0,0.99997795,10.71998,0.9535938,3.0228047
3213,0,0,0.49994573,-0.00021704407,0.560572624206543,0.00010668492,-9.145524,0.99978477,8.44379
3214,0,0,0.49983346,-0.0006661249,0.619780957698822,8.797509e-06,-11.641033,0.9996581,7.9808035
3215,1,1,0.50014156,0.00056620303,0.41430139541625977,0.999985,11.103608,0.00029819945,-8.11745
3216,0,0,0.4999275,-0.00028995902,0.6638995409011841,1.0904337e-05,-11.426339,0.9998441,8.766351
3217,1,1,0.5000652,0.0002607959,0.8241233229637146,0.9999459,9.824898,0.00018457255,-8.597283
3218,1,1,0.5001044,0.0004177413,0.8382711410522461,0.9999753,10.61036,0.00023355211,-8.361872
3219,0,1,0.9111799,2.3281274,0.7190877199172974,0.8225793,1.5339215,0.9997805,8.423758
3220,0,1,0.9884864,4.4526467,1.0,0.99997866,10.756405,0.9769941,3.7487288
3221,1,1,0.5000726,0.0002903517,0.6707548499107361,0.99996436,10.240708,0.00018079435,-8.6179695
3222,1,0,0.3770574,-0.50205684,1.0,9.6946915e-06,-11.543922,0.7541051,1.1206275
3223,1,0,0.48763686,-0.049462613,1.0,0.00019490845,-8.542786,0.9750788,3.6668012
3224,0,1,0.81915236,1.5106151,1.0,0.99574393,5.4551525,0.6425607,0.58649564
3225,1,1,0.5000793,0.00031704645,0.5734522938728333,0.999985,11.1086855,0.00017359626,-8.658605
3226,1,1,0.50006586,0.00026341784,0.467789888381958,0.9999927,11.8274765,0.00013905039,-8.880535
3227,0,1,0.5032964,0.013185686,0.8744089603424072,0.007299788,-4.9125834,0.99929297,7.253748
3228,0,0,0.49936092,-0.0025563103,0.7868069410324097,7.3771926e-06,-11.81711,0.99871445,6.655227
3229,1,1,0.5001095,0.0004379982,0.6943811178207397,0.9999864,11.202852,0.00023257615,-8.36606
3230,1,0,0.4999454,-0.00021841527,0.7895237803459167,0.99960023,7.8240566,0.00029057806,-8.143348
3231,1,0,0.3888815,-0.45201623,0.8522493243217468,0.7773913,1.2505282,0.0003717005,-7.8970504
3232,0,1,0.5241092,0.09651154,1.0,0.38574567,-0.46523085,0.66247267,0.67433286
3233,0,0,0.49986026,-0.0005588901,0.733997106552124,8.2404395e-06,-11.706449,0.9997123,8.153332
3234,1,1,0.5001229,0.0004916175,0.6206782460212708,0.99997747,10.70093,0.00026832495,-8.223043
3235,0,1,0.8268928,1.5637639,1.0,0.99994946,9.89341,0.65383613,0.6359447
3236,1,1,0.5000637,0.00025483698,0.6730465292930603,0.9999703,10.425726,0.00015715473,-8.758122
3237,0,0,0.49981228,-0.0007509428,0.8150846362113953,1.6675527e-05,-11.001552,0.99960786,7.843546
3238,0,1,0.5000075,3.004029e-05,0.7141179442405701,0.00014877335,-8.812938,0.99986625,8.919344
3239,0,1,0.65248954,0.63000035,1.0,0.9991333,7.0499706,0.30584577,-0.8196133
3240,1,1,0.50009805,0.00039224082,0.6452040672302246,0.99998605,11.183666,0.0002100757,-8.467833
3241,0,0,0.49995595,-0.00017620686,0.7198942303657532,6.528977e-06,-11.939254,0.99990535,9.265892
3242,0,0,0.4999254,-0.00029842538,0.5646829009056091,5.542424e-06,-12.103073,0.99984527,8.773806
3243,0,0,0.49986452,-0.0005419531,0.7776997089385986,1.6364012e-05,-11.02041,0.99971265,8.154789
3244,1,1,0.50009894,0.0003958157,0.649218738079071,0.99996686,10.313068,0.00023097113,-8.372987
3245,0,0,0.4999175,-0.00032996613,0.7669462561607361,4.6305945e-06,-12.282821,0.99983037,8.682188
3246,1,0,0.2302539,-1.2068781,0.6116855144500732,0.46035308,-0.15892135,0.00015473062,-8.77367
3247,0,1,0.61459553,0.46667105,1.0,0.9999851,11.116056,0.22920595,-1.2128003
3248,0,0,0.49987888,-0.0004844647,0.6653412580490112,1.4839401e-05,-11.11821,0.9997429,8.265866
3249,1,1,0.5000709,0.00028367786,0.7069381475448608,0.9998783,9.013742,0.00026357887,-8.240894
3250,1,1,0.50006366,0.00025459862,0.727324903011322,0.99997175,10.474657,0.00015554584,-8.7684145
3251,1,1,0.5002018,0.000807317,0.7472847700119019,0.9999497,9.896557,0.00045398236,-7.696998
3252,0,1,0.53377306,0.13529831,1.0,0.9998405,8.743283,0.067705676,-2.6224785
3253,0,1,0.9637114,3.2792876,1.0,0.99494123,5.281552,0.9324816,2.6254497
3254,0,0,0.4999436,-0.00022556941,0.77956223487854,8.0278245e-05,-9.429932,0.99980694,8.551933
3255,0,1,0.6136403,0.46264017,1.0,0.99996865,10.36851,0.22731201,-1.2235518
3256,1,0,0.4999078,-0.00036884195,0.6814689636230469,0.9996369,7.920377,0.0001787155,-8.629537
3257,1,1,0.5000824,0.0003294402,0.6228880882263184,0.9999602,10.130052,0.00020458298,-8.494332
3258,1,0,0.49987164,-0.00051350665,0.5316230058670044,0.99952304,7.647523,0.00022024928,-8.42053
3259,0,1,0.9625517,3.2466269,1.0,0.98178273,3.9870036,0.94332075,2.8119988
3260,1,1,0.5000814,0.00032562675,0.8008137941360474,0.9999881,11.337329,0.0001747735,-8.651845
3261,1,1,0.5001476,0.0005902694,0.7384616136550903,0.999974,10.557379,0.00032112133,-8.04337
3262,1,1,0.50012535,0.00050138775,0.7497665882110596,0.99995804,10.079928,0.00029268643,-8.136116
3263,0,1,0.9571643,3.106603,1.0,0.9999187,9.416748,0.9144098,2.3687081
3264,0,1,0.7870374,1.3071591,1.0,0.9984675,6.4793305,0.5756072,0.304766
3265,0,1,0.5000157,6.270212e-05,0.7409349083900452,0.00022362861,-8.4053,0.9998078,8.556707
3266,1,0,0.42760712,-0.2916208,1.0,0.13226584,-1.8810716,0.7229484,0.9591341
3267,0,1,0.68841326,0.79271156,1.0,0.9999914,11.665245,0.37683508,-0.5030035
3268,0,1,0.59146875,0.37004042,0.5594186782836914,0.18311605,-1.495377,0.9998215,8.630544
3269,1,1,0.5001057,0.00042274597,0.7483024001121521,0.9999757,10.626072,0.0002356763,-8.352816
3270,1,0,0.4999767,-9.322601e-05,0.6163343191146851,0.9995864,7.7901225,0.0003670137,-7.9097443
3271,1,0,0.48532715,-0.058708318,0.790247917175293,0.97042423,3.490778,0.00023009039,-8.376808
3272,1,1,0.5000279,0.000111573674,0.7434172034263611,0.99984586,8.777294,0.00020996034,-8.468382
3273,0,0,0.49998653,-5.388405e-05,0.6886048913002014,6.269334e-05,-9.677193,0.99991035,9.320083
3274,0,1,0.50013995,0.00055976934,0.8625338077545166,0.00041644345,-7.7833433,0.9998635,8.89937
3275,0,1,0.77268255,1.2235208,1.0,0.99989915,9.202148,0.545466,0.18236782
3276,1,1,0.50012946,0.00051783025,0.826115608215332,0.99995375,9.981286,0.00030515975,-8.09437
3277,1,1,0.5000491,0.00019643761,0.6955249905586243,0.9999416,9.748532,0.00015666489,-8.761245
3278,0,1,0.80591077,1.423655,1.0,0.9963813,5.6180096,0.61544025,0.47023854
3279,0,1,0.6586378,0.6572298,0.7702470421791077,0.3175949,-0.76484686,0.99968076,8.049063
3280,1,0,0.47505674,-0.09985586,1.0,0.00092017814,-6.9900227,0.9491933,2.9275837
3281,0,0,0.4998492,-0.0006032021,0.5524844527244568,1.4691802e-05,-11.128206,0.99968374,8.058458
3282,0,0,0.49990407,-0.00038380834,0.7932321429252625,5.7451653e-05,-9.764509,0.9997507,8.296455
3283,1,0,0.49985608,-0.00057558884,0.8332082629203796,0.99949265,7.5857606,0.00021955193,-8.423702
3284,1,1,0.5001037,0.00041488145,0.623165488243103,0.99997854,10.752127,0.00022889765,-8.382007
3285,0,1,0.5928111,0.3755986,1.0,0.9999708,10.441063,0.18565136,-1.478518
3286,0,1,0.8980404,2.1756387,0.7688859701156616,0.7962088,1.3627654,0.99987197,8.962956
3287,1,1,0.500081,0.00032395837,0.6980995535850525,0.99998915,11.433296,0.0001728825,-8.662725
3288,1,0,0.46903422,-0.12402189,0.7308840155601501,0.937895,2.7148118,0.0001734285,-8.659572
3289,0,1,0.70298856,0.86157,1.0,0.73449814,1.0175658,0.671479,0.71488184
3290,1,0,0.49900615,-0.003975415,0.5628166198730469,0.99773264,6.0868983,0.0002796761,-8.181599
3291,0,1,0.5038141,0.015256729,1.0,0.9968341,5.7521334,0.01079411,-4.517902
3292,0,1,0.50392354,0.015694434,0.7049887180328369,0.008030775,-4.816411,0.99981624,8.601387
3293,0,0,0.49990475,-0.00038100587,0.6061818599700928,1.140705e-05,-11.381268,0.9997981,8.507431
3294,1,0,0.49917367,-0.0033053486,0.8854458332061768,0.9979978,6.2115164,0.00034951174,-7.958624
3295,0,1,0.87333524,1.9307756,1.0,0.92973405,2.5826104,0.8169364,1.4957271
3296,0,0,0.499953,-0.00018795111,0.6757841110229492,6.13381e-05,-9.699048,0.9998447,8.770093
3297,0,0,0.4999392,-0.00024321652,0.8684074282646179,4.8403494e-05,-9.93589,0.99983,8.68005
3298,1,0,0.49943647,-0.0022540444,0.7543813586235046,0.99845445,6.4708023,0.00041850415,-7.778405
3299,0,0,0.4998555,-0.0005779744,0.8560615181922913,2.141127e-05,-10.751572,0.9996896,8.077168
3300,1,1,0.50014496,0.0005797851,0.7471758723258972,0.9999758,10.630067,0.00031407093,-8.0655775
3301,1,1,0.5000688,0.0002750972,0.561661958694458,0.9999856,11.145645,0.00015203115,-8.791273
3302,0,0,0.49993947,-0.000242203,0.7216437458992004,5.185732e-05,-9.866962,0.9998271,8.662077
3303,1,1,0.5000778,0.00031108785,0.6488078236579895,0.99997914,10.779562,0.00017644373,-8.642332
3304,0,1,0.94122446,2.7734559,1.0,0.99993145,9.587406,0.88251746,2.0164886
3305,1,1,0.5001355,0.0005418978,0.7976589202880859,0.9999907,11.58512,0.00028024515,-8.179565
3306,1,1,0.50020903,0.00083614193,0.8752097487449646,0.9999461,9.828188,0.0004719336,-7.6582003
3307,1,1,0.5001449,0.0005795468,0.6646038293838501,0.99998474,11.090487,0.00030507657,-8.094643
3308,0,0,0.49990743,-0.000370273,0.6690052151679993,1.1594929e-05,-11.364931,0.99980325,8.533253
3309,1,0,0.48793516,-0.048268713,0.8298278450965881,0.9755755,3.6874437,0.0002947918,-8.128946
3310,1,0,0.0629961,-2.6996145,1.0,2.8175546e-05,-10.477028,0.12596402,-1.9371252
3311,0,1,0.9511534,2.9689906,1.0,0.9999546,9.998932,0.9023523,2.223639
3312,0,0,0.4999135,-0.0003459456,0.7672320604324341,5.3266326e-06,-12.142786,0.9998217,8.631726
3313,0,0,0.49989742,-0.00041034294,0.5152094960212708,1.4032078e-05,-11.17415,0.99978083,8.425179
3314,0,1,0.93234503,2.6232822,1.0,0.9999808,10.860843,0.8647092,1.854967
3315,0,1,0.5239763,0.09597896,0.7892545461654663,0.048133515,-2.984446,0.9998191,8.617018
3316,1,1,0.50010943,0.00043775988,0.6443288922309875,0.99997807,10.72943,0.0002408125,-8.331251
3317,0,0,0.49989396,-0.00042411737,0.653489887714386,8.062344e-06,-11.728298,0.9997799,8.42094
3318,1,1,0.5001009,0.00040368037,0.6155388355255127,0.99999154,11.68402,0.00021026806,-8.466917
3319,0,0,0.49992388,-0.00030444725,0.6613113284111023,9.529674e-06,-11.56109,0.99983823,8.729311
3320,1,1,0.5001457,0.0005826444,0.8125242590904236,0.9999862,11.186893,0.00030521446,-8.094191
3321,1,0,0.49986193,-0.00055221067,0.7498149871826172,0.9993917,7.4042034,0.00033217392,-8.00952
3322,1,1,0.50011986,0.000479464,0.742303192615509,0.9999926,11.815448,0.00024711105,-8.305426
3323,1,1,0.50005853,0.00023409964,0.6317622065544128,0.99993575,9.652654,0.0001812929,-8.615215
3324,1,0,0.49995202,-0.00019194538,0.7429407238960266,0.9996822,8.053579,0.00022181892,-8.413427
3325,0,0,0.49930975,-0.00276094,0.790194034576416,3.867154e-05,-10.160368,0.9985808,6.5562115
3326,0,0,0.49993387,-0.0002645604,0.5532891750335693,8.148368e-06,-11.717685,0.9998596,8.870403
3327,1,0,0.44940326,-0.20308203,1.0,0.02724144,-3.5753965,0.87156504,1.9148681
3328,1,0,0.478878,-0.084538266,1.0,0.0044238036,-5.4163218,0.9533322,3.0169082
3329,0,0,0.4998752,-0.0004992539,0.8286430239677429,5.4219156e-05,-9.822422,0.99969614,8.098661
3330,0,0,0.49991673,-0.00033306662,0.5875846147537231,1.27024305e-05,-11.273705,0.99982077,8.626238
3331,1,0,0.013163184,-4.317081,0.6216863989830017,0.026067566,-3.62065,0.00025880118,-8.2591915
3332,0,1,0.5223197,0.08933812,1.0,0.9992292,7.1673226,0.04541014,-3.0455463
3333,0,1,0.50458467,0.018339237,0.7848442196846008,0.009324378,-4.665755,0.9998449,8.771694
3334,1,1,0.50013626,0.00054499554,0.840783417224884,0.9999752,10.602833,0.00029732933,-8.120373
3335,1,0,0.49731067,-0.010757463,0.6290345788002014,0.9944068,5.1805964,0.0002144945,-8.447012
3336,0,1,0.52727455,0.10920663,1.0,0.9999856,11.142893,0.054563478,-2.852282
3337,1,1,0.50011325,0.0004530119,0.6584097743034363,0.99998677,11.233532,0.00023967291,-8.335996
3338,1,1,0.5000891,0.00035649142,0.5269449353218079,0.99999,11.507466,0.00018821027,-8.577763
3339,1,0,0.010619315,-4.5344048,1.0,0.0023803557,-6.038122,0.018858274,-3.951765
3340,0,0,0.4998727,-0.0005092129,0.7783989310264587,9.649484e-06,-11.548596,0.9997358,8.23856
3341,0,1,0.6845577,0.7747971,1.0,0.99981755,8.608674,0.36929786,-0.53523016
3342,1,0,0.46157837,-0.15399012,1.0,0.0021322048,-6.148464,0.92102456,2.4563503
3343,0,1,0.5232855,0.09320948,1.0,0.9996551,7.971946,0.04691589,-3.0113468
3344,1,1,0.50009614,0.0003846144,0.7694857716560364,0.99994564,9.820122,0.00024664286,-8.3073225
3345,0,1,0.9704825,3.492811,1.0,0.99991834,9.4133,0.9410467,2.7702475
3346,0,0,0.4999391,-0.00024363385,0.5986732840538025,7.784616e-06,-11.763353,0.9998704,8.951443
3347,1,0,0.46515122,-0.13962154,1.0,1.131323e-05,-11.389526,0.9302911,2.5911698
3348,0,1,0.9639244,3.2853963,1.0,0.99997604,10.641066,0.92787284,2.5544643
3349,0,1,0.5710174,0.28600323,1.0,0.9880101,4.4116273,0.15402469,-1.7033772
3350,0,1,0.5035801,0.014320578,1.0,0.9993374,7.3187447,0.007822859,-4.8428516
3351,0,1,0.53297126,0.13207674,1.0,0.99986243,8.891671,0.066080056,-2.6485238
3352,0,0,0.4999527,-0.00018926266,0.7034726142883301,3.73895e-05,-10.194083,0.99986804,8.932572
3353,0,1,0.9597976,3.1727962,1.0,0.9999608,10.146566,0.9196344,2.4373903
3354,1,0,0.34618327,-0.6358587,0.6518834829330444,0.6921614,0.81024325,0.00020516626,-8.491485
3355,1,1,0.50011736,0.00046945518,0.7022016644477844,0.99998724,11.265454,0.00024746303,-8.304002
3356,0,1,0.7140362,0.9150685,1.0,0.7467199,1.081194,0.68135256,0.7599943
3357,0,1,0.9357711,2.6789176,1.0,0.99977607,8.404087,0.8717662,1.9166662
3358,1,1,0.50004876,0.00019500738,0.5952268242835999,0.999894,9.152693,0.00020345084,-8.499883
3359,1,1,0.5001401,0.0005602459,0.8737328052520752,0.9999883,11.357569,0.00029186718,-8.13892
3360,1,1,0.5000763,0.00030512922,0.5858215093612671,0.9999937,11.972448,0.00015891538,-8.74698
3361,1,1,0.50008255,0.00033015522,0.6436924338340759,0.9999896,11.481934,0.00017550377,-8.647675
3362,0,0,0.49994788,-0.00020845917,0.5253759026527405,4.4786943e-06,-12.3161745,0.9998913,9.127134
3363,1,1,0.50010943,0.00043775988,0.7276026606559753,0.9999796,10.801756,0.00023929184,-8.337587
3364,0,0,0.49993634,-0.00025460386,0.7719274163246155,7.1306445e-06,-11.851102,0.99986553,8.914257
3365,0,1,0.50088835,0.003553388,0.7437891364097595,0.0019244537,-6.251187,0.9998523,8.820223
3366,1,1,0.5000211,8.439662e-05,0.6438312530517578,0.99984944,8.800804,0.00019276087,-8.553867
3367,0,1,0.7750696,1.2371618,1.0,0.9999881,11.334568,0.55015117,0.20128134
3368,1,1,0.5000841,0.00033635204,0.5327567458152771,0.9999658,10.281744,0.0002024475,-8.5048275
3369,0,0,0.4999349,-0.00026032736,0.7585161924362183,1.8965708e-05,-10.872859,0.99985087,8.810864
3370,1,1,0.5000541,0.00021646064,0.6676945090293884,0.9999553,10.016351,0.00015297941,-8.785054
3371,0,1,0.50005865,0.00023457636,0.8098976016044617,0.00036961568,-7.902677,0.9997477,8.284799
3372,0,0,0.49984318,-0.00062729715,0.6456331610679626,4.6562163e-06,-12.277303,0.9996817,8.052053
3373,0,0,0.49987003,-0.000519828,0.6242868304252625,1.02381055e-05,-11.489384,0.9997298,8.216141
3374,1,0,0.3615846,-0.5684932,1.0,0.00043154412,-7.7477093,0.72273767,0.9580823
3375,1,1,0.5000855,0.0003418338,0.5709397792816162,0.9999548,10.005924,0.00021610718,-8.43952
3376,0,1,0.97079015,3.5036042,1.0,0.99997985,10.811459,0.9416005,2.7802744
3377,1,1,0.5001005,0.0004020121,0.6570621728897095,0.9999931,11.876582,0.00020793622,-8.478071
3378,1,1,0.5000807,0.00032276666,0.5815165042877197,0.9999831,10.988239,0.00017831838,-8.631762
3379,1,0,0.4999023,-0.0003907848,0.720885157585144,0.9995894,7.7973037,0.00021520576,-8.443701
3380,0,1,0.5067266,0.026908124,0.6362113356590271,0.013591806,-4.284603,0.9998615,8.884439
3381,0,1,0.52262473,0.0905608,1.0,0.9997521,8.302321,0.045497335,-3.0435367
3382,1,1,0.5000789,0.00031561637,0.7286036610603333,0.9999484,9.870902,0.00020944567,-8.470837
3383,1,1,0.5000974,0.00038961926,0.6181062459945679,0.99998665,11.220851,0.0002081568,-8.477011
3384,0,1,0.51326066,0.053055063,1.0,0.9999205,9.43977,0.0266008,-3.599853
3385,1,1,0.50012326,0.00049304724,0.680139422416687,0.9999877,11.30347,0.0002588202,-8.259118
3386,1,0,0.49663293,-0.013468497,1.0,0.003782919,-5.573469,0.98948294,4.5441813
3387,0,0,0.49994135,-0.0002346314,0.706882119178772,6.1946853e-06,-11.991813,0.9998765,8.999271
3388,1,1,0.5000883,0.00035315476,0.7708171010017395,0.9999684,10.364303,0.000208082,-8.47737
3389,1,0,0.46155336,-0.15409079,0.6985575556755066,0.92291695,2.4826553,0.00018979647,-8.569368
3390,0,0,0.4999216,-0.00031368883,0.7550666332244873,1.6114327e-05,-11.035786,0.9998271,8.662128
3391,0,0,0.49998587,-5.65068e-05,0.7072818279266357,0.0001013083,-9.197241,0.9998704,8.951172
3392,0,0,0.4999142,-0.00034326245,0.8042291402816772,1.8611767e-05,-10.891698,0.9998098,8.5671425
3393,0,0,0.49990726,-0.0003709885,0.775716245174408,3.0559997e-05,-10.395788,0.99978393,8.439819
3394,1,1,0.5000799,0.00031942988,0.7925633788108826,0.9999865,11.211099,0.00017315934,-8.661125
3395,1,1,0.50009304,0.00037222132,0.7507256865501404,0.9999845,11.077068,0.00020157594,-8.509143
3396,1,1,0.5000967,0.00038675935,0.6710132956504822,0.99997795,10.722143,0.00021546979,-8.442474
3397,1,1,0.50007766,0.00031061115,0.7669252753257751,0.99991894,9.42083,0.00023641135,-8.349701
3398,0,0,0.49989542,-0.00041827364,0.785982072353363,1.5829652e-05,-11.05361,0.999775,8.398943
3399,1,1,0.50001967,7.867504e-05,0.6940621733665466,0.99986565,8.914825,0.00017366812,-8.658191
3400,0,0,0.49994484,-0.00022074036,0.7666337490081787,1.4978708e-05,-11.108866,0.9998747,8.985327
3401,0,1,0.8970226,2.1645715,1.0,0.9999025,9.235116,0.7941428,1.3500803
3402,1,0,0.49993154,-0.00027374199,0.5617038011550903,0.99967086,8.01884,0.00019223118,-8.55662
3403,1,0,0.48385122,-0.06461762,0.7108503580093384,0.9674068,3.3905146,0.00029561503,-8.126157
3404,1,1,0.50005394,0.00021574555,0.46664178371429443,0.999966,10.290339,0.00014185121,-8.86059
3405,0,0,0.49990705,-0.00037188292,0.7016136646270752,2.0399337e-05,-10.799988,0.9997937,8.4860935
3406,1,1,0.5000275,0.000109904926,0.7578876614570618,0.99984884,8.796849,0.00020614927,-8.486704
3407,1,0,0.49981365,-0.00074533577,0.5371522903442383,0.99943835,7.484029,0.00018895594,-8.573808
3408,0,0,0.4999097,-0.00036120976,0.7745848894119263,5.7551338e-06,-12.0654125,0.9998136,8.5873375
3409,1,1,0.5000953,0.00038127782,0.6585661768913269,0.999974,10.556078,0.0002165459,-8.437491
3410,0,0,0.4998976,-0.0004096274,0.6896063089370728,6.749088e-06,-11.906096,0.99978846,8.460866
3411,0,0,0.49990112,-0.00039555505,0.7122324109077454,2.0186713e-05,-10.810466,0.999782,8.430927
3412,1,1,0.50009245,0.00036983803,0.5684870481491089,0.9999888,11.394124,0.00019612467,-8.536564
3413,1,0,0.45127952,-0.19550225,0.7111819386482239,0.902315,2.223216,0.00024404729,-8.317904
3414,0,1,0.5216233,0.0865472,1.0,0.99994993,9.901304,0.043296732,-3.095416
3415,0,1,0.5654449,0.26329005,1.0,0.99996233,10.185088,0.13092746,-1.8927832
3416,0,0,0.33215338,-0.6984617,1.0,0.28858694,-0.90225685,0.3757198,-0.50775564
3417,1,1,0.5000961,0.00038437606,0.43572136759757996,0.9999672,10.325039,0.00022496138,-8.399357
3418,0,0,0.49991027,-0.0003590036,0.6436073184013367,4.751498e-06,-12.257046,0.99981576,8.598646
3419,0,1,0.5002064,0.00082566025,0.7088960409164429,0.0005108322,-7.5789585,0.999902,9.230775
3420,1,1,0.50011253,0.00045015215,0.6802581548690796,0.9999846,11.085846,0.00024041421,-8.332907
3421,1,1,0.5000784,0.0003134713,0.8893158435821533,0.9999634,10.215456,0.00019330272,-8.55106
3422,1,1,0.5000635,0.00025388357,0.7828250527381897,0.9999174,9.400967,0.00020951938,-8.470485
3423,1,0,0.49532297,-0.0187087,0.6878748536109924,0.99048877,4.645722,0.00015719746,-8.757851
3424,1,0,0.4966485,-0.013406213,0.6217079162597656,0.9930783,4.9661474,0.00021867282,-8.427715
3425,0,1,0.5117029,0.04682009,1.0,0.99997115,10.453748,0.02343463,-3.729827
3426,1,1,0.50009394,0.00037579628,0.5935541391372681,0.99998426,11.058759,0.00020361443,-8.499079
3427,0,1,0.6302999,0.5335038,1.0,0.998432,6.4564214,0.26216787,-1.0347313
3428,0,1,0.8786272,1.9794937,1.0,0.9998914,9.127915,0.7573629,1.1382755
3429,1,1,0.50017595,0.00070380233,0.7995809316635132,0.99998486,11.094524,0.0003670858,-7.909548
3430,0,1,0.5000818,0.0003270568,0.7401426434516907,0.000982146,-6.924788,0.99918145,7.107243
3431,1,1,0.50014603,0.0005840741,0.6877024173736572,0.999984,11.0415325,0.0003080745,-8.084861
3432,0,0,0.49997053,-0.000117845324,0.6734764575958252,7.9000434e-05,-9.445978,0.9998621,8.888841
3433,0,1,0.951368,2.9736187,1.0,0.99997866,10.7547245,0.90275735,2.2282438
3434,0,0,0.49994072,-0.00023707577,0.5291289687156677,1.2204879e-05,-11.313663,0.9998692,8.942185
3435,0,1,0.5054167,0.021667663,1.0,0.9999337,9.621811,0.01089969,-4.5080614
3436,0,1,0.9840238,4.1205506,1.0,0.9919857,4.818474,0.97606194,3.7080545
3437,0,1,0.9421333,2.7900047,1.0,0.99868053,6.629247,0.8855861,2.0464265
3438,0,1,0.66925985,0.7048394,1.0,0.41316438,-0.35089916,0.9253553,2.517439
3439,0,0,0.49991176,-0.00035292178,0.8416119813919067,1.5003271e-05,-11.107227,0.9998085,8.560287
3440,1,0,0.47619632,-0.09528681,1.0,1.197495e-05,-11.332682,0.95238066,2.9957266
3441,0,1,0.61911565,0.4857963,1.0,0.9997887,8.461943,0.23844257,-1.1612371
3442,0,0,0.49995136,-0.00019456849,0.7524552941322327,2.5897642e-05,-10.561333,0.99987686,9.001961
3443,1,1,0.5001334,0.0005335576,0.6759995818138123,0.9999914,11.663017,0.00027532032,-8.1973
3444,1,1,0.5000269,0.000107521,0.6211732029914856,0.9998122,8.579991,0.00024160545,-8.327963
3445,1,1,0.5001131,0.00045253526,0.7557923793792725,0.9999589,10.0985985,0.00026734133,-8.226717
3446,1,1,0.5000733,0.00029321187,0.49778103828430176,0.9999304,9.573099,0.00021623498,-8.438929
3447,0,1,0.9714043,3.525487,1.0,0.9995689,7.748617,0.9432398,2.8104856
3448,1,1,0.5000341,0.00013636613,0.6340742111206055,0.99978083,8.425325,0.00028731086,-8.154658
3449,1,0,0.4977776,-0.008889672,0.8544846177101135,0.995261,5.3471837,0.00029423193,-8.130848
3450,1,1,0.5000824,0.0003294402,0.655335545539856,0.99997914,10.77672,0.00018561329,-8.59166
3451,1,1,0.5001618,0.0006473353,0.7207898497581482,0.9999825,10.952229,0.00034115792,-7.982824
3452,0,0,0.49993187,-0.00027248997,0.608302652835846,1.5390771e-05,-11.081727,0.99984837,8.794144
3453,1,1,0.50012743,0.0005097282,0.7992962002754211,0.9999769,10.673565,0.0002779846,-8.187667
3454,1,1,0.5001362,0.00054475723,0.7060643434524536,0.9999814,10.890789,0.00029097698,-8.141975
3455,1,0,0.49970463,-0.0011815253,0.509131133556366,0.99919516,7.124093,0.0002141226,-8.448748
3456,1,1,0.5001149,0.00045968455,0.6497933268547058,0.9999907,11.582099,0.00023908682,-8.338445
3457,0,1,0.72806096,0.9848069,1.0,0.99920243,7.1330547,0.4569195,-0.17275031
3458,1,0,0.47563642,-0.097531535,1.0,0.0019660008,-6.229786,0.94930685,2.9299421
3459,1,1,0.50010055,0.00040225044,0.7333589792251587,0.9999902,11.53609,0.0002108738,-8.46404
3460,0,0,0.49988538,-0.00045846478,0.5817862153053284,5.920088e-06,-12.037153,0.99976486,8.355324
3461,0,1,0.7445933,1.0699811,1.0,0.99926406,7.2136335,0.48992255,-0.04031521
3462,0,1,0.5275185,0.110185355,0.6791813373565674,0.05533379,-2.837448,0.9997032,8.122271
3463,0,1,0.53556764,0.14251125,1.0,0.99998283,10.97447,0.07115248,-2.5691195
3464,1,1,0.50005186,0.00020740266,0.45412677526474,0.99997365,10.545159,0.00013004038,-8.9475355
3465,0,0,0.49993837,-0.0002464956,0.6864656805992126,1.2381456e-05,-11.299298,0.99986434,8.905246
3466,1,0,0.490549,-0.03780858,0.7220743894577026,0.98082787,3.9349394,0.00027011012,-8.216411
3467,0,1,0.9397,2.7462287,1.0,0.9999372,9.6752825,0.8794629,1.9873538
3468,1,1,0.50002193,8.773419e-05,0.5868450999259949,0.9998553,8.840819,0.00018863406,-8.575513
3469,1,1,0.500132,0.0005280769,0.7440789341926575,0.99994195,9.753832,0.00032206107,-8.040447
3470,0,1,0.5179193,0.07170795,1.0,0.9999498,9.899523,0.03588883,-3.2907805
3471,0,1,0.8838102,2.0290174,1.0,0.9456628,2.8566775,0.82195765,1.5296675
3472,1,1,0.50007945,0.00031776147,0.6959778666496277,0.99997425,10.568268,0.00018463485,-8.596946
3473,0,1,0.704091,0.8668557,0.7015132904052734,0.40834928,-0.37079367,0.99983275,8.696304
3474,0,0,0.49992436,-0.00030253932,0.7447435855865479,8.244905e-06,-11.705907,0.9998405,8.743695
3475,1,1,0.5000842,0.00033682873,0.5800157785415649,0.99994516,9.812096,0.000223312,-8.406717
3476,1,1,0.5001334,0.0005335576,0.7593521475791931,0.99995446,9.997756,0.00031231318,-8.071192
3477,0,0,0.49999377,-2.4855446e-05,0.6057162284851074,0.00021733751,-8.433842,0.9997702,8.378125
3478,1,1,0.50012416,0.00049662177,0.7489399909973145,0.9999808,10.860729,0.000267454,-8.226295
3479,0,1,0.5429916,0.172392,1.0,0.99991786,9.407244,0.0860653,-2.3626528
3480,1,0,0.4999536,-0.00018556647,0.6508087515830994,0.99973744,8.244818,0.00016975046,-8.681011
3481,0,1,0.9654056,3.328856,1.0,0.99998176,10.912218,0.93082935,2.5994987
3482,1,0,0.002697835,-5.9126043,0.7907511591911316,0.004983636,-5.2965994,0.00041203384,-7.793993
3483,0,0,0.49987742,-0.00049024913,0.6883286237716675,4.6826735e-05,-9.969009,0.999708,8.138529
3484,0,0,0.49859113,-0.005635495,1.0,0.8912938,2.1040258,0.105888456,-2.1334443
3485,1,1,0.5000877,0.0003507714,0.6368093490600586,0.99993694,9.671696,0.00023846143,-8.341064
3486,1,0,0.49167725,-0.03329398,1.0,0.00023324457,-8.36319,0.9831213,4.0646763
3487,0,1,0.92251194,2.4769764,1.0,0.99998105,10.873055,0.8450428,1.6962383
3488,0,0,0.49996158,-0.00015361297,0.6937240958213806,1.6407188e-05,-11.017775,0.9999068,9.280279
3489,1,0,0.4999919,-3.2425454e-05,0.597556471824646,0.99982774,8.666491,0.000156063,-8.765095
3490,0,1,0.92980576,2.5837095,1.0,0.9993685,7.3666897,0.860243,1.8173096
3491,1,0,0.49984366,-0.00062538864,0.9047604203224182,0.99940014,7.4182935,0.0002871485,-8.155224
3492,1,1,0.5000501,0.00020048993,0.8697532415390015,0.9997758,8.402799,0.00032438882,-8.033243
3493,0,0,0.49993744,-0.0002502516,0.8463678359985352,9.615101e-06,-11.552166,0.9998653,8.912572
3494,0,1,0.718046,0.9347897,1.0,0.9999782,10.73193,0.43611383,-0.25694907
3495,0,1,0.5603682,0.24265647,0.6598231196403503,0.12086105,-1.9843013,0.9998753,8.989631
3496,0,1,0.58681566,0.35081685,0.6547258496284485,0.17377861,-1.5590807,0.99985266,8.822926
3497,0,1,0.8790059,1.9830499,1.0,0.95869523,3.1445937,0.7993166,1.3820288
3498,0,1,0.803035,1.4053724,1.0,0.9974546,5.970903,0.60861546,0.44149622
3499,0,1,0.52213633,0.08860326,1.0,0.99985635,8.847969,0.044416275,-3.0687165
3500,0,0,0.49994633,-0.00021465936,0.510974645614624,3.5125304e-05,-10.256554,0.99985754,8.8567705
3501,1,1,0.5000752,0.000300839,0.6365257501602173,0.9999883,11.357548,0.00016207964,-8.727261
3502,1,1,0.5000781,0.00031227956,0.6089164018630981,0.9999876,11.297826,0.00016856127,-8.688043
3503,0,0,0.4999241,-0.00030367216,0.7200835347175598,1.7824099e-05,-10.934941,0.99983037,8.681677
3504,0,1,0.9579289,3.1254125,1.0,0.999537,7.6773386,0.9163208,2.3933756
3505,1,1,0.50009626,0.00038509106,0.6243083477020264,0.9999758,10.6268425,0.00021673492,-8.436619
3506,0,1,0.5064333,0.025734691,1.0,0.99995184,9.940453,0.01291474,-4.336387
3507,0,1,0.7908619,1.3301286,1.0,0.9999777,10.711127,0.5817461,0.32994536
3508,1,1,0.5000759,0.0003034608,0.6717205047607422,0.99998856,11.382407,0.00016322453,-8.720221
3509,0,0,0.4999393,-0.00024279919,0.5576351284980774,5.9116865e-05,-9.735935,0.99981946,8.619107
3510,1,1,0.5000982,0.00039295582,0.8187311291694641,0.9999651,10.260846,0.0002313734,-8.371246
3511,0,1,0.5115385,0.046162248,1.0,0.99885464,6.7708697,0.024222415,-3.6959562
3512,1,1,0.5000952,0.00038080115,0.6321420669555664,0.9999846,11.081526,0.00020579183,-8.48844
3513,1,1,0.5001127,0.00045086708,0.5125284194946289,0.99998295,10.980137,0.00024243962,-8.324515
3514,1,0,0.4987039,-0.0051844167,0.6486757397651672,0.9971464,5.8563366,0.00026136244,-8.249341
3515,1,0,0.4592326,-0.16343246,0.7580624222755432,0.91825014,2.4188056,0.00021504905,-8.444429
3516,0,1,0.73446167,1.0173786,1.0,0.99990153,9.225241,0.46902186,-0.124071434
3517,0,1,0.50002915,0.00011657989,0.5855406522750854,0.00023102202,-8.3727665,0.9998273,8.663475
3518,0,1,0.5047457,0.018983468,1.0,0.99962103,7.8776684,0.0098704565,-4.6082897
3519,0,1,0.99034846,4.630939,1.0,0.9994899,7.5804234,0.98120695,3.955297
3520,0,0,0.49996176,-0.00015301682,0.8569259643554688,7.182957e-05,-9.541142,0.9998517,8.816054
3521,1,1,0.51441807,0.05768827,1.0,0.03956463,-3.1894512,0.9892715,4.5240674
3522,0,1,0.95073617,2.9600463,0.6523491740226746,0.90179294,2.217307,0.9996793,8.044628
3523,0,0,0.4998907,-0.0004371764,0.6125750541687012,1.2850469e-05,-11.262117,0.99976856,8.371042
3524,1,1,0.50007814,0.00031251792,0.6705615520477295,0.99996305,10.204914,0.00019320507,-8.551565
3525,0,0,0.49993944,-0.00024226261,0.6270989775657654,9.199488e-06,-11.596354,0.9998697,8.946057
3526,1,1,0.50007075,0.0002829628,0.5787456631660461,0.9999794,10.791522,0.00016210144,-8.727126
3527,1,0,0.48395962,-0.06418356,0.6074303388595581,0.9677421,3.4012015,0.00017717373,-8.638203
3528,0,1,0.7137153,0.91349745,1.0,0.9999558,10.025051,0.4274749,-0.29216117
3529,0,0,0.49906328,-0.0037469044,1.0,0.992157,4.8402624,0.00596956,-5.1150947
3530,1,0,0.4823828,-0.07049802,0.7946516871452332,0.9644938,3.3018982,0.00027181907,-8.210102
3531,1,1,0.5001112,0.0004449093,0.6545337438583374,0.9999777,10.709551,0.0002446829,-8.315303
3532,1,1,0.50009525,0.00038103948,0.7144866585731506,0.9999808,10.858889,0.00020966545,-8.469788
3533,0,1,0.54578674,0.1836615,1.0,0.99990106,9.2206745,0.09167241,-2.2933836
3534,1,0,0.39520806,-0.4254721,0.7232991456985474,0.7901549,1.3258594,0.00026125804,-8.249741
3535,0,1,0.500165,0.00065996323,0.7795811891555786,0.0004325688,-7.7453365,0.99989736,9.184556
3536,1,1,0.5000398,0.00015925094,0.6683538556098938,0.9999485,9.874754,0.0001311423,-8.939096
3537,0,1,0.50643736,0.02575084,0.6304708123207092,0.013067637,-4.324463,0.99980706,8.552687
3538,1,1,0.50009596,0.00038389943,0.6071324944496155,0.99998736,11.275435,0.00020453616,-8.494561
3539,0,0,0.49994603,-0.00021597095,0.8398883938789368,1.6046484e-05,-11.040005,0.999876,8.995651
3540,0,1,0.8207534,1.52146,1.0,0.898695,2.1828086,0.7428118,1.0606346
3541,1,0,0.49924403,-0.0030238405,0.5763756036758423,0.9982886,6.368742,0.00019950187,-8.519487
3542,0,1,0.50138974,0.005558985,0.5899369716644287,0.0028796238,-5.847212,0.99989986,9.208469
3543,0,0,0.49966824,-0.0013270238,0.6787757873535156,1.704629e-05,-10.979561,0.99931943,7.291931
3544,1,0,0.48391888,-0.06434666,1.0,2.7461214e-05,-10.502708,0.9678103,3.4033885
3545,1,1,0.5000646,0.00025841236,0.5612180829048157,0.99998033,10.834407,0.00014890364,-8.812062
3546,0,0,0.49986377,-0.00054499455,0.6825759410858154,1.2011698e-05,-11.3296175,0.9997155,8.164478
3547,0,0,0.49985904,-0.00056384003,0.7976083755493164,5.4259814e-05,-9.821672,0.99966383,7.997643
3548,0,1,0.5009415,0.0037661118,0.6627678871154785,0.0020596678,-6.183149,0.9998234,8.640958
3549,1,0,0.09635862,-2.2383556,0.6557607650756836,0.19248228,-1.4339609,0.00023496125,-8.355855
3550,1,1,0.5001388,0.0005552419,0.7012224197387695,0.9999888,11.40346,0.00028884568,-8.149329
3551,1,1,0.50005996,0.00023982034,0.6864025592803955,0.9999075,9.288317,0.000212438,-8.456648
3552,1,1,0.5000955,0.0003819928,0.619617760181427,0.99999106,11.624724,0.00019992233,-8.517382
3553,1,0,0.011800163,-4.4277716,0.680933952331543,0.023410251,-3.7308927,0.00019007466,-8.5679035
3554,0,0,0.49991894,-0.00032424222,0.8692141771316528,6.093547e-06,-12.008274,0.9998318,8.6900625
3555,0,1,0.5051623,0.020649921,0.6392819285392761,0.0104391435,-4.5516987,0.99988544,9.07444
3556,1,1,0.500139,0.00055595674,0.8172618746757507,0.9999163,9.3884945,0.0003616395,-7.924501
3557,1,1,0.5001008,0.00040320374,0.6479594707489014,0.9999889,11.405649,0.00021269945,-8.455418
3558,1,1,0.50010943,0.00043775988,0.7266247868537903,0.99998343,11.00898,0.00023546786,-8.353701
3559,1,0,0.48797128,-0.048124105,0.5704741477966309,0.97573745,3.6942585,0.000205116,-8.49173
3560,1,0,0.49829417,-0.0068233414,1.0,0.27612242,-0.963778,0.7204659,0.94677377
3561,1,1,0.5001141,0.00045634824,0.779998779296875,0.9999883,11.354536,0.00023983455,-8.335321
3562,1,0,0.4953594,-0.018562898,0.712008535861969,0.99046004,4.6426716,0.00025872642,-8.25948
3563,1,1,0.5001295,0.00051806855,0.7645078897476196,0.999982,10.921838,0.00027705377,-8.191022
3564,0,1,0.67717373,0.7408136,1.0,0.99407566,5.1227403,0.36027178,-0.57418466
3565,1,1,0.5000923,0.00036936137,0.736739993095398,0.9999479,9.862517,0.00023673635,-8.348327
3566,0,1,0.6056118,0.42890346,0.7034041881561279,0.21165143,-1.3149997,0.9995722,7.756585
3567,0,0,0.49995378,-0.00018497033,0.4828352630138397,6.8513896e-06,-11.891052,0.9999007,9.217668
3568,0,1,0.5000363,0.00014518638,0.5333794951438904,0.00018657786,-8.586475,0.99988604,9.07927
3569,0,0,0.4405134,-0.23907878,1.0,0.44797635,-0.20885058,0.43305045,-0.26941612
3570,0,0,0.49993742,-0.00025031122,0.7251067161560059,4.0749917e-05,-10.108016,0.99983406,8.703991
3571,1,0,0.4999118,-0.00035286215,0.67958664894104,0.9996165,7.865989,0.00020706806,-8.482256
3572,1,1,0.5002709,0.0010836212,0.7154605984687805,0.9999938,11.985647,0.00054803194,-7.508629
3573,0,1,0.51337016,0.05349337,1.0,0.9997862,8.450432,0.026954088,-3.5862963
3574,0,0,0.4999257,-0.00029711367,0.648716390132904,1.0175867e-05,-11.4954815,0.9998412,8.747614
3575,1,1,0.50028914,0.0011566146,0.6992422938346863,0.9999881,11.341327,0.00059025234,-7.43437
3576,0,0,0.4999282,-0.00028709718,0.5532859563827515,3.3352902e-05,-10.308332,0.99982303,8.63931
3577,0,1,0.5022737,0.009094835,0.5751093029975891,0.0046762526,-5.360571,0.99987113,8.956678
3578,0,1,0.5087299,0.034923013,1.0,0.04611253,-3.029461,0.9713472,3.523432
3579,1,1,0.50011384,0.000455395,0.676033616065979,0.9999665,10.303412,0.0002611923,-8.249992
3580,0,1,0.5081623,0.032652155,1.0,0.9999125,9.344302,0.01641216,-4.0931845
3581,0,1,0.52940804,0.117768094,1.0,0.9998024,8.528766,0.059013657,-2.7691598
3582,1,0,0.48166594,-0.07336906,0.7666540145874023,0.96316636,3.263814,0.00016553371,-8.70617
3583,0,1,0.5139139,0.05567009,0.6433560252189636,0.027977679,-3.5479717,0.99985015,8.806082
3584,1,0,0.46948996,-0.122192025,1.0,1.1382143e-05,-11.383453,0.93896854,2.7333927
3585,1,1,0.5000924,0.0003695997,0.6964722871780396,0.9999839,11.035073,0.00020091717,-8.512417
3586,0,0,0.49992642,-0.0002942518,0.6549132466316223,1.4146665e-05,-11.166018,0.9998387,8.732522
3587,0,0,0.49994072,-0.00023707577,0.6636192202568054,1.5776768e-05,-11.056956,0.99986565,8.914678
3588,0,0,0.49997222,-0.00011110923,0.8202346563339233,0.000134909,-8.910775,0.99980956,8.565715
3589,1,0,0.49297327,-0.028108789,0.839617908000946,0.9855611,4.2232823,0.00038546638,-7.860671
3590,1,1,0.5001417,0.0005666796,0.6125397086143494,0.9999751,10.600357,0.00030823608,-8.084336
3591,0,0,0.49992675,-0.00029299976,0.7354300618171692,3.0681094e-05,-10.391833,0.9998228,8.637817
3592,1,1,0.50007164,0.00028653807,0.629463255405426,0.99996746,10.333855,0.00017587768,-8.645546
3593,0,0,0.49970794,-0.0011682776,0.8382608294487,6.8057907e-06,-11.89773,0.9994091,7.433309
3594,1,1,0.500093,0.000371983,0.6530504822731018,0.9999721,10.487545,0.00021388428,-8.449862
3595,0,0,0.49995032,-0.00019880125,0.584236741065979,1.661405e-05,-11.005245,0.999884,9.061596
3596,0,1,0.5368944,0.14784627,1.0,0.999985,11.108381,0.07380373,-2.529677
3597,0,1,0.55536836,0.22238548,0.6782031059265137,0.11085057,-2.0820823,0.99988616,9.081
3598,0,0,0.49993554,-0.00025788293,0.6860561966896057,1.1364551e-05,-11.385,0.9998597,8.872084
3599,1,1,0.50016034,0.0006413787,0.6876602172851562,0.99998426,11.061132,0.000336402,-7.996867
3600,0,0,0.49996564,-0.00013739815,0.5620589256286621,3.5965822e-05,-10.232905,0.99989533,9.165225
3601,1,0,0.49145836,-0.034169897,0.7184906601905823,0.9826748,4.038114,0.00024190993,-8.326703
3602,1,1,0.5001013,0.00040534863,0.6684409976005554,0.99996984,10.410293,0.00023287191,-8.364789
3603,0,1,0.9262873,2.5310092,0.5677105784416199,0.85286725,1.7572685,0.9997074,8.13661
3604,0,0,0.4999513,-0.00019480695,0.5191054940223694,1.9652563e-05,-10.837283,0.99988294,9.052931
3605,1,0,0.28948447,-0.8978891,0.6672516465187073,0.5787877,0.31779867,0.00018128009,-8.615286
3606,1,0,0.49477726,-0.020891724,1.0,0.0004437818,-7.7197337,0.98911077,4.5090303
3607,1,1,0.5001326,0.0005304598,0.7001417875289917,0.99998987,11.502089,0.0002753521,-8.197185
3608,0,1,0.8207127,1.5211835,0.7502272129058838,0.64174515,0.5829468,0.99968016,8.047259
3609,0,1,0.89438593,2.1363459,0.7540087699890137,0.7889306,1.3184912,0.99984133,8.748865
3610,1,1,0.5000789,0.00031561637,0.7890534996986389,0.9999809,10.86657,0.0001769495,-8.639469
3611,1,0,0.4999469,-0.00021245352,0.7338117957115173,0.9996177,7.868832,0.00027611156,-8.194429
3612,1,1,0.50005347,0.0002138386,0.8035247921943665,0.9998485,8.794601,0.0002584503,-8.260549
3613,0,1,0.5005059,0.0020236745,0.4884699583053589,0.0011116978,-6.8007545,0.9999001,9.211076
3614,1,1,0.50010556,0.00042226934,0.7115519642829895,0.99998176,10.909638,0.00022941043,-8.379768
3615,1,0,0.16353132,-1.6321846,0.6954399347305298,0.3268533,-0.7224519,0.00020933109,-8.471384
3616,0,0,0.49990895,-0.0003642507,0.8393130898475647,9.320505e-06,-11.583284,0.9998086,8.560869
3617,1,0,0.499713,-0.0011479885,0.5672376751899719,0.9993011,7.2652507,0.00012495708,-8.987415
3618,0,0,0.49978682,-0.0008526502,0.6044414043426514,1.7896642e-05,-10.93088,0.99955577,7.7186556
3619,1,1,0.50013787,0.00055142934,0.6674342155456543,0.99997663,10.662836,0.0002991069,-8.11441
3620,0,0,0.49980876,-0.0007649008,0.7697320580482483,6.2981862e-06,-11.975243,0.9996112,7.852079
3621,1,0,0.32504588,-0.7306784,1.0,5.465595e-05,-9.814398,0.6500371,0.61920214
3622,1,1,0.5001184,0.0004735064,0.8055026531219482,0.999948,9.865011,0.00028868843,-8.149874
3623,1,1,0.5000292,0.00011681828,0.75871741771698,0.9998733,8.973284,0.00018514946,-8.594162
3624,0,0,0.49998987,-4.053198e-05,0.7673676609992981,0.00024192192,-8.3266535,0.9997378,8.246193
3625,0,0,0.49993354,-0.00026581244,0.6972018480300903,7.246161e-06,-11.8350315,0.9998598,8.872112
3626,1,1,0.5000695,0.00027795744,0.6370675563812256,0.9999646,10.2501335,0.00017443902,-8.653761
3627,1,1,0.5001128,0.00045110538,0.7771279811859131,0.9999368,9.669661,0.0002886945,-8.149853
3628,1,0,0.4852158,-0.059154037,1.0,0.0014036107,-6.5673027,0.969028,3.4432101
3629,1,1,0.5000209,8.368142e-05,0.5456538796424866,0.999925,9.498424,0.00011680144,-9.054918
3630,1,1,0.50012094,0.00048375348,0.8872461318969727,0.99994814,9.866853,0.00029368768,-8.1327
3631,1,1,0.50009245,0.00036983803,0.7456205487251282,0.99999166,11.689245,0.00019327822,-8.551187
3632,0,1,0.51220214,0.048818275,1.0,0.9999579,10.075796,0.02444637,-3.6865234
3633,0,1,0.54851556,0.19467475,1.0,0.9999691,10.385061,0.09706197,-2.2303042
3634,0,1,0.5032015,0.012806082,0.6149303913116455,0.0065371403,-5.023697,0.9998658,8.916206
3635,1,1,0.50020605,0.0008242309,0.624260425567627,0.99999225,11.770834,0.0004198792,-7.7751236
3636,1,1,0.5000367,0.00014685506,0.5921577215194702,0.9999858,11.164329,8.7574954e-05,-9.342928
3637,0,0,0.49991226,-0.00035095413,0.7355157732963562,1.5775851e-05,-11.057014,0.9998087,8.561654
3638,1,1,0.50007343,0.00029368856,0.6634080410003662,0.99995947,10.113842,0.00018734208,-8.582387
3639,0,1,0.58070487,0.3256676,1.0,0.999138,7.0554304,0.16227171,-1.6414217
3640,0,1,0.5000158,6.317893e-05,0.5621907711029053,0.000120813114,-9.021145,0.99991083,9.324385
3641,1,1,0.5001638,0.000655198,0.6592321395874023,0.9999542,9.99123,0.0003733275,-7.892681
3642,1,0,0.4723458,-0.11072975,1.0,2.815935e-05,-10.477603,0.94466347,2.8373964
3643,1,1,0.5000751,0.0003003623,0.6395412087440491,0.9999933,11.915293,0.00015682048,-8.760252
3644,1,1,0.5000854,0.00034159547,0.7498260736465454,0.9999814,10.893298,0.00018946704,-8.571106
3645,1,1,0.50009143,0.0003657864,0.7051185965538025,0.99998856,11.381161,0.00019432744,-8.545772
3646,1,1,0.50012285,0.0004913792,0.6380491852760315,0.9999796,10.80208,0.00026609577,-8.231388
3647,1,0,0.49915564,-0.0033774127,0.7649685740470886,0.99807054,6.248599,0.00024074959,-8.331512
3648,0,1,0.8332839,1.609082,1.0,0.99998224,10.9355545,0.6665855,0.6927818
3649,1,1,0.50008667,0.0003467197,0.6854750514030457,0.99998,10.818537,0.00019340061,-8.550553
3650,0,0,0.49989885,-0.00040461856,0.837674081325531,1.2797954e-05,-11.266212,0.9997849,8.443842
3651,1,0,0.49680468,-0.0127813555,0.6956556439399719,0.9933385,5.0047264,0.00027081926,-8.213788
3652,1,1,0.50010896,0.00043585338,0.7198793888092041,0.99997604,10.639917,0.00024190602,-8.326719
3653,1,1,0.7385553,1.0384732,1.0,0.57521504,0.30316097,0.90189564,2.218467
3654,0,0,0.4999541,-0.00018359916,0.6533164381980896,2.0953183e-05,-10.773199,0.9998872,9.08972
3655,0,0,0.49990478,-0.00038094624,0.8318912386894226,2.2909475e-05,-10.683937,0.9997867,8.452152
3656,1,1,0.50013226,0.00052903005,0.8542179465293884,0.9999502,9.906903,0.00031436153,-8.064652
3657,0,0,0.4997883,-0.000846804,0.8446969389915466,2.2666774e-05,-10.694588,0.999554,7.714732
3658,0,1,0.50386727,0.015469326,0.6381446719169617,0.007868732,-4.8369584,0.9998658,8.916035
3659,1,0,0.4558091,-0.177226,1.0,7.9167934e-05,-9.44386,0.911539,2.332572
3660,1,1,0.5001854,0.0007414453,0.7570361495018005,0.99998546,11.138903,0.00038526798,-7.861186
3661,1,1,0.50016755,0.0006702084,0.8148858547210693,0.9999567,10.048721,0.0003783931,-7.8791986
3662,1,1,0.50012493,0.0004997197,0.8371984958648682,0.99997985,10.8142805,0.00027002746,-8.216717
3663,0,1,0.58130944,0.3281511,0.6443731188774109,0.16282724,-1.6373407,0.9997917,8.476185
3664,1,1,0.5027863,0.011145241,1.0,0.37471408,-0.5120457,0.6308584,0.5359013
3665,1,1,0.5001134,0.00045372683,0.7027647495269775,0.9998579,8.859055,0.0003689901,-7.9043717
3666,1,1,0.5000678,0.0002710452,0.6430050134658813,0.99997866,10.756697,0.00015687311,-8.759916
3667,1,1,0.5000464,0.00018547245,0.8383498787879944,0.9998821,9.046044,0.00021063366,-8.465179
3668,1,1,0.50004673,0.0001869027,0.6170539855957031,0.9999124,9.342606,0.00018103809,-8.616622
3669,0,0,0.49995303,-0.00018789149,0.565965473651886,2.2748934e-05,-10.690969,0.9998833,9.055729
3670,0,1,0.955221,3.0602033,1.0,0.99984026,8.742165,0.91060174,2.3210042
3671,0,0,0.49993724,-0.00025102665,0.5751251578330994,2.4186953e-05,-10.629673,0.9998503,8.806753
3672,1,1,0.50008005,0.0003201449,0.6798188090324402,0.9999161,9.386288,0.0002439833,-8.318167
3673,1,0,0.05653281,-2.8147404,0.7477110028266907,0.11278665,-2.0625875,0.00027896932,-8.18413
3674,1,1,0.50009364,0.00037460463,0.7694116830825806,0.99999034,11.542198,0.00019693363,-8.532447
3675,1,0,0.49960732,-0.0015706827,0.6393779516220093,0.99893814,6.846646,0.0002765083,-8.192993
3676,0,0,0.49987343,-0.0005063504,0.723318874835968,2.348896e-05,-10.658957,0.9997234,8.192805
3677,1,1,0.5000565,0.00022599527,0.5854651927947998,0.9999864,11.203203,0.00012658944,-8.974435
3678,1,1,0.50009185,0.00036745472,0.6237457394599915,0.9999918,11.708742,0.00019195971,-8.558033
3679,0,0,0.49980712,-0.00077152206,0.6714311838150024,7.570771e-05,-9.488555,0.99953854,7.680703
3680,1,1,0.50012577,0.00050305587,0.7203638553619385,0.99999154,11.684818,0.00025994494,-8.254781
3681,0,0,0.49990854,-0.000365801,0.6435412168502808,1.7271206e-05,-10.966453,0.9997998,8.515606
3682,0,0,0.49994215,-0.00023135239,0.5193949341773987,1.9471996e-05,-10.846514,0.9998648,8.908949
3683,1,1,0.50005805,0.00023219273,0.5933377742767334,0.9999552,10.014032,0.00016089185,-8.734617
3684,0,1,0.5030067,0.01202689,0.7143629789352417,0.006417036,-5.0423613,0.9995964,7.814644
3685,0,0,0.4996497,-0.0014012136,0.8726101517677307,1.4141107e-05,-11.16641,0.9992853,7.242928
3686,0,1,0.8556526,1.7796414,1.0,0.9977763,6.1063585,0.71352875,0.91258454
3687,1,1,0.50009227,0.00036912304,0.5851104855537415,0.9999733,10.528929,0.00021118388,-8.46257
3688,1,0,0.49984473,-0.0006210944,0.7846331000328064,0.99950683,7.6141024,0.00018260446,-8.608006
3689,1,0,0.49307907,-0.027685514,1.0,0.0002150558,-8.444398,0.9859431,4.2504873
3690,0,1,0.534682,0.13895108,1.0,0.9302882,2.591125,0.13907573,-1.8229879
3691,1,0,0.4998782,-0.00048726745,0.5399296283721924,0.99950683,7.61427,0.00024955138,-8.295596
3692,0,1,0.53628695,0.14540344,1.0,0.9958532,5.4812684,0.076720744,-2.4877596
3693,0,0,0.45718026,-0.1716995,1.0,0.786483,1.3038546,0.1278775,-1.9198571
3694,0,0,0.49999428,-2.2888446e-05,0.6516289114952087,0.000121003344,-9.019571,0.99986756,8.929692
3695,0,1,0.522011,0.088100836,1.0,0.99876815,6.6980515,0.04525377,-3.0491595
3696,0,1,0.96861535,3.4295487,1.0,0.9991623,7.084041,0.9380684,2.7177925
3697,0,0,0.49996018,-0.0001592763,0.7781454920768738,8.933331e-06,-11.625712,0.9999114,9.332047
3698,1,1,0.50014865,0.00059455837,0.7515606880187988,0.9999852,11.118521,0.0003120462,-8.072047
3699,1,1,0.5000667,0.0002667548,0.5321159362792969,0.9999831,10.985476,0.00015030547,-8.8026905
3700,0,0,0.4999346,-0.00026151977,0.7927478551864624,1.1585909e-05,-11.365709,0.99985766,8.857363
3701,1,0,0.2552329,-1.0708951,1.0,6.174727e-05,-9.692399,0.51040405,0.041622236
3702,0,1,0.5002739,0.0010955291,0.7064945697784424,0.0006793927,-7.2936316,0.9998684,8.935478
3703,1,1,0.500055,0.00022003613,0.6045786142349243,0.9999416,9.74749,0.00016848832,-8.688476
3704,0,0,0.49996957,-0.00012166048,0.8011425137519836,0.00020112112,-8.511402,0.99973804,8.24699
3705,1,1,0.5001237,0.00049471535,0.7502759695053101,0.9999883,11.354811,0.0002590849,-8.258096
3706,1,1,0.5001698,0.0006792622,0.8038302659988403,0.99998844,11.36902,0.00035117284,-7.953881
3707,1,1,0.5000788,0.0003151397,0.5796126127243042,0.99997616,10.6423235,0.00018139007,-8.614679
3708,1,1,0.5000023,9.298281e-06,0.6089749932289124,0.9998479,8.791039,0.00015681825,-8.760266
3709,0,0,0.4998958,-0.00041678292,0.6930329203605652,1.2228005e-05,-11.3117695,0.9997794,8.418671
3710,0,0,0.49994454,-0.00022181348,0.608334481716156,1.2432807e-05,-11.295159,0.9998766,9.0005245
3711,0,1,0.5883996,0.35735333,1.0,0.99995744,10.063486,0.1768417,-1.5378935
3712,0,0,0.49964795,-0.0014081374,0.8499884605407715,6.526698e-06,-11.939603,0.9992894,7.248759
3713,0,0,0.49997634,-9.465666e-05,0.6913673281669617,0.00010085364,-9.201739,0.9998518,8.816927
3714,1,0,0.4637524,-0.14524525,1.0,2.3141132e-05,-10.673876,0.92748165,2.548633
3715,1,1,0.5001738,0.00069522526,0.9541024565696716,0.99996257,10.191753,0.00038504144,-7.8617744
3716,1,0,0.49907425,-0.003703051,0.7753101587295532,0.9979153,6.1710796,0.00023319342,-8.363409
3717,1,1,0.5001487,0.0005947966,0.808070182800293,0.9999863,11.198254,0.0003111256,-8.075003
3718,0,0,0.49995813,-0.00016744346,0.7152392268180847,0.00012157318,-9.014873,0.99979466,8.49058
3719,0,0,0.49973252,-0.0010699391,0.764935314655304,2.4101048e-05,-10.633231,0.99944097,7.488778
3720,1,0,0.45385236,-0.18511741,0.6292687654495239,0.9075439,2.2840078,0.00016083755,-8.734955
3721,1,1,0.50012547,0.00050186436,0.7007043957710266,0.9999864,11.202427,0.00026454488,-8.237235
3722,1,0,0.4880591,-0.047772672,1.0,7.333544e-05,-9.520393,0.9760449,3.7073243
3723,1,1,0.5000967,0.00038675935,0.6287790536880493,0.9999776,10.704113,0.00021580677,-8.440911
3724,1,1,0.5000835,0.00033396867,0.6173390746116638,0.99998736,11.274707,0.00017970403,-8.62402
3725,1,0,0.43891397,-0.24557085,1.0,0.00823648,-4.7909117,0.8695915,1.8973513
3726,1,1,0.5000633,0.0002531685,0.8107445240020752,0.99984014,8.740866,0.0002864529,-8.15765
3727,1,1,0.50020176,0.00080707873,0.798302173614502,0.99998844,11.369513,0.0004150722,-7.786643
3728,0,1,0.50004804,0.00019214691,0.49982622265815735,0.00023511071,-8.355219,0.999861,8.880997
3729,0,0,0.49991766,-0.00032942952,0.6763667464256287,1.44331925e-05,-11.145966,0.9998209,8.626897
3730,1,1,0.50009394,0.00037579628,0.728143572807312,0.9999826,10.961585,0.00020530305,-8.490818
3731,1,0,0.4990629,-0.0037484001,0.7126951813697815,0.99777883,6.1074743,0.00034697397,-7.965914
3732,1,1,0.50010735,0.00042941887,0.7090889811515808,0.99999094,11.61366,0.00022381506,-8.404467
3733,1,0,0.4981185,-0.0075260373,0.8559489846229553,0.9959847,5.5136166,0.00025233199,-8.2845125
3734,0,0,0.49995232,-0.00019075305,0.7330414056777954,2.3366392e-05,-10.664188,0.99988127,9.038379
3735,1,1,0.50009596,0.00038389943,0.6159741282463074,0.99998677,11.232693,0.00020513595,-8.491632
3736,0,1,0.5089356,0.035746116,1.0,0.9989243,6.8337784,0.018946769,-3.9469934
3737,1,1,0.50003296,0.00013183679,0.6074868440628052,0.99989367,9.148389,0.00017226905,-8.666281
3738,0,0,0.4999299,-0.00028035993,0.6397031545639038,2.0627474e-05,-10.788866,0.9998392,8.735424
3739,0,1,0.5007432,0.0029728287,0.588507890701294,0.0016147508,-6.4269586,0.9998716,8.960416
3740,1,0,0.49997887,-8.446335e-05,0.6390045881271362,0.9997359,8.238722,0.0002218447,-8.413311
3741,0,0,0.4999457,-0.00021722291,0.7712059617042542,5.49891e-06,-12.110955,0.9998859,9.07851
3742,1,1,0.5000743,0.0002972638,0.7466452121734619,0.999869,8.940044,0.00027967212,-8.181613
3743,0,1,0.58523184,0.34428838,0.6880204677581787,0.17089662,-1.5792861,0.9995671,7.744507
3744,0,1,0.5876106,0.3540964,1.0,0.98365605,4.097421,0.19156517,-1.439872
3745,0,0,0.49501392,-0.0199449,1.0,0.96361345,3.276491,0.026414407,-3.6070762
3746,0,1,0.91420066,2.3660388,1.0,0.9999347,9.635439,0.8284667,1.5747993
3747,0,0,0.4999424,-0.0002303985,0.6352061033248901,8.050428e-06,-11.729777,0.99987674,9.000986
3748,0,0,0.4999088,-0.00036478735,0.6917727589607239,1.9385634e-05,-10.850959,0.99979824,8.508242
3749,0,0,0.49995026,-0.00019892049,0.6720421314239502,2.5569489e-05,-10.574085,0.99987495,8.986386
3750,1,1,0.5000928,0.00037126802,0.7275788187980652,0.99998176,10.9125395,0.00020390021,-8.497676
3751,1,0,0.48751807,-0.049938064,1.0,0.00041130115,-7.7957735,0.9746249,3.648282
3752,0,0,0.49986878,-0.0005249567,0.7623083591461182,5.084273e-05,-9.886723,0.9996867,8.068139
3753,1,0,0.0737158,-2.530964,0.8628464341163635,0.14713457,-1.7572541,0.0002970273,-8.121389
3754,1,1,0.5000544,0.00021765247,0.5713377594947815,0.9999876,11.297668,0.00012122949,-9.017704
3755,0,0,0.49985608,-0.00057558884,0.9215888977050781,6.1980713e-06,-11.991266,0.999706,8.131603
3756,0,0,0.49982765,-0.0006894461,0.7069872617721558,3.1781754e-05,-10.356586,0.99962354,7.8842297
3757,1,1,0.5001297,0.00051878346,0.4937695264816284,0.9999887,11.39208,0.0002707826,-8.213923
3758,1,0,0.49986485,-0.0005407007,0.5476966500282288,0.9995296,7.6615057,0.00020008937,-8.516546
3759,0,1,0.79949355,1.3831321,1.0,0.9992581,7.2056465,0.59972894,0.40433586
3760,1,0,0.49361157,-0.025555069,1.0,1.545154e-05,-11.077786,0.9872077,4.346034
3761,0,1,0.6338088,0.5485917,0.793691098690033,0.26779446,-1.0058415,0.99982315,8.639709
3762,0,1,0.50005585,0.00022337325,0.6273002028465271,0.00039876942,-7.8267283,0.9997129,8.155365
3763,1,1,0.5001048,0.0004191712,0.8598173260688782,0.99998665,11.22177,0.00022291804,-8.4084835
3764,1,0,0.4893352,-0.042665686,1.0,5.2285504e-06,-12.161371,0.9786652,3.825851
3765,1,0,0.013243106,-4.3109465,0.8597755432128906,0.026170162,-3.6166167,0.00031604918,-8.059297
3766,1,1,0.5000303,0.000121109304,0.6245901584625244,0.9998541,8.832674,0.0002064632,-8.485182
3767,1,1,0.50009024,0.00036101977,0.593106210231781,0.9999788,10.761828,0.00020174301,-8.508314
3768,0,1,0.50007975,0.00031895319,0.5458125472068787,0.000571215,-7.4671736,0.9995883,7.7948422
3769,0,1,0.51322377,0.052907407,1.0,0.99993825,9.693142,0.02650927,-3.6033938
3770,0,1,0.54256696,0.17068097,0.6821731925010681,0.08528731,-2.3725843,0.9998466,8.78269
3771,1,1,0.5001895,0.0007578838,0.8470186591148376,0.9999813,10.888563,0.00039770984,-7.82939
3772,0,0,0.49980336,-0.0007865541,0.4126889109611511,4.1896437e-05,-10.080268,0.9995648,7.7393928
3773,0,1,0.5430312,0.17255172,1.0,0.99987924,9.021864,0.08618315,-2.3611555
3774,1,1,0.50008905,0.0003562531,0.6726368069648743,0.9999236,9.479267,0.00025450313,-8.275943
3775,1,1,0.50007117,0.00028463127,0.7067723274230957,0.9998404,8.742962,0.0003019765,-8.104859
3776,0,0,0.49993187,-0.00027248997,0.5906188488006592,2.0961157e-05,-10.772819,0.99984276,8.758039
3777,1,0,0.49952602,-0.0018959125,0.7498923540115356,0.9988028,6.726511,0.00024928336,-8.296671
3778,1,1,0.5001071,0.0004284656,0.6989749670028687,0.99993193,9.595334,0.0002823004,-8.172256
3779,0,0,0.49978918,-0.00084328436,0.4069613218307495,3.250889e-05,-10.333964,0.9995459,7.6968637
3780,0,0,0.49992213,-0.00031142315,0.8914893269538879,3.1721072e-05,-10.358498,0.99981254,8.581349
3781,0,1,0.50008434,0.0003373054,0.7990032434463501,0.0006412254,-7.351488,0.99952745,7.6568727
3782,1,0,0.49945813,-0.0021674861,0.47878769040107727,0.9987919,6.7174883,0.00012436937,-8.99213
3783,1,0,0.39673108,-0.41910443,0.6717422008514404,0.7932414,1.3445756,0.00022079806,-8.418041
3784,0,0,0.49992916,-0.0002832814,0.672970712184906,7.198553e-06,-11.841623,0.9998511,8.812114
3785,1,0,0.14370926,-1.7848178,0.7417206168174744,0.2869935,-0.910031,0.0004250073,-7.762979
3786,0,0,0.49985018,-0.00059932546,0.7167367339134216,3.7350906e-05,-10.195116,0.999663,7.9950447
3787,0,1,0.7135185,0.9125344,1.0,0.9999168,9.394684,0.42712018,-0.29361063
3788,1,0,0.49836808,-0.0065277023,0.5952981114387512,0.9965563,5.66774,0.00017986963,-8.623098
3789,0,1,0.6559482,0.64528966,1.0,0.9999839,11.033524,0.31191254,-0.7911931
3790,0,1,0.50150716,0.006028682,1.0,0.1330251,-1.8744723,0.8699892,1.9008627
3791,0,1,0.62744844,0.521286,1.0,0.99952185,7.6449695,0.25537497,-1.0701478
3792,1,0,0.4997526,-0.0009895093,0.6219025254249573,0.99929833,7.2614517,0.00020686362,-8.483244
3793,1,1,0.501796,0.00718403,1.0,0.017802512,-4.0104527,0.9857895,4.239457
3794,1,1,0.59633505,0.3902175,1.0,0.24361631,-1.1329542,0.9490538,2.9246955
3795,0,1,0.5027748,0.011099264,0.6112305521965027,0.005666095,-5.167573,0.9998834,9.056463
3796,1,1,0.50008476,0.00033897377,0.6897087097167969,0.9999715,10.46389,0.00019805614,-8.526762
3797,0,0,0.49992192,-0.0003123175,0.5661007761955261,2.3184779e-05,-10.671991,0.99982065,8.625673
3798,0,1,0.6307647,0.53549886,1.0,0.9986651,6.6175694,0.26286438,-1.0311337
3799,0,1,0.9755414,3.6860113,1.0,0.9948596,5.265473,0.95622325,3.0838892
3800,1,1,0.5001189,0.00047565115,0.6223189830780029,0.9999801,10.823904,0.0002577743,-8.263168
3801,1,0,0.4485133,-0.20667948,1.0,0.005104243,-5.272566,0.89192235,2.1105287
3802,0,0,0.4999951,-1.9550514e-05,0.6667327880859375,0.00011800548,-9.0446615,0.9998722,8.964947
3803,1,1,0.50007,0.00027986424,0.7670525908470154,0.9999794,10.789967,0.0001605648,-8.736652
3804,0,0,0.49992228,-0.00031088653,0.6100629568099976,4.5132915e-06,-12.308479,0.99984,8.740795
3805,1,1,0.5001261,0.0005044856,0.7818115949630737,0.99998605,11.184352,0.00026618864,-8.231039
3806,0,0,0.4998534,-0.00058644323,0.693385124206543,4.866042e-06,-12.233225,0.9997019,8.117875
3807,1,1,0.5002589,0.0010357498,0.9246276021003723,0.99998724,11.266694,0.0005306362,-7.540903
3808,1,1,0.5000924,0.0003695997,0.6342894434928894,0.999982,10.926895,0.00020272701,-8.503448
3809,1,1,0.5000732,0.00029273517,0.7519874572753906,0.99978656,8.451981,0.00035989046,-7.929351
3810,0,0,0.49999434,-2.2650021e-05,0.6490654945373535,0.0001165569,-9.057014,0.9998721,8.963844
3811,1,1,0.50003976,0.00015901255,0.33509334921836853,0.9998171,8.605955,0.00026245468,-8.24517
3812,1,1,0.500087,0.0003481497,0.7481386065483093,0.9999678,10.3429985,0.00020622122,-8.486355
3813,1,1,0.5000767,0.00030679765,0.7078269124031067,0.9999318,9.593721,0.0002216629,-8.414131
3814,1,0,0.4699621,-0.12029646,0.6207075715065002,0.93972766,2.7467177,0.00019648703,-8.534718
3815,1,0,0.47037283,-0.11864775,1.0,0.00020741801,-8.480567,0.9405382,2.7611184
3816,0,0,0.4999304,-0.00027839243,0.787021279335022,6.142962e-06,-12.000197,0.9998547,8.8363285
3817,0,0,0.49991795,-0.00032811778,0.7720445990562439,2.3223462e-05,-10.670324,0.99981266,8.582134
3818,1,0,0.49957088,-0.0017165365,0.616115927696228,0.99897206,6.879148,0.00016966762,-8.6814995
3819,1,1,0.5001035,0.00041392818,0.7225629687309265,0.99996626,10.298345,0.00024067843,-8.331808
3820,1,0,0.39832628,-0.41244382,1.0,0.3252846,-0.72959054,0.47136799,-0.11465342
3821,1,1,0.50009274,0.0003710297,0.7371418476104736,0.99998283,10.9751835,0.00020269513,-8.503605
3822,0,1,0.5001518,0.0006073061,0.7730597257614136,0.00050647004,-7.5875387,0.99979717,8.502924
3823,0,0,0.49999854,-5.7816674e-06,0.4888456165790558,0.00011821439,-9.042892,0.9998789,9.019079
3824,1,1,0.5000962,0.00038485273,0.594976007938385,0.99998355,11.013743,0.00020879848,-8.473932
3825,1,0,0.45761672,-0.169941,1.0,1.9132036e-05,-10.864127,0.9152143,2.3790312
3826,1,0,0.49999005,-3.9816696e-05,0.8042582869529724,0.99981946,8.619096,0.00016061457,-8.736342
3827,0,1,0.8649361,1.8569077,1.0,0.99993765,9.682855,0.7299346,0.9942904
3828,0,0,0.49986658,-0.00053366355,0.8455769419670105,1.0594773e-05,-11.455139,0.99972254,8.189682
3829,0,1,0.9180331,2.4159184,1.0,0.9999771,10.685621,0.8360892,1.6294129
3830,1,1,0.5000984,0.00039367078,0.7462151050567627,0.9999857,11.151222,0.00021107616,-8.46308
3831,0,1,0.5000443,0.00017712932,0.8725051283836365,0.00028133875,-8.17567,0.9998072,8.553149
3832,0,1,0.51306444,0.052269623,0.6654199957847595,0.026241157,-3.6138346,0.9998877,9.094091
3833,1,0,0.30835432,-0.80782425,1.0,0.00033552042,-7.999492,0.6163731,0.47418204
3834,1,1,0.50009316,0.00037269798,0.6510473489761353,0.9999449,9.80622,0.00024143184,-8.328682
3835,0,1,0.99464333,5.224042,1.0,0.99997854,10.749702,0.9893082,4.527529
3836,1,1,0.5001645,0.0006580571,0.7877732515335083,0.99998283,10.970955,0.00034623197,-7.9680552
3837,0,1,0.514458,0.05784816,1.0,0.99984765,8.789049,0.029068323,-3.5086071
3838,1,1,0.50013083,0.000523311,0.7242801785469055,0.999982,10.926777,0.00027970757,-8.181486
3839,0,0,0.49990803,-0.00036788793,0.7011192440986633,1.126689e-05,-11.393631,0.9998048,8.541445
3840,1,1,0.5000317,0.00012683064,0.6618727445602417,0.9998392,8.73557,0.00022422345,-8.402643
3841,0,0,0.49995914,-0.00016350891,0.6659988760948181,1.2675868e-05,-11.275798,0.9999056,9.267619
3842,0,1,0.9732897,3.5956337,1.0,0.9982337,6.337119,0.9483458,2.9101481
3843,1,0,0.49942893,-0.0022842728,0.7644198536872864,0.99861646,6.581753,0.00024142607,-8.328706
3844,1,1,0.5000961,0.00038437606,0.6437893509864807,0.9999801,10.826764,0.0002120816,-8.458327
3845,1,0,0.0039541177,-5.529036,0.5685839056968689,0.007712787,-4.857133,0.0001954485,-8.540018
3846,1,1,0.5001034,0.00041368985,0.6593948602676392,0.99995506,10.009486,0.00025178381,-8.286688
3847,1,0,0.47321504,-0.10724251,1.0,0.00012131691,-9.016983,0.9463088,2.8693197
3848,1,0,0.18258063,-1.4989603,0.8221021294593811,0.3649026,-0.5541481,0.00025867415,-8.259683
3849,0,0,0.49986938,-0.0005225712,0.8676836490631104,4.4162907e-06,-12.330206,0.99973434,8.233266
3850,1,0,0.26167113,-1.0373008,1.0,0.00019395482,-8.547691,0.5231483,0.09265955
3851,0,0,0.49986488,-0.00054052175,0.6230584979057312,2.9896451e-05,-10.417741,0.99969983,8.110884
3852,1,1,0.5001719,0.00068760116,0.8720181584358215,0.9999378,9.684113,0.00040604692,-7.8086357
3853,1,1,0.50010747,0.0004298955,0.7418226599693298,0.9999721,10.485539,0.00024286208,-8.322774
3854,1,1,0.50007635,0.00030536758,0.7040072679519653,0.9999913,11.647234,0.00016144571,-8.73118
3855,0,0,0.4998737,-0.00050521735,0.6562741994857788,2.0433916e-05,-10.798294,0.99972695,8.205607
3856,1,1,0.50004566,0.00018261196,0.6343355178833008,0.99990714,9.284874,0.00018415996,-8.599522
3857,1,0,0.42096576,-0.31881002,1.0,0.00037942632,-7.8764706,0.8415521,1.6698217
3858,1,0,0.3652795,-0.55252194,0.7362403273582458,0.7303929,0.9966167,0.00016613031,-8.702572
3859,1,1,0.50009793,0.0003917642,0.6137949824333191,0.99999106,11.623487,0.00020475373,-8.493498
3860,1,1,0.50005966,0.00023862852,0.6751572489738464,0.9999801,10.822247,0.00013924636,-8.879127
3861,0,0,0.49997267,-0.00010926128,0.8655919432640076,0.000201241,-8.510806,0.9997441,8.270355
3862,1,1,0.5000697,0.0002786725,0.6702678203582764,0.9999757,10.622715,0.00016365311,-8.717598
3863,0,0,0.49995032,-0.00019880125,0.5985007286071777,1.3771667e-05,-11.1928835,0.9998869,9.086881
3864,1,1,0.50006783,0.00027128356,0.5036742091178894,0.9999293,9.55761,0.00020640928,-8.485443
3865,0,1,0.6588884,0.65834445,1.0,0.9999567,10.046928,0.31782004,-0.76380825
3866,1,1,0.5000927,0.00037079136,0.5928565859794617,0.99998164,10.90441,0.00020374884,-8.498419
3867,1,0,0.42862472,-0.2874644,1.0,1.2371955e-05,-11.300066,0.85723704,1.7925286
3868,1,1,0.50014967,0.0005987282,0.8154998421669006,0.99994254,9.764601,0.0003568036,-7.9379683
3869,0,0,0.49994257,-0.0002298023,0.6272762417793274,2.8909535e-05,-10.45131,0.99985623,8.8472
3870,0,0,0.499926,-0.00029604047,0.4815906286239624,1.2006807e-05,-11.330025,0.99984,8.74066
3871,1,0,0.49996153,-0.00015397066,0.881479024887085,0.9995677,7.7459006,0.00035537677,-7.9419765
3872,0,0,0.49994102,-0.00023600264,0.6882330775260925,1.0660571e-05,-11.448948,0.9998714,8.958608
3873,1,1,0.50004673,0.0001869027,0.4972366988658905,0.99998105,10.8733635,0.00011242208,-9.093138
3874,0,0,0.49993092,-0.00027630568,0.7688615918159485,1.7866952e-05,-10.93254,0.99984396,8.765302
3875,0,1,0.7338139,1.0140597,1.0,0.9878391,4.3972898,0.47978863,-0.08088952
3876,0,1,0.50244755,0.009790261,0.6698734164237976,0.0053735897,-5.220871,0.9995215,7.64423
3877,1,0,0.43245244,-0.2718522,0.6364464163780212,0.8645679,1.8537593,0.00033699215,-7.995114
3878,1,1,0.5001199,0.0004797023,0.7614851593971252,0.9999807,10.857251,0.0002591701,-8.257767
3879,0,1,0.50027555,0.0011021974,0.8052623271942139,0.0012557039,-6.6788025,0.99929535,7.257131
3880,1,1,0.50007176,0.0002870148,0.6872782111167908,0.99995184,9.941046,0.00019171387,-8.559315
3881,1,0,0.41058385,-0.36155227,0.6449446678161621,0.8209368,1.5227072,0.00023092466,-8.373188
3882,0,1,0.9054872,2.2597375,0.47459861636161804,0.81117594,1.457669,0.9997985,8.509045
3883,0,0,0.4999184,-0.0003263887,0.7330443859100342,1.0094848e-05,-11.503475,0.9998267,8.66014
3884,1,1,0.5000781,0.00031227956,0.5243858695030212,0.9999808,10.862818,0.00017534118,-8.648602
3885,0,0,0.49992207,-0.0003117809,0.763183057308197,1.4344397e-05,-11.152137,0.99982977,8.678513
3886,0,0,0.4999175,-0.00032996613,0.599306583404541,7.939667e-06,-11.743631,0.9998271,8.662345
3887,0,0,0.4999191,-0.0003237056,0.692825436592102,1.2159629e-05,-11.317377,0.999826,8.656028
3888,0,0,0.4993293,-0.0026827645,0.7361406087875366,7.5330745e-06,-11.7962,0.9986511,6.6071
3889,1,1,0.5000701,0.00028034096,0.5838190317153931,0.9999229,9.47011,0.00021735036,-8.433783
3890,0,1,0.93520284,2.6695015,1.0,0.9918092,4.7965164,0.8785965,1.9792055
3891,1,1,0.50013024,0.0005209281,0.7132779359817505,0.99998903,11.4153805,0.00027138763,-8.211691
3892,1,1,0.50009763,0.00039057256,0.6213893294334412,0.9999323,9.600943,0.000263002,-8.243086
3893,0,1,0.78058136,1.2690574,1.0,0.9745748,3.646262,0.58658797,0.34987792
3894,0,1,0.9618509,3.2273567,1.0,0.9999864,11.207941,0.9237153,2.4939322
3895,0,1,0.98396623,4.1168947,1.0,0.99684405,5.7553053,0.97108835,3.5141716
3896,1,0,0.4739765,-0.104188144,1.0,6.496482e-05,-9.6416,0.947888,2.900842
3897,0,0,0.4998464,-0.0006144146,0.6365649104118347,1.453211e-05,-11.139135,0.99967825,8.041231
3898,1,1,0.5000541,0.00021646064,0.6955075263977051,0.99995947,10.114769,0.00014875944,-8.813031
3899,0,1,0.5817217,0.32984525,1.0,0.9941399,5.133707,0.16930355,-1.5905712
3900,0,0,0.4999357,-0.00025722713,0.6861825585365295,8.820796e-06,-11.63839,0.99986255,8.892665
3901,1,1,0.50003386,0.00013541259,0.5891824960708618,0.99987054,8.952555,0.0001971679,-8.531258
3902,0,1,0.9889004,4.4896865,0.5784009695053101,0.9779455,3.7919376,0.9998554,8.8417
3903,0,0,0.49988297,-0.00046818485,0.7529470324516296,1.0121396e-05,-11.500849,0.9997558,8.317075
3904,1,0,0.19240464,-1.4344605,1.0,0.04923612,-2.9606383,0.33557317,-0.68308485
3905,0,0,0.49968925,-0.0012430523,0.6911666989326477,1.2505095e-05,-11.289362,0.999366,7.362755
3906,1,1,0.5000704,0.0002815327,0.5573359727859497,0.99997973,10.806734,0.00016110756,-8.733277
3907,0,0,0.49994507,-0.00021978648,0.6925444006919861,5.4119023e-06,-12.1269045,0.9998847,9.067955
3908,1,1,0.50004214,0.00016854773,0.5727958679199219,0.9999542,9.9929,0.00013008056,-8.947227
3909,0,1,0.5761539,0.30700424,1.0,0.7657694,1.1845752,0.3865384,-0.4618866
3910,1,0,0.4912965,-0.034817465,1.0,0.0012011261,-6.723294,0.98139185,3.965373
3911,0,1,0.73064494,0.9978972,1.0,0.999972,10.48401,0.46131787,-0.1550383
3912,1,1,0.50759256,0.030372538,1.0,0.5143539,0.05743128,0.50083125,0.0033249855
3913,1,1,0.5001151,0.0004603995,0.6937361359596252,0.99997926,10.7821245,0.00025087732,-8.290296
3914,0,1,0.50239897,0.009595935,0.7283926010131836,0.004979963,-5.2973404,0.999818,8.611328
3915,0,0,0.499962,-0.000152063,0.7919324040412903,5.635528e-05,-9.783778,0.9998677,8.930528
3916,0,1,0.9569812,3.1021461,1.0,0.9999858,11.165854,0.9139765,2.363184
3917,1,0,0.42719766,-0.2932938,1.0,5.71718e-06,-12.072029,0.8543896,1.7694525
3918,0,1,0.5219023,0.087665424,1.0,0.99929905,7.2623463,0.044505596,-3.066614
3919,1,1,0.50009555,0.00038223114,0.676047146320343,0.9999813,10.88612,0.00020985307,-8.468893
3920,0,1,0.80911326,1.4442586,1.0,0.99890757,6.8182817,0.6193189,0.4866584
3921,1,1,0.50008,0.00031990657,0.5072934627532959,0.9999881,11.340667,0.00017194184,-8.668182
3922,0,1,0.6662025,0.69105905,1.0,0.99992573,9.50754,0.3324792,-0.69699323
3923,0,1,0.71324074,0.91117597,1.0,0.9999641,10.233978,0.42651734,-0.29607466
3924,1,0,0.49651006,-0.0139600765,0.7658681273460388,0.9928018,4.926691,0.00021833864,-8.429245
3925,1,0,0.49906784,-0.0037286568,0.5207175016403198,0.9979851,6.205184,0.00015055132,-8.801056
3926,0,0,0.49975044,-0.0009982799,0.5555170774459839,7.1443874e-06,-11.849176,0.9994937,7.5880065
3927,1,1,0.50016725,0.0006690171,0.8698154091835022,0.99993885,9.701956,0.00039562647,-7.8346443
3928,0,1,0.7880602,1.3132721,1.0,0.99650514,5.652961,0.57961524,0.3211941
3929,1,1,0.5000406,0.00016234987,0.7828208208084106,0.9997329,8.22785,0.000348287,-7.9621353
3930,0,1,0.9539939,3.0318837,1.0,0.9995459,7.69683,0.9084419,2.2947571
3931,0,0,0.49995574,-0.00017698185,0.6462908983230591,9.971496e-06,-11.51577,0.99990153,9.226126
3932,0,0,0.49992457,-0.00030176423,0.6611757874488831,9.5040805e-06,-11.56378,0.99983966,8.738594
3933,0,1,0.5016664,0.006665733,0.50338214635849,0.0034694162,-5.6602936,0.9998634,8.898171
3934,1,1,0.5000682,0.00027271366,0.6698232889175415,0.99992585,9.508917,0.00021049312,-8.465847
3935,0,0,0.49994203,-0.00023182934,0.7686455845832825,1.4935104e-05,-11.111781,0.9998691,8.941227
3936,1,0,0.16593713,-1.6146998,0.6761608123779297,0.33170524,-0.7004825,0.0001690066,-8.685404
3937,0,0,0.49989173,-0.00043300228,0.8759824633598328,9.78826e-06,-11.534317,0.9997737,8.39333
3938,0,1,0.508847,0.035391666,0.5154025554656982,0.017840851,-4.0082626,0.99985313,8.82634
3939,1,1,0.5000896,0.0003583981,0.6130170226097107,0.99999213,11.76003,0.00018706005,-8.583894
3940,1,1,0.500072,0.00028796817,0.7187800407409668,0.9999628,10.199718,0.000181235,-8.615535
3941,0,0,0.4999504,-0.00019838393,0.5061814785003662,3.2190095e-05,-10.34382,0.99986863,8.937719
3942,1,1,0.5000748,0.00029917056,0.5898177027702332,0.9999752,10.606283,0.00017435121,-8.654264
3943,1,1,0.50010395,0.00041583474,0.8118635416030884,0.9999565,10.041821,0.00025140314,-8.288201
3944,0,1,0.50947016,0.037885215,1.0,0.9995833,7.7826824,0.01935705,-3.9251518
3945,0,1,0.51331466,0.0532713,0.6822845339775085,0.026878467,-3.5891836,0.9997509,8.297405
3946,0,0,0.49994975,-0.00020100706,0.669685959815979,8.1833125e-05,-9.410747,0.99981767,8.609186
3947,1,1,0.50011754,0.0004701701,0.5431340932846069,0.9999145,9.367647,0.0003205628,-8.045112
3948,1,1,0.5000556,0.0002224198,0.614298939704895,0.9999219,9.4575405,0.00018927439,-8.572124
3949,0,0,0.4999354,-0.00025841952,0.7031769752502441,1.8146908e-05,-10.916992,0.99985266,8.822908
3950,1,0,0.250295,-1.0970395,1.0,0.0078236135,-4.8427544,0.4927664,-0.028936379
3951,0,1,0.7641667,1.1756608,1.0,0.9993405,7.3234,0.5289929,0.11610166
3952,0,0,0.49993107,-0.00027564986,0.784288763999939,6.837571e-06,-11.893071,0.9998553,8.840464
3953,0,0,0.49994573,-0.00021704407,0.7126942276954651,6.498849e-05,-9.641235,0.9998265,8.658671
3954,0,0,0.49993163,-0.00027344387,0.6327382326126099,5.7422298e-05,-9.76502,0.99980587,8.54673
3955,1,1,0.5000671,0.0002684233,0.5554614067077637,0.99996614,10.294639,0.0001681019,-8.690772
3956,0,1,0.5000814,0.00032562675,0.6520595550537109,0.00031954277,-8.0483,0.99984324,8.760798
3957,0,0,0.49980596,-0.00077623443,0.8141095042228699,1.8372059e-05,-10.904661,0.99959356,7.807576
3958,0,1,0.71738607,0.9315323,1.0,0.9993864,7.3956437,0.43538573,-0.25991052
3959,1,1,0.5000505,0.00020192015,0.6399064064025879,0.99997354,10.541768,0.00012747236,-8.9674835
3960,1,0,0.4996424,-0.0014304612,0.6602518558502197,0.9990332,6.9405894,0.00025159642,-8.287433
3961,1,1,0.50009173,0.00036697806,0.8072001934051514,0.9999174,9.400796,0.00026609626,-8.231386
3962,1,1,0.5001039,0.0004155964,0.7592019438743591,0.99999106,11.62122,0.00021676054,-8.436501
3963,1,1,0.5000998,0.00039915222,0.7219201922416687,0.99997604,10.636654,0.00022354699,-8.405665
3964,1,0,0.49352303,-0.025909359,0.45596909523010254,0.98672265,4.308334,0.00032343803,-8.03618
3965,1,1,0.5000447,0.00017879794,0.5530317425727844,0.99993086,9.579936,0.00015855153,-8.749272
3966,0,0,0.4999892,-4.3154694e-05,0.6125102639198303,6.570261e-05,-9.630306,0.99991274,9.346406
3967,1,0,0.49998,-8.005224e-05,0.7001136541366577,0.9997335,8.22993,0.00022650886,-8.3925
3968,1,0,0.1434246,-1.7871329,0.8010183572769165,0.286634,-0.91178846,0.00021519631,-8.443745
3969,0,1,0.6132469,0.46098116,0.6472896337509155,0.22919852,-1.2128423,0.9972953,5.910054
3970,1,1,0.50014275,0.00057096867,0.6114844083786011,0.9999825,10.952222,0.00030302454,-8.101394
3971,0,0,0.49989864,-0.00040539374,0.6084234118461609,6.4406345e-06,-11.952877,0.99979085,8.472191
3972,1,0,0.43153498,-0.2755912,0.6742731332778931,0.8628935,1.8395333,0.00017645684,-8.642258
3973,0,0,0.499775,-0.0009000178,0.7573182582855225,2.132373e-05,-10.755669,0.99952865,7.65936
3974,0,1,0.5059564,0.023826813,0.6710232496261597,0.012190894,-4.3948,0.99972194,8.187288
3975,1,1,0.5000906,0.00036244976,0.6706826686859131,0.9999906,11.56694,0.0001905897,-8.565197
3976,0,1,0.5499951,0.20065099,0.6712321639060974,0.100143746,-2.1956284,0.99984646,8.781596
3977,0,0,0.49988666,-0.0004533961,0.7254154682159424,8.602835e-06,-11.66341,0.99976474,8.354704
3978,1,1,0.5001417,0.0005666796,0.7944599390029907,0.99997914,10.779078,0.00030423628,-8.097402
3979,0,1,0.50007766,0.00031061115,0.6640616655349731,0.00034545406,-7.9703054,0.9998099,8.568015
3980,1,0,0.4764078,-0.09443897,0.7373671531677246,0.95255977,2.9996812,0.00025581027,-8.270819
3981,0,1,0.5242531,0.09708852,1.0,0.99992645,9.518023,0.04857966,-2.974751
3982,0,0,0.49984014,-0.00063946424,0.6074801087379456,1.7060342e-05,-10.978737,0.99966323,7.995942
3983,1,1,0.5000691,0.00027628895,0.6743044257164001,0.9999424,9.762035,0.00019568403,-8.538814
3984,0,0,0.49994925,-0.00020309364,0.7016737461090088,5.3598556e-05,-9.833935,0.9998449,8.771786
3985,0,1,0.5090611,0.036248412,0.7005225419998169,0.018398602,-3.9769106,0.9997236,8.1935425
3986,1,1,0.50012213,0.00048851955,0.8280636072158813,0.99998724,11.27008,0.00025700327,-8.266165
3987,0,1,0.63811827,0.56720614,1.0,0.9998129,8.583803,0.27642366,-0.9622714
3988,0,1,0.50340754,0.013630413,1.0,0.9997533,8.306873,0.0070617287,-4.9459786
3989,1,1,0.5001609,0.00064352306,0.9191312193870544,0.9999455,9.817793,0.00037620295,-7.8850055
3990,1,0,0.1558337,-1.68956,0.8003418445587158,0.31141448,-0.79351485,0.00025292908,-8.282148
3991,1,0,0.49996218,-0.00015122842,0.4825522303581238,0.99977225,8.387056,0.00015209595,-8.790847
3992,0,0,0.49992552,-0.0002979484,0.5916654467582703,1.4961606e-05,-11.110008,0.9998361,8.716317
3993,0,0,0.4998924,-0.0004303189,0.7392076849937439,1.101127e-05,-11.41658,0.9997738,8.39406
3994,1,0,0.49801627,-0.007935035,0.5050411820411682,0.9958753,5.486624,0.00015725954,-8.757456
3995,0,1,0.6271553,0.5200322,1.0,0.99893826,6.846781,0.2553724,-1.0701613
3996,0,1,0.547331,0.18989246,1.0,0.9999877,11.306526,0.09467422,-2.257853
3997,0,0,0.49983898,-0.00064417603,0.8638638854026794,5.7645382e-05,-9.761143,0.9996203,7.87584
3998,1,0,0.49942255,-0.0023097824,0.6658740043640137,0.9986822,6.630476,0.00016292521,-8.722056
3999,1,1,0.5001166,0.0004663572,0.6906072497367859,0.99997115,10.453793,0.00026201212,-8.246858
4000,0,1,0.5003031,0.0012123386,0.7692421674728394,0.0008299556,-7.093308,0.9997762,8.404377
4001,0,0,0.49990278,-0.0003888767,0.7099598050117493,1.4592201e-05,-11.135009,0.99979097,8.472872
