index,label,pred,score,logit,ssim,text_score,text_logit,image_score,image_logit
0,1,1,0.9350182,2.6664584,0.7251234650611877,0.99946755,7.537405,0.00022161409,-8.414351
1,1,1,0.93519235,2.6693285,0.7522866129875183,0.9998392,8.735609,0.00021288003,-8.454569
2,0,0,0.064359635,-2.6767445,0.6241660714149475,8.539852e-06,-11.670758,0.9997788,8.41616
3,1,1,0.9352544,2.6703527,0.6718577742576599,0.99996233,10.187198,0.00023971064,-8.335838
4,0,0,0.064388104,-2.676272,0.5260362029075623,5.3819513e-05,-9.829821,0.9998281,8.668451
5,0,0,0.06435935,-2.6767492,0.753487765789032,1.0908175e-05,-11.425987,0.9997694,8.374581
6,0,0,0.06913471,-2.6000576,0.6485344171524048,0.009844886,-4.6109095,0.99982965,8.677893
7,1,0,0.039097346,-3.2018185,1.0,3.7902657e-05,-10.180451,0.7842587,1.2906592
8,1,1,0.9353095,2.6712637,0.8950268030166626,0.9999778,10.714899,0.0005644092,-7.4791665
9,0,0,0.064347304,-2.6769493,0.6961060166358948,1.1567362e-05,-11.3673115,0.99968517,8.063006
10,1,1,0.9292485,2.5752027,0.5372482538223267,0.9877473,4.389678,0.00021058609,-8.465405
11,1,1,0.9352394,2.6701047,0.4915980100631714,0.9999571,10.057409,0.0001549379,-8.772331
12,1,1,0.93527263,2.670654,0.7039242386817932,0.9999894,11.457406,0.00027707778,-8.190935
13,0,0,0.06437349,-2.6765144,0.5301411747932434,1.5694968e-05,-11.062155,0.9998504,8.807272
14,0,1,0.81185114,1.4620836,1.0,0.8395241,1.6546916,0.016870536,-4.065172
15,1,1,0.93506634,2.6672513,0.5407463908195496,0.99957675,7.767089,0.00019850855,-8.52448
16,0,0,0.06451082,-2.6742365,0.6801899075508118,0.00030159295,-8.106131,0.99987197,8.962996
17,1,1,0.9351855,2.6692154,0.650443971157074,0.9998264,8.65853,0.00020716483,-8.481789
18,1,1,0.93524647,2.6702218,0.6133701801300049,0.99997234,10.497728,0.00015374231,-8.780079
19,1,1,0.93495023,2.6653407,0.6792017817497253,0.9993413,7.32456,0.0001664122,-8.700876
20,1,0,0.05491373,-2.8455129,1.0,0.00024882818,-8.298499,0.92976946,2.5831532
21,0,0,0.064345405,-2.676981,0.7079456448554993,3.061641e-05,-10.393944,0.9996113,7.852174
22,0,0,0.06436215,-2.6767027,0.7962051033973694,6.223789e-06,-11.987125,0.99980336,8.533876
23,1,1,0.9351917,2.6693177,0.5247145295143127,0.9998487,8.796138,0.00017777311,-8.634825
24,0,0,0.06441298,-2.675859,0.6705684661865234,0.00012607734,-8.978489,0.99976677,8.362964
25,0,0,0.06437546,-2.6764817,0.904876172542572,4.311072e-05,-10.051696,0.9997763,8.405132
26,0,1,0.9370896,2.701068,0.7389983534812927,0.69094324,0.8045327,0.999689,8.075175
27,0,1,0.9568278,3.0984273,1.0,0.999977,10.677757,0.17582287,-1.5449085
28,0,0,0.0643675,-2.6766138,0.6252278685569763,1.5348442e-05,-11.084481,0.99981076,8.572457
29,1,1,0.9352745,2.6706846,0.7708515524864197,0.99998474,11.090256,0.00030436247,-8.096987
30,1,1,0.9352139,2.6696846,0.6352723836898804,0.9998747,8.984974,0.00024551037,-8.311926
31,0,1,0.9519861,2.9870594,1.0,0.9928288,4.9304805,0.15295808,-1.7115862
32,1,0,0.054561455,-2.8523211,1.0,9.481439e-05,-9.2634945,0.9274681,2.5484319
33,0,0,0.06436903,-2.6765885,0.7448599338531494,1.25955785e-05,-11.282152,0.9998299,8.679141
34,1,1,0.9352654,2.6705348,0.6353493332862854,0.9999857,11.156508,0.00023990887,-8.3350115
35,1,1,0.9352409,2.6701303,0.8199108242988586,0.9999113,9.330336,0.00031133866,-8.074318
36,0,0,0.064384244,-2.6763358,0.734613835811615,2.9835419e-05,-10.419785,0.9998785,9.015791
37,1,1,0.9330189,2.6340153,0.7221047282218933,0.99526936,5.348954,0.00031810504,-8.052811
38,0,0,0.0643118,-2.677539,0.6373864412307739,8.476063e-06,-11.678256,0.999453,7.51062
39,0,0,0.064418726,-2.6757636,0.7032203078269958,0.0001168342,-9.054638,0.9998355,8.712522
40,1,1,0.9352714,2.6706333,0.7532590627670288,0.99998736,11.275034,0.00027476205,-8.19933
41,0,0,0.06437737,-2.6764503,0.7464020252227783,6.183554e-05,-9.69097,0.99972945,8.215027
42,0,0,0.06436254,-2.6766963,0.6901193857192993,7.5606104e-06,-11.792551,0.9998017,8.525487
43,1,1,0.9352039,2.6695194,0.8253828883171082,0.99985373,8.830076,0.00024486048,-8.314577
44,1,0,0.06035784,-2.7452083,1.0,0.00012773371,-8.965435,0.97130907,3.5220633
45,1,1,0.90926117,2.304647,0.6967398524284363,0.95297444,3.0088973,0.0002537547,-8.278889
46,0,0,0.064382896,-2.6763582,0.7768751978874207,5.2013438e-05,-9.863956,0.9997985,8.5091
47,1,1,0.93475634,2.662157,0.9312495589256287,0.998857,6.7729425,0.00040674716,-7.806912
48,0,1,0.9506262,2.957701,1.0,0.99252456,4.8886275,0.1418851,-1.7997203
49,0,0,0.077419996,-2.477929,0.7656151652336121,0.025572872,-3.6403177,0.9997093,8.142972
50,1,1,0.9352416,2.6701412,0.6069706678390503,0.99994886,9.879893,0.00019562937,-8.539093
51,1,0,0.06276675,-2.7035067,1.0,0.000108096756,-9.132376,0.9884809,4.452166
52,1,1,0.935253,2.67033,0.7078049778938293,0.9999875,11.290872,0.00015047009,-8.801596
53,1,0,0.055720653,-2.8300712,1.0,0.0008305225,-7.0926247,0.93424726,2.653839
54,0,1,0.93853027,2.7257702,1.0,0.997889,6.158464,0.029597398,-3.4900246
55,0,0,0.06437634,-2.6764672,0.6625217199325562,1.5656218e-05,-11.064627,0.99986994,8.94726
56,0,0,0.06437424,-2.6765022,0.6520230174064636,1.5686843e-05,-11.062673,0.9998555,8.842383
57,1,1,0.9352648,2.670525,0.7309144139289856,0.99998534,11.131916,0.00023698229,-8.347288
58,1,1,0.91229767,2.342018,0.6205766201019287,0.957799,3.1221957,0.00017919994,-8.626829
59,1,1,0.93527764,2.6707368,0.7973344326019287,0.99999,11.510468,0.00030843096,-8.083704
60,0,0,0.06436067,-2.6767273,0.6939648985862732,1.3125506e-05,-11.24094,0.9997712,8.382482
61,1,1,0.9352643,2.6705163,0.5986517071723938,0.9999813,10.883053,0.00024629838,-8.308721
62,1,1,0.80544204,1.4206611,0.6463534235954285,0.83943576,1.6540358,0.0001577747,-8.754185
63,1,1,0.9352575,2.670404,0.6052037477493286,0.9999794,10.788435,0.00020683522,-8.483381
64,1,0,0.03684913,-3.2633781,1.0,7.740284e-05,-9.46641,0.7588761,1.1465275
65,1,1,0.93380123,2.6466017,0.7701948285102844,0.99689984,5.7732053,0.00027515396,-8.197905
66,0,1,0.96558225,3.334159,1.0,0.99936634,7.363372,0.2744883,-0.97196853
67,0,0,0.0645176,-2.6741242,0.7305678725242615,0.00038909368,-7.851301,0.99963856,7.924924
68,0,0,0.06470337,-2.6710505,0.5918459892272949,0.0007471997,-7.1984305,0.99975604,8.318457
69,1,0,0.06213543,-2.7142892,1.0,2.9063867e-05,-10.445986,0.98430955,4.1388884
70,1,1,0.9352648,2.670525,0.7107923030853271,0.99998546,11.13863,0.00023630471,-8.350152
71,1,1,0.9351876,2.6692498,0.5880162119865417,0.9998306,8.683434,0.00020778955,-8.478777
72,1,0,0.012162263,-4.3971806,1.0,1.1019465e-05,-11.415836,0.2939139,-0.87645036
73,0,1,0.7906814,1.3290377,1.0,0.8165604,1.4932153,0.0356186,-3.2986188
74,0,1,0.94912696,2.9262094,1.0,0.9999471,9.847485,0.10526122,-2.1400867
75,0,0,0.06436258,-2.6766956,0.8440229296684265,2.6340202e-05,-10.544388,0.9997421,8.26251
76,1,1,0.9352568,2.670392,0.46448686718940735,0.99997723,10.689835,0.00020861717,-8.474801
77,0,1,0.94340956,2.8136604,1.0,0.99988997,9.11512,0.059266426,-2.764617
78,0,0,0.03348032,-3.3627439,1.0,0.18570663,-1.4781525,0.12530473,-1.9431269
79,0,0,0.064404875,-2.6759934,0.5584670305252075,8.937276e-05,-9.322605,0.9998288,8.673053
80,0,0,0.06436194,-2.6767063,0.5738972425460815,8.70625e-06,-11.651461,0.99979395,8.486801
81,0,0,0.06452057,-2.6740751,0.6884162425994873,0.0003489218,-7.960314,0.99978703,8.454226
82,0,1,0.9704955,3.493265,1.0,0.99762696,6.041186,0.34532052,-0.6396728
83,1,0,0.009803089,-4.6152062,1.0,7.262557e-06,-11.832771,0.20447464,-1.3585589
84,1,1,0.9350087,2.6663024,0.5972971320152283,0.9994789,7.5588593,0.00012149427,-9.015522
85,0,1,0.9869617,4.3267417,1.0,0.99992585,9.508667,0.6799351,0.7534735
86,1,1,0.93528193,2.6708076,0.8387556076049805,0.99998546,11.136964,0.00035255775,-7.9499435
87,0,0,0.49816415,-0.0073433667,1.0,0.64181566,0.5832535,0.045375355,-3.046349
88,1,1,0.9302873,2.591111,0.5777737498283386,0.9897842,4.573547,0.0002321333,-8.367967
89,1,1,0.93526,2.6704452,0.6832186579704285,0.99997294,10.517019,0.00024400005,-8.318098
90,1,1,0.935253,2.67033,0.7561702728271484,0.9999541,9.988959,0.000256431,-8.268394
91,0,1,0.9408065,2.765926,1.0,0.99998367,11.023108,0.039382786,-3.1942472
92,1,1,0.93525785,2.67041,0.6774686574935913,0.9999901,11.527588,0.0001740197,-8.656168
93,1,1,0.93526316,2.6704974,0.7597249150276184,0.99997115,10.451645,0.00027062025,-8.214523
94,1,0,0.04992547,-2.9460092,1.0,7.6433735e-06,-11.781664,0.88930833,2.0836957
95,1,1,0.8822688,2.0140927,0.8063707947731018,0.91559786,2.3839853,0.00040716285,-7.80589
96,1,1,0.90901905,2.3017159,0.5654909014701843,0.9526426,3.0015175,0.00011140805,-9.1022
97,1,1,0.9340228,2.6501913,0.5977455973625183,0.9973912,5.9462748,0.0001790411,-8.627716
98,1,1,0.93525857,2.6704216,0.760208010673523,0.9999877,11.3074875,0.00018654547,-8.586649
99,0,0,0.06434746,-2.6769466,0.5884557962417603,1.4658619e-05,-11.130467,0.99967635,8.035437
100,1,1,0.93511564,2.6680634,0.6587724089622498,0.9996774,8.038711,0.00021024603,-8.467022
101,0,0,0.06464968,-2.671938,0.7293497323989868,0.0006155734,-7.3923407,0.9998123,8.580387
102,0,0,0.06437413,-2.676504,0.6283958554267883,1.0278157e-05,-11.485479,0.99987197,8.963608
103,1,1,0.9351978,2.669418,0.660963773727417,0.99982303,8.639074,0.00030079982,-8.108765
104,1,1,0.93524075,2.6701274,0.5722662210464478,0.99994004,9.7209,0.00021833842,-8.429246
105,1,1,0.93484944,2.6636846,0.45184892416000366,0.9991279,7.0436935,0.00016895824,-8.68569
106,0,0,0.06456639,-2.6733162,0.48066237568855286,0.00041081838,-7.7969484,0.9999007,9.216809
107,1,1,0.93525094,2.6702957,0.5831124186515808,0.9999839,11.038864,0.00014775137,-8.819832
108,1,1,0.93526065,2.6704562,0.6113037467002869,0.9999738,10.54887,0.00024540903,-8.312339
109,1,1,0.9352693,2.6705987,0.8004993200302124,0.9999765,10.661158,0.00029552064,-8.126476
110,0,1,0.91317123,2.3529854,1.0,0.7967809,1.3662952,0.51888716,0.07558456
111,1,1,0.9352623,2.6704836,0.7556930780410767,0.999987,11.2519245,0.00021466779,-8.446204
112,0,0,0.06438077,-2.6763935,0.7024263143539429,3.116899e-05,-10.376056,0.9998505,8.8080635
113,1,1,0.93523383,2.6700132,0.6005188822746277,0.9999485,9.8733835,0.0001449974,-8.83865
114,0,1,0.9594115,3.1628354,1.0,0.99948657,7.5740113,0.20381413,-1.3626242
115,1,1,0.93456286,2.658989,0.6765414476394653,0.9985141,6.5102963,0.00020205391,-8.506774
116,0,1,0.97621024,3.7144227,1.0,0.99998057,10.84984,0.42854065,-0.2878077
117,0,0,0.028805824,-3.5179489,1.0,0.119810805,-1.9942231,0.27206466,-0.98417246
118,1,1,0.93526304,2.6704955,0.7696558237075806,0.9999869,11.240334,0.0002197115,-8.422976
119,0,0,0.0643882,-2.6762702,0.7768556475639343,6.5971064e-05,-9.626228,0.99979,8.46805
120,1,1,0.93522614,2.6698864,0.5390224456787109,0.99992466,9.493621,0.00016834588,-8.6893215
121,1,1,0.8615963,1.828612,0.8244772553443909,0.89179915,2.1092515,0.00030912747,-8.081448
122,1,1,0.93526584,2.6705418,0.7493841648101807,0.9999659,10.285385,0.0003062209,-8.090898
123,1,1,0.93519694,2.6694043,0.6527750492095947,0.9998596,8.87093,0.00017877806,-8.629187
124,1,1,0.93525565,2.6703734,0.7105709910392761,0.9999715,10.466497,0.00021886932,-8.426817
125,1,1,0.93511146,2.6679947,0.6808691620826721,0.99966824,8.010603,0.00021156961,-8.460745
126,1,1,0.9352757,2.6707044,0.8569788336753845,0.99998724,11.265772,0.00030405272,-8.098005
127,0,0,0.06437741,-2.6764493,0.49868306517601013,2.1240012e-05,-10.759603,0.99985945,8.870012
128,1,1,0.9352523,2.6703184,0.6933335065841675,0.99998105,10.875763,0.00016575879,-8.704811
129,1,1,0.9352299,2.6699483,0.6113916635513306,0.99992,9.432959,0.00020887294,-8.473576
130,1,1,0.93517745,2.6690826,0.6313071846961975,0.999814,8.589479,0.0001924428,-8.555519
131,1,0,0.048029345,-2.986722,1.0,2.534183e-05,-10.583029,0.8725482,1.9236798
132,0,0,0.06436166,-2.6767108,0.7218332886695862,6.0323964e-06,-12.01836,0.9998006,8.520077
133,1,1,0.93523824,2.6700861,0.6024977564811707,0.9999279,9.537777,0.00023977463,-8.335571
134,0,0,0.06442356,-2.6756835,0.698898434638977,0.000133877,-8.918455,0.99981385,8.588546
135,0,0,0.064376295,-2.676468,0.4941612780094147,9.1818e-06,-11.598278,0.9998902,9.116831
136,1,0,0.062056523,-2.7156441,1.0,8.58613e-06,-11.665354,0.98381907,4.107607
137,0,1,0.99254894,4.8919206,1.0,0.9999734,10.536239,0.91166884,2.3341837
138,0,1,0.99182385,4.7983246,1.0,0.99998,10.820605,0.8732449,1.9299594
139,1,1,0.9352959,2.6710382,0.8117044568061829,0.9999896,11.473036,0.00043384734,-7.742384
140,0,0,0.06436683,-2.676625,0.5743789076805115,8.549729e-06,-11.669602,0.99982786,8.667128
141,0,0,0.06436786,-2.6766078,0.8770002126693726,2.0446256e-05,-10.79769,0.9997968,8.50102
142,1,1,0.93526417,2.670514,0.6688569784164429,0.99997914,10.775234,0.00025234907,-8.284445
143,1,1,0.9352524,2.6703203,0.5567788481712341,0.9999877,11.303913,0.00014529454,-8.836602
144,1,1,0.9352497,2.670275,0.6346023082733154,0.9999633,10.211294,0.00020464679,-8.49402
145,1,1,0.93526316,2.6704974,0.6798987984657288,0.9999776,10.708282,0.0002505921,-8.291433
146,0,1,0.9931391,4.9750304,1.0,0.99997306,10.5225525,0.94576615,2.8586895
147,0,0,0.06437888,-2.676425,0.6988044381141663,2.8236283e-05,-10.4748745,0.99984705,8.785616
148,1,1,0.935275,2.6706934,0.8707110285758972,0.9999815,10.898271,0.00031854937,-8.0514145
149,0,0,0.06443153,-2.6755512,0.6122437119483948,0.00012378891,-8.996809,0.99990046,9.214462
150,1,1,0.93473154,2.6617506,0.827962338924408,0.9988372,6.755722,0.00030376532,-8.098951
151,1,1,0.93277127,2.6300592,0.5644965171813965,0.9948096,5.2557425,0.00016362438,-8.717773
152,0,1,0.99116266,4.7198925,1.0,0.9982774,6.362194,0.8465032,1.7074344
153,1,0,0.1499194,-1.7352333,1.0,0.14529361,-1.7720014,0.9220947,2.4711542
154,0,0,0.064295135,-2.6778162,0.45374858379364014,1.4304932e-05,-11.154892,0.99932075,7.2937746
155,1,1,0.9352472,2.6702337,0.5850372910499573,0.99996316,10.210255,0.00018844979,-8.57649
156,0,1,0.9232927,2.4879494,1.0,0.8133308,1.4718003,0.521408,0.08568448
157,1,1,0.602712,0.41677788,0.7001808285713196,0.710474,0.89768744,0.00012365158,-8.997919
158,1,1,0.9352661,2.6705458,0.8875404000282288,0.9999727,10.508361,0.00028576714,-8.160048
159,0,0,0.06436242,-2.6766982,0.552426815032959,1.24407425e-05,-11.294521,0.99978536,8.446013
160,0,0,0.064372845,-2.676525,0.869634211063385,9.818186e-06,-11.531264,0.9998647,8.908151
161,0,0,0.06455572,-2.673493,0.6147667765617371,0.00040320988,-7.81565,0.99985254,8.821865
162,1,1,0.935265,2.670528,0.6150773763656616,0.99998164,10.905023,0.0002502557,-8.292777
163,1,0,0.059200544,-2.7657993,1.0,0.00053351204,-7.5354953,0.9615651,3.219594
164,1,1,0.93522364,2.669845,0.6110374927520752,0.9999069,9.281823,0.00020812625,-8.477158
165,1,1,0.9352124,2.6696591,0.627620279788971,0.9998839,9.060861,0.00020554318,-8.489649
166,1,1,0.9352849,2.6708567,0.8545023202896118,0.9999902,11.53861,0.00035750194,-7.9360123
167,1,1,0.93526775,2.6705732,0.6381701827049255,0.999992,11.73088,0.00023519187,-8.354874
168,0,0,0.064487584,-2.6746218,0.8049449324607849,0.00026912047,-8.220082,0.99981755,8.60839
169,1,1,0.9352529,2.6703281,0.6672416925430298,0.9999715,10.466467,0.00020068015,-8.5135975
170,0,0,0.06437715,-2.6764538,0.8306290507316589,2.241512e-05,-10.705752,0.99985385,8.831112
171,1,1,0.9352527,2.6703253,0.7100878357887268,0.9999764,10.652903,0.00018302856,-8.605685
172,0,1,0.9708072,3.5042057,1.0,0.8531606,1.7596087,0.81115925,1.4575603
173,0,0,0.06437391,-2.6765075,0.6053792834281921,1.9200523e-05,-10.860554,0.99984205,8.753031
174,1,1,0.8251019,1.5513035,1.0,0.69835967,0.839499,0.50428134,0.017125681
175,1,1,0.93526024,2.6704493,0.5992487072944641,0.99999106,11.623027,0.00018787605,-8.57954
176,0,1,0.99182,4.797847,1.0,0.9998203,8.623886,0.873554,1.9327545
177,0,0,0.06435184,-2.676874,0.749774694442749,5.8311866e-06,-12.052284,0.99973446,8.233309
178,1,1,0.93516004,2.6687956,0.6846461296081543,0.9997335,8.229881,0.00033175584,-8.010779
179,1,1,0.9352896,2.6709347,0.8003187775611877,0.99999166,11.690273,0.00038493867,-7.8620415
180,1,1,0.93525594,2.6703784,0.6155380010604858,0.9999752,10.6049,0.00020901,-8.472919
181,1,1,0.93523437,2.670022,0.723402202129364,0.99990225,9.233004,0.00029579914,-8.125534
182,1,1,0.93525416,2.670349,0.5305583477020264,0.99997973,10.807069,0.0001827121,-8.607416
183,0,0,0.06436258,-2.6766956,0.7292289137840271,3.634773e-05,-10.2223425,0.99971,8.145447
184,0,0,0.06435856,-2.6767623,0.5658789277076721,5.3305603e-06,-12.142049,0.9997818,8.429685
185,1,1,0.9352544,2.6703527,0.619138240814209,0.99998903,11.424333,0.0001541473,-8.777448
186,0,0,0.064385585,-2.6763136,0.6616222262382507,6.109857e-05,-9.702961,0.99978775,8.457236
187,0,0,0.06736463,-2.6278942,0.6178644895553589,0.0063090893,-5.059435,0.9997004,8.112785
188,1,0,0.06076578,-2.738038,1.0,0.00012704595,-8.970835,0.97425294,3.633352
189,0,0,0.065131426,-2.6639988,0.7522478103637695,0.0017777482,-6.3306284,0.9993581,7.350467
190,1,1,0.9352615,2.67047,0.7980579733848572,0.99997246,10.500401,0.00025577736,-8.270947
191,1,1,0.9352636,2.6705043,0.704937219619751,0.9999919,11.716177,0.00020761133,-8.479635
192,0,0,0.06476765,-2.6699886,0.5755142569541931,0.0008457828,-7.074402,0.999877,9.00275
193,0,1,0.9898693,4.582002,1.0,0.99988854,9.102128,0.78478223,1.2937559
194,1,1,0.9352497,2.670275,0.5491213798522949,0.9999796,10.798225,0.00015292867,-8.785386
195,1,1,0.9352248,2.6698637,0.7391572594642639,0.9999144,9.366309,0.00019217546,-8.55691
196,1,0,0.064903624,-2.667746,1.0,0.0055479277,-5.1887674,0.9857808,4.2388415
197,1,0,0.054162513,-2.8600817,1.0,3.2628253e-05,-10.330299,0.92448276,2.504874
198,0,0,0.06439316,-2.676188,0.8122631311416626,0.00014388483,-8.846354,0.9995751,7.7630734
199,1,0,0.09474076,-2.257077,1.0,0.12018991,-1.990633,0.78816205,1.313882
200,1,1,0.935249,2.6702633,0.5706807971000671,0.999985,11.105017,0.00013082704,-8.941504
201,1,1,0.93525773,2.6704078,0.497581422328949,0.9999398,9.717064,0.0003341712,-8.003523
202,1,1,0.935269,2.670594,0.6922999024391174,0.9999852,11.118769,0.00026561038,-8.233214
203,1,1,0.9352807,2.6707869,0.6844719648361206,0.9999722,10.49016,0.00038597788,-7.8593445
204,0,1,0.96202326,3.2320647,1.0,0.9999896,11.47996,0.23061042,-1.2048677
205,1,1,0.93525916,2.6704316,0.7263266444206238,0.9999548,10.00582,0.0002962914,-8.123871
206,1,1,0.9352643,2.6705163,0.7658721804618835,0.9999889,11.409042,0.00022232221,-8.41116
207,0,1,0.96092147,3.2023194,1.0,0.99533147,5.3622456,0.23328297,-1.1898657
208,0,0,0.06761902,-2.6238523,0.6599909663200378,0.0068005165,-4.983933,0.9997893,8.464874
209,0,0,0.06438264,-2.6763625,0.5968992114067078,2.024007e-05,-10.807826,0.9998982,9.192947
210,1,1,0.9351128,2.6680164,0.6333947777748108,0.9996884,8.073406,0.00015612639,-8.7646885
211,1,1,0.93521506,2.6697032,0.7514079213142395,0.9997451,8.274193,0.0006671517,-7.3118258
212,0,1,0.9753372,3.6774876,1.0,0.99954885,7.7034492,0.41476542,-0.34429967
213,0,0,0.0643603,-2.6767335,0.7146855592727661,1.2621467e-05,-11.280099,0.99977034,8.3789015
214,0,1,0.95537174,3.063733,1.0,0.99999046,11.555842,0.16154556,-1.646773
215,0,0,0.064369224,-2.6765852,0.6233433485031128,1.0237617e-05,-11.489431,0.9998388,8.732691
216,0,0,0.064396486,-2.6761327,0.7130242586135864,5.5405013e-05,-9.800785,0.9998802,9.030102
217,0,0,0.06436317,-2.6766858,0.78702712059021,6.761322e-06,-11.904285,0.9998086,8.56096
218,0,1,0.9719274,3.5444872,1.0,0.8680901,1.8841759,0.7800086,1.2657164
219,0,0,0.06435114,-2.6768856,0.7719898223876953,1.1722971e-05,-11.353949,0.99971074,8.147849
220,0,1,0.9511037,2.9679213,1.0,0.9999882,11.345446,0.122242555,-1.9713631
221,0,0,0.06448685,-2.674634,0.6971231698989868,0.0003091325,-8.081431,0.9996848,8.062087
222,0,0,0.06435849,-2.6767635,0.6202960014343262,4.5250486e-06,-12.305878,0.9997838,8.439009
223,1,1,0.93257064,2.6268644,0.5667648911476135,0.9943792,5.175648,0.00022685945,-8.390953
224,0,0,0.06434116,-2.6770513,0.6451557874679565,8.221162e-06,-11.708791,0.99965405,7.9690485
225,1,1,0.9352458,2.670211,0.7354447841644287,0.99994624,9.830639,0.00023304342,-8.364053
226,0,0,0.06439899,-2.6760912,0.6648085117340088,7.353873e-05,-9.517625,0.9998393,8.735994
227,1,1,0.935265,2.670528,0.6912963390350342,0.9999683,10.3584385,0.0002924828,-8.136812
228,0,0,0.06437151,-2.6765473,0.8255267143249512,7.490536e-06,-11.801863,0.999863,8.895811
229,1,1,0.935276,2.6707091,0.72623211145401,0.9999722,10.492241,0.00035398334,-7.9459066
230,0,0,0.064427465,-2.6756186,0.411295622587204,0.00013791583,-8.888729,0.9998275,8.66491
231,0,1,0.9915155,4.760996,1.0,0.99996936,10.393309,0.8579594,1.798444
232,1,0,0.05976197,-2.7557635,1.0,4.4825454e-05,-10.01269,0.9672432,3.3853378
233,1,1,0.9351736,2.6690187,0.6829811930656433,0.99974924,8.29077,0.00037293692,-7.8937283
234,0,1,0.9909334,4.694052,1.0,0.96487015,3.3129416,0.9425822,2.7982674
235,0,1,0.9427331,2.8010607,1.0,0.9900748,4.602708,0.08544227,-2.3705997
236,0,1,0.98683745,4.317129,1.0,0.9957372,5.4535623,0.68937004,0.7971758
237,0,1,0.99260795,4.899931,1.0,0.99974936,8.291204,0.9156671,2.384882
238,0,1,0.61652815,0.47483778,1.0,0.6010245,0.4097358,0.37346953,-0.51736104
239,0,1,0.9650935,3.3195517,1.0,0.99993217,9.598503,0.2666884,-1.0114896
240,0,0,0.0643428,-2.6770241,0.6803996562957764,1.2147598e-05,-11.318367,0.9996525,7.96455
241,0,1,0.9910114,4.702767,0.6569486260414124,0.94808525,2.9048405,0.99976295,8.346985
242,1,1,0.93524384,2.6701787,0.6890383958816528,0.99995756,10.0679655,0.00018333405,-8.604017
243,0,0,0.064370245,-2.6765683,0.9465761780738831,1.0774092e-05,-11.438355,0.99984396,8.765261
244,1,1,0.9352565,2.6703873,0.6508183479309082,0.99999094,11.614742,0.00016237942,-8.725412
245,0,0,0.06435744,-2.676781,0.6750507354736328,2.4934277e-05,-10.599242,0.9997116,8.15071
246,1,1,0.93527293,2.6706588,0.808250904083252,0.9999882,11.347668,0.00028299104,-8.169812
247,1,0,0.062718645,-2.7043247,1.0,0.009474175,-4.6496663,0.9582349,3.133033
248,1,1,0.93526053,2.670454,0.7591425180435181,0.99996245,10.189999,0.0002811953,-8.17618
249,1,1,0.9352593,2.6704335,0.7447544932365417,0.9999833,11.002812,0.000205742,-8.488682
250,1,1,0.935252,2.6703134,0.7422892451286316,0.9999709,10.446612,0.00019610784,-8.53665
251,0,1,0.97113276,3.5157557,1.0,0.9996923,8.085905,0.3479528,-0.62804997
252,1,1,0.9352629,2.6704936,0.8541843891143799,0.9999864,11.203899,0.00022094717,-8.417366
253,1,1,0.92671466,2.537285,0.7364820241928101,0.982882,4.050362,0.00019083354,-8.563918
254,0,0,0.064429775,-2.6755803,0.8727523684501648,0.00014058115,-8.869585,0.9998348,8.708085
255,1,1,0.93525606,2.6703804,0.6476455330848694,0.9999622,10.182966,0.0002515873,-8.287469
256,0,1,0.9505353,2.955766,1.0,0.99901986,6.926808,0.12034866,-1.9891326
257,0,1,0.5196389,0.078596,1.0,0.539093,0.15669197,0.40867737,-0.36943585
258,1,1,0.9352699,2.6706088,0.6318989396095276,0.99994767,9.857771,0.00039154504,-7.8450184
259,0,0,0.064345255,-2.6769834,0.7306634783744812,4.4723392e-06,-12.317595,0.9996939,8.090994
260,1,1,0.9351978,2.669418,0.4338364899158478,0.99989176,9.131669,8.190449e-05,-9.409875
261,0,0,0.07989933,-2.4437156,0.7018880844116211,0.029914992,-3.479024,0.9998797,9.025258
262,1,1,0.93528754,2.6709,0.7195363640785217,0.9999908,11.595396,0.00037346952,-7.8923006
263,0,1,0.9272256,2.5448325,1.0,0.9669921,3.3774447,0.05403161,-2.86264
264,1,1,0.9352732,2.6706629,0.6124416589736938,0.99998903,11.42263,0.00028123768,-8.176029
265,0,0,0.06435629,-2.6768,0.642074704170227,9.281141e-06,-11.587517,0.99975365,8.308333
266,1,1,0.9352646,2.670521,0.6548181772232056,0.99997973,10.807491,0.00025335484,-8.280466
267,0,1,0.93738973,2.7061698,1.0,0.99942756,7.4650264,0.016642315,-4.0790243
268,1,1,0.9352408,2.6701283,0.7156964540481567,0.9999281,9.540292,0.000257192,-8.26543
269,1,1,0.9352639,2.6705093,0.7199273705482483,0.9999769,10.675217,0.00025732224,-8.264924
270,0,0,0.06452004,-2.674084,0.7042345404624939,0.00031368283,-8.066814,0.99989593,9.170761
271,0,0,0.06436516,-2.6766527,0.7860134840011597,2.304309e-05,-10.678122,0.9997702,8.3780775
272,0,0,0.064378805,-2.6764262,0.7860262989997864,2.2382204e-05,-10.707222,0.9998652,8.911407
273,0,1,0.95444703,3.0422564,1.0,0.9999473,9.850148,0.15287173,-1.7122529
274,1,1,0.93324167,2.6375852,0.6343222856521606,0.99574935,5.4564304,0.00024993785,-8.294048
275,1,1,0.92475724,2.5088117,0.6941645741462708,0.9791982,3.8516948,0.00027308305,-8.2054615
276,0,1,0.9796872,3.8759828,1.0,0.99990726,9.285988,0.49505937,-0.019763038
277,0,1,0.98291826,4.052516,1.0,0.99287003,4.936287,0.5899621,0.3638088
278,1,1,0.9352576,2.6704059,0.6181723475456238,0.99998724,11.27048,0.00018197457,-8.611462
279,0,0,0.064372644,-2.6765285,0.753854513168335,1.0726112e-05,-11.442819,0.9998605,8.877202
280,1,1,0.93525535,2.6703684,0.7590156197547913,0.99999297,11.872956,0.00014837808,-8.8155985
281,1,1,0.93526566,2.670539,0.6385202407836914,0.9999896,11.477997,0.00022905157,-8.381334
282,1,1,0.9352084,2.669593,0.6873732805252075,0.9998888,9.104073,0.00016346782,-8.718731
283,1,1,0.9349096,2.6646724,0.693015456199646,0.99918634,7.113086,0.0003875441,-7.8552933
284,1,0,0.049584687,-2.953217,0.6981483101844788,0.2774676,-0.9570581,0.00028736648,-8.154465
285,0,1,0.9431508,2.8088243,1.0,0.9995864,7.7902813,0.05825254,-2.7829494
286,0,1,0.9522106,2.9919825,1.0,0.9076922,2.2857766,0.42686084,-0.2946704
287,0,0,0.06440447,-2.676,0.4534245729446411,6.494525e-05,-9.641901,0.99990416,9.252512
288,1,1,0.93529284,2.6709878,0.7778603434562683,0.9999758,10.631248,0.00045731704,-7.6896763
289,1,1,0.9352657,2.6705399,0.618303656578064,0.9999907,11.591328,0.00022634781,-8.393211
290,0,0,0.06577521,-2.653474,0.6193702816963196,0.0029733046,-5.8151035,0.99985826,8.861349
291,1,1,0.9352487,2.6702583,0.6488186120986938,0.9999608,10.1454735,0.00020586269,-8.488095
292,0,0,0.0643762,-2.6764696,0.7455164194107056,1.6876e-05,-10.989601,0.99986506,8.9106865
293,0,0,0.06437322,-2.676519,0.8457391262054443,1.16623105e-05,-11.359137,0.99986136,8.884019
294,1,1,0.7253373,0.97109306,0.5599237680435181,0.781681,1.2754894,0.00014873278,-8.8132105
295,0,0,0.06646797,-2.642255,0.6004300117492676,0.004407108,-5.42012,0.99988234,9.0472765
296,1,1,0.55174625,0.2077288,0.6147887110710144,0.6836034,0.77038157,0.00016622206,-8.70202
297,0,0,0.46720928,-0.13135143,1.0,0.4356404,-0.25887457,0.65291464,0.63187563
298,0,0,0.064634316,-2.672192,0.8409853577613831,0.0005963146,-7.4241457,0.9997695,8.375202
299,0,0,0.06437967,-2.6764119,0.4896494448184967,2.5210655e-05,-10.588219,0.9998621,8.889177
300,1,1,0.93524355,2.6701736,0.6493968367576599,0.9999335,9.61855,0.00025800936,-8.262257
301,1,1,0.9351493,2.6686187,0.6579838991165161,0.99975497,8.313732,0.00019035905,-8.566408
302,1,1,0.93528235,2.6708145,0.8311927318572998,0.99999285,11.841998,0.00033151335,-8.011511
303,1,1,0.9311839,2.6050186,0.6510748267173767,0.9915827,4.769017,0.0001949209,-8.542722
304,1,0,0.038497332,-3.2179084,1.0,3.572528e-05,-10.239616,0.7776644,1.2521073
305,1,1,0.93520695,2.6695695,0.7015131711959839,0.99985576,8.843802,0.00025879798,-8.259204
306,1,0,0.036723506,-3.2669234,1.0,0.00088867155,-7.0248938,0.7548308,1.1245449
307,0,1,0.98006666,3.8952267,1.0,0.99998593,11.173055,0.50270396,0.010815874
308,1,1,0.9352616,2.670472,0.817778468132019,0.9999666,10.309308,0.00027446487,-8.200413
309,1,1,0.88577217,2.0482647,1.0,0.77352905,1.2283466,0.4681216,-0.12768699
310,0,1,0.96360487,3.2762463,1.0,0.9842794,4.136936,0.29890737,-0.8525063
311,1,1,0.8613619,1.826648,0.46199148893356323,0.891574,2.1069205,0.00022253388,-8.410209
312,1,1,0.9352433,2.6701698,0.8858999609947205,0.9999541,9.989157,0.00019136468,-8.561138
313,1,1,0.93182206,2.6150208,0.7148553133010864,0.99286884,4.936131,0.00019127713,-8.561596
314,1,1,0.9352523,2.6703184,0.5612009763717651,0.99997866,10.753912,0.00017320625,-8.660854
315,1,1,0.93527764,2.6707368,0.7718391418457031,0.9999808,10.863268,0.00033777521,-7.992792
316,0,0,0.064368755,-2.676593,0.682441771030426,1.2391083e-05,-11.298521,0.9998286,8.671436
317,1,1,0.9352483,2.6702523,0.5765020847320557,0.99997604,10.638154,0.00015517564,-8.770798
318,0,0,0.064417176,-2.6757894,0.5842519402503967,0.00011778838,-9.046503,0.99982184,8.632719
319,1,1,0.93526363,2.6705053,0.6440992951393127,0.9999833,11.0001545,0.00023553523,-8.353415
320,1,1,0.9352084,2.669593,0.6725256443023682,0.99989474,9.15892,0.00014381157,-8.846863
321,0,1,0.9471045,2.8850915,1.0,0.9999658,10.282499,0.088331364,-2.3341813
322,0,1,0.9413051,2.7749145,1.0,0.99927646,7.230582,0.045329485,-3.0474086
323,0,0,0.065146014,-2.6637592,0.6348650455474854,0.001650912,-6.404775,0.9998615,8.884523
324,0,0,0.06437845,-2.6764321,0.7191133499145508,1.0548417e-05,-11.459524,0.9999006,9.21627
325,1,0,0.016117182,-4.111621,1.0,9.9932506e-05,-9.210916,0.4107887,-0.36070585
326,0,0,0.065973066,-2.6502588,0.7578302621841431,0.0033782963,-5.687,0.9998841,9.063175
327,0,0,0.10529635,-2.1397138,0.6467702388763428,0.06899131,-2.602288,0.9998154,8.5973
328,1,1,0.9352333,2.6700044,0.6473281383514404,0.99991953,9.42823,0.00023367682,-8.361338
329,1,1,0.9352636,2.6705043,0.7489862442016602,0.9999893,11.439564,0.00021601202,-8.4399605
330,0,0,0.064376004,-2.6764727,0.7181984782218933,7.260743e-06,-11.833021,0.9998945,9.156844
331,0,1,0.94554037,2.854297,1.0,0.99960715,7.841759,0.07684192,-2.4860501
332,1,1,0.93527293,2.6706588,0.5768460035324097,0.99998367,11.024864,0.00029749068,-8.11983
333,1,1,0.9351996,2.6694486,0.6287019848823547,0.9998319,8.691317,0.00028524257,-8.161885
334,1,1,0.9346871,2.661022,0.680514395236969,0.9987656,6.695929,0.00023320166,-8.363374
335,0,1,0.9396688,2.7456777,1.0,0.99971396,8.159264,0.031936966,-3.411533
336,0,0,0.06437811,-2.6764376,0.711223304271698,1.6821867e-05,-10.992814,0.9998783,9.014086
337,1,1,0.9352704,2.6706176,0.7985243201255798,0.9999865,11.214842,0.00027096077,-8.213265
338,0,0,0.079243004,-2.452677,0.8530470728874207,0.028774818,-3.5190578,0.9998442,8.767268
339,0,0,0.39328852,-0.43350986,1.0,0.3068245,-0.8150073,0.94031703,2.7571716
340,0,1,0.99243176,4.876198,1.0,0.99984384,8.764293,0.90562814,2.2613857
341,1,1,0.93524384,2.6701787,0.5646259784698486,0.99995804,10.078297,0.00018182193,-8.612301
342,1,1,0.93525916,2.6704316,0.6426857709884644,0.9999771,10.685074,0.0002250459,-8.398981
343,0,0,0.06936486,-2.5964868,0.7729687094688416,0.010299902,-4.5652676,0.9998416,8.75029
344,0,0,0.06436189,-2.676707,0.8217679262161255,9.373033e-06,-11.577664,0.99979156,8.475601
345,1,1,0.93386096,2.6475682,0.663618803024292,0.9970541,5.8243914,0.00017959542,-8.624624
346,1,1,0.9347733,2.6624355,0.6210678219795227,0.9989361,6.8447227,0.00026815716,-8.223669
347,1,1,0.9352498,2.6702769,0.6053648591041565,0.9999802,10.829894,0.00015119539,-8.796786
348,0,1,0.83515275,1.6225953,0.7554892897605896,0.5523327,0.21010038,0.99986553,8.914452
349,0,1,0.89457476,2.1383464,1.0,0.9202209,2.4453526,0.03662233,-3.2697873
350,1,1,0.93525845,2.6704197,0.5833801031112671,0.999987,11.254334,0.0001881593,-8.578033
351,1,1,0.93525827,2.6704168,0.6457655429840088,0.99998,10.818724,0.00020974544,-8.469406
352,1,1,0.93522406,2.6698518,0.6817069053649902,0.999912,9.338415,0.00019499543,-8.542339
353,0,0,0.064370066,-2.6765714,0.6783631443977356,4.5747047e-06,-12.294964,0.99986255,8.891909
354,1,0,0.04076766,-3.1582444,1.0,3.4618635e-05,-10.271084,0.80214685,1.3997664
355,0,0,0.06437016,-2.6765697,0.7092208862304688,9.024171e-06,-11.615595,0.99984896,8.797792
356,0,1,0.9368286,2.6966488,1.0,0.99049056,4.64591,0.04127663,-3.145306
357,0,0,0.0643691,-2.6765876,0.6299559473991394,1.0985678e-05,-11.418907,0.9998355,8.71234
358,1,1,0.9340535,2.6506896,0.7838456034660339,0.9974425,5.9661655,0.0002195425,-8.423745
359,0,0,0.064358875,-2.676757,0.5275974273681641,1.2832821e-05,-11.263492,0.99976,8.334416
360,1,1,0.9352813,2.6707969,0.7943830490112305,0.99999166,11.70036,0.00032845928,-8.020769
361,1,1,0.9352537,2.670341,0.5581209659576416,0.9999738,10.550911,0.00019824054,-8.525831
362,1,1,0.9352278,2.6699138,0.8253262042999268,0.99990964,9.31148,0.00022754919,-8.387917
363,1,0,0.1674404,-1.6038773,1.0,0.44447336,-0.22302642,0.020561824,-3.863543
364,1,1,0.93512166,2.6681628,0.6822710633277893,0.999696,8.0979805,0.00019168445,-8.559468
365,1,1,0.9350923,2.6676786,0.7950834035873413,0.99961996,7.8750277,0.00023613448,-8.350873
366,0,1,0.9369952,2.6994674,1.0,0.9994493,7.503768,0.013823263,-4.2674828
367,1,0,0.050824445,-2.9272163,1.0,2.267339e-05,-10.694296,0.8969707,2.1640096
368,0,0,0.06437126,-2.6765516,0.5047416090965271,1.6766453e-05,-10.996114,0.9998318,8.6899805
369,0,1,0.95868534,3.1443455,1.0,0.99995196,9.942375,0.19474116,-1.4194925
370,1,1,0.9352133,2.6696746,0.5367329716682434,0.9998987,9.196757,0.00016449478,-8.712467
371,1,1,0.93525743,2.670403,0.7407476305961609,0.99998343,11.008076,0.00019292784,-8.553001
372,0,0,0.073257595,-2.5376937,0.6747389435768127,0.017860863,-4.007121,0.9998172,8.606539
373,1,1,0.93525565,2.6703734,0.6463133096694946,0.99998045,10.843956,0.00019032566,-8.566584
374,1,1,0.9352747,2.6706884,0.785700798034668,0.99998426,11.059841,0.00030736835,-8.087156
375,1,1,0.93493855,2.6651485,0.8719635605812073,0.99925977,7.2078276,0.0003483737,-7.9618864
376,1,0,0.037375767,-3.2486405,1.0,0.020340485,-3.8745918,0.7002127,0.8483112
377,0,1,0.9919636,4.815708,1.0,0.99943274,7.474198,0.882122,2.01268
378,0,0,0.06437828,-2.676435,0.6305557489395142,2.3108229e-05,-10.675299,0.99985933,8.86929
379,1,1,0.93525815,2.670415,0.5508882999420166,0.9999906,11.575941,0.00017518376,-8.6495
380,1,1,0.9352591,2.6704304,0.7757861018180847,0.99998355,11.016539,0.00020402779,-8.49705
381,1,1,0.9350091,2.6663094,0.7142219543457031,0.99942976,7.4688563,0.00028125828,-8.175956
382,0,1,0.98987025,4.582097,1.0,0.99982625,8.6573,0.785021,1.2951702
383,0,0,0.07322023,-2.5382442,0.4761001467704773,0.01780675,-4.0102105,0.99976414,8.352117
384,1,1,0.93522424,2.6698549,0.6539038419723511,0.9998938,9.150058,0.00025460485,-8.275543
385,0,0,0.06437829,-2.6764348,0.6178048849105835,8.4914345e-06,-11.676444,0.99990606,9.272367
386,0,1,0.9568637,3.099296,1.0,0.9999821,10.930756,0.17616256,-1.5425661
387,0,0,0.06437065,-2.6765616,0.7838895320892334,7.206748e-06,-11.840486,0.99985814,8.860979
388,1,1,0.9352541,2.670348,0.5656608939170837,0.99998426,11.057951,0.00016761277,-8.6936865
389,1,1,0.9352651,2.6705298,0.7471967935562134,0.99998856,11.376108,0.00022914285,-8.380936
390,1,1,0.9352598,2.6704423,0.5647565126419067,0.9999769,10.674391,0.00022979287,-8.378102
391,1,1,0.9352629,2.6704936,0.7756113409996033,0.9999647,10.25146,0.0002898954,-8.1457
392,0,1,0.9393518,2.7401001,1.0,0.9999714,10.459867,0.028826987,-3.5171926
393,0,0,0.06889312,-2.6038177,0.5322774648666382,0.009431441,-4.65423,0.99960726,7.8419085
394,0,1,0.9929444,4.946856,1.0,0.999979,10.773611,0.9341863,2.6528473
395,1,0,0.037729606,-3.2388504,1.0,0.0008531322,-7.0657425,0.76646197,1.1884401
396,0,0,0.06436317,-2.6766858,0.6900390982627869,1.6888558e-05,-10.988857,0.9997763,8.405196
397,0,0,0.06437029,-2.6765676,0.7146279811859131,1.18298185e-05,-11.344875,0.999841,8.74681
398,0,0,0.06438086,-2.676392,0.7461211085319519,2.7577476e-05,-10.498484,0.9998627,8.893164
399,1,1,0.93524593,2.670213,0.697216808795929,0.99995446,9.997785,0.00020778282,-8.478809
400,0,0,0.064371325,-2.6765504,0.6265531182289124,5.8304245e-06,-12.052415,0.9998672,8.926951
401,1,1,0.93525136,2.6703026,0.7039692997932434,0.99995744,10.063293,0.00023471405,-8.356908
402,1,0,0.061332814,-2.728146,1.0,0.00011535917,-9.067345,0.9783489,3.8108103
403,0,0,0.06436309,-2.676687,0.589606523513794,1.4490025e-05,-11.1420355,0.99978346,8.437455
404,1,1,0.93529046,2.6709485,0.708229124546051,0.9999716,10.471911,0.00045433495,-7.6962214
405,0,0,0.06435226,-2.676867,0.720054566860199,1.1868262e-05,-11.341631,0.999718,8.173505
406,0,0,0.066593535,-2.6402333,0.7484205961227417,0.0046732603,-5.361214,0.99986184,8.887146
407,0,0,0.10481945,-2.1447861,0.7607754468917847,0.06840428,-2.6114635,0.99960905,7.8464537
408,1,1,0.9336808,2.6446548,0.7028118371963501,0.9966893,5.707289,0.00014891244,-8.812003
409,0,0,0.06581798,-2.6527781,0.6270203590393066,0.0030556764,-5.787694,0.9998808,9.034313
410,1,1,0.93523467,2.670027,0.8265553116798401,0.9999492,9.888007,0.00014816658,-8.817025
411,0,0,0.06434792,-2.676939,0.6372278928756714,6.5370136e-06,-11.938024,0.9997055,8.129975
412,1,1,0.9352646,2.670521,0.7691241502761841,0.999962,10.176368,0.00031025682,-8.0778
413,0,0,0.064384066,-2.676339,0.8207249641418457,3.256341e-05,-10.332289,0.9998685,8.936415
414,1,0,0.45433313,-0.18317796,0.8366302251815796,0.6333518,0.54662323,0.0002633967,-8.241586
415,0,1,0.9863636,4.2812815,1.0,0.9999813,10.883738,0.6611076,0.668234
416,1,1,0.93526244,2.6704857,0.8539645671844482,0.9999889,11.40449,0.00020923134,-8.471861
417,1,1,0.93525374,2.670342,0.4939626455307007,0.9999734,10.536071,0.00019985028,-8.517742
418,0,1,0.9809184,3.9397652,1.0,0.98207366,4.0033956,0.5781785,0.31530052
419,0,0,0.06436115,-2.6767194,0.6217795014381409,2.070319e-05,-10.785202,0.9997503,8.294922
420,1,1,0.500407,0.0016279076,0.5635423064231873,0.6571209,0.6504899,0.00017903803,-8.627733
421,1,1,0.93525857,2.6704216,0.7446038126945496,0.9999795,10.797565,0.00021352587,-8.451539
422,0,1,0.9681531,3.414451,0.7416449189186096,0.78256804,1.2806946,0.9997719,8.385342
423,0,0,0.06437928,-2.6764183,0.7046427726745605,1.8221059e-05,-10.912914,0.99988174,9.042582
424,0,0,0.06438293,-2.6763577,0.5885424017906189,2.546553e-05,-10.578159,0.99988353,9.05822
425,0,0,0.06435015,-2.676902,0.9383945465087891,1.0791214e-05,-11.436768,0.99970704,8.135153
426,0,0,0.07867004,-2.4605558,0.7375825643539429,0.027757674,-3.5560927,0.9998599,8.873108
427,0,1,0.9563233,3.0862818,1.0,0.996438,5.6338663,0.18214081,-1.5019101
428,1,1,0.93438315,2.6560543,0.4684617221355438,0.99815196,6.291799,0.00015513168,-8.771081
429,0,0,0.06578141,-2.6533732,0.7881413698196411,0.00297738,-5.81373,0.99988663,9.084557
430,1,1,0.9352541,2.670348,0.7122960090637207,0.99998116,10.882893,0.00017750345,-8.636343
431,1,1,0.9333346,2.6390774,0.7273219227790833,0.99595743,5.506821,0.00019808124,-8.526635
432,1,1,0.9351102,2.6679742,0.7306529879570007,0.99965453,7.970384,0.00024642306,-8.308214
433,1,1,0.93450475,2.658039,0.6672009229660034,0.9983884,6.4289346,0.00021354784,-8.451436
434,0,1,0.93927306,2.7387187,1.0,0.9999399,9.719278,0.028360164,-3.5339997
435,0,1,0.9838538,4.1097937,1.0,0.9999356,9.650728,0.5908969,0.3676744
436,0,1,0.95698804,3.1023126,1.0,0.99997926,10.781523,0.17740968,-1.5339966
437,1,1,0.9352707,2.6706223,0.7052266597747803,0.99998903,11.41947,0.0002650511,-8.235323
438,1,1,0.9352568,2.670392,0.7089218497276306,0.99998367,11.025282,0.0001876036,-8.580992
439,0,1,0.98318535,4.0685472,1.0,0.9850214,4.1860433,0.6216016,0.49635184
440,1,1,0.935173,2.669009,0.6399977207183838,0.9997768,8.406866,0.00028051436,-8.178605
441,0,0,0.09336799,-2.273188,0.43897536396980286,0.051873766,-2.9056745,0.9997185,8.175154
442,1,1,0.9352628,2.6704917,0.8549975156784058,0.9999876,11.302113,0.00021643836,-8.437988
443,0,0,0.105884075,-2.1334906,0.6610431671142578,0.069798686,-2.5897858,0.9997904,8.46986
444,1,1,0.93440187,2.6563594,0.5883150696754456,0.9981883,6.311701,0.00016422146,-8.71413
445,1,1,0.93526316,2.6704974,0.6188221573829651,0.9999888,11.397833,0.00021427905,-8.448017
446,0,0,0.06436671,-2.676627,0.7698084115982056,2.8073066e-05,-10.480672,0.9997646,8.354006
447,0,0,0.15572548,-1.690383,0.6362355947494507,0.12671612,-1.9303113,0.9998228,8.637794
448,0,0,0.06437143,-2.6765487,0.8685681223869324,3.14147e-05,-10.368203,0.9997861,8.449413
449,1,1,0.88577384,2.0482812,0.7933589220046997,0.9200233,2.4426644,0.00030151822,-8.106379
450,0,0,0.064384095,-2.6763384,0.7356274127960205,1.590199e-05,-11.04905,0.9999219,9.457399
451,0,0,0.064362764,-2.6766925,0.7695125341415405,8.317617e-06,-11.697126,0.99980086,8.521008
452,0,1,0.93625164,2.686941,1.0,0.99995613,10.034553,0.007065304,-4.945469
453,0,1,0.99031186,4.6271176,1.0,0.9999504,9.912275,0.80309415,1.4057462
454,1,1,0.9353045,2.671181,0.6813014149665833,0.9999871,11.256878,0.0005003006,-7.599801
455,1,1,0.93523896,2.6700978,0.5482485294342041,0.999966,10.29155,0.00012322055,-9.001411
456,0,1,0.9380692,2.7178066,1.0,0.99978036,8.42308,0.020290153,-3.8771207
457,0,0,0.064369775,-2.6765761,0.6551839709281921,1.3451548e-05,-11.216403,0.9998323,8.693476
458,0,0,0.06439448,-2.676166,0.6160670518875122,5.643321e-05,-9.782396,0.99986327,8.89746
459,0,0,0.06437094,-2.6765568,0.7602460384368896,1.5317457e-05,-11.086502,0.9998342,8.704926
460,0,1,0.9919475,4.813684,1.0,0.9984425,6.4631233,0.88445705,2.0353317
461,0,0,0.06435773,-2.6767762,0.6617979407310486,2.9758241e-05,-10.422375,0.99969804,8.104721
462,0,0,0.06445276,-2.675199,0.8439006805419922,0.00018137398,-8.614768,0.999861,8.880741
463,1,1,0.9352378,2.6700792,0.8257827162742615,0.99991703,9.397418,0.00027225426,-8.208502
464,0,0,0.06436275,-2.676693,0.5665890574455261,9.667567e-06,-11.546724,0.99979645,8.499299
465,0,1,0.9874921,4.368807,1.0,0.9986125,6.5789027,0.7013899,0.8539252
466,0,0,0.06435931,-2.67675,0.4207054376602173,1.3113796e-05,-11.241833,0.999762,8.343
467,0,0,0.15300977,-1.7111874,0.6286710500717163,0.12403479,-1.9547644,0.9998499,8.804234
468,0,0,0.24102758,-1.1470541,0.785517692565918,0.19656342,-1.4079131,0.9996824,8.054464
469,0,0,0.064385384,-2.676317,0.7135756611824036,4.995253e-05,-9.904387,0.99982196,8.633194
470,1,1,0.8855375,2.0459476,0.6794513463973999,0.9197429,2.4388585,0.00023938493,-8.337198
471,1,1,0.93526137,2.6704679,0.8260390758514404,0.99994636,9.832229,0.00033818377,-7.991583
472,0,0,0.064374946,-2.6764903,0.6261196732521057,2.3268463e-05,-10.668388,0.9998361,8.716475
473,1,1,0.93002665,2.5870988,0.6824491024017334,0.9892519,4.5222206,0.00028613463,-8.158762
474,1,1,0.93524617,2.670217,0.6548872590065002,0.9999739,10.551495,0.00014671472,-8.826874
475,0,1,0.9436247,2.8176968,1.0,0.99999225,11.767171,0.060596183,-2.7410135
476,1,1,0.93521893,2.6697671,0.6601651310920715,0.99991095,9.326284,0.00016384671,-8.716415
477,1,0,0.051324714,-2.9168942,1.0,4.5674784e-05,-9.993918,0.9011321,2.209867
478,0,0,0.06438017,-2.6764035,0.7005743980407715,1.6166383e-05,-11.03256,0.9998944,9.155458
479,1,1,0.9339556,2.6491017,0.4892219007015228,0.9972541,5.8948965,0.00016933985,-8.683434
480,0,1,0.9909547,4.696423,1.0,0.9998274,8.664276,0.83192086,1.5993023
481,1,1,0.9341102,2.651611,0.7367669343948364,0.9975629,6.01451,0.0002136507,-8.450954
482,0,0,0.0673048,-2.628847,0.8179643154144287,0.0061495434,-5.085209,0.999819,8.616792
483,0,1,0.9368153,2.6964242,1.0,0.9999343,9.630953,0.0110257,-4.4964395
484,1,1,0.9352715,2.6706352,0.8629048466682434,0.99997604,10.639759,0.00031161722,-8.073423
485,1,0,0.025209572,-3.6549988,1.0,6.642805e-05,-9.619325,0.59823775,0.39812773
486,0,0,0.06439232,-2.6762018,0.7442198991775513,6.0198214e-05,-9.717808,0.99983656,8.718895
487,1,1,0.9352529,2.6703281,0.6581951379776001,0.99993694,9.671363,0.00031075682,-8.076189
488,0,0,0.06436851,-2.676597,0.5688652396202087,8.616858e-06,-11.661781,0.99983907,8.734308
489,1,1,0.9352572,2.670399,0.669295608997345,0.99997795,10.719489,0.00020848257,-8.475447
490,1,1,0.93525857,2.6704216,0.626506507396698,0.9999825,10.950487,0.00020388389,-8.497756
491,0,0,0.06433821,-2.6771004,0.76360684633255,1.2497047e-05,-11.290006,0.9996202,7.8755846
492,0,1,0.99068224,4.666472,1.0,0.999969,10.382925,0.8191827,1.51082
493,1,1,0.9351502,2.6686335,0.6629514098167419,0.9997545,8.311894,0.00019826094,-8.525728
494,0,1,0.99135596,4.742203,1.0,0.9978116,6.122386,0.85714173,1.7917507
495,1,1,0.9352448,2.6701944,0.5483357906341553,0.99997616,10.643647,0.00013043168,-8.9445305
496,1,0,0.01988886,-3.8975062,0.7305137515068054,0.15615965,-1.6870844,0.00026127772,-8.249665
497,0,1,0.9830761,4.0619593,1.0,0.99998665,11.219592,0.5711068,0.28636837
498,1,0,0.06150863,-2.7250962,1.0,1.7756032e-05,-10.938767,0.97991174,3.8873277
499,0,0,0.06438743,-2.676283,0.6912705302238464,6.9532056e-05,-9.573653,0.99977344,8.392479
500,0,0,0.06435655,-2.6767957,0.9449811577796936,8.10013e-06,-11.723622,0.99975926,8.3315935
501,1,1,0.9352477,2.6702425,0.6121770143508911,0.9999639,10.228148,0.00018941466,-8.5713825
502,0,0,0.064375825,-2.6764758,0.8365176320075989,7.4476834e-06,-11.8076,0.9998926,9.138604
503,0,0,0.06437147,-2.676548,0.7045687437057495,1.1011208e-05,-11.416586,0.9998516,8.815439
504,1,1,0.93526775,2.6705732,0.7427307367324829,0.9999901,11.522318,0.00024178842,-8.327206
505,1,1,0.93523407,2.6700172,0.6320989727973938,0.9999393,9.709922,0.00017543267,-8.64808
506,0,1,0.97436655,3.6378894,1.0,0.9999825,10.954526,0.3971341,-0.4174207
507,1,1,0.935189,2.6692734,0.4869014024734497,0.9998487,8.796315,0.00015949665,-8.743328
508,0,1,0.9253301,2.5170736,1.0,0.724483,0.9668092,0.81709135,1.4967644
509,1,1,0.9255622,2.5204375,0.8592678308486938,0.9806652,3.9263248,0.00035784906,-7.9350414
510,0,0,0.11805733,-2.0109568,0.7320284247398376,0.08551428,-2.3696785,0.9998758,8.993649
511,0,1,0.9372671,2.7040827,1.0,0.99934214,7.325881,0.016059168,-4.115286
512,1,1,0.9322825,2.6222913,0.7154951691627502,0.9937919,5.0756683,0.00022656913,-8.392234
513,1,1,0.93525076,2.6702926,0.5913503766059875,0.9999708,10.441218,0.00018829643,-8.577305
514,0,0,0.064362556,-2.676696,0.6683635711669922,1.3325805e-05,-11.225795,0.99978346,8.437709
515,0,1,0.9927497,4.9194345,1.0,0.9999807,10.856588,0.9229295,2.4828322
516,0,0,0.06437241,-2.6765323,0.799901008605957,1.12143525e-05,-11.398305,0.9998574,8.855959
517,0,0,0.06438497,-2.676324,0.547272264957428,2.5202939e-05,-10.588525,0.9998982,9.192484
518,0,1,0.9785468,3.8201947,1.0,0.8958212,2.1516323,0.8045664,1.4150829
519,0,0,0.06436211,-2.6767035,0.7831199765205383,4.847732e-06,-12.236995,0.99980754,8.555124
520,0,0,0.06435776,-2.6767757,0.8226989507675171,9.163168e-06,-11.600309,0.999764,8.351513
521,0,0,0.06819513,-2.6147504,0.7471885681152344,0.007983707,-4.8223367,0.9997451,8.274437
522,1,1,0.93521225,2.669657,0.5273823738098145,0.9999063,9.275594,0.00013323275,-8.92328
523,0,0,0.24479803,-1.1265516,0.6414768099784851,0.19916806,-1.3915021,0.9997764,8.405394
524,0,0,0.06436947,-2.6765814,0.8301011323928833,8.771806e-06,-11.643959,0.99984515,8.77281
525,0,1,0.9366763,2.6940784,1.0,0.99989545,9.165888,0.010187476,-4.5763564
526,1,1,0.9350261,2.666589,0.7477655410766602,0.9994815,7.564016,0.00023131032,-8.371519
527,0,1,0.80514276,1.4187524,0.7891592383384705,0.5261469,0.10468295,0.9998574,8.8553505
528,0,0,0.1614743,-1.6472993,1.0,0.1778925,-1.5306916,0.8540681,1.7668709
529,0,0,0.06570143,-2.6546755,0.6796525716781616,0.002817958,-5.868921,0.9998615,8.884673
530,1,1,0.9217238,2.4660017,0.749610424041748,0.9737335,3.6128435,0.0001602841,-8.738402
531,0,1,0.93982244,2.7483914,1.0,0.99998367,11.023183,0.03218954,-3.4033947
532,0,0,0.064375125,-2.6764874,0.7494878172874451,2.7087817e-05,-10.516399,0.9998252,8.65148
533,1,1,0.935247,2.6702306,0.7087808847427368,0.9999478,9.859514,0.00023566552,-8.352861
534,0,0,0.064362556,-2.676696,0.8136808276176453,7.895675e-06,-11.749187,0.99980074,8.520435
535,1,1,0.93525743,2.670403,0.6909939050674438,0.99996626,10.296017,0.00024789045,-8.302276
536,1,1,0.93525887,2.6704266,0.5987168550491333,0.9999851,11.114451,0.0001969721,-8.532251
537,0,0,0.06436947,-2.6765814,0.8105400800704956,1.1074584e-05,-11.410847,0.99983776,8.726497
538,0,1,0.9648309,3.3117843,1.0,0.99993336,9.615673,0.26349646,-1.0278741
539,1,1,0.935206,2.6695538,0.6816253662109375,0.9998684,8.9359865,0.00021166989,-8.460271
540,0,0,0.07832352,-2.4653463,0.7989237904548645,0.02722521,-3.5760093,0.99959487,7.8108163
541,0,0,0.06875822,-2.6059227,0.7206606268882751,0.00917061,-4.6825385,0.9995765,7.7665915
542,0,0,0.06436098,-2.6767223,0.7044436931610107,6.151526e-06,-11.998804,0.9997956,8.495368
543,0,0,0.0643485,-2.6769295,0.7189491987228394,6.2582444e-06,-11.981605,0.99971026,8.146261
544,1,1,0.9352721,2.6706452,0.7208831906318665,0.99998796,11.326364,0.00027788334,-8.188031
545,0,0,0.076372884,-2.4926808,0.7891174554824829,0.023662202,-3.7199297,0.99975854,8.328324
546,0,1,0.9924476,4.8783107,1.0,0.99403536,5.115924,0.9250421,2.5129125
547,1,1,0.93527234,2.670649,0.7579836249351501,0.9999721,10.488625,0.00033017824,-8.015548
548,0,1,0.906859,2.2758722,1.0,0.9350775,2.6674342,0.04560186,-3.0411325
549,0,0,0.3901766,-0.44657,1.0,0.42831406,-0.28873307,0.54698396,0.18849191
550,1,0,0.02087878,-3.847922,1.0,0.0034431084,-5.6679316,0.5083022,0.033211976
551,1,1,0.9335572,2.642661,0.568791389465332,0.996429,5.6313353,0.00016184521,-8.728708
552,0,1,0.9784797,3.8170025,1.0,0.9999738,10.547415,0.47064885,-0.11753957
553,1,1,0.93520665,2.6695647,0.6859546303749084,0.99986565,8.915474,0.00022503988,-8.399008
554,0,0,0.064356305,-2.6767998,0.8009743094444275,5.3608474e-05,-9.83375,0.9996123,7.85475
555,1,0,0.021085728,-3.8378477,1.0,0.0010544915,-6.8536415,0.52006346,0.08029694
556,0,1,0.9363178,2.6880498,1.0,0.99919134,7.119306,0.009962948,-4.5988693
557,0,0,0.3391726,-0.66698354,0.7001621127128601,0.25824144,-1.0551288,0.9996772,8.037903
558,1,1,0.93524563,2.670208,0.6535729169845581,0.99996734,10.328266,0.00016438126,-8.713158
559,1,1,0.9339781,2.6494663,0.6484372019767761,0.9972791,5.9040422,0.00023937262,-8.33725
560,0,1,0.94366246,2.8184075,1.0,0.9997706,8.379719,0.06159517,-2.723598
561,1,1,0.93525344,2.670337,0.5894473195075989,0.9999877,11.306604,0.000152369,-8.789053
562,1,1,0.93522716,2.669903,0.6079201102256775,0.9999311,9.582306,0.000155417,-8.769243
563,0,1,0.9882654,4.433409,1.0,0.9999635,10.219766,0.72357816,0.9622804
564,1,0,0.047026973,-3.0088654,1.0,0.00027925006,-8.183124,0.8626524,1.8374972
565,0,0,0.0644212,-2.6757226,0.6353292465209961,0.00011683218,-9.054655,0.9998523,8.819931
566,1,1,0.9352252,2.6698706,0.7193120718002319,0.9999124,9.342357,0.0002012362,-8.51083
567,0,0,0.06438079,-2.6763933,0.6886600255966187,2.9668923e-05,-10.425381,0.9998554,8.841673
568,0,0,0.06437723,-2.6764524,0.6016227602958679,1.1071522e-05,-11.411123,0.9998907,9.120962
569,1,1,0.9352543,2.6703508,0.4808140993118286,0.99998486,11.096225,0.00016684421,-8.698283
570,0,0,0.0644513,-2.6752234,0.722969114780426,0.00018452591,-8.597536,0.999841,8.746782
571,0,0,0.06436457,-2.6766627,0.654482364654541,1.0336761e-05,-11.479794,0.9998067,8.550787
572,1,1,0.9352034,2.6695106,0.648822546005249,0.9998491,8.798662,0.000255841,-8.270699
573,1,0,0.17519332,-1.549259,1.0,0.15095896,-1.7270995,0.9803038,3.907439
574,1,0,0.021660961,-3.8103447,1.0,5.9908547e-05,-9.722631,0.5345236,0.13831455
575,0,0,0.06437904,-2.6764224,0.5973016023635864,1.0214778e-05,-11.491665,0.9999057,9.269564
576,0,1,0.97659326,3.731046,1.0,0.9999858,11.16144,0.43534324,-0.26008332
577,0,0,0.064346,-2.676971,0.7216910719871521,7.011064e-05,-9.565366,0.9994893,7.579307
578,1,1,0.9352648,2.670525,0.7490293383598328,0.9999894,11.454969,0.00022381249,-8.404478
579,1,1,0.9352522,2.6703165,0.7607585191726685,0.999949,9.882641,0.0002677747,-8.225097
580,1,1,0.9352562,2.6703823,0.6298679709434509,0.9999927,11.83592,0.00015450592,-8.775124
581,1,1,0.93384457,2.647303,0.7978518009185791,0.9970181,5.8121824,0.00018545,-8.59254
582,1,1,0.9352487,2.6702583,0.6628900766372681,0.9999696,10.399497,0.00017715986,-8.638281
583,0,1,0.9597741,3.1721864,1.0,0.99995863,10.092735,0.20614316,-1.3483323
584,0,1,0.9798043,3.881882,1.0,0.99970764,8.137494,0.49811742,-0.0075304285
585,0,0,0.06458576,-2.6729956,0.6367514133453369,0.0004965736,-7.607282,0.9997584,8.328097
586,1,0,0.0239925,-3.705729,1.0,5.9964677e-05,-9.721695,0.57744485,0.312293
587,0,1,0.9357393,2.6783884,1.0,0.99961805,7.869836,0.004636183,-5.369217
588,1,1,0.9347997,2.6628678,0.6490005850791931,0.9990115,6.9183264,0.00020509039,-8.491855
589,0,0,0.0643777,-2.6764445,0.7410971522331238,1.3617493e-05,-11.204142,0.9998857,9.076467
590,0,1,0.94689095,2.8808367,1.0,0.98977286,4.57243,0.11913657,-2.000632
591,1,1,0.9352282,2.6699207,0.7222423553466797,0.9998851,9.071512,0.00030914368,-8.081395
592,0,1,0.98477584,4.1695304,1.0,0.9996699,8.015748,0.61625344,0.47367585
593,0,0,0.06437201,-2.676539,0.7130063772201538,1.0142886e-05,-11.498728,0.999858,8.86002
594,0,1,0.93373585,2.6455445,1.0,0.99479216,5.252367,0.0065722587,-5.018304
595,1,0,0.009851526,-4.6102285,1.0,1.2046355e-05,-11.326736,0.20650168,-1.3461429
596,0,0,0.064430915,-2.6755614,0.7995593547821045,0.00014194172,-8.859952,0.99983823,8.729515
597,1,1,0.9352345,2.670024,0.5689893364906311,0.9999361,9.658103,0.0001888403,-8.57442
598,1,1,0.935262,2.6704788,0.7770293951034546,0.9999802,10.832456,0.00023437303,-8.358362
599,1,1,0.9352423,2.670153,0.5079716444015503,0.99995434,9.994753,0.00018331133,-8.604141
600,1,0,0.052519526,-2.8926213,1.0,1.267663e-05,-11.275738,0.9111961,2.3283272
601,1,1,0.9347379,2.661855,0.6158092021942139,0.99888736,6.799872,0.00018628596,-8.588041
602,0,0,0.06437828,-2.676435,0.7024914622306824,2.392237e-05,-10.640673,0.9998567,8.85036
603,0,0,0.06435494,-2.6768224,0.7189030647277832,8.768903e-06,-11.64429,0.99974614,8.278698
604,1,1,0.9353312,2.6716223,0.8816801905632019,0.99997926,10.785252,0.00070646446,-7.254531
605,0,1,0.99291384,4.9425006,1.0,0.9998784,9.014973,0.9327249,2.629321
606,0,0,0.07397863,-2.527121,0.7235762476921082,0.01920724,-3.933074,0.9998553,8.840857
607,1,1,0.9352728,2.670657,0.8011727333068848,0.99996305,10.20735,0.00036204897,-7.923369
608,0,1,0.57766616,0.31320003,0.48293790221214294,0.38409662,-0.47219592,0.99990845,9.298838
609,0,1,0.9790805,3.845932,1.0,0.99995685,10.050618,0.48257238,-0.06973858
610,1,1,0.93517137,2.6689825,0.6534477472305298,0.9997892,8.464414,0.00023082254,-8.373631
611,1,1,0.92808896,2.5576978,0.7294837236404419,0.985507,4.2194896,0.00018293348,-8.606205
612,0,0,0.0664475,-2.642585,0.8458409309387207,0.004394178,-5.423071,0.9997882,8.459506
613,0,0,0.06441945,-2.6757517,0.7080146670341492,0.00013985901,-8.874736,0.99976677,8.363325
614,1,1,0.93522435,2.6698568,0.7203532457351685,0.99989927,9.203005,0.00023750843,-8.34507
615,0,0,0.0643594,-2.6767485,0.7679895162582397,2.2952381e-05,-10.682066,0.99973124,8.221328
616,0,0,0.06437744,-2.6764488,0.6774539351463318,2.5175863e-05,-10.5896,0.99984705,8.785469
617,0,1,0.9841734,4.130111,1.0,0.99976474,8.354391,0.5997764,0.40453348
618,0,0,0.06437992,-2.6764078,0.7020683884620667,1.3121014e-05,-11.241282,0.9999025,9.235327
619,0,1,0.94114846,2.7720828,1.0,0.9999795,10.795679,0.041922957,-3.1290946
620,1,1,0.93526065,2.6704562,0.674626886844635,0.9999881,11.336485,0.00019989297,-8.517529
621,1,1,0.9351372,2.6684191,0.6140744686126709,0.999726,8.202347,0.00020097716,-8.512118
622,0,0,0.06740912,-2.6271863,0.7694157361984253,0.006414723,-5.042724,0.99965346,7.9671073
623,0,1,0.9373025,2.704684,1.0,0.9995492,7.7041016,0.015644383,-4.1418753
624,1,0,0.01836399,-3.978829,1.0,0.011258772,-4.475285,0.42963484,-0.2833412
625,0,1,0.9383067,2.7219014,1.0,0.9990637,6.972561,0.024258407,-3.6944346
626,0,0,0.06443419,-2.675507,0.6737478971481323,0.00015241768,-8.7887335,0.9998271,8.662277
627,1,1,0.93262994,2.6278079,0.6544389724731445,0.9945076,5.1988797,0.00020394572,-8.497453
628,1,0,0.03280661,-3.3837686,1.0,0.00043237588,-7.745783,0.70834893,0.8873788
629,1,1,0.93411547,2.6516964,0.7866650223731995,0.9975528,6.010374,0.0002800171,-8.18038
630,0,0,0.06436825,-2.6766016,0.769936740398407,1.3932818e-05,-11.18125,0.9998203,8.624073
631,1,1,0.9352612,2.670465,0.7116934657096863,0.9999708,10.442459,0.00025883032,-8.259079
632,1,1,0.93524855,2.6702564,0.6678757071495056,0.99997485,10.591727,0.00016040367,-8.737657
633,1,1,0.9351676,2.6689205,0.6883212924003601,0.99977225,8.387058,0.00025936242,-8.257025
634,1,1,0.93526375,2.6705072,0.5927352905273438,0.9999865,11.215378,0.00022568968,-8.396124
635,1,1,0.9352548,2.6703596,0.7411121129989624,0.9999299,9.565029,0.00034624533,-7.9680166
636,1,1,0.93524885,2.6702611,0.779059112071991,0.9999552,10.012087,0.0002252756,-8.397961
637,0,0,0.064853996,-2.668564,0.6256508827209473,0.001031742,-6.8754745,0.99986744,8.928395
638,1,0,0.08667058,-2.3549821,0.7248135209083557,0.35434538,-0.5999927,0.00022210059,-8.412158
639,1,1,0.9352458,2.670211,0.6561461687088013,0.9999708,10.442053,0.0001546309,-8.774315
640,1,1,0.7431312,1.0623072,0.7002355456352234,0.79336166,1.3453093,0.00026972746,-8.217829
641,0,0,0.06438197,-2.6763737,0.6410765051841736,2.9043917e-05,-10.446672,0.99986553,8.913833
642,0,0,0.06437249,-2.676531,0.7529513835906982,4.2744778e-05,-10.060221,0.99975723,8.323187
643,0,0,0.06437479,-2.676493,0.7845834493637085,1.5923586e-05,-11.047693,0.9998585,8.86334
644,0,0,0.06436422,-2.6766684,0.7556442618370056,7.3510882e-06,-11.820655,0.99981385,8.58884
645,1,1,0.9338549,2.64747,0.6485387682914734,0.9970516,5.823531,0.0001466206,-8.827516
646,1,0,0.031854033,-3.414219,1.0,0.00019197511,-8.557953,0.6966235,0.83127046
647,1,1,0.93523717,2.6700683,0.7980180382728577,0.99994683,9.840948,0.00017271741,-8.663681
648,1,1,0.93527555,2.6707022,0.7227977514266968,0.9999845,11.07391,0.00031223785,-8.071433
649,0,0,0.06443186,-2.6755457,0.7966946363449097,0.00013815089,-8.887026,0.9998568,8.851839
650,1,1,0.93525803,2.6704128,0.7286984324455261,0.99998426,11.06045,0.00019452783,-8.544741
651,1,0,0.055544272,-2.8334284,1.0,0.005815106,-5.141464,0.9169517,2.4016318
652,1,1,0.9352437,2.6701765,0.7276210784912109,0.99997365,10.5430565,0.00013155033,-8.935989
653,0,1,0.93800914,2.7167728,1.0,0.99986124,8.883021,0.019607173,-3.9120579
654,1,1,0.9352591,2.6704304,0.6740788817405701,0.99998844,11.3674555,0.0001882492,-8.577556
655,0,0,0.06436288,-2.6766906,0.7277107238769531,6.9658827e-06,-11.874479,0.999806,8.547392
656,1,1,0.9352427,2.6701598,0.4766184985637665,0.9999713,10.457928,0.0001317909,-8.934162
657,1,1,0.93498427,2.6659005,0.6025274991989136,0.9994122,7.438457,0.00016983709,-8.680501
658,1,1,0.9352583,2.6704178,0.7722669243812561,0.9999722,10.492423,0.00023516497,-8.354988
659,1,0,0.020558842,-3.863691,1.0,5.5639994e-05,-9.796553,0.5126504,0.050612368
660,0,1,0.98349494,4.0874453,1.0,0.99977475,8.397901,0.5822399,0.3319755
661,0,0,0.064389996,-2.6762404,0.7606427669525146,6.504467e-05,-9.640371,0.99980515,8.543165
662,1,1,0.9352558,2.6703763,0.569155752658844,0.99998224,10.940529,0.00018603462,-8.589392
663,0,1,0.98971176,4.5664124,1.0,0.9999865,11.218449,0.77807283,1.2544711
664,0,0,0.06439443,-2.676167,0.827305257320404,9.892476e-05,-9.221052,0.9997272,8.20639
665,1,1,0.9329178,2.632398,0.770345151424408,0.9950918,5.311928,0.00022140687,-8.415287
666,0,0,0.06437904,-2.6764224,0.6011250019073486,1.07060105e-05,-11.4446945,0.99990404,9.25127
667,0,0,0.064359136,-2.6767528,0.7653713226318359,4.628867e-05,-9.980567,0.9996549,7.9711847
668,1,1,0.9352618,2.6704748,0.5179218053817749,0.99998844,11.363647,0.00020683206,-8.483397
669,1,0,0.05526332,-2.8387969,1.0,0.00050484145,-7.590761,0.9317074,2.6132166
670,1,1,0.93525136,2.6703026,0.5645239353179932,0.9999887,11.389635,0.00013537097,-8.907356
671,1,1,0.93526274,2.6704905,0.7693544626235962,0.9999609,10.149176,0.0003007482,-8.108936
672,0,0,0.06495321,-2.6669295,0.8181867003440857,0.0012804406,-6.65927,0.9997439,8.269857
673,0,1,0.90941584,2.306523,1.0,0.94974977,2.9391847,0.011321256,-4.4696875
674,0,0,0.06589696,-2.6514945,0.5854055285453796,0.0032528115,-5.7249775,0.99977785,8.412071
675,0,0,0.06436185,-2.6767077,0.41703301668167114,8.284653e-06,-11.7010975,0.9997948,8.49133
676,1,1,0.93522245,2.6698253,0.62684565782547,0.9999107,9.323818,0.00018841782,-8.57666
677,0,0,0.06448377,-2.674685,0.7803730964660645,0.00029685177,-8.121981,0.9997031,8.122085
678,0,0,0.0648468,-2.6686828,0.5867922306060791,0.0010387171,-6.8687296,0.99979657,8.499809
679,1,1,0.93527657,2.670719,0.6527004837989807,0.99996257,10.192038,0.00038935823,-7.850621
680,0,0,0.064368695,-2.676594,0.8018879890441895,8.079877e-06,-11.726126,0.99984205,8.753161
681,1,1,0.935252,2.6703134,0.4581288993358612,0.9999851,11.116876,0.0001511203,-8.797283
682,0,0,0.06530876,-2.6610901,0.6161236763000488,0.0020102474,-6.207485,0.9998091,8.563271
683,0,0,0.06437526,-2.676485,0.8069037199020386,8.799279e-06,-11.640832,0.9998845,9.066045
684,0,0,0.06445203,-2.6752112,0.7219316959381104,0.0001727026,-8.663767,0.99988365,9.059387
685,1,1,0.9352473,2.6702356,0.8502662777900696,0.999949,9.883185,0.00023412333,-8.359428
686,1,1,0.9352412,2.6701353,0.7532704472541809,0.99995446,9.99703,0.00017582235,-8.645861
687,0,0,0.06434043,-2.6770635,0.5117486715316772,3.123067e-05,-10.374079,0.99957544,7.764065
688,1,1,0.9352304,2.6699562,0.6982978582382202,0.9999144,9.365433,0.0002305232,-8.374928
689,1,1,0.935243,2.6701648,0.6951674818992615,0.99995434,9.995153,0.00018809327,-8.578384
690,0,1,0.94822884,2.9077625,1.0,0.99972767,8.20808,0.098393425,-2.2152042
691,1,1,0.9351666,2.6689038,0.8145988583564758,0.9997187,8.175759,0.00042316483,-7.7673254
692,1,1,0.93173045,2.6135798,0.6847677826881409,0.99266136,4.9072366,0.00026246495,-8.245131
693,1,1,0.9352628,2.6704917,0.8164503574371338,0.9999628,10.200721,0.0002951774,-8.127639
694,1,1,0.9352377,2.6700773,0.6339972019195557,0.99995244,9.95359,0.0001584048,-8.750198
695,1,1,0.93527514,2.6706953,0.7251405119895935,0.999984,11.045736,0.00031092248,-8.075656
696,1,1,0.9351103,2.6679752,0.7627715468406677,0.999653,7.965619,0.00025242008,-8.284163
697,1,1,0.93510175,2.6678348,0.579436719417572,0.99963033,7.9026833,0.00026711557,-8.227562
698,0,0,0.06433907,-2.677086,0.8613279461860657,6.4737405e-06,-11.94775,0.99964535,7.943922
699,1,1,0.9351964,2.6693954,0.6885651350021362,0.99982566,8.654279,0.00028331098,-8.168682
700,0,0,0.10454625,-2.147701,0.794347882270813,0.0679665,-2.6183538,0.9998111,8.574259
701,1,1,0.9352331,2.6700015,0.47254741191864014,0.9999484,9.870771,0.00014023292,-8.872066
702,1,0,0.46322274,-0.14737523,1.0,0.37115902,-0.5272477,0.8522607,1.7524432
703,0,1,0.79862255,1.3777075,1.0,0.82277006,1.535229,0.03575616,-3.2946217
704,1,0,0.06381107,-2.6858907,1.0,0.006046909,-5.102143,0.9767429,3.7376156
705,0,0,0.064368166,-2.6766028,0.6631885170936584,6.6693588e-06,-11.91798,0.9998429,8.758167
706,0,1,0.9893162,4.528288,1.0,0.9999887,11.39324,0.7624244,1.1660173
707,1,1,0.9352373,2.6700702,0.5992372632026672,0.99994683,9.842146,0.00017361001,-8.658525
708,1,1,0.93525785,2.67041,0.6767724752426147,0.99997234,10.495659,0.00023117318,-8.372112
709,1,1,0.9350928,2.6676874,0.8123992085456848,0.9995827,7.781392,0.00035847814,-7.9332843
710,0,0,0.06436834,-2.6766,0.6902747750282288,8.604443e-06,-11.663223,0.9998379,8.726988
711,1,0,0.17065209,-1.5810128,1.0,0.18060938,-1.5122244,0.8725878,1.9240358
712,1,0,0.061726175,-2.7213337,1.0,0.00011397839,-9.079388,0.9811482,3.952113
713,1,1,0.9352405,2.6701233,0.6055496335029602,0.999938,9.6894865,0.00022315983,-8.407399
714,0,1,0.96666807,3.3673394,1.0,0.9999825,10.954991,0.2861336,-0.914237
715,1,1,0.9352618,2.6704748,0.6500735878944397,0.99999,11.50939,0.00020175995,-8.50823
716,1,1,0.93524855,2.6702564,0.7433421015739441,0.9999573,10.061836,0.0002160998,-8.439554
717,1,1,0.84069365,1.6633983,0.8454618453979492,0.8705626,1.9059424,0.00034441898,-7.973307
718,0,1,0.94086677,2.7670085,1.0,0.9950472,5.302842,0.055591743,-2.8325238
719,1,1,0.9352682,2.670581,0.752410352230072,0.9999864,11.206817,0.0002565643,-8.267875
720,0,0,0.06436959,-2.6765792,0.817066490650177,1.4092775e-05,-11.169834,0.99982893,8.673702
721,1,1,0.90052605,2.2030833,0.6770248413085938,0.9399442,2.7505457,0.00019603493,-8.537022
722,1,0,0.18780215,-1.464355,0.7355893850326538,0.46875045,-0.12516126,0.00027624847,-8.1939335
723,1,0,0.04896101,-2.9665308,1.0,1.3090554e-05,-11.243607,0.8808714,2.000708
724,1,1,0.934186,2.6528428,0.8125346302986145,0.99770194,6.0733986,0.0002745633,-8.200054
725,0,0,0.115497686,-2.0357747,0.7950822114944458,0.08234511,-2.4109023,0.9998142,8.590774
726,1,0,0.059993993,-2.7516418,1.0,0.000529872,-7.542345,0.9673853,3.389833
727,0,0,0.064511925,-2.6742184,0.46385446190834045,0.0003321334,-8.009642,0.9997819,8.430403
728,0,1,0.93446934,2.6574607,1.0,0.9954556,5.389306,0.009342751,-4.663768
729,0,0,0.06436374,-2.6766763,0.8247884511947632,1.1075916e-05,-11.410727,0.9997987,8.510476
730,0,1,0.77675,1.2468264,1.0,0.54654074,0.18670352,0.8641924,1.8505564
731,0,0,0.06440224,-2.6760373,0.5225618481636047,6.938871e-05,-9.575717,0.9998747,8.985288
732,0,0,0.064366125,-2.676637,0.7091525793075562,2.1707374e-05,-10.737837,0.99978095,8.425803
733,0,0,0.06513795,-2.6638916,0.6378389000892639,0.0016640899,-6.3968115,0.9997651,8.356163
734,0,1,0.93785053,2.7140484,1.0,0.9999764,10.6526985,0.018121887,-3.9923468
735,0,1,0.99002403,4.59755,1.0,0.99536926,5.3704114,0.80559134,1.4216139
736,0,0,0.36661875,-0.54675007,0.6240103840827942,0.27363685,-0.9762482,0.99984145,8.749762
737,0,1,0.9665717,3.3643522,1.0,0.99996924,10.390513,0.28495085,-0.92003447
738,1,1,0.9352696,2.6706038,0.9122276902198792,0.9999789,10.768067,0.0002901271,-8.144901
739,0,1,0.9728476,3.5787613,1.0,0.9977309,6.0861177,0.38006568,-0.48926952
740,0,0,0.06435481,-2.6768248,0.694858968257904,4.466883e-06,-12.318815,0.9997589,8.33012
741,0,0,0.064362295,-2.6767004,0.8609708547592163,2.3550148e-05,-10.656355,0.999749,8.28969
742,1,1,0.93527794,2.6707416,0.7961800694465637,0.99995434,9.994862,0.0004249804,-7.7630424
743,1,1,0.9352654,2.6705348,0.7502213716506958,0.9999825,10.955109,0.00025026308,-8.2927475
744,1,1,0.9352628,2.6704917,0.6080166697502136,0.99999154,11.680315,0.00020330813,-8.500585
745,1,1,0.93524855,2.6702564,0.767354428768158,0.99994373,9.78542,0.00025934732,-8.257083
746,0,0,0.06515281,-2.6636477,0.6342422366142273,0.0016770414,-6.3890457,0.99982387,8.644114
747,1,1,0.9352522,2.6703165,0.5917707681655884,0.99997747,10.702705,0.00017637444,-8.642725
748,1,1,0.9236526,2.493042,0.4437621235847473,0.9772011,3.7579823,0.00018008293,-8.621913
749,0,0,0.064358175,-2.6767688,0.8689318299293518,7.7998275e-06,-11.761401,0.9997712,8.382329
750,1,1,0.9352695,2.6706018,0.7575010061264038,0.99998724,11.269925,0.0002621241,-8.24643
751,1,1,0.93485147,2.663718,0.7449843883514404,0.99908376,6.994338,0.00032302664,-8.037453
752,0,0,0.064368166,-2.6766028,0.6934688091278076,1.3894378e-05,-11.184012,0.9998198,8.621389
753,1,1,0.9345287,2.6584306,0.5971865653991699,0.99843687,6.4594755,0.00021966414,-8.423191
754,1,1,0.93489313,2.6644022,0.73104327917099,0.9992212,7.156974,0.00016510731,-8.70875
755,1,0,0.3320264,-0.6990342,0.5987187623977661,0.5670944,0.270006,0.0002109325,-8.463761
756,0,0,0.06572511,-2.6542897,0.6240784525871277,0.002910358,-5.8365645,0.9997247,8.197256
757,1,0,0.038878232,-3.2076666,1.0,0.007763551,-4.8505216,0.75718766,1.1373224
758,0,1,0.99010324,4.6056023,1.0,0.9998647,8.9077,0.7945404,1.3525145
759,0,0,0.06722241,-2.63016,0.6295236349105835,0.006064198,-5.0992703,0.9995528,7.712197
760,1,0,0.061595708,-2.7235887,1.0,1.4075798e-05,-11.17104,0.98054194,3.9198475
761,1,1,0.9352391,2.6700997,0.6555700898170471,0.99995506,10.011427,0.00015884312,-8.747435
762,0,1,0.9377052,2.7115579,1.0,0.9999608,10.14487,0.017150888,-4.0484056
763,0,1,0.96000224,3.1781123,1.0,0.99996746,10.333033,0.20854634,-1.3337101
764,0,1,0.9883201,4.4381385,1.0,0.9999751,10.600284,0.7254832,0.9718254
765,1,1,0.93524104,2.6701322,0.6180590391159058,0.9999579,10.07704,0.00016320242,-8.720356
766,0,1,0.9718114,3.5402446,1.0,0.9997168,8.1692505,0.35792023,-0.5844025
767,1,0,0.042717975,-3.1094782,1.0,0.0002190666,-8.425916,0.8215654,1.526989
768,1,1,0.93526244,2.6704857,0.7209047675132751,0.99999,11.511625,0.00020558042,-8.489468
769,0,0,0.064340286,-2.6770658,0.6460497975349426,8.5600725e-05,-9.365731,0.99940085,7.419466
770,0,0,0.0656855,-2.654935,0.795702338218689,0.002787876,-5.8796835,0.9998511,8.8120365
771,1,0,0.010418787,-4.5536714,1.0,3.8508035e-05,-10.164605,0.2296214,-1.2104503
772,0,1,0.96235645,3.2412233,1.0,0.99993277,9.606956,0.23454975,-1.1827966
773,0,0,0.06438103,-2.6763892,0.5375029444694519,2.4356272e-05,-10.622697,0.9998741,8.98047
774,1,1,0.9352555,2.6703715,0.5797790884971619,0.9999758,10.62837,0.00020439952,-8.49523
775,0,0,0.06433836,-2.6770978,0.6202622056007385,1.05360405e-05,-11.460698,0.9996275,7.894972
776,0,0,0.06438026,-2.676402,0.7329045534133911,1.7269129e-05,-10.966573,0.9998914,9.127606
777,0,1,0.9336664,2.6444228,1.0,0.9928377,4.9317346,0.012353717,-4.3813677
778,0,0,0.08250679,-2.4087646,0.6880532503128052,0.034399915,-3.3346956,0.99989676,9.178818
779,0,1,0.99275994,4.92086,1.0,0.99969375,8.090898,0.9244309,2.5041318
780,1,1,0.9350715,2.6673367,0.6693086624145508,0.9995875,7.7927074,0.00019935603,-8.520219
781,1,0,0.058447123,-2.779408,1.0,5.8839476e-05,-9.740639,0.95749766,3.114762
782,0,0,0.064379685,-2.6764116,0.8692198991775513,2.1294225e-05,-10.757053,0.9998747,8.985134
783,0,1,0.9385901,2.7268078,1.0,0.99961686,7.866737,0.024505444,-3.6840494
784,0,0,0.064375974,-2.6764731,0.6678009629249573,5.2052437e-05,-9.863207,0.99975127,8.299057
785,0,0,0.06437885,-2.6764255,0.5709800720214844,2.1524733e-05,-10.746286,0.9998683,8.93438
786,1,0,0.43556502,-0.25918114,1.0,0.31929654,-0.7570064,0.97201127,3.5475674
787,1,1,0.92931885,2.576273,0.6394830942153931,0.98790294,4.4026184,0.00015191681,-8.792026
788,0,0,0.06436627,-2.6766343,0.7439824938774109,9.348511e-06,-11.580284,0.9998215,8.6307125
789,1,1,0.9352622,2.6704817,0.6722811460494995,0.9999865,11.217723,0.000215341,-8.443072
790,0,0,0.064400434,-2.676067,0.7090104818344116,7.668622e-05,-9.475712,0.99983907,8.734695
791,1,1,0.9352454,2.6702042,0.8045364618301392,0.99993765,9.681947,0.00025774728,-8.263273
792,0,1,0.97467595,3.6503506,1.0,0.9999809,10.867361,0.40225106,-0.39609435
793,0,1,0.93049675,2.594345,1.0,0.8844743,2.0355,0.33786455,-0.672825
794,1,1,0.93522453,2.6698596,0.8041608333587646,0.9998927,9.139622,0.00026009788,-8.254192
795,1,1,0.9348206,2.663211,0.4999930262565613,0.99905354,6.9618006,0.00021204037,-8.458522
796,1,1,0.93529266,2.670985,0.7929908633232117,0.9999857,11.151178,0.0004247388,-7.7636113
797,0,1,0.9936506,5.0530276,1.0,0.9999851,11.11107,0.9777232,3.781679
798,0,1,0.9938387,5.0832915,1.0,0.99994326,9.777065,0.99027854,4.623651
799,0,0,0.06437526,-2.676485,0.7541747093200684,1.4670072e-05,-11.129686,0.99986565,8.9152975
800,0,1,0.83317995,1.6083341,1.0,0.59469,0.3833882,0.85874707,1.8049221
801,0,1,0.92879,2.568249,1.0,0.97529966,3.675928,0.03710844,-3.2560964
802,0,1,0.9582901,3.134412,1.0,0.9999666,10.308017,0.19061907,-1.4459927
803,0,0,0.064369306,-2.6765838,0.7677574157714844,1.3540651e-05,-11.209801,0.9998287,8.67234
804,1,1,0.93515396,2.6686954,0.5914508700370789,0.99978644,8.451391,0.000121544326,-9.01511
805,1,0,0.05738646,-2.798848,1.0,0.00016658985,-8.699809,0.94917774,2.9272625
806,0,1,0.9620795,3.2336059,1.0,0.99999,11.517304,0.23124114,-1.2013164
807,1,0,0.01682684,-4.06781,1.0,1.2113332e-05,-11.321192,0.42904374,-0.2857539
808,0,0,0.06437101,-2.6765556,0.730177104473114,1.6993457e-05,-10.982665,0.9998293,8.675552
809,1,1,0.93523407,2.6700172,0.6342016458511353,0.99992275,9.46861,0.00022829436,-8.384646
810,1,1,0.9352699,2.6706088,0.6679990291595459,0.99997103,10.4494915,0.00031702,-8.056229
811,1,1,0.935233,2.6699994,0.7730830907821655,0.99990225,9.233033,0.00028678981,-8.156474
812,0,0,0.06433588,-2.677139,0.5363693237304688,4.1351664e-06,-12.395979,0.99963105,7.904533
813,1,1,0.9345386,2.6585922,0.6202551126480103,0.9984865,6.491847,0.00012782558,-8.964716
814,1,1,0.9352682,2.670581,0.7687186002731323,0.9999881,11.338348,0.00025183472,-8.286486
815,1,1,0.93525743,2.670403,0.7526065111160278,0.9999651,10.263615,0.00025164703,-8.287231
816,1,1,0.9348579,2.6638236,0.7301653027534485,0.99914074,7.0585413,0.0001844186,-8.598118
817,0,0,0.06433199,-2.6772037,0.7966341972351074,3.1204443e-05,-10.374919,0.99951804,7.6370482
818,1,1,0.93504983,2.6669796,0.8143011927604675,0.99953055,7.6635556,0.00023464423,-8.357205
819,0,1,0.93993247,2.7503386,1.0,0.9999732,10.528336,0.033021633,-3.3770132
820,0,0,0.07995538,-2.4429536,0.5842350721359253,0.030062607,-3.4739494,0.999721,8.184231
821,1,1,0.93525493,2.6703615,0.7278769612312317,0.9999856,11.1460085,0.00016916926,-8.684442
822,1,1,0.9352674,2.6705673,0.641232430934906,0.99998987,11.500336,0.00024011414,-8.334156
823,0,0,0.0658544,-2.652186,0.8394615650177002,0.0031556063,-5.755414,0.99980444,8.53939
824,0,0,0.06437372,-2.6765106,0.7565796375274658,1.6185002e-05,-11.031409,0.9998504,8.807375
825,0,0,0.06743979,-2.6266985,0.6405423879623413,0.006429321,-5.0404363,0.99980694,8.5525
826,0,1,0.98446816,4.1492095,0.6850771903991699,0.8769433,1.9637967,0.99984276,8.757721
827,1,1,0.93526095,2.670461,0.5796099901199341,0.9999875,11.287037,0.00020407682,-8.49681
828,1,1,0.93525875,2.6704247,0.7029860019683838,0.99997795,10.721152,0.00021945106,-8.424162
829,1,0,0.045680255,-3.0393326,1.0,4.0214203e-05,-10.12125,0.85091573,1.7418016
830,1,1,0.93524855,2.6702564,0.744045078754425,0.9999261,9.5130825,0.00031557257,-8.060806
831,1,0,0.046876777,-3.0122218,1.0,1.063915e-05,-11.450959,0.8621332,1.8331224
832,1,1,0.93527526,2.6706972,0.7931844592094421,0.9999924,11.778038,0.00028548826,-8.161024
833,1,1,0.93190104,2.6162646,0.8572322130203247,0.9929819,4.952222,0.0003405754,-7.9845333
834,1,1,0.9353082,2.671242,0.8518378138542175,0.9999814,10.890298,0.0005432586,-7.5173817
835,0,0,0.064354554,-2.6768289,0.801994800567627,2.7623433e-05,-10.496819,0.99968326,8.05699
836,0,1,0.9428661,2.8035264,1.0,0.99964607,7.946019,0.055887967,-2.8268957
837,0,1,0.93952054,2.7430658,1.0,0.9998926,9.138787,0.030295098,-3.4660058
838,0,0,0.06439845,-2.6761,0.7101473212242126,5.275294e-05,-9.849838,0.9999021,9.232439
839,0,0,0.06438362,-2.6763463,0.7901322245597839,2.2152271e-05,-10.717548,0.9998988,9.198463
840,0,0,0.07965282,-2.4470735,0.7740073204040527,0.02949573,-3.4935703,0.999841,8.746323
841,1,1,0.9352782,2.6707456,0.691550076007843,0.9999913,11.647078,0.00030821285,-8.084412
842,1,1,0.93525803,2.6704128,0.6714133620262146,0.99996984,10.410451,0.00024007271,-8.334329
843,0,0,0.064366385,-2.6766324,0.7439366579055786,4.691721e-05,-9.967079,0.9997023,8.118977
844,1,1,0.93524325,2.6701686,0.7134285569190979,0.9999416,9.748827,0.00023000572,-8.377176
845,1,1,0.9343919,2.656197,0.7180407643318176,0.9981494,6.290372,0.00022120812,-8.416185
846,0,0,0.066691115,-2.6386645,0.74201899766922,0.00489576,-5.314478,0.999795,8.492537
847,1,1,0.93524843,2.6702542,0.5923316478729248,0.9999771,10.682295,0.00015201114,-8.791405
848,1,1,0.9352623,2.6704836,0.7417128682136536,0.9999826,10.959659,0.00022879422,-8.382459
849,0,0,0.06437262,-2.676529,0.6425795555114746,1.4896487e-05,-11.11437,0.99984705,8.785521
850,0,0,0.06436294,-2.6766896,0.6766046285629272,2.90688e-05,-10.445816,0.9997358,8.2383995
851,0,0,0.06436093,-2.676723,0.773489773273468,5.409126e-06,-12.127418,0.99979764,8.505247
852,0,0,0.06437581,-2.676476,0.6031507253646851,5.713038e-06,-12.072754,0.99989796,9.190356
853,1,0,0.017455794,-4.0304737,1.0,1.3873086e-05,-11.185546,0.4443565,-0.22349969
854,0,1,0.93674314,2.6952055,1.0,0.9999728,10.511148,0.010403356,-4.555169
855,1,0,0.059335425,-2.76338,1.0,0.004788777,-5.33668,0.9489686,2.9229345
856,1,1,0.9352653,2.670533,0.730258584022522,0.9999901,11.526008,0.00022497939,-8.399277
857,1,1,0.9352646,2.670521,0.7101765871047974,0.9999827,10.966379,0.00024389678,-8.3185215
858,1,1,0.9352596,2.6704383,0.5351310968399048,0.99999046,11.560007,0.00018526106,-8.593559
859,0,1,0.9925085,4.8864627,1.0,0.9886568,4.4677353,0.945565,2.8547738
860,0,0,0.06437474,-2.676494,0.6295220851898193,1.29204145e-05,-11.256689,0.9998678,8.931412
861,1,1,0.9352626,2.6704886,0.729057788848877,0.99997663,10.665117,0.00025009183,-8.293432
862,1,1,0.9352419,2.670146,0.523106575012207,0.99997115,10.453211,0.0001267745,-8.972974
863,0,0,0.06436637,-2.6766326,0.7915706634521484,6.565948e-06,-11.933607,0.9998311,8.68582
864,1,1,0.93522966,2.6699443,0.7146856784820557,0.99984014,8.741007,0.00046207514,-7.679321
865,0,0,0.06437879,-2.6764264,0.8481543064117432,1.0071454e-05,-11.5057955,0.9999044,9.255585
866,1,0,0.03176781,-3.4170184,1.0,0.00079839776,-7.132105,0.6935383,0.8167138
867,1,1,0.9352689,2.670592,0.8128435611724854,0.999992,11.734656,0.00024274334,-8.323263
868,1,1,0.93525136,2.6703026,0.656994640827179,0.99997723,10.687733,0.00017160327,-8.670154
869,1,0,0.061817028,-2.7197661,1.0,0.0007829731,-7.151629,0.97965485,3.874357
870,0,1,0.975848,3.6989405,1.0,0.9999299,9.566364,0.42234933,-0.31313637
871,0,0,0.064368166,-2.6766028,0.7228487730026245,2.5693904e-05,-10.569231,0.99978215,8.431229
872,1,1,0.9352628,2.6704917,0.7808698415756226,0.99998856,11.375076,0.00021322008,-8.452972
873,0,0,0.06437347,-2.6765149,0.7548569440841675,1.0949311e-05,-11.422223,0.9998654,8.91363
874,1,1,0.93525606,2.6703804,0.6713817715644836,0.9999652,10.2668,0.00024184377,-8.326977
875,0,0,0.06439403,-2.6761734,0.7131396532058716,8.2489765e-05,-9.402754,0.999777,8.408138
876,1,1,0.93522537,2.6698735,0.8663415312767029,0.99986696,8.925313,0.00034814113,-7.9625545
877,1,1,0.935264,2.6705112,0.6398555040359497,0.9999858,11.1605,0.0002294949,-8.3794
878,0,0,0.10180682,-2.177308,0.7244726419448853,0.0641509,-2.680216,0.9998491,8.798867
879,1,0,0.007828179,-4.8421664,1.0,2.907188e-05,-10.44571,0.111288354,-2.0776482
880,0,0,0.065913364,-2.651228,0.7077813148498535,0.003280414,-5.7165,0.9997991,8.512007
881,1,1,0.9352747,2.6706884,0.9025371074676514,0.9999815,10.897766,0.00031635546,-8.058328
882,1,1,0.9352401,2.6701167,0.7236217856407166,0.9999436,9.78331,0.00020220404,-8.506031
883,1,1,0.9352765,2.670718,0.7049329876899719,0.9999925,11.806314,0.00029343914,-8.133547
884,0,0,0.06439327,-2.676186,0.6714895963668823,7.11486e-05,-9.550669,0.999808,8.557927
885,0,0,0.064573705,-2.6731951,0.6410147547721863,0.0004286009,-7.7545557,0.99989355,9.148262
886,0,1,0.9637423,3.2801726,1.0,0.9999627,10.195415,0.25043407,-1.0962986
887,1,0,0.0378326,-3.2360172,1.0,6.653412e-05,-9.617729,0.7701364,1.2090816
888,0,0,0.06438635,-2.676301,0.6647035479545593,2.4246212e-05,-10.627226,0.9999106,9.322505
889,1,0,0.08267112,-2.4065957,0.7696146965026855,0.34768808,-0.6292169,0.00030626613,-8.09075
890,1,0,0.05358322,-2.871447,1.0,0.0015197942,-6.4876595,0.91507053,2.3771796
891,1,1,0.9351368,2.6684122,0.7018152475357056,0.99971205,8.152497,0.00024241951,-8.324598
892,0,0,0.06444898,-2.6752617,0.6329811215400696,0.00018193362,-8.611687,0.99983346,8.700113
893,0,1,0.9384314,2.7240574,1.0,0.9999474,9.854044,0.022321524,-3.7796295
894,1,1,0.9002989,2.20055,0.5944715738296509,0.9396299,2.7449915,0.0001608673,-8.73477
895,1,1,0.9351786,2.6691015,0.8075278997421265,0.9997694,8.374302,0.00034235494,-7.97932
896,0,1,0.9933294,5.0033536,1.0,0.9955552,5.41158,0.97149044,3.5285897
897,0,0,0.064372376,-2.676533,0.6320284008979797,3.2483513e-05,-10.334745,0.9997892,8.464168
898,0,0,0.1793877,-1.5205014,0.5499622225761414,0.14856616,-1.7458913,0.99974376,8.269252
899,1,1,0.9352547,2.6703577,0.7059295177459717,0.99996495,10.258505,0.00023349334,-8.3621235
900,0,0,0.064378776,-2.6764266,0.6417298913002014,2.439274e-05,-10.621201,0.9998586,8.863935
901,1,1,0.93526053,2.670454,0.6156509518623352,0.99997735,10.6977005,0.00023370984,-8.3611965
902,0,0,0.06434851,-2.6769292,0.7200244069099426,5.461109e-06,-12.117853,0.9997129,8.155252
903,0,0,0.06440888,-2.675927,0.7119007706642151,7.662884e-05,-9.47646,0.99989676,9.177941
904,1,0,0.059669998,-2.7574017,1.0,2.1192687e-05,-10.761833,0.9666467,3.3666744
905,0,0,0.06464648,-2.6719909,0.6781647801399231,0.0006021495,-7.4144025,0.99983346,8.700628
906,0,1,0.948629,2.9159443,1.0,0.9989679,6.875128,0.10417622,-2.1516597
907,1,1,0.6619935,0.67219067,0.592634379863739,0.74326634,1.0630153,0.00019215695,-8.557006
908,1,0,0.060553927,-2.7417562,1.0,8.351247e-06,-11.693091,0.9731065,3.5886073
909,0,1,0.96249336,3.2450092,1.0,0.99945027,7.5056324,0.23764443,-1.1656375
910,1,1,0.935205,2.669537,0.749337911605835,0.9998616,8.885094,0.00022681811,-8.391135
911,1,1,0.935269,2.670594,0.663278341293335,0.9999925,11.792957,0.00024248079,-8.324346
912,1,0,0.11172538,-2.073237,1.0,0.08639413,-2.3584795,0.9715138,3.529437
913,1,1,0.93527335,2.6706657,0.7160149812698364,0.9999925,11.791667,0.00027226438,-8.208465
914,0,0,0.0645993,-2.6727715,0.9421525597572327,0.0005480622,-7.5085735,0.9996859,8.065534
915,1,1,0.93525785,2.67041,0.7366301417350769,0.9999778,10.718351,0.00021350366,-8.451643
916,1,1,0.935257,2.670396,0.769481897354126,0.9999622,10.1835,0.00025738848,-8.264667
917,1,0,0.060313992,-2.7459817,1.0,8.835952e-05,-9.334008,0.9711174,3.5152063
918,1,1,0.93525076,2.6702926,0.6974866986274719,0.99996436,10.24231,0.00020871447,-8.474335
919,0,1,0.98705286,4.3338485,1.0,0.98635477,4.2806244,0.7261924,0.9753895
920,1,1,0.93478185,2.6625755,0.7297601103782654,0.9989747,6.881652,0.00020261937,-8.503979
921,0,1,0.99291646,4.9428735,1.0,0.99997795,10.724699,0.9325535,2.6265926
922,0,0,0.06437282,-2.6765256,0.7741714119911194,9.86518e-06,-11.526489,0.99986446,8.905947
923,1,1,0.9352505,2.6702888,0.4938699007034302,0.9999795,10.793617,0.00015847731,-8.749741
924,1,1,0.93516827,2.6689312,0.730693519115448,0.9997652,8.356728,0.00028589083,-8.159615
925,1,1,0.93525344,2.670337,0.6515055298805237,0.9999703,10.424173,0.00020775251,-8.478955
926,1,0,0.015595789,-4.1450357,1.0,5.7621137e-06,-12.0642,0.39738014,-0.41639328
927,0,1,0.9879254,4.404504,1.0,0.99982005,8.622627,0.71217823,0.905987
928,1,1,0.93526447,2.670519,0.5603876709938049,0.99998677,11.230939,0.00023034283,-8.375711
929,0,1,0.96519065,3.3224397,1.0,0.99996793,10.346323,0.26775813,-1.0060267
930,0,0,0.06445584,-2.675148,0.8018208146095276,0.00017863458,-8.62999,0.9998907,9.121256
931,0,1,0.9767506,3.7379527,1.0,0.9956594,5.4354076,0.45199534,-0.19261178
932,1,1,0.93519765,2.669416,0.7067304849624634,0.9998307,8.683828,0.00027558085,-8.196354
933,0,0,0.064363874,-2.6766741,0.7088322043418884,5.3651693e-06,-12.135577,0.9998179,8.610542
934,1,1,0.9352699,2.6706088,0.7494218945503235,0.99999,11.517066,0.0002562919,-8.268937
935,0,0,0.064373896,-2.6765077,0.803157389163971,6.23692e-06,-11.985018,0.9998833,9.055416
936,0,1,0.93671554,2.6947398,1.0,0.9998772,9.004648,0.010516829,-4.544206
937,1,0,0.013354658,-4.3024454,1.0,1.4826104e-05,-11.119106,0.33276942,-0.69568586
938,1,1,0.935172,2.6689932,0.738431990146637,0.9998042,8.53789,0.0001868082,-8.585241
939,1,1,0.93511647,2.6680772,0.7196113467216492,0.99969745,8.102915,0.00015216194,-8.790413
940,0,0,0.06454008,-2.6737518,0.7698522806167603,0.00036416194,-7.9175477,0.999871,8.955406
941,1,1,0.9352622,2.6704817,0.6865083575248718,0.99998736,11.281015,0.00021250668,-8.456325
942,1,1,0.93526417,2.670514,0.7062578201293945,0.99999034,11.547229,0.00021658845,-8.437295
943,1,0,0.016758747,-4.071934,1.0,5.1442752e-05,-9.8749895,0.42722616,-0.2931773
944,1,1,0.9351544,2.6687024,0.7430570125579834,0.9997551,8.314547,0.00022486596,-8.399781
945,0,1,0.96450424,3.302201,1.0,0.9998679,8.931739,0.25977516,-1.0471375
946,1,1,0.93525875,2.6704247,0.6398762464523315,0.99999213,11.757267,0.00017436767,-8.65417
947,1,1,0.93526655,2.6705534,0.7705932259559631,0.9999858,11.165545,0.00024735407,-8.304442
948,0,0,0.06438336,-2.6763506,0.8319380283355713,2.7377908e-05,-10.505747,0.9998803,9.030264
949,1,0,0.015074199,-4.1795816,1.0,0.001855067,-6.2879777,0.377301,-0.50101995
950,0,0,0.06443805,-2.6754432,0.65510094165802,0.0001383832,-8.885345,0.9998982,9.192238
951,0,0,0.07046987,-2.579494,0.32915762066841125,0.01248747,-4.3704634,0.9998274,8.664415
952,1,1,0.935247,2.6702306,0.8408189415931702,0.9999399,9.719774,0.0002609576,-8.250892
953,1,1,0.93523103,2.669967,0.649912416934967,0.99991655,9.390703,0.00022773912,-8.387082
954,0,0,0.086212575,-2.360782,0.6046673655509949,0.040588126,-3.162845,0.9998211,8.628723
955,0,0,0.06446949,-2.6749218,0.7488322854042053,0.0002378903,-8.343463,0.9997943,8.488739
956,0,1,0.94272643,2.800937,0.6194977164268494,0.70372325,0.8650912,0.99985003,8.804956
957,1,0,0.060207266,-2.7478664,1.0,1.894971e-05,-10.873703,0.9705658,3.4957209
958,1,1,0.9352079,2.6695852,0.7921977043151855,0.99984026,8.742182,0.00031434264,-8.064713
959,1,1,0.9342993,2.6546872,0.6903983950614929,0.9979578,6.191727,0.00021363278,-8.451038
960,0,0,0.1966981,-1.4070606,1.0,0.21337935,-1.3046746,0.8393061,1.6530743
961,1,1,0.9352672,2.6705644,0.7890247106552124,0.99995875,10.09514,0.00033771983,-7.992956
962,0,1,0.9928377,4.93174,1.0,0.9999628,10.1993885,0.92803794,2.556933
963,0,1,0.9772718,3.7611582,1.0,0.99929106,7.2509904,0.4499159,-0.20101042
964,0,1,0.9918972,4.807413,1.0,0.9999876,11.295732,0.87694716,1.9638326
965,1,1,0.93525636,2.6703851,0.506392240524292,0.9999887,11.385222,0.00016922105,-8.684135
966,0,0,0.06451667,-2.6741397,0.5421757102012634,0.00031990858,-8.047155,0.99985313,8.826012
967,0,0,0.06437046,-2.676565,0.8212375044822693,6.055262e-06,-12.014577,0.9998605,8.877861
968,0,0,0.067018755,-2.6334126,0.8268560767173767,0.00558128,-5.18274,0.99976057,8.336975
969,1,1,0.9352518,2.6703095,0.580368161201477,0.99998665,11.224973,0.00014448095,-8.842218
970,1,1,0.93525374,2.670342,0.7706783413887024,0.9999608,10.145211,0.00023996607,-8.334773
971,0,0,0.11193257,-2.071151,0.7032238841056824,0.07777429,-2.472979,0.9998969,9.179144
972,0,1,0.992132,4.8370533,1.0,0.997186,5.8703327,0.8980564,2.1758122
973,1,0,0.053122375,-2.8805716,1.0,0.0074820505,-4.887738,0.89228654,2.1143131
974,0,0,0.06436892,-2.6765904,0.7285321354866028,2.053922e-05,-10.793154,0.9998037,8.535684
975,1,1,0.9352042,2.6695242,0.8137574195861816,0.9998448,8.770717,0.00027563339,-8.196163
976,1,1,0.9352792,2.6707623,0.7425000667572021,0.9999765,10.656885,0.00036234577,-7.9225492
977,0,1,0.9930756,4.965757,1.0,0.9993436,7.3280435,0.9439673,2.824157
978,1,1,0.9352299,2.6699483,0.7729213833808899,0.9999167,9.392534,0.00021913908,-8.425585
979,0,0,0.06437086,-2.676558,0.7028951644897461,5.209465e-05,-9.862396,0.9997162,8.167284
980,0,1,0.93873423,2.7293112,1.0,0.99993384,9.623116,0.024519797,-3.683449
981,0,0,0.06437738,-2.6764498,0.7023230195045471,8.191759e-06,-11.712374,0.99990094,9.219861
982,0,1,0.97967565,3.875402,1.0,0.99995315,9.967878,0.4946736,-0.021306306
983,1,1,0.93525803,2.6704128,0.5878860354423523,0.9999882,11.344078,0.00018209728,-8.610787
984,0,0,0.064390615,-2.6762302,0.4669974148273468,7.190475e-05,-9.540096,0.9997875,8.456602
985,1,1,0.93523854,2.670091,0.5579279661178589,0.9999502,9.905851,0.00017114624,-8.672821
986,1,0,0.051511575,-2.913063,1.0,2.8332148e-05,-10.471485,0.9027594,2.2282672
987,0,0,0.064359136,-2.6767528,0.7283735871315002,2.2464576e-05,-10.703548,0.999731,8.220624
988,0,1,0.9752873,3.6754155,1.0,0.9951433,5.3225336,0.42798463,-0.2900786
989,0,1,0.96396196,3.2864769,1.0,0.8594247,1.8105199,0.7018262,0.85600936
990,0,0,0.06436706,-2.6766212,0.6930755972862244,7.3902756e-06,-11.815338,0.9998331,8.698133
991,1,1,0.9347251,2.661645,0.5740674138069153,0.99888474,6.7974935,0.000108424945,-9.129344
992,1,1,0.9350459,2.6669147,0.6743738651275635,0.9995153,7.6314783,0.00025672064,-8.267265
993,1,1,0.92341506,2.4896784,0.6365894079208374,0.97675586,3.7381823,0.00022217112,-8.41184
994,1,1,0.9352483,2.6702523,0.566705584526062,0.9999579,10.077261,0.0002130112,-8.453953
995,1,0,0.35286525,-0.6064684,1.0,0.41787452,-0.33150482,0.5147197,0.05889596
996,0,0,0.06429619,-2.6777985,0.6872249245643616,2.4219336e-05,-10.628335,0.9992963,7.258527
997,0,0,0.06435435,-2.6768322,0.6507652401924133,2.9253733e-05,-10.439474,0.9996767,8.036581
998,1,1,0.935257,2.670396,0.7428885698318481,0.99996734,10.329852,0.00024152969,-8.328277
999,1,1,0.93528825,2.670912,0.8814083337783813,0.9999809,10.867723,0.00041027827,-7.7982645
1000,1,1,0.9352125,2.669661,0.7056843638420105,0.99987257,8.968204,0.0002421945,-8.325527
1001,1,1,0.9352521,2.6703143,0.6392849087715149,0.99997485,10.589689,0.00018436341,-8.598417
1002,1,0,0.0095312735,-4.6436,1.0,0.00027504168,-8.198313,0.19197024,-1.4372585
1003,1,1,0.93525666,2.6703901,0.7076549530029297,0.99998546,11.138661,0.00018155928,-8.613747
1004,0,0,0.31459647,-0.778717,0.5675712823867798,0.24383983,-1.1317416,0.9998266,8.659628
1005,0,0,0.06437213,-2.676537,0.7668281197547913,6.0229977e-06,-12.019919,0.99987197,8.963071
1006,1,0,0.053258654,-2.8778656,1.0,6.926601e-05,-9.577487,0.9170694,2.4031796
1007,0,0,0.06438778,-2.6762772,0.7542115449905396,6.688533e-05,-9.612464,0.9997842,8.440755
1008,0,1,0.776076,1.2429439,0.7070457935333252,0.5035626,0.014250815,0.9998493,8.800379
1009,0,0,0.06442799,-2.67561,0.9407070279121399,0.00028424544,-8.165388,0.99936384,7.359379
1010,1,1,0.9352674,2.6705673,0.7666586637496948,0.9999615,10.164646,0.0003308459,-8.013527
1011,1,1,0.9295112,2.5792048,0.7466913461685181,0.9882202,4.429517,0.00034195292,-7.9804955
1012,1,1,0.9352042,2.6695242,0.7594896554946899,0.9998416,8.749951,0.00028533916,-8.161547
1013,1,1,0.9352693,2.6705987,0.7222467660903931,0.99998975,11.482807,0.0002531023,-8.281464
1014,0,0,0.06437503,-2.6764889,0.7531728744506836,1.6472628e-05,-11.013794,0.9998584,8.862465
1015,0,1,0.9924401,4.8773093,1.0,0.99997735,10.695454,0.9056585,2.2617402
1016,0,1,0.9442443,2.8294058,1.0,0.99997425,10.567112,0.065457314,-2.658659
1017,1,1,0.93526095,2.670461,0.6684429049491882,0.9999709,10.4454155,0.00025686805,-8.266691
1018,1,1,0.9351605,2.6688035,0.5909122824668884,0.99977857,8.415209,0.00019103836,-8.562845
1019,1,0,0.007995785,-4.8208127,1.0,0.0004380082,-7.732835,0.11874334,-2.0043845
1020,0,1,0.98983103,4.578193,1.0,0.99995816,10.081925,0.7829949,1.2832053
1021,1,1,0.93524414,2.6701834,0.588435173034668,0.9999596,10.116095,0.00017952918,-8.624993
1022,0,0,0.3034768,-0.8307959,0.8439719080924988,0.2371605,-1.1683105,0.99979025,8.469103
1023,0,0,0.06441119,-2.6758885,0.5460561513900757,7.7653094e-05,-9.4631815,0.9999093,9.308126
1024,1,1,0.8117395,1.461353,0.8569209575653076,0.84463054,1.6930938,0.00026318512,-8.24239
1025,1,1,0.93524826,2.6702514,0.6334946155548096,0.9999732,10.528114,0.00016359039,-8.717981
1026,1,1,0.93524814,2.6702495,0.6632551550865173,0.99995124,9.92981,0.00023308318,-8.363882
1027,1,1,0.93519545,2.6693797,0.7143279314041138,0.99981886,8.615658,0.00029899998,-8.114768
1028,0,0,0.06447465,-2.6748362,0.5222259759902954,0.0002591854,-8.257708,0.9997613,8.33984
1029,1,0,0.045721546,-3.0383859,1.0,0.00017184891,-8.668723,0.8508839,1.7415503
1030,1,1,0.9352795,2.6707673,0.7283744812011719,0.99998844,11.371512,0.00032626654,-8.02747
1031,1,1,0.9352742,2.6706796,0.8748053312301636,0.99998987,11.503436,0.00028623556,-8.158409
1032,0,0,0.0843069,-2.3852177,0.7307617664337158,0.037489593,-3.2454815,0.9996909,8.081417
1033,1,0,0.09368853,-2.2694073,1.0,0.09400829,-2.2656472,0.86671376,1.8722098
1034,0,1,0.9382899,2.721611,1.0,0.9995597,7.72768,0.02255539,-3.7689676
1035,0,1,0.98660815,4.2996264,1.0,0.9999635,10.219896,0.66869056,0.7022686
1036,1,1,0.93527484,2.6706905,0.86728435754776,0.9999913,11.646288,0.00028588538,-8.159634
1037,1,1,0.9338672,2.6476698,0.8980745673179626,0.9969747,5.7977066,0.00047406575,-7.6536903
1038,1,1,0.9352648,2.670525,0.632144033908844,0.99999034,11.544476,0.00022102636,-8.417007
1039,1,1,0.9352742,2.6706796,0.7287736535072327,0.9999931,11.890028,0.0002758784,-8.195274
1040,1,1,0.9352551,2.6703646,0.5559963583946228,0.999982,10.927057,0.00018150528,-8.614044
1041,0,0,0.06441767,-2.6757812,0.6273573637008667,9.889099e-05,-9.221394,0.99988544,9.074501
1042,0,0,0.06438812,-2.6762717,0.7232866883277893,7.808415e-05,-9.457645,0.9997508,8.297045
1043,1,1,0.93478125,2.6625657,0.7350773215293884,0.99896,6.8675175,0.0002456614,-8.311311
1044,0,0,0.064393975,-2.6761744,0.6598040461540222,5.5572862e-05,-9.79776,0.99986255,8.891842
1045,0,0,0.064442486,-2.6753695,0.8052091002464294,0.00017471901,-8.652157,0.9998123,8.580591
1046,0,1,0.7279259,0.9841248,1.0,0.61621416,0.47350985,0.5339108,0.13585176
1047,1,1,0.9351108,2.667984,0.8377989530563354,0.999635,7.9152064,0.00031299278,-8.069017
1048,1,1,0.9352576,2.6704059,0.5857447385787964,0.99998486,11.098985,0.0001893623,-8.571659
1049,1,1,0.93515795,2.6687613,0.8291750550270081,0.9997402,8.255336,0.00029571314,-8.125825
1050,0,0,0.0643653,-2.6766505,0.7824654579162598,1.326931e-05,-11.230043,0.9998023,8.528376
1051,1,0,0.033845566,-3.3515158,1.0,3.7832637e-05,-10.182301,0.7228415,0.9586004
1052,1,1,0.9352487,2.6702583,0.6138196587562561,0.9999621,10.180087,0.00020146792,-8.509679
1053,0,0,0.06436999,-2.6765726,0.6974300146102905,1.7470806e-05,-10.954962,0.9998209,8.627253
1054,0,0,0.064374186,-2.676503,0.6592203378677368,2.7952985e-05,-10.484959,0.9998159,8.599801
1055,0,1,0.9937158,5.0634165,1.0,0.9999373,9.676435,0.9821384,4.00708
1056,1,0,0.37272558,-0.5205416,1.0,0.33852968,-0.6698533,0.80335987,1.4074275
1057,1,1,0.9352554,2.6703696,0.6124924421310425,0.9999858,11.159782,0.00017205942,-8.667499
1058,1,0,0.047037836,-3.008623,1.0,8.2114144e-05,-9.407318,0.8633815,1.8436648
1059,0,1,0.84093505,1.6652019,0.7940754294395447,0.55780685,0.23226589,0.9998647,8.907586
1060,1,1,0.93524075,2.6701274,0.8507518172264099,0.999969,10.381378,0.00012613626,-8.978022
1061,1,1,0.93527013,2.6706126,0.6362289190292358,0.9999863,11.197486,0.0002701699,-8.216189
1062,0,0,0.06440201,-2.6760411,0.5488246083259583,5.2407864e-05,-9.856401,0.9999273,9.529458
1063,0,0,0.06444258,-2.6753678,0.566554069519043,0.00014593937,-8.832173,0.9999049,9.260801
1064,0,0,0.064356595,-2.676795,0.8851577639579773,2.7008602e-05,-10.519328,0.9996991,8.108523
1065,0,1,0.9450467,2.8447511,1.0,0.9997297,8.215832,0.072534196,-2.5483978
1066,0,0,0.06435372,-2.6768427,0.9353190064430237,1.9624003e-05,-10.8387375,0.9997031,8.121897
1067,1,0,0.1077628,-2.1137996,1.0,0.22638592,-1.228832,0.50781035,0.03124407
1068,1,0,0.42819232,-0.2892303,0.6331587433815002,0.61971915,0.48835647,0.00028804512,-8.152105
1069,0,1,0.936839,2.696824,1.0,0.99961334,7.8574514,0.01221512,-4.3927903
1070,1,1,0.9307589,2.5984056,0.7613315582275391,0.99071336,4.6698575,0.00025806646,-8.262035
1071,0,0,0.09607098,-2.2416635,0.8345887660980225,0.055899803,-2.8266714,0.99979526,8.493449
1072,1,1,0.9352583,2.6704178,0.7699381113052368,0.9999833,11.002882,0.00019913567,-8.521325
1073,1,0,0.26038763,-1.0439548,1.0,0.28192258,-0.9349449,0.76938885,1.2048633
1074,1,1,0.9352707,2.6706223,0.6685792207717896,0.99998677,11.229172,0.0002726561,-8.2070265
1075,0,0,0.06441321,-2.6758552,0.7142989039421082,0.000113912116,-9.079969,0.9998072,8.553517
1076,1,1,0.93526834,2.6705832,0.7897967100143433,0.99998975,11.483334,0.00024679786,-8.306694
1077,0,1,0.9768511,3.7423873,1.0,0.97671,3.736166,0.51432717,0.05732441
1078,0,1,0.9335012,2.6417582,1.0,0.9905468,4.651904,0.018576441,-3.96711
1079,0,0,0.064370036,-2.6765718,0.6141509413719177,1.01506275e-05,-11.497965,0.99984455,8.768908
1080,0,0,0.06436986,-2.6765747,0.5428016185760498,1.5797921e-05,-11.055616,0.9998253,8.652231
1081,1,1,0.9352444,2.6701875,0.5227086544036865,0.9999788,10.760264,0.0001189968,-9.036295
1082,1,1,0.93524283,2.6701617,0.7493637800216675,0.9999467,9.838975,0.00021097474,-8.463561
1083,1,1,0.93527,2.6706107,0.772549569606781,0.99997723,10.692217,0.00029795108,-8.118283
1084,0,0,0.0644413,-2.675389,0.7186642289161682,0.00016685089,-8.698243,0.9998294,8.676253
1085,0,0,0.06473489,-2.6705298,0.5098077058792114,0.00081518036,-7.1112857,0.9997527,8.304628
1086,1,1,0.9352565,2.6703873,0.8198524117469788,0.9999666,10.307886,0.00024017527,-8.333901
1087,1,1,0.9352502,2.6702838,0.5736422538757324,0.99998236,10.945357,0.00014776927,-8.819711
1088,0,0,0.064364605,-2.676662,0.7109466195106506,1.1275381e-05,-11.392878,0.99980396,8.536702
1089,1,0,0.04975692,-2.9495683,1.0,1.1996644e-05,-11.330872,0.8878342,2.0688064
1090,1,1,0.9352583,2.6704178,0.5529994368553162,0.9999876,11.297586,0.00018558955,-8.591787
1091,1,1,0.93526804,2.6705782,0.8352012038230896,0.9999763,10.647738,0.0002880319,-8.152151
1092,1,1,0.93426305,2.6540968,0.7137537002563477,0.99789244,6.1600885,0.00018067923,-8.618607
1093,1,0,0.36932752,-0.53510284,0.5216262340545654,0.5881666,0.35639137,0.00017449525,-8.653439
1094,1,1,0.93527335,2.6706657,0.8049267530441284,0.9999871,11.259756,0.0002892921,-8.147784
1095,1,1,0.9352679,2.670576,0.5423277616500854,0.99998724,11.269901,0.00025184263,-8.286454
1096,0,1,0.9357415,2.678425,1.0,0.99972445,8.196474,0.0043116035,-5.4421244
1097,0,0,0.064481035,-2.6747303,0.6868400573730469,0.000334393,-8.002859,0.9995646,7.738696
1098,1,1,0.934799,2.662857,0.6886121034622192,0.999003,6.9097795,0.00022847007,-8.383877
1099,0,1,0.9881715,4.425346,1.0,0.9999815,10.898032,0.72021526,0.94552994
1100,0,1,0.9424952,2.7966628,1.0,0.9999137,9.357233,0.052216887,-2.8987198
1101,0,0,0.06437885,-2.6764255,0.708224892616272,2.2617587e-05,-10.69676,0.9998648,8.908531
1102,1,1,0.9352405,2.6701233,0.6161087155342102,0.99992037,9.438285,0.00027968595,-8.181563
1103,1,0,0.05458537,-2.8518577,1.0,0.00035161353,-7.952626,0.9268382,2.5391054
1104,0,0,0.064340964,-2.6770546,0.8246665596961975,1.2100056e-05,-11.3222885,0.9996402,7.9297566
1105,1,1,0.93527013,2.6706126,0.6905403137207031,0.99998796,11.3238125,0.00026453956,-8.237255
1106,0,0,0.06436581,-2.676642,0.6485621929168701,8.719827e-06,-11.649902,0.9998203,8.623985
1107,0,1,0.94996125,2.9436233,1.0,0.9855987,4.2259283,0.15822646,-1.6714838
1108,1,1,0.9352345,2.670024,0.609207034111023,0.999946,9.827447,0.00015736197,-8.756804
1109,0,1,0.9932846,4.996611,1.0,0.99855906,6.5410433,0.95913446,3.1557446
1110,0,0,0.06438139,-2.6763833,0.6440895199775696,1.3678525e-05,-11.19967,0.9999106,9.322731
1111,1,1,0.93522537,2.6698735,0.645540177822113,0.99990964,9.311213,0.00021182475,-8.459539
1112,0,0,0.06535665,-2.6603057,0.8064337372779846,0.00220556,-6.114566,0.9995072,7.6150045
1113,0,0,0.06436883,-2.6765919,0.6962780356407166,1.4156623e-05,-11.165314,0.9998235,8.641685
1114,0,1,0.9405711,2.761707,1.0,0.99993896,9.70351,0.03779537,-3.2370405
1115,1,0,0.060233455,-2.7474034,1.0,0.0136523135,-4.2801,0.9272178,2.5447178
1116,0,0,0.06438817,-2.6762707,0.7460681200027466,4.300437e-05,-10.054166,0.99986315,8.896439
1117,1,1,0.9352612,2.670465,0.6542855501174927,0.9999815,10.899255,0.00022400508,-8.403618
1118,1,1,0.9352276,2.66991,0.7675922513008118,0.9999006,9.216545,0.00025573222,-8.271124
1119,1,1,0.935255,2.6703625,0.8155785202980042,0.9999418,9.751958,0.00030954747,-8.08009
1120,1,1,0.93526137,2.6704679,0.6182981133460999,0.99997807,10.725608,0.00023715949,-8.34654
1121,0,0,0.06614481,-2.647475,0.8431329727172852,0.0037609483,-5.579316,0.9998042,8.538228
1122,1,1,0.93526167,2.6704729,0.8624716997146606,0.99997914,10.77836,0.00023531412,-8.354354
1123,1,1,0.9346605,2.6605866,0.736294686794281,0.9987066,6.649163,0.00024339781,-8.32057
1124,1,0,0.059837837,-2.754414,1.0,3.7979797e-05,-10.178418,0.96781856,3.403655
1125,1,1,0.93500745,2.666282,0.6249059438705444,0.99945396,7.5123024,0.0001927083,-8.55414
1126,0,1,0.9937935,5.07593,1.0,0.9999708,10.442583,0.9871705,4.3430967
1127,0,0,0.06455353,-2.6735291,0.7610309720039368,0.00046131862,-7.68096,0.999652,7.9630494
1128,0,0,0.064387985,-2.6762738,0.7381574511528015,5.2347525e-05,-9.8575535,0.99983203,8.691625
1129,1,1,0.93108183,2.6034274,0.46318602561950684,0.99138534,4.7456436,0.00017262339,-8.664226
1130,1,1,0.9352785,2.6707506,0.7478815913200378,0.9999883,11.355767,0.00031988355,-8.047234
1131,1,1,0.9352569,2.6703942,0.740182638168335,0.9999889,11.407684,0.00017166956,-8.669767
1132,1,0,0.04742713,-2.999972,1.0,2.9553063e-05,-10.429294,0.86709857,1.8755448
1133,0,0,0.06436191,-2.6767068,0.5587174296379089,5.0306467e-06,-12.199957,0.9998055,8.544588
1134,1,1,0.9352572,2.670399,0.5695760250091553,0.99998474,11.092628,0.00018749326,-8.58158
1135,0,0,0.06436591,-2.6766403,0.634126603603363,1.5815694e-05,-11.054492,0.99979836,8.508684
1136,1,0,0.12711823,-1.9266825,1.0,0.12950529,-1.90534,0.8939671,2.1319196
1137,0,0,0.06433347,-2.677179,0.857737123966217,5.6374183e-06,-12.086079,0.99960977,7.8484235
1138,1,1,0.93529725,2.6710608,0.7279064655303955,0.9999608,10.146665,0.0005350324,-7.532648
1139,0,1,0.9387921,2.730318,1.0,0.9999871,11.261728,0.024762874,-3.673335
1140,1,0,0.017499158,-4.0279484,1.0,0.00602399,-5.105963,0.4261993,-0.29737502
1141,0,1,0.96658576,3.3647878,1.0,0.99996555,10.274747,0.2851401,-0.9191059
1142,0,0,0.064339295,-2.6770823,0.6542081236839294,5.347398e-06,-12.138895,0.99965036,7.958141
1143,0,1,0.9659353,3.3448348,1.0,0.99973196,8.224079,0.27769974,-0.95590043
1144,1,0,0.046726022,-3.0156012,1.0,0.00025950637,-8.25647,0.859952,1.8148909
1145,1,1,0.9352623,2.6704836,0.7771532535552979,0.99998677,11.234287,0.00021504206,-8.444462
1146,1,0,0.038332608,-3.2223678,1.0,2.4739957e-05,-10.607066,0.77586985,1.2417581
1147,0,0,0.06438997,-2.676241,0.548422634601593,3.965201e-05,-10.135329,0.99988604,9.079218
1148,0,0,0.064271614,-2.6782072,0.9164665937423706,4.3854684e-06,-12.33721,0.99919206,7.1202745
1149,0,0,0.064416744,-2.6757965,0.6647655963897705,0.00010309023,-9.179803,0.9998658,8.916
1150,1,1,0.9352647,2.6705232,0.6865541934967041,0.99998796,11.324343,0.00022812486,-8.385389
1151,1,1,0.93525136,2.6703026,0.6682918071746826,0.9999478,9.861107,0.00026561925,-8.233181
1152,1,1,0.93525887,2.6704266,0.7527880668640137,0.9999677,10.341948,0.0002525038,-8.283832
1153,0,0,0.06435451,-2.6768296,0.6470542550086975,8.024443e-06,-11.73301,0.99974555,8.276382
1154,1,1,0.93524176,2.670144,0.7324854135513306,0.9999387,9.699364,0.00022937545,-8.379921
1155,1,1,0.8084787,1.4401554,0.6953869462013245,0.8419396,1.6727309,0.00015966555,-8.7422695
1156,1,0,0.055551764,-2.8332856,1.0,2.3228378e-05,-10.670113,0.9355066,2.6745243
1157,0,0,0.106507316,-2.1269245,1.0,0.228003,-1.2196219,0.49726146,-0.010954142
1158,1,1,0.93525535,2.6703684,0.6996132731437683,0.9999877,11.306742,0.00016463491,-8.711616
1159,1,1,0.93528765,2.6709023,0.7081144452095032,0.99998546,11.137266,0.00039142673,-7.8453207
1160,0,0,0.06437354,-2.6765137,0.7189704775810242,6.622691e-06,-11.925002,0.9998797,9.025749
1161,0,0,0.06439096,-2.6762245,0.6105847954750061,4.3363096e-05,-10.045858,0.9998809,9.036069
1162,0,1,0.96625894,3.3547165,1.0,0.99983037,8.681684,0.28144097,-0.9373251
1163,0,1,0.9384737,2.72479,1.0,0.9999378,9.68499,0.022652918,-3.764553
1164,1,1,0.93519443,2.669363,0.7361085414886475,0.9998287,8.672242,0.00026017925,-8.25388
1165,0,1,0.97595584,3.7035253,1.0,0.99995506,10.010211,0.42415044,-0.30575842
1166,1,1,0.9352524,2.6703203,0.7349185943603516,0.99997973,10.805244,0.00017093959,-8.674029
1167,1,1,0.9351837,2.6691859,0.7120150327682495,0.9998246,8.648335,0.00020069395,-8.513529
1168,1,0,0.05990806,-2.7531667,1.0,3.8341415e-05,-10.1689415,0.9683293,3.4201822
1169,1,1,0.93526775,2.6705732,0.6915257573127747,0.9999865,11.214418,0.00025247975,-8.283927
1170,1,1,0.9352472,2.6702337,0.596823513507843,0.9999753,10.611271,0.00014919115,-8.810133
1171,1,1,0.9351768,2.669072,0.7704624533653259,0.9997689,8.372562,0.00033222808,-8.0093565
1172,1,1,0.93527824,2.6707466,0.800444483757019,0.9999826,10.956436,0.00033697626,-7.995161
1173,0,0,0.06893708,-2.6031327,0.6380676031112671,0.009448537,-4.652402,0.9998336,8.700686
1174,1,1,0.93526,2.6704452,0.5814757943153381,0.9999763,10.650228,0.00023323612,-8.363226
1175,0,1,0.9400163,2.7518249,1.0,0.9994281,7.4659734,0.035372335,-3.3058121
1176,0,0,0.06437896,-2.6764235,0.6771909594535828,1.7549355e-05,-10.950476,0.99988174,9.042382
1177,0,0,0.06442264,-2.6756988,0.7596397399902344,0.00011771944,-9.047089,0.9998592,8.86825
1178,0,0,0.064521715,-2.674056,0.5853513479232788,0.00034079526,-7.9838877,0.99982077,8.626706
1179,0,0,0.064347476,-2.6769464,0.8202900886535645,1.0143718e-05,-11.498646,0.9996909,8.081398
1180,1,0,0.05078036,-2.9281306,1.0,2.4527591e-05,-10.615687,0.8965895,2.1598911
1181,0,1,0.97032243,3.487237,1.0,0.8690357,1.8924593,0.75350165,1.1173757
1182,0,0,0.06435759,-2.6767783,0.556660532951355,9.898806e-06,-11.523087,0.9997607,8.337336
1183,0,1,0.9855113,4.219792,1.0,0.9998611,8.881582,0.6362629,0.55918026
1184,1,1,0.9352541,2.670348,0.5975353717803955,0.9999658,10.283665,0.00022666788,-8.391798
1185,1,0,0.073977895,-2.5271318,1.0,0.025165081,-3.6568108,0.98082465,3.9347713
1186,0,1,0.99335176,5.0067325,1.0,0.98854107,4.457463,0.9952739,5.3499093
1187,1,1,0.9353113,2.6712933,0.7732772827148438,0.99998164,10.902613,0.0005640034,-7.479886
1188,0,0,0.06437456,-2.6764967,0.5723848342895508,6.9026755e-06,-11.8835945,0.9998858,9.077166
1189,0,0,0.064740814,-2.6704319,0.6433401107788086,0.0007894479,-7.143387,0.99987495,8.987225
1190,1,1,0.9351339,2.668364,0.666702389717102,0.9997347,8.234301,0.0001510451,-8.797781
1191,0,0,0.064393096,-2.676189,0.6776473522186279,6.660312e-05,-9.616693,0.99982136,8.629977
1192,0,0,0.06440891,-2.6759264,0.6467848420143127,0.00014441676,-8.842663,0.9996805,8.048344
1193,0,0,0.43379077,-0.26640126,0.7180798649787903,0.30966112,-0.80170417,0.99981946,8.619299
1194,1,1,0.9352551,2.6703646,0.6678760647773743,0.99997056,10.434076,0.0002181942,-8.429907
1195,0,0,0.0643727,-2.6765275,0.5280770063400269,3.3704233e-05,-10.297853,0.9997875,8.456522
1196,1,1,0.9352455,2.670206,0.6299947500228882,0.99996567,10.27805,0.00016909589,-8.6848755
1197,0,0,0.06437279,-2.676526,0.653434157371521,2.7093629e-05,-10.516185,0.9998092,8.564122
1198,0,0,0.4037421,-0.38989705,1.0,0.59035945,0.36545146,0.052746534,-2.8880687
1199,1,1,0.93527013,2.6706126,0.7673051357269287,0.99998236,10.945843,0.0002822164,-8.172554
1200,0,1,0.83670247,1.6338947,1.0,0.79836005,1.3760763,0.21881732,-1.2725718
1201,1,1,0.9349333,2.6650624,0.6055954098701477,0.99928063,7.2363887,0.00024658925,-8.30754
1202,0,0,0.06436911,-2.6765873,0.883465051651001,8.147965e-06,-11.717734,0.9998447,8.769804
1203,0,1,0.77652913,1.245553,1.0,0.81417716,1.4773841,0.008977501,-4.7040157
1204,0,0,0.06438507,-2.6763222,0.8940612077713013,5.3139094e-05,-9.842545,0.9998097,8.56681
1205,0,0,0.06440631,-2.6759696,0.7378028035163879,9.792136e-05,-9.231248,0.99981135,8.575378
1206,1,1,0.9352728,2.670657,0.8808137774467468,0.9999894,11.453962,0.00027864872,-8.18528
1207,0,0,0.06516806,-2.6633973,0.6260682344436646,0.0016873722,-6.382894,0.99989355,9.147796
1208,1,0,0.04966036,-2.9516125,1.0,1.9832838e-05,-10.828152,0.8869705,2.0601633
1209,1,1,0.9352587,2.6704237,0.553990364074707,0.99998486,11.09449,0.00019643255,-8.534995
1210,0,0,0.06437862,-2.6764293,0.8618200421333313,1.8371638e-05,-10.904684,0.99987674,9.000912
1211,0,0,0.064374655,-2.676495,0.5914369821548462,1.19647675e-05,-11.333532,0.9998702,8.949372
1212,1,1,0.9352545,2.6703548,0.8132797479629517,0.9999578,10.073168,0.00025474347,-8.274999
1213,1,1,0.93458617,2.6593702,0.7153042554855347,0.9985318,6.5222883,0.0003024303,-8.103357
1214,0,0,0.0644361,-2.6754754,0.8053773641586304,0.00013590461,-8.903421,0.99989283,9.141077
1215,0,0,0.06437197,-2.6765397,0.5617544054985046,7.1359705e-06,-11.850355,0.9998673,8.927814
1216,1,1,0.9352258,2.6698804,0.5565513372421265,0.99992895,9.551909,0.00015306332,-8.784506
1217,0,0,0.066179335,-2.6469162,0.8075007200241089,0.0038195308,-5.563801,0.99984646,8.7816105
1218,0,0,0.0643573,-2.6767833,0.6829313635826111,5.003962e-06,-12.205276,0.9997743,8.395706
1219,0,0,0.064364925,-2.6766567,0.6073314547538757,5.7335556e-06,-12.069169,0.99982387,8.643969
1220,1,1,0.93526316,2.6704974,0.6707891821861267,0.9999471,9.846947,0.00034788912,-7.963279
1221,0,1,0.96245944,3.24407,1.0,0.99998724,11.265645,0.23554458,-1.1772635
1222,1,1,0.9352693,2.6705987,0.846700131893158,0.9999845,11.07139,0.00026989004,-8.217226
1223,1,0,0.054159727,-2.860136,1.0,4.725537e-05,-9.959897,0.9244136,2.503883
1224,1,1,0.93520755,2.6695793,0.5657626986503601,0.9999045,9.256056,0.00010714094,-9.141258
1225,1,1,0.93523353,2.6700084,0.6211410760879517,0.9999343,9.630643,0.00018791207,-8.579349
1226,1,0,0.06424727,-2.678612,1.0,0.0055301245,-5.1919994,0.98137957,3.964703
1227,0,1,0.93942416,2.741371,1.0,0.9998939,9.150897,0.029595315,-3.490097
1228,0,0,0.06435948,-2.676747,0.7048664689064026,8.833406e-06,-11.636961,0.9997769,8.407545
1229,0,1,0.98286587,4.0494003,1.0,0.9996474,7.9499207,0.5670378,0.26977575
1230,1,0,0.047568347,-2.996851,1.0,5.3679785e-05,-9.83242,0.8683022,1.8860303
1231,1,1,0.9352678,2.6705742,0.6968826651573181,0.99998283,10.969881,0.0002654785,-8.233711
1232,1,1,0.9352521,2.6703143,0.7478001713752747,0.99997675,10.669596,0.00017821572,-8.632338
1233,1,1,0.9352618,2.6704748,0.6691154837608337,0.999987,11.255281,0.00021134803,-8.461793
1234,1,1,0.9352387,2.670094,0.5155251622200012,0.9999143,9.364803,0.0002870133,-8.155695
1235,1,1,0.93526417,2.670514,0.8002649545669556,0.999979,10.772019,0.00025258595,-8.283506
1236,1,1,0.93523705,2.6700664,0.6671529412269592,0.999948,9.865737,0.00016779428,-8.692604
1237,1,0,0.053918563,-2.8648539,1.0,0.00013154006,-8.936068,0.92220896,2.472745
1238,1,0,0.049456462,-2.9559412,1.0,0.0035297994,-5.642978,0.87398547,1.936667
1239,1,0,0.051965047,-2.90382,1.0,1.0694193e-05,-11.445799,0.90660787,2.272903
1240,0,0,0.06438176,-2.676377,0.8406493067741394,5.4680975e-05,-9.81394,0.99978226,8.431976
1241,1,0,0.06191476,-2.7180822,1.0,0.0032394752,-5.7290993,0.9725009,3.565719
1242,1,0,0.057623103,-2.7944818,1.0,0.0011199334,-6.7933655,0.94792455,2.901582
1243,0,1,0.93864465,2.7277546,1.0,0.98912466,4.5103216,0.05839999,-2.7802649
1244,0,1,0.98897076,4.4961147,1.0,0.9968431,5.7550106,0.7592685,1.1486732
1245,0,0,0.06438211,-2.6763713,0.6567042469978333,2.1138654e-05,-10.764386,0.99989176,9.131653
1246,1,1,0.9353035,2.671164,0.8518840670585632,0.99998784,11.319351,0.00049132016,-7.6179233
1247,0,1,0.9436513,2.818198,1.0,0.9999181,9.410772,0.061038855,-2.7332635
1248,0,1,0.99311346,4.971276,1.0,0.99997866,10.754229,0.94420457,2.8286507
1249,1,0,0.008307941,-4.782201,1.0,1.2434848e-05,-11.294995,0.13594405,-1.8493941
1250,0,1,0.978564,3.8210156,1.0,0.9999355,9.648201,0.4724167,-0.11044532
1251,0,1,0.94639033,2.8709257,1.0,0.99855345,6.537163,0.087029874,-2.3504517
1252,0,1,0.9784615,3.8161397,1.0,0.99998784,11.3175535,0.4702495,-0.11914284
1253,0,0,0.064547956,-2.6736214,0.5412939190864563,0.00037162963,-7.897241,0.9999006,9.216717
1254,1,1,0.883437,2.0253878,0.6472687125205994,0.917102,2.4036074,0.00023780754,-8.343811
1255,0,1,0.9841234,4.1269054,1.0,0.9995172,7.6354256,0.599254,0.40235776
1256,0,0,0.06437741,-2.6764493,0.7842590808868408,2.375761e-05,-10.647584,0.99985135,8.8141365
1257,0,1,0.99232274,4.861786,1.0,0.9993418,7.3252664,0.90131825,2.2119584
1258,0,1,0.94909954,2.9256418,1.0,0.9994454,7.4965954,0.10663048,-2.1256309
1259,1,0,0.06008486,-2.7500317,1.0,1.4189414e-05,-11.163,0.9696927,3.4655929
1260,1,1,0.9352568,2.670392,0.6138147115707397,0.9999769,10.673546,0.00020958092,-8.470191
1261,1,1,0.9349972,2.6661131,0.8852241039276123,0.9993807,7.386315,0.00035772045,-7.935401
1262,1,0,0.046687573,-3.0164647,1.0,6.050219e-05,-9.71277,0.8602332,1.8172283
1263,0,0,0.064373165,-2.6765199,0.7191212177276611,9.621008e-06,-11.551552,0.99986756,8.929145
1264,0,1,0.98722106,4.3470955,1.0,0.99996483,10.254034,0.688163,0.7915451
1265,0,0,0.06436136,-2.6767159,0.7592456340789795,2.2235938e-05,-10.7137785,0.99974686,8.281313
1266,0,0,0.064374655,-2.676495,0.6913024187088013,2.1016582e-05,-10.770178,0.99984133,8.748447
1267,0,0,0.06434002,-2.6770704,0.7889915704727173,5.4260952e-05,-9.821651,0.9994992,7.598817
1268,0,1,0.51229066,0.049172536,0.7924255132675171,0.35021418,-0.6180979,0.9997867,8.4522915
1269,0,0,0.06436781,-2.6766088,0.4229166805744171,2.729157e-05,-10.508905,0.99977463,8.397519
1270,0,0,0.06436788,-2.6766076,0.7569670677185059,7.737638e-06,-11.769406,0.9998375,8.725064
1271,1,1,0.935254,2.6703458,0.8577276468276978,0.9999813,10.885585,0.00017627557,-8.643286
1272,1,1,0.9352707,2.6706223,0.8634639978408813,0.9999912,11.638231,0.00025864405,-8.259799
1273,0,1,0.9893875,4.5350547,1.0,0.9999597,10.1201105,0.7652962,1.181939
1274,0,0,0.14961429,-1.7376295,0.38967767357826233,0.12068084,-1.9859986,0.99971217,8.152847
1275,1,1,0.9352672,2.6705644,0.5609665513038635,0.9999926,11.813206,0.00023019924,-8.376335
1276,1,1,0.93525606,2.6703804,0.5716015100479126,0.99996924,10.3902025,0.00022884157,-8.382252
1277,1,0,0.06305456,-2.6986246,1.0,9.0103305e-05,-9.314464,0.9905414,4.6513233
1278,0,0,0.066239506,-2.645943,0.669867217540741,0.003989598,-5.520067,0.99970263,8.120256
1279,1,1,0.93521976,2.669781,0.49875563383102417,0.9999207,9.443067,0.00013833452,-8.885697
1280,1,1,0.9352522,2.6703165,0.7175716161727905,0.9999691,10.385615,0.00020309752,-8.501621
1281,0,0,0.064695135,-2.6711864,0.6962338089942932,0.00068579975,-7.284239,0.9998964,9.174753
1282,0,1,0.9820533,4.0022383,1.0,0.995095,5.312581,0.5622271,0.25020546
1283,1,1,0.93527234,2.670649,0.689861536026001,0.9999856,11.1428795,0.00028677177,-8.156537
1284,0,0,0.06433626,-2.6771328,0.7294371724128723,1.7302049e-05,-10.964668,0.99959165,7.8027997
1285,1,0,0.04866646,-2.9728746,1.0,1.3114671e-05,-11.241766,0.8782686,1.9761357
1286,1,1,0.93525785,2.67041,0.6280313730239868,0.9999865,11.218351,0.00018572711,-8.591046
1287,0,0,0.068926826,-2.6032925,0.8193173408508301,0.009463477,-4.650807,0.9997204,8.181951
1288,0,0,0.06437795,-2.6764405,0.6731584668159485,1.0540675e-05,-11.4602585,0.99989724,9.183523
1289,1,1,0.9338601,2.6475549,0.6355330944061279,0.99703586,5.8181853,0.00023161023,-8.370223
1290,0,1,0.9369685,2.6990151,1.0,0.99997914,10.779108,0.011945724,-4.4153643
1291,0,0,0.064330354,-2.6772308,0.5948835611343384,6.0565903e-06,-12.014358,0.99958724,7.792346
1292,0,0,0.064360596,-2.6767285,0.8408273458480835,4.5849947e-06,-12.292717,0.999798,8.50721
1293,1,1,0.9352278,2.6699138,0.6244401335716248,0.9998838,9.059559,0.0003101743,-8.078066
1294,1,1,0.93526345,2.6705024,0.7143997550010681,0.9999875,11.289701,0.00022113218,-8.416529
1295,1,1,0.9352628,2.6704917,0.8804559707641602,0.99995244,9.9538555,0.00032866382,-8.020146
1296,0,0,0.06439531,-2.6761522,0.8555490374565125,0.00010378243,-9.17311,0.99971765,8.172007
1297,1,1,0.9350431,2.6668687,0.5607891082763672,0.99946576,7.534225,0.00039618506,-7.833233
1298,1,0,0.07088653,-2.5731504,1.0,0.01819247,-3.9883876,0.98421115,4.132537
1299,1,1,0.93525064,2.6702907,0.768129825592041,0.99996364,10.220533,0.00021009892,-8.467722
1300,1,1,0.9529776,3.0089672,1.0,0.8701411,1.9022068,0.55374753,0.21582381
1301,0,1,0.9590081,3.152525,1.0,0.999951,9.924486,0.19810048,-1.398209
1302,1,1,0.9352621,2.6704798,0.6765249967575073,0.9999894,11.454693,0.00020557846,-8.489477
1303,0,1,0.98350716,4.088198,1.0,0.9973901,5.945829,0.5901656,0.36464995
1304,0,0,0.06434521,-2.676984,0.6204290390014648,8.1510025e-06,-11.717361,0.99968183,8.052467
1305,1,0,0.04322957,-3.0970387,1.0,4.6376954e-05,-9.978662,0.8272205,1.566055
1306,0,0,0.064155,-2.680148,0.7059901356697083,8.831562e-06,-11.63717,0.9983816,6.4247127
1307,0,0,0.06434419,-2.677001,0.8535731434822083,1.5617446e-05,-11.067106,0.99965096,7.9598956
1308,0,1,0.984263,4.1358786,1.0,0.99995387,9.98353,0.6015396,0.41188428
1309,1,1,0.9352814,2.6707988,0.7320810556411743,0.9999752,10.60394,0.00038185064,-7.870099
1310,1,1,0.935221,2.6698017,0.6197121143341064,0.99992,9.433039,0.00014889866,-8.812096
1311,1,1,0.9352554,2.6703696,0.7681952118873596,0.9999714,10.460312,0.00021786698,-8.431408
1312,0,1,0.94731194,2.8892395,1.0,0.9973616,5.9349613,0.09834949,-2.2156997
1313,0,0,0.06437493,-2.6764905,0.5419223308563232,3.0533138e-05,-10.3966675,0.9998128,8.582914
1314,0,1,0.9916148,4.7728686,1.0,0.9615786,3.2199616,0.9854329,4.2143145
1315,1,1,0.9350381,2.6667862,0.605122983455658,0.99949527,7.5909677,0.00026778952,-8.225041
1316,1,1,0.9352747,2.6706884,0.735359251499176,0.99999,11.511215,0.00028922455,-8.148018
1317,0,0,0.06443895,-2.6754282,0.8520805239677429,0.00016587516,-8.704109,0.9998165,8.602922
1318,0,0,0.06437045,-2.676565,0.7089625000953674,7.3435767e-06,-11.821677,0.99985635,8.848529
1319,1,1,0.9349198,2.66484,0.7543665170669556,0.99923813,7.178905,0.00029084994,-8.142412
1320,1,1,0.93527335,2.6706657,0.7439280152320862,0.9999682,10.354477,0.0003499098,-7.957485
1321,0,1,0.93995935,2.7508147,1.0,0.9999883,11.362011,0.033168666,-3.3724184
1322,0,1,0.9373958,2.7062736,1.0,0.99989235,9.13711,0.015200544,-4.171107
1323,1,1,0.9352379,2.6700802,0.7251098155975342,0.99992776,9.53483,0.00023822917,-8.342039
1324,0,0,0.071128465,-2.5694828,0.5499761700630188,0.013760097,-4.2721267,0.99987054,8.952579
1325,1,0,0.033859443,-3.3510914,1.0,7.992877e-06,-11.736952,0.72311085,0.95994544
1326,1,0,0.06353935,-2.6904483,1.0,0.0007261362,-7.2270465,0.991865,4.8034067
1327,1,1,0.9352594,2.6704354,0.6906375885009766,0.99998,10.818766,0.00021743035,-8.433414
1328,1,1,0.93526447,2.670519,0.7898351550102234,0.99998903,11.418443,0.00022331497,-8.406704
1329,1,0,0.057375215,-2.7990558,1.0,1.3744153e-05,-11.194883,0.94958055,2.9356427
1330,0,0,0.074110106,-2.5252035,0.7690690159797668,0.019445106,-3.9205232,0.99988246,9.048628
1331,0,0,0.06439725,-2.67612,0.5327978730201721,5.606524e-05,-9.7889385,0.9998833,9.055627
1332,0,0,0.064350784,-2.6768916,0.8375710844993591,2.27686e-05,-10.690105,0.9996731,8.025536
1333,0,0,0.06436597,-2.6766393,0.6564772725105286,7.611752e-06,-11.7858095,0.99982494,8.650305
1334,1,1,0.54698855,0.18851043,1.0,0.40093222,-0.4015824,0.89498687,2.142723
1335,1,1,0.93526053,2.670454,0.6071059107780457,0.99997926,10.785025,0.00022750298,-8.38812
1336,1,1,0.9352786,2.6707525,0.8551700115203857,0.9999765,10.657709,0.00035847526,-7.9332924
1337,1,0,0.062328395,-2.7109828,1.0,0.0001620441,-8.72748,0.9852415,4.2010674
1338,1,1,0.9335905,2.6431973,0.7595768570899963,0.99645704,5.6392336,0.00029276568,-8.135845
1339,0,1,0.989758,4.570965,0.5371330380439758,0.93114924,2.604479,0.9997727,8.389056
1340,0,0,0.0643523,-2.6768665,0.6694579124450684,7.368291e-06,-11.818317,0.99973255,8.226253
1341,1,1,0.93524855,2.6702564,0.6077542304992676,0.9999615,10.165541,0.00020305841,-8.501814
1342,1,1,0.9353006,2.6711159,0.7371154427528381,0.999979,10.771894,0.0004991678,-7.602069
1343,0,1,0.938319,2.7221146,1.0,0.999964,10.231651,0.021471698,-3.819314
1344,1,1,0.93527865,2.6707535,0.7369222044944763,0.9999906,11.577808,0.00031426112,-8.064972
1345,1,0,0.040694013,-3.160129,1.0,7.399613e-06,-11.814075,0.8014604,1.395447
1346,0,1,0.9375483,2.7088745,1.0,0.9999281,9.541244,0.01615316,-4.1093545
1347,1,1,0.9352575,2.670404,0.7801907062530518,0.99995863,10.0919285,0.0002723184,-8.208266
1348,1,0,0.061757,-2.7208018,1.0,0.00025968582,-8.255778,0.98090106,3.938841
1349,1,1,0.93525785,2.67041,0.6322169303894043,0.99998236,10.948438,0.00019923021,-8.52085
1350,0,0,0.06443325,-2.6755228,0.8084239959716797,0.00015779726,-8.754042,0.99980336,8.533871
1351,1,1,0.9352504,2.670287,0.573775053024292,0.9999639,10.228136,0.0002078278,-8.478593
1352,1,1,0.9350913,2.6676629,0.6067742705345154,0.99961036,7.8498964,0.00026029983,-8.253416
1353,0,0,0.06460734,-2.6726384,0.7215868234634399,0.0005164217,-7.5680704,0.9998416,8.750403
1354,1,0,0.013036292,-4.326896,1.0,8.580711e-06,-11.665985,0.32275775,-0.74112695
1355,0,0,0.06436549,-2.6766472,0.7159820199012756,1.1329047e-05,-11.388129,0.9998098,8.567392
1356,0,0,0.064375825,-2.6764758,0.6684165596961975,2.0527235e-05,-10.793737,0.99985087,8.810963
1357,0,1,0.99066585,4.6646976,1.0,0.9999436,9.782414,0.8185359,1.5064596
1358,1,0,0.05273519,-2.8882957,1.0,8.675085e-05,-9.352384,0.9127343,2.347488
1359,1,0,0.07661204,-2.4892952,1.0,0.031777367,-3.4167078,0.97523195,3.6731224
1360,0,0,0.06437176,-2.6765432,0.7851265668869019,1.8182818e-05,-10.915015,0.9998306,8.683062
1361,0,1,0.9005598,2.20346,1.0,0.9300144,2.5869102,0.03206155,-3.407511
1362,1,1,0.9352594,2.6704354,0.7366976141929626,0.9999944,12.089753,0.00017141605,-8.671246
1363,0,1,0.9244833,2.5048811,1.0,0.70369154,0.8649392,0.878486,1.9781702
1364,0,1,0.93153936,2.6105795,1.0,0.9831371,4.0656285,0.02944748,-3.4952571
1365,0,0,0.06435867,-2.6767607,0.8300853967666626,1.6188986e-05,-11.031163,0.9997477,8.284421
1366,0,0,0.064372115,-2.6765373,0.7775388956069946,1.36946965e-05,-11.198488,0.9998474,8.787698
1367,1,1,0.9352601,2.6704473,0.7429611682891846,0.9999839,11.035683,0.00020940954,-8.471009
1368,0,0,0.06436894,-2.67659,0.8012236952781677,4.132162e-06,-12.396706,0.99985635,8.848009
1369,1,1,0.92648274,2.5338752,0.7390701770782471,0.9824144,4.022937,0.00028460746,-8.164115
1370,0,0,0.064445,-2.6753278,0.6257998943328857,0.00018438327,-8.5983095,0.9997985,8.509337
1371,0,0,0.06437197,-2.6765397,0.7250768542289734,1.179537e-05,-11.347792,0.99985254,8.822239
1372,1,1,0.935267,2.6705606,0.7592348456382751,0.99998677,11.234258,0.000247347,-8.304471
1373,1,1,0.93525994,2.6704443,0.6368684768676758,0.99996614,10.2942705,0.0002653474,-8.234205
1374,1,0,0.051672,-2.9097843,1.0,1.0537699e-05,-11.460541,0.9041614,2.244342
1375,1,0,0.026273744,-3.61256,1.0,0.0004615506,-7.680457,0.61438763,0.4657936
1376,0,1,0.99283147,4.93086,1.0,0.9999434,9.778092,0.92773545,2.552413
1377,1,1,0.93525094,2.6702957,0.6914344429969788,0.99995255,9.956354,0.00024768728,-8.303096
1378,0,0,0.06449582,-2.6744852,0.7339127659797668,0.00030682085,-8.08894,0.9997532,8.306742
1379,1,1,0.9352674,2.6705673,0.6141245365142822,0.99998975,11.490533,0.00024068396,-8.331785
1380,0,0,0.06497227,-2.6666157,0.6481243968009949,0.0013099886,-6.636426,0.99977833,8.413965
1381,0,0,0.064351514,-2.6768794,0.8362012505531311,1.3188745e-05,-11.236134,0.9997086,8.140751
1382,1,1,0.9352404,2.6701214,0.7015184164047241,0.9999318,9.59243,0.00024222405,-8.325405
1383,1,1,0.9352616,2.670472,0.5392725467681885,0.9999865,11.213605,0.00021082294,-8.464281
1384,1,1,0.9330472,2.6344676,0.5840874314308167,0.99538076,5.3728833,0.0001481694,-8.817006
1385,1,1,0.9352664,2.6705506,0.7928447127342224,0.99997187,10.477484,0.00029067945,-8.142999
1386,0,0,0.39968872,-0.40676224,0.7585732936859131,0.29163927,-0.8874358,0.99978477,8.443569
1387,1,1,0.9350302,2.6666567,0.6490392684936523,0.9994842,7.5693254,0.00025086058,-8.290362
1388,0,0,0.06445243,-2.6752045,0.5685814023017883,0.00022210377,-8.412144,0.9997286,8.211889
1389,1,1,0.9352643,2.6705163,0.5847830772399902,0.9999863,11.197428,0.0002302989,-8.375902
1390,1,0,0.059003513,-2.7693424,1.0,7.873172e-05,-9.449386,0.9615638,3.2195635
1391,1,1,0.9352651,2.6705298,0.7505255937576294,0.9999826,10.958493,0.0002477527,-8.302832
1392,1,1,0.9349125,2.6647205,0.6864917874336243,0.9992501,7.194861,0.00020318679,-8.501182
1393,0,1,0.9548468,3.0514898,1.0,0.99963737,7.9216423,0.15764974,-1.6758201
1394,0,1,0.9377369,2.712101,1.0,0.99988425,9.064012,0.017617084,-4.021112
1395,1,1,0.93517756,2.6690848,0.5600495934486389,0.99982315,8.6401615,0.00016392031,-8.715966
1396,0,1,0.9787556,3.8301883,1.0,0.99997985,10.810238,0.4760381,-0.09592107
1397,0,0,0.06439518,-2.6761544,0.8298227787017822,5.203388e-05,-9.863564,0.999882,9.044512
1398,0,0,0.06490864,-2.6676636,0.7186689972877502,0.0011487254,-6.767953,0.9998634,8.898109
1399,0,1,0.9408268,2.76629,1.0,0.99994314,9.77586,0.039662033,-3.1868908
1400,0,0,0.06435017,-2.6769016,0.7282145023345947,6.616561e-06,-11.925928,0.9997205,8.182163
1401,1,1,0.93510103,2.6678228,0.6013465523719788,0.99965763,7.979316,0.00017449724,-8.653427
1402,1,0,0.058330163,-2.7815354,1.0,0.00057841255,-7.4546447,0.95496553,3.0542476
1403,0,1,0.9572913,3.1097052,1.0,0.9297125,2.5822816,0.40483847,-0.38534468
1404,1,1,0.93524134,2.6701372,0.57213294506073,0.9999645,10.246958,0.00014474487,-8.840393
1405,0,0,0.073497236,-2.5341692,1.0,0.04086312,-3.1558058,0.92780596,2.5534647
1406,0,1,0.9366572,2.6937559,1.0,0.99998856,11.382289,0.00975763,-4.6199
1407,1,1,0.93521696,2.6697347,0.7599237561225891,0.9998815,9.040451,0.0002443106,-8.316826
1408,1,1,0.935287,2.6708913,0.8125919699668884,0.9999912,11.643513,0.00036876978,-7.904969
1409,1,1,0.91130173,2.3296337,0.7964650988578796,0.95616996,3.0826163,0.00030051317,-8.109718
1410,0,1,0.99286556,4.935662,1.0,0.9999794,10.786324,0.929591,2.5804234
1411,0,0,0.06437058,-2.6765628,0.6915044784545898,8.39234e-06,-11.688183,0.99985385,8.830754
1412,1,1,0.93359333,2.6432436,0.7930243611335754,0.9964809,5.6460266,0.00023536215,-8.35415
1413,0,1,0.9145458,2.3704467,1.0,0.9464861,2.8728147,0.04797021,-2.9880161
1414,1,0,0.05332069,-2.876636,1.0,0.0018188095,-6.3077526,0.91198665,2.3381362
1415,0,0,0.064522974,-2.6740353,0.8255451321601868,0.00034582094,-7.9692435,0.99981326,8.58576
1416,1,1,0.934476,2.65757,0.6908846497535706,0.99832314,6.389159,0.00022950931,-8.379337
1417,0,0,0.06437901,-2.6764228,0.6844839453697205,1.0348795e-05,-11.47863,0.999905,9.261332
1418,0,1,0.9864266,4.2859764,1.0,0.99989176,9.131493,0.66332006,0.6781248
1419,0,0,0.07366267,-2.5317423,0.76236891746521,0.018672362,-3.9618618,0.9996674,8.008274
1420,0,1,0.99193794,4.812491,1.0,0.99998534,11.129841,0.8790413,1.9833832
1421,0,0,0.06490057,-2.6677964,0.6304025650024414,0.001129374,-6.7849617,0.99987066,8.952713
1422,1,1,0.9352857,2.6708696,0.9240618944168091,0.99998224,10.935333,0.0003878864,-7.85441
1423,0,0,0.064375706,-2.6764777,0.8008351922035217,1.2585011e-05,-11.282991,0.9998754,8.990829
1424,1,1,0.93526345,2.6705024,0.7799116969108582,0.99993455,9.634323,0.00039017067,-7.848536
1425,1,1,0.9352579,2.6704109,0.6906809210777283,0.9999653,10.270047,0.00025437045,-8.276464
1426,1,1,0.7257321,0.9730755,1.0,0.64265174,0.58689207,0.4449495,-0.22109842
1427,0,0,0.06435536,-2.6768155,0.6083797216415405,8.290549e-06,-11.700386,0.99975044,8.295647
1428,0,0,0.06439764,-2.6761136,0.8028414845466614,0.00012071559,-9.021953,0.99967945,8.04523
1429,0,0,0.06440131,-2.6760526,0.7148606777191162,5.9729715e-05,-9.725621,0.99989927,9.20261
1430,1,1,0.9352786,2.6707525,0.7710029482841492,0.99998057,10.846304,0.00034500542,-7.9716053
1431,1,0,0.026698165,-3.5960994,1.0,2.304164e-05,-10.6781845,0.6225415,0.5003494
1432,0,1,0.9565718,3.0922472,1.0,0.999923,9.471891,0.17345963,-1.5613039
1433,1,1,0.9352832,2.6708283,0.78380286693573,0.9999733,10.529514,0.00039974018,-7.824296
1434,0,0,0.07534316,-2.5073695,0.8227107524871826,0.02179731,-3.8039303,0.99968755,8.070852
1435,1,1,0.9352326,2.6699924,0.7618146538734436,0.99993885,9.702482,0.00016718262,-8.696257
1436,0,0,0.0645037,-2.6743548,0.6106846928596497,0.00029705762,-8.121287,0.999838,8.727571
1437,0,1,0.99121994,4.726453,1.0,0.9968322,5.7515364,0.85380816,1.7647871
1438,1,1,0.9352477,2.6702425,0.6470450162887573,0.9999434,9.778593,0.00025516085,-8.273361
1439,0,1,0.9755731,3.687341,1.0,0.9984409,6.4620667,0.42234644,-0.31314844
1440,1,0,0.0138047105,-4.2688446,1.0,0.014951692,-4.187866,0.29885456,-0.8527583
1441,1,1,0.93519485,2.6693697,0.7840666770935059,0.9998148,8.593739,0.00030754803,-8.086572
1442,1,0,0.045753967,-3.037643,1.0,0.030933099,-3.444507,0.75295305,1.1144245
1443,0,1,0.99089897,4.6902246,1.0,0.99908876,6.9997883,0.8317406,1.5980139
1444,0,0,0.06439408,-2.6761727,0.8086262345314026,6.516064e-05,-9.63859,0.99983263,8.695116
1445,1,1,0.9352305,2.669958,0.6778891086578369,0.99991345,9.355501,0.00023382127,-8.36072
1446,1,1,0.9352498,2.6702769,0.8263821601867676,0.99995387,9.984893,0.00023539289,-8.354019
1447,1,1,0.93528503,2.6708589,0.7114726901054382,0.99997723,10.692656,0.0004000499,-7.823521
1448,1,1,0.93162286,2.6118896,0.8772944211959839,0.99243903,4.877165,0.0002793294,-8.182839
1449,1,1,0.9352788,2.6707554,0.7410838007926941,0.99997544,10.615017,0.00036348833,-7.9193997
1450,0,1,0.69022703,0.8011809,1.0,0.75176066,1.1080248,0.025987495,-3.6238086
1451,1,1,0.9352576,2.6704059,0.6416269540786743,0.9999906,11.567687,0.00017126068,-8.6721525
1452,0,0,0.06438772,-2.6762784,0.8672985434532166,8.2219456e-05,-9.406036,0.9997348,8.234861
1453,0,1,0.9788607,3.8352544,1.0,0.99374783,5.068563,0.49801928,-0.007922847
1454,1,1,0.9351498,2.6686265,0.6477055549621582,0.99974114,8.258865,0.00023820967,-8.342121
1455,1,1,0.93517715,2.6690779,0.6509904265403748,0.9998259,8.655417,0.00015234285,-8.789225
1456,1,1,0.9351417,2.668493,0.6887897253036499,0.99972445,8.1966,0.00023648437,-8.349392
1457,1,1,0.935289,2.6709247,0.28349289298057556,0.99998486,11.09858,0.00040233982,-7.817811
1458,0,0,0.064331315,-2.6772149,0.8852362632751465,1.816133e-05,-10.916198,0.9995552,7.7173595
1459,0,0,0.06436028,-2.6767337,0.7686218023300171,9.316257e-06,-11.58374,0.99978083,8.425453
1460,1,1,0.93526053,2.670454,0.6208400130271912,0.9999875,11.290003,0.00020091489,-8.512428
1461,0,0,0.06500776,-2.6660316,0.7222779989242554,0.0013711158,-6.5907583,0.9998228,8.637596
1462,0,1,0.9469588,2.8821862,1.0,0.99998474,11.0865965,0.08707924,-2.3498306
1463,0,1,0.9936971,5.060424,1.0,0.99998426,11.062315,0.9807616,3.9314191
1464,0,0,0.06432696,-2.6772873,0.7810789942741394,6.537126e-06,-11.938006,0.99956256,7.7342005
1465,0,1,0.9070976,2.2787004,1.0,0.92921156,2.5746405,0.06549469,-2.6580482
1466,0,1,0.84373724,1.6863022,1.0,0.621472,0.4958009,0.8052081,1.4191687
1467,0,1,0.99199754,4.8199716,1.0,0.9997576,8.324741,0.882836,2.0195649
1468,1,1,0.9352799,2.6707742,0.6608609557151794,0.9999871,11.256554,0.00033332163,-8.006069
1469,1,1,0.93525606,2.6703804,0.5685272812843323,0.9999808,10.863411,0.00019197272,-8.557965
1470,1,1,0.93430394,2.6547627,0.6200098395347595,0.99797446,6.1998773,0.00019170731,-8.559349
1471,1,1,0.93352187,2.6420913,0.7010498046875,0.9963415,5.607053,0.00020799255,-8.4778
1472,1,1,0.9351841,2.6691928,0.6742807626724243,0.9998079,8.556937,0.00025729625,-8.265025
1473,0,0,0.06433674,-2.677125,0.8881763219833374,1.9083418e-05,-10.866672,0.99958915,7.796776
1474,0,1,0.9815229,3.9725742,1.0,0.99997985,10.813965,0.53445613,0.13804352
1475,1,1,0.93524116,2.6701343,0.6604546904563904,0.999967,10.316863,0.0001349373,-8.910565
1476,0,0,0.06435875,-2.6767592,0.6525530815124512,1.1364497e-05,-11.385005,0.9997638,8.350327
1477,0,0,0.06432941,-2.6772466,0.7690607309341431,6.666484e-06,-11.918411,0.9995788,7.772048
1478,0,0,0.06629763,-2.6450036,0.7466991543769836,0.004063787,-5.501568,0.9998511,8.81233
1479,1,1,0.93527514,2.6706953,0.8966213464736938,0.9999813,10.888752,0.00032006655,-8.046661
1480,1,1,0.9337002,2.6449685,0.670106053352356,0.9967045,5.7118816,0.00022878638,-8.382493
1481,0,0,0.06437588,-2.6764748,0.7935277223587036,2.5789523e-05,-10.565516,0.9998344,8.706147
1482,1,1,0.93526065,2.6704562,0.7616357207298279,0.999962,10.178361,0.00028349063,-8.168048
1483,1,1,0.93306094,2.634688,0.6763089895248413,0.9953811,5.372959,0.00023709598,-8.346808
1484,1,1,0.93526304,2.6704955,0.7920182347297668,0.99997795,10.724731,0.00024848845,-8.299866
1485,1,0,0.017912269,-4.0041947,1.0,0.0026739761,-5.921511,0.4466432,-0.21424273
1486,1,1,0.9352408,2.6701283,0.843502938747406,0.9999373,9.677354,0.00022809744,-8.3855095
1487,1,1,0.93526596,2.6705437,0.7542629241943359,0.9999851,11.114935,0.00024507934,-8.3136835
1488,0,0,0.064351924,-2.6768727,0.8176710605621338,6.728247e-06,-11.909189,0.9997321,8.224627
1489,1,0,0.060842786,-2.7366896,1.0,0.0035481853,-5.6377645,0.96388096,3.2841468
1490,0,0,0.06438418,-2.676337,0.5274434685707092,3.432082e-05,-10.279724,0.99986374,8.901262
1491,0,0,0.06444831,-2.675273,0.6723486185073853,0.00015792492,-8.753233,0.99990547,9.265989
1492,0,0,0.06444857,-2.6752684,0.5731964111328125,0.00017583139,-8.645809,0.9998503,8.806698
1493,1,1,0.9348207,2.663213,0.7977944612503052,0.99903536,6.942819,0.00027036108,-8.215482
1494,0,0,0.07013731,-2.584582,0.7448627948760986,0.011820487,-4.42603,0.9998698,8.946454
1495,1,1,0.92977566,2.5832484,0.7342429757118225,0.9887782,4.4786067,0.00021892607,-8.426558
1496,1,1,0.9352555,2.6703715,0.5857384204864502,0.9999908,11.595127,0.00015640726,-8.762891
1497,0,1,0.936359,2.6887407,1.0,0.99372995,5.0656815,0.027686728,-3.5587249
1498,1,1,0.9352769,2.6707249,0.8212146162986755,0.9999924,11.785791,0.0002966758,-8.122574
1499,0,1,0.98614883,4.265438,1.0,0.9999802,10.830574,0.6546122,0.639375
1500,0,0,0.06437715,-2.6764538,0.5433539748191833,2.6271115e-05,-10.547014,0.9998416,8.750148
1501,0,1,0.9291049,2.5730207,1.0,0.9346394,2.6602407,0.16891451,-1.59334
1502,1,1,0.93524826,2.6702514,0.6312866806983948,0.9999548,10.00453,0.00022211543,-8.412091
1503,1,1,0.9352455,2.670206,0.5919843316078186,0.99997044,10.430042,0.0001540756,-8.777913
1504,0,0,0.06484155,-2.6687694,0.6958402395248413,0.0010037994,-6.902959,0.99987257,8.967906
1505,1,1,0.93520457,2.6695302,0.6747606992721558,0.9998714,8.958206,0.00019249016,-8.555273
1506,0,1,0.9767016,3.7357972,1.0,0.9999857,11.159036,0.43729335,-0.25215423
1507,1,1,0.9352405,2.6701233,0.6873615384101868,0.9999614,10.160939,0.00014843242,-8.815232
1508,1,0,0.055428375,-2.83564,1.0,2.7578266e-05,-10.498455,0.9345268,2.6584
1509,1,0,0.032172937,-3.4039278,1.0,0.00021871805,-8.427508,0.70076036,0.85092115
1510,0,0,0.0643692,-2.6765857,0.7035633325576782,9.863779e-06,-11.526631,0.9998398,8.739071
1511,1,1,0.9352595,2.6704373,0.7058787941932678,0.99998367,11.025035,0.00020645809,-8.485207
1512,0,0,0.06436515,-2.676653,0.8058379292488098,8.556654e-06,-11.668793,0.99981636,8.60216
1513,1,1,0.9352071,2.6695724,0.7762746810913086,0.99986994,8.947522,0.00021486908,-8.445267
1514,0,0,0.064379916,-2.6764078,0.6256554126739502,2.2362063e-05,-10.708122,0.9998728,8.970192
1515,0,0,0.06450632,-2.6743112,0.5821225643157959,0.00037819796,-7.8797145,0.99959666,7.8152337
1516,1,1,0.9344766,2.6575794,0.9363644123077393,0.9983199,6.3872504,0.00024407917,-8.317774
1517,0,1,0.98170036,3.9824047,1.0,0.9999801,10.821721,0.53849036,0.15426666
1518,1,1,0.9352594,2.6704354,0.7418531179428101,0.99995494,10.008319,0.00029747366,-8.119887
1519,1,0,0.055227056,-2.8394916,1.0,2.3088382e-05,-10.676158,0.9329608,2.633086
1520,0,0,0.40905425,-0.36787638,1.0,0.31831565,-0.7615232,0.9305482,2.59514
1521,1,1,0.93525577,2.6703753,0.7165603637695312,0.99992514,9.499153,0.000367809,-7.907579
1522,1,1,0.9352604,2.670452,0.7926697731018066,0.9999795,10.793043,0.00022554124,-8.396782
1523,1,1,0.9352601,2.6704473,0.7632280588150024,0.9999646,10.247107,0.00027122675,-8.212284
1524,1,1,0.9352817,2.6708038,0.7189661860466003,0.99998784,11.313184,0.00034297595,-7.977507
1525,1,1,0.93524456,2.6701903,0.6113866567611694,0.9999659,10.28814,0.00016182361,-8.728842
1526,0,0,0.064403094,-2.676023,0.6895264387130737,7.5816504e-05,-9.487119,0.99986005,8.8741
1527,0,1,0.99276936,4.922171,1.0,0.9999021,9.231551,0.92430097,2.502272
1528,0,1,0.8920036,2.1113722,0.6146681308746338,0.6151233,0.4688995,0.99987936,9.022651
1529,1,1,0.9351567,2.6687405,0.7501233220100403,0.99973243,8.22612,0.00031238998,-8.070946
1530,1,1,0.9330732,2.6348846,0.7827042937278748,0.9954091,5.379074,0.00022864575,-8.383108
1531,1,1,0.93526876,2.67059,0.6417784094810486,0.9999819,10.920105,0.00027439476,-8.200668
1532,0,0,0.06437422,-2.6765022,0.7541204690933228,6.981811e-06,-11.872195,0.9998832,9.055166
1533,1,1,0.9352406,2.6701255,0.6592274904251099,0.9999374,9.678261,0.00022608555,-8.394371
1534,0,0,0.06435922,-2.6767516,0.6753228306770325,1.9785497e-05,-10.830542,0.99974006,8.254787
1535,0,1,0.93601966,2.6830606,1.0,0.9985489,6.534006,0.009967046,-4.598454
1536,1,1,0.9098901,2.312294,0.7189083099365234,0.9539702,3.0313435,0.00021124024,-8.462303
1537,0,1,0.9374168,2.706631,1.0,0.9989158,6.8258367,0.018466085,-3.9731808
1538,1,1,0.934895,2.6644325,0.642456591129303,0.9991959,7.124914,0.00025860165,-8.259963
1539,0,0,0.064524956,-2.6740024,0.6530971527099609,0.00034091648,-7.983532,0.9998424,8.755362
1540,1,1,0.9352423,2.670153,0.7198898196220398,0.99994683,9.842142,0.0002073144,-8.481067
1541,0,0,0.06435544,-2.676814,0.6263514757156372,2.2722224e-05,-10.692144,0.999705,8.128246
1542,1,1,0.9352138,2.6696825,0.5998777151107788,0.9998902,9.117362,0.00019517922,-8.541397
1543,1,0,0.059724018,-2.7564392,1.0,1.5448695e-05,-11.0779705,0.96705985,3.3795686
1544,1,1,0.9352064,2.6695607,0.7360754609107971,0.9998628,8.893604,0.0002326917,-8.365563
1545,1,1,0.9352629,2.6704936,0.5001302361488342,0.99998236,10.946239,0.0002338944,-8.360407
1546,1,1,0.9352487,2.6702583,0.5578345656394958,0.99997187,10.4766865,0.00017064434,-8.675758
1547,0,1,0.93834406,2.722547,1.0,0.9927765,4.9231634,0.044601794,-3.0643542
1548,0,1,0.95200074,2.98738,1.0,0.9999429,9.770228,0.13037123,-1.8976805
1549,1,0,0.063106306,-2.6977491,1.0,7.629784e-06,-11.783443,0.99116397,4.7200365
1550,1,1,0.9352099,2.6696177,0.8749332427978516,0.9998491,8.799099,0.00029995502,-8.111578
1551,1,1,0.9350344,2.6667254,0.6372950673103333,0.9994956,7.591779,0.00024177045,-8.32728
1552,1,1,0.93523717,2.6700683,0.6110102534294128,0.9999471,9.847525,0.00017149074,-8.67081
1553,1,1,0.93525535,2.6703684,0.6072019338607788,0.99998987,11.502131,0.00015815215,-8.751795
1554,0,1,0.96810627,3.4129324,1.0,0.9988545,6.7707834,0.30844238,-0.80741143
1555,0,0,0.064364,-2.676672,0.6298545598983765,2.1268044e-05,-10.758284,0.99976796,8.368332
1556,0,0,0.06550608,-2.6578622,0.5918334126472473,0.0024108938,-6.025344,0.99985397,8.832002
1557,0,0,0.06437253,-2.6765304,0.632938027381897,1.0102014e-05,-11.502766,0.9998617,8.886013
1558,0,0,0.06437049,-2.6765642,0.538005530834198,9.7565e-06,-11.537567,0.99984884,8.797051
1559,0,0,0.06437012,-2.6765704,0.7753738164901733,8.3783925e-06,-11.689846,0.99985075,8.809729
1560,0,0,0.06437107,-2.6765547,0.7490774989128113,1.2693759e-05,-11.274387,0.9998435,8.762649
1561,0,0,0.06436228,-2.6767006,0.7200852632522583,9.034246e-06,-11.614479,0.99979526,8.493563
1562,1,1,0.9351838,2.669188,0.7031821012496948,0.99983156,8.6887865,0.00017927002,-8.626438
1563,1,1,0.91391855,2.3624475,0.5602008700370789,0.9604295,3.1892946,0.00016059574,-8.73646
1564,1,0,0.179067,-1.5226815,1.0,0.15262786,-1.7141373,0.98587835,4.245823
1565,0,1,0.86664915,1.8716506,1.0,0.8875886,2.066343,0.03141337,-3.4286044
1566,1,0,0.018495442,-3.9715624,1.0,0.0004325181,-7.745454,0.46718955,-0.13143069
1567,1,0,0.01577646,-4.133334,1.0,1.3305349e-05,-11.227331,0.4021569,-0.39648616
1568,0,1,0.9862623,4.27378,1.0,0.99314356,4.975689,0.67986816,0.7531662
1569,0,0,0.066201,-2.6465657,0.6434496641159058,0.003857444,-5.5538855,0.9998691,8.941538
1570,1,0,0.06014571,-2.7489548,1.0,0.0005256525,-7.5503445,0.96850115,3.4257996
1571,1,1,0.9351863,2.6692293,0.5823175311088562,0.99984264,8.75712,0.00016061885,-8.736316
1572,0,0,0.06435307,-2.6768537,0.7248809337615967,1.3102644e-05,-11.242683,0.99971956,8.179033
1573,1,1,0.9352527,2.6703253,0.6715174913406372,0.99997056,10.431791,0.0002021416,-8.50634
1574,1,1,0.93529963,2.6711001,0.7826308608055115,0.999977,10.679118,0.00049993687,-7.6005287
1575,0,0,0.06461983,-2.6724317,0.8160451054573059,0.0005336689,-7.535201,0.99987125,8.958055
1576,0,0,0.064373754,-2.67651,0.46839359402656555,1.0414326e-05,-11.472318,0.999869,8.940436
1577,1,1,0.9352692,2.6705968,0.6421841382980347,0.9999883,11.360044,0.00025687562,-8.266662
1578,1,1,0.93528765,2.6709023,0.8356752991676331,0.9999802,10.827481,0.0004083167,-7.803059
1579,0,1,0.99085486,4.685345,1.0,0.99671423,5.714858,0.83731896,1.6384137
1580,1,0,0.035679635,-3.2968435,1.0,0.000111703994,-9.099546,0.74503636,1.0723121
1581,1,1,0.93525875,2.6704247,0.6900576949119568,0.9999696,10.399225,0.00024601014,-8.309892
1582,0,0,0.0643544,-2.6768315,0.6994320750236511,1.5570393e-05,-11.070124,0.99972075,8.183234
1583,0,0,0.064368725,-2.6765935,0.6296236515045166,1.1533711e-05,-11.370225,0.9998312,8.6866455
1584,1,1,0.92609966,2.5282645,0.6059661507606506,0.9817108,3.9829888,0.00022982116,-8.377979
1585,0,0,0.06434459,-2.6769943,0.5669432282447815,1.4962762e-05,-11.109931,0.99965584,7.9741144
1586,0,1,0.96600527,3.3469636,1.0,0.99922085,7.156586,0.28020632,-0.9434385
1587,0,0,0.0647646,-2.6700392,0.7426323890686035,0.0008980596,-7.0143757,0.9996892,8.075999
1588,0,0,0.0722958,-2.5519469,0.7701658010482788,0.01604494,-4.1161866,0.99976856,8.370737
1589,1,1,0.9351742,2.6690297,0.6610618233680725,0.9997714,8.383144,0.00030658752,-8.089701
1590,1,1,0.93527055,2.6706195,0.7786962985992432,0.9999901,11.527174,0.0002603239,-8.253324
1591,1,0,0.035237763,-3.3097634,1.0,3.0378913e-05,-10.4017315,0.73999536,1.0459442
1592,0,1,0.6896275,0.7983786,1.0,0.49191162,-0.032356285,0.85466117,1.7716377
1593,0,1,0.9404706,2.7599096,1.0,0.9986401,6.5989723,0.041205645,-3.1471014
1594,1,1,0.9352576,2.6704059,0.6951410174369812,0.9999881,11.341135,0.00017942973,-8.625547
1595,1,1,0.9352704,2.6706176,0.749258816242218,0.9999908,11.595228,0.00025725356,-8.265191
1596,1,1,0.9352598,2.6704423,0.8183672428131104,0.99997675,10.66705,0.00023047464,-8.375139
1597,1,0,0.053011663,-2.8827748,1.0,0.00044720477,-7.7120466,0.9138483,2.361555
1598,0,0,0.06437713,-2.676454,0.7614808082580566,2.0073046e-05,-10.8161125,0.99986124,8.88241
1599,0,1,0.9371019,2.701276,1.0,0.99895763,6.86526,0.016134886,-4.110505
1600,0,1,0.944142,2.8274634,1.0,0.99997115,10.453146,0.064670734,-2.6715899
1601,0,1,0.97750527,3.7717226,1.0,0.88693416,2.0598004,0.8130618,1.4700291
1602,0,0,0.06434732,-2.676949,0.6903702020645142,5.6357203e-06,-12.08638,0.9997042,8.1255045
1603,0,0,0.06437091,-2.6765573,0.8947863578796387,7.7566265e-06,-11.766955,0.99985814,8.860604
1604,0,0,0.06435537,-2.6768153,0.5874512791633606,5.909461e-06,-12.03895,0.9997582,8.327
1605,1,1,0.9349867,2.6659405,0.6086941361427307,0.9994012,7.419971,0.00022142271,-8.4152155
1606,1,1,0.9352699,2.6706088,0.7227062582969666,0.999985,11.109812,0.00027283476,-8.206371
1607,1,1,0.9352425,2.670156,0.6855031251907349,0.9999664,10.299034,0.00014626328,-8.829956
1608,0,0,0.06440967,-2.6759138,0.8458544611930847,0.00011985591,-9.0291,0.99976414,8.352013
1609,1,1,0.93521756,2.6697445,0.5119531750679016,0.999894,9.152633,0.00020845751,-8.475567
1610,0,1,0.98960507,4.555988,1.0,0.9999691,10.385305,0.773852,1.2301908
1611,0,0,0.064382054,-2.6763723,0.6119339466094971,3.509758e-05,-10.257343,0.9998467,8.783411
1612,0,1,0.99076134,4.675077,1.0,0.9999312,9.584103,0.82283217,1.535655
1613,1,1,0.92604446,2.5274582,0.6235248446464539,0.98160213,3.9769526,0.00024657583,-8.307594
1614,1,1,0.935141,2.668482,0.5633693337440491,0.9997414,8.259773,0.0001779583,-8.633783
1615,0,0,0.06436597,-2.6766393,0.4539583623409271,6.3951347e-06,-11.959967,0.9998288,8.67249
1616,0,1,0.9388369,2.7310972,1.0,0.9998903,9.117493,0.025391808,-3.647609
1617,1,1,0.9352595,2.6704373,0.6140993237495422,0.9999851,11.116278,0.00020180189,-8.508022
1618,1,1,0.9352608,2.670458,0.7628615498542786,0.9999466,9.836741,0.0003328523,-8.007479
1619,1,1,0.9349011,2.6645334,0.555137038230896,0.9992322,7.1711054,0.00018457675,-8.59726
1620,0,0,0.06435526,-2.6768172,0.6948683857917786,6.629307e-06,-11.924004,0.9997552,8.314982
1621,1,0,0.015079849,-4.179201,1.0,0.00032866574,-8.020141,0.38233155,-0.4796636
1622,1,1,0.93523705,2.6700664,0.6585264205932617,0.9999161,9.385535,0.00027038658,-8.215387
1623,0,0,0.06435906,-2.676754,0.6862221956253052,8.710037e-06,-11.651026,0.9997744,8.396672
1624,1,1,0.9352572,2.670399,0.5973508358001709,0.99997556,10.621743,0.0002168366,-8.43615
1625,0,0,0.06449436,-2.6745095,0.5360467433929443,0.000308468,-8.083584,0.9997379,8.246667
1626,0,0,0.06437172,-2.676544,0.6226752400398254,1.9151805e-05,-10.863094,0.9998272,8.662834
1627,0,0,0.064431556,-2.675551,0.5473595261573792,0.00014884984,-8.812424,0.99982053,8.624973
1628,1,1,0.9238195,2.495411,0.8195907473564148,0.9773906,3.76652,0.00054711907,-7.510297
1629,0,1,0.8298556,1.5846044,1.0,0.857405,1.7939022,0.010035282,-4.5915623
1630,1,1,0.9352573,2.670401,0.6607449650764465,0.99997425,10.567892,0.00022099057,-8.41717
1631,1,1,0.9350875,2.6676,0.8400542736053467,0.99957985,7.774371,0.00033178055,-8.010705
1632,1,1,0.9326646,2.628359,0.5852242708206177,0.9945878,5.213671,0.00017423488,-8.654932
1633,1,1,0.9352378,2.6700792,0.7061127424240112,0.9999368,9.669016,0.00020897551,-8.473084
1634,1,1,0.935252,2.6703134,0.6496336460113525,0.9999771,10.682722,0.00017643766,-8.642366
1635,0,1,0.9340518,2.6506624,1.0,0.9921354,4.837493,0.017156692,-4.0480614
1636,1,1,0.9352451,2.6701992,0.6681767106056213,0.99996173,10.171975,0.00017859472,-8.630213
1637,1,1,0.9351601,2.6687965,0.5462128520011902,0.99977404,8.394724,0.00020300185,-8.502092
1638,0,0,0.0643726,-2.6765294,0.7873673439025879,7.3656493e-06,-11.818676,0.999871,8.95593
1639,1,0,0.043602888,-3.08805,1.0,0.00012754824,-8.966888,0.8306492,1.590235
1640,1,1,0.93523353,2.6700084,0.6661618947982788,0.9999299,9.564911,0.0002020302,-8.506891
1641,0,1,0.993491,5.028038,1.0,0.9998097,8.566807,0.9680357,3.4106498
1642,1,1,0.91944885,2.4348822,0.6791322827339172,0.9697295,3.4668422,0.00017901431,-8.627866
1643,0,0,0.06436142,-2.676715,0.6785975694656372,1.3714718e-05,-11.197027,0.9997744,8.396528
1644,0,1,0.99280715,4.9274487,1.0,0.99997854,10.749633,0.92622286,2.530067
1645,0,1,0.9447835,2.839694,1.0,0.9999924,11.790516,0.069621004,-2.5925257
1646,1,1,0.93495023,2.6653407,0.6853280067443848,0.9993198,7.2923613,0.00023542298,-8.353891
1647,1,1,0.9352717,2.6706383,0.6396253108978271,0.9999852,11.119643,0.00028415714,-8.165699
1648,1,1,0.93456274,2.658987,0.788263738155365,0.99849296,6.4961143,0.00026882632,-8.221176
1649,0,1,0.9444926,2.8341312,1.0,0.9939957,5.109249,0.08648843,-2.3572853
1650,1,1,0.9352667,2.6705556,0.7479705810546875,0.99997556,10.619058,0.0002810227,-8.176794
1651,1,1,0.9352646,2.670521,0.7181912660598755,0.999985,11.105582,0.00023651187,-8.349276
1652,0,0,0.06439176,-2.676211,0.5984700918197632,5.9025384e-05,-9.737484,0.99983644,8.718421
1653,1,1,0.928551,2.5646417,0.8245552182197571,0.986387,4.2830215,0.00022100363,-8.41711
1654,0,0,0.06549151,-2.6581001,0.9266417622566223,0.002563925,-5.963649,0.99926764,7.218566
1655,0,1,0.9780667,3.7975712,1.0,0.9998141,8.590067,0.4631854,-0.14752531
1656,0,1,0.9458574,2.8604708,1.0,0.9999771,10.685238,0.07819398,-2.467142
1657,0,0,0.14832725,-1.7477815,0.6178741455078125,0.11931371,-1.9989452,0.999913,9.349726
1658,0,1,0.93767494,2.7110398,1.0,0.9998838,9.059469,0.017183634,-4.046465
1659,1,1,0.93525386,2.6703439,0.6177396774291992,0.9999629,10.201737,0.00023407667,-8.359628
1660,0,0,0.06436238,-2.676699,0.736532986164093,6.80787e-05,-9.594778,0.9996074,7.842203
1661,1,0,0.045830272,-3.0358968,1.0,0.04751302,-2.9980726,0.7007218,0.8507375
1662,1,1,0.9352625,2.6704867,0.6885241866111755,0.99998724,11.2722435,0.00021511057,-8.444143
1663,0,0,0.06437657,-2.6764634,0.6844158172607422,2.0094001e-05,-10.815069,0.9998573,8.855161
1664,0,0,0.06437174,-2.6765435,0.7857821583747864,7.368164e-05,-9.515683,0.9996532,7.9663734
1665,0,0,0.06435317,-2.676852,0.7656005024909973,2.9360663e-05,-10.435825,0.99966824,8.010902
1666,1,1,0.9349173,2.664799,0.7015178203582764,0.9992624,7.211302,0.00019635107,-8.53541
1667,0,1,0.9931431,4.9756165,1.0,0.9999858,11.163948,0.9459617,2.8625097
1668,1,1,0.9351541,2.6686974,0.729944109916687,0.99974245,8.264086,0.00026246294,-8.245138
1669,0,1,0.98525476,4.20198,1.0,0.9998437,8.763617,0.6290125,0.5279827
1670,0,1,0.970108,3.4798155,1.0,0.9993218,7.29545,0.33438942,-0.68839854
1671,1,0,0.028332708,-3.5349965,1.0,3.2608845e-05,-10.330894,0.64758,0.6084189
1672,0,1,0.9872853,4.3522015,1.0,0.9995041,7.6085773,0.6917304,0.8082215
1673,0,0,0.10648446,-2.1271646,1.0,0.11502086,-2.0404506,0.8579695,1.7985264
1674,1,1,0.93527347,2.670668,0.7860526442527771,0.99998915,11.435841,0.0002831109,-8.169389
1675,1,0,0.03979733,-3.1833446,1.0,4.709036e-05,-9.963395,0.79180884,1.3358635
1676,0,0,0.06436514,-2.6766531,0.7918695211410522,1.4834082e-05,-11.118568,0.9997962,8.497871
1677,1,0,0.00806734,-4.8118315,1.0,0.012073186,-4.4046216,0.08527128,-2.3727899
1678,0,0,0.0643833,-2.6763515,0.841249406337738,5.1472733e-05,-9.874407,0.999803,8.532017
1679,0,1,0.9510226,2.9661794,1.0,0.99980587,8.546869,0.12211058,-1.9725937
1680,0,0,0.064371556,-2.6765466,0.8536938428878784,4.5187094e-06,-12.30728,0.9998728,8.969334
1681,1,1,0.9352309,2.669965,0.7416893839836121,0.9999167,9.392708,0.00022632602,-8.393308
1682,0,1,0.9924238,4.875135,1.0,0.9999894,11.457975,0.90472543,2.2508686
1683,0,0,0.06436967,-2.6765778,0.781742513179779,3.0256206e-05,-10.405779,0.99977785,8.411664
1684,1,1,0.9352401,2.6701167,0.5393632650375366,0.99991333,9.353636,0.00029945385,-8.113251
1685,1,1,0.9352699,2.6706088,0.6512067317962646,0.99999166,11.699893,0.00025133148,-8.2884865
1686,0,1,0.9463988,2.8710926,1.0,0.9937452,5.068142,0.10245329,-2.1702583
1687,1,1,0.9352732,2.6706629,0.7216427326202393,0.9999833,10.997202,0.00029960263,-8.112754
1688,1,1,0.93524593,2.670213,0.7836509346961975,0.9999479,9.861341,0.00022866667,-8.383017
1689,0,0,0.06469136,-2.671249,0.8700693249702454,0.0007185052,-7.237619,0.9997663,8.361127
1690,1,0,0.052883897,-2.8853228,1.0,1.7337197e-05,-10.962639,0.9141757,2.3657203
1691,0,0,0.064373605,-2.6765125,0.7024447917938232,2.5703072e-05,-10.568874,0.9998192,8.617659
1692,0,1,0.7840052,1.2891614,0.6211815476417542,0.50950456,0.038022757,0.99983585,8.71474
1693,1,1,0.9352462,2.670218,0.6177507042884827,0.9999584,10.086308,0.00019735374,-8.530315
1694,0,0,0.06436528,-2.6766508,0.6439781785011292,1.342589e-05,-11.218312,0.9998017,8.525215
1695,1,1,0.93526053,2.670454,0.6666441559791565,0.9999747,10.586382,0.0002417361,-8.327422
1696,0,0,0.06427393,-2.6781688,0.6296213865280151,1.468477e-05,-11.128685,0.999175,7.0993776
1697,1,0,0.013655447,-4.279867,1.0,0.007393371,-4.8997507,0.31846946,-0.7608145
1698,1,0,0.05290684,-2.8848648,1.0,1.5805033e-05,-11.055166,0.91436845,2.3681793
1699,1,1,0.935249,2.6702633,0.6905390024185181,0.999979,10.774086,0.00014970115,-8.80672
1700,1,0,0.059949536,-2.7524304,1.0,0.0014863499,-6.5099444,0.96400726,3.2877817
1701,0,1,0.9589216,3.1503272,1.0,0.9999161,9.385199,0.19731045,-1.4031897
1702,1,1,0.9352596,2.6704383,0.5695971846580505,0.99998367,11.024494,0.00020696581,-8.48275
1703,1,1,0.9352747,2.6706884,0.7288113236427307,0.9999777,10.709724,0.00032808748,-8.021902
1704,0,0,0.06436287,-2.6766908,0.7758235335350037,1.21171215e-05,-11.320879,0.9997894,8.465611
1705,1,1,0.93526614,2.6705468,0.6006859540939331,0.9999858,11.162968,0.00024486607,-8.314554
1706,1,1,0.93487185,2.6640527,0.721896231174469,0.9991811,7.1066895,0.00014960827,-8.807341
1707,1,1,0.9352686,2.670587,0.8164867758750916,0.99999034,11.543938,0.00024624506,-8.308937
1708,1,1,0.7970023,1.367663,0.7581430673599243,0.8325863,1.6040683,0.0002873561,-8.154501
1709,0,1,0.9924892,4.883877,1.0,0.99979264,8.481031,0.9089425,2.3007917
1710,1,0,0.007566423,-4.8764396,1.0,0.0055434834,-5.1895733,0.07961661,-2.4475675
1711,0,0,0.06444523,-2.675324,0.6916772127151489,0.00018657002,-8.586517,0.9997931,8.482901
1712,0,1,0.98566633,4.2307067,1.0,0.99991345,9.355373,0.64057386,0.57785577
1713,0,0,0.06436662,-2.6766286,0.5998742580413818,8.24787e-06,-11.705547,0.9998273,8.663711
1714,1,1,0.93528974,2.6709366,0.6578425168991089,0.99998355,11.0149355,0.0004113035,-7.795768
1715,0,0,0.06474862,-2.6703029,0.7087811827659607,0.00082859216,-7.0949535,0.9998029,8.531239
1716,0,1,0.9925418,4.8909535,1.0,0.9999167,9.39209,0.9114509,2.3314815
1717,0,1,0.9082116,2.2919915,1.0,0.6473913,0.60759205,0.9709358,3.5087538
1718,0,1,0.99208003,4.8304167,1.0,0.9999813,10.886019,0.8864048,2.0545325
1719,0,1,0.9808034,3.9336374,1.0,0.99997306,10.519791,0.51850367,0.07404852
1720,0,1,0.85819805,1.8004036,1.0,0.8860571,2.0510833,0.0070734406,-4.9443097
1721,0,1,0.99248964,4.8839326,1.0,0.9993967,7.412494,0.9102334,2.3164883
1722,0,0,0.06437861,-2.6764295,0.6026739478111267,1.099939e-05,-11.41766,0.9999002,9.213154
1723,1,1,0.9352821,2.6708105,0.9233030676841736,0.9999902,11.540375,0.00033872857,-7.9899726
1724,1,1,0.9352491,2.6702652,0.8334090113639832,0.9999424,9.763263,0.00026711175,-8.227576
1725,0,1,0.98883355,4.483612,1.0,0.9988071,6.7301106,0.7478682,1.0872749
1726,0,0,0.06432068,-2.6773915,0.7153470516204834,0.00019150598,-8.5604,0.9989291,6.838195
1727,0,0,0.06436833,-2.6766002,0.682125449180603,2.4476605e-05,-10.617768,0.99978715,8.454564
1728,1,1,0.9352252,2.6698706,0.607506513595581,0.9999211,9.446772,0.00017352609,-8.659009
1729,1,1,0.9352629,2.6704936,0.5943202972412109,0.99998045,10.840822,0.00023988851,-8.335096
1730,1,0,0.015488356,-4.152057,1.0,1.5422038e-05,-11.079698,0.39446852,-0.4285673
1731,0,0,0.06496689,-2.6667042,0.8318067193031311,0.0012767025,-6.662197,0.99984825,8.792999
1732,1,1,0.9352527,2.6703253,0.5240392088890076,0.9999783,10.738877,0.00017751292,-8.63629
1733,0,0,0.22211932,-1.2533584,1.0,0.30969578,-0.80154204,0.59478194,0.38376948
1734,0,0,0.064353235,-2.6768508,0.6703211069107056,4.336473e-06,-12.348445,0.99974865,8.288357
1735,1,1,0.93528825,2.670912,0.7331953644752502,0.9999895,11.461633,0.00038253324,-7.8683124
1736,0,1,0.9609723,3.2036743,1.0,0.9999441,9.790844,0.21910842,-1.2708696
1737,0,0,0.09168625,-2.2932174,0.6349837779998779,0.04924543,-2.9604394,0.9998944,9.155219
1738,0,0,0.06436067,-2.6767273,0.7774533629417419,8.478642e-06,-11.677952,0.9997861,8.449482
1739,0,0,0.06439779,-2.676111,0.6579400897026062,5.8345096e-05,-9.749077,0.9998797,9.026109
1740,1,1,0.9351254,2.6682246,0.728851854801178,0.99964345,7.9387846,0.00038476477,-7.8624935
1741,0,0,0.064371236,-2.6765518,0.5058853030204773,1.0586147e-05,-11.455954,0.99985135,8.813835
1742,0,0,0.10285398,-2.1659083,0.6878616809844971,0.06563746,-2.6557178,0.9997788,8.416414
1743,1,1,0.9352565,2.6703873,0.7622459530830383,0.99998534,11.12638,0.00018059381,-8.61908
1744,1,1,0.93527055,2.6706195,0.823477566242218,0.99998164,10.903576,0.00028730405,-8.154682
1745,1,1,0.93527776,2.6707387,0.7421683073043823,0.9999888,11.397049,0.0003134431,-8.067579
1746,1,1,0.93412024,2.651774,0.710403561592102,0.9975968,6.028564,0.00017128255,-8.672025
1747,1,1,0.9352424,2.670155,0.6154463887214661,0.9999443,9.796808,0.00021624612,-8.438877
1748,1,1,0.93527406,2.6706777,0.844879686832428,0.9999734,10.533232,0.00033765624,-7.9931445
1749,1,1,0.93524593,2.670213,0.6427066922187805,0.99997354,10.537987,0.00014626131,-8.829969
1750,1,0,0.05594355,-2.8258429,1.0,2.9737985e-05,-10.423056,0.9385394,2.725929
1751,0,1,0.98249674,4.02771,1.0,0.99997544,10.613396,0.5570918,0.22936745
1752,1,0,0.061678264,-2.7221613,1.0,3.1653326e-05,-10.360636,0.98107153,3.94798
1753,1,1,0.9352612,2.670465,0.6466563940048218,0.99998677,11.230672,0.000207548,-8.47994
1754,1,0,0.04060489,-3.1624146,1.0,0.009166871,-4.68295,0.7712722,1.2155089
1755,0,1,0.9923395,4.863987,1.0,0.99991095,9.326399,0.9004073,2.2017586
1756,0,1,0.9493693,2.93124,1.0,0.9999707,10.438578,0.10724905,-2.119154
1757,0,1,0.99345714,5.022816,1.0,0.9999708,10.441654,0.9653767,3.327993
1758,1,0,0.07372077,-2.5308912,1.0,0.036181226,-3.282363,0.94410235,2.8267114
1759,0,0,0.14552033,-1.7701769,0.5064094662666321,0.11644576,-2.0265272,0.9998833,9.055346
1760,1,1,0.93526983,2.6706078,0.7387112379074097,0.99998367,11.018809,0.0002763797,-8.193459
1761,1,1,0.9352523,2.6703184,0.799940824508667,0.9999316,9.590559,0.0003236376,-8.0355625
1762,0,0,0.06580275,-2.6530259,0.592178225517273,0.0030234351,-5.7983336,0.999882,9.044283
1763,0,1,0.9923747,4.8686314,1.0,0.9999076,9.288929,0.9023201,2.2232738
1764,0,1,0.9693038,3.4524388,1.0,0.9999492,9.887863,0.32115442,-0.7484716
1765,0,1,0.9914984,4.758964,1.0,0.9999906,11.573261,0.8570602,1.7910846
1766,0,0,0.06437258,-2.6765296,0.6188458204269409,1.4803118e-05,-11.120658,0.99984705,8.785507
1767,0,0,0.064373046,-2.6765218,0.6069213151931763,4.0402127e-05,-10.116588,0.99976844,8.370597
1768,1,1,0.9352604,2.670452,0.6628686785697937,0.9999833,11.002866,0.0002135102,-8.451612
1769,1,0,0.09481498,-2.256212,1.0,0.0603208,-2.7458615,0.9797079,3.8770213
1770,1,0,0.059406657,-2.7621045,1.0,0.00060914905,-7.402838,0.9628395,3.2546382
1771,0,0,0.08249914,-2.4088657,0.7016021609306335,0.034390125,-3.3349905,0.99988663,9.085218
1772,1,1,0.9352499,2.670279,0.6261966824531555,0.9999851,11.117058,0.00013647001,-8.899269
1773,0,1,0.9382499,2.7209206,1.0,0.9999418,9.751722,0.021051915,-3.839487
1774,0,0,0.06468947,-2.6712801,0.5913357734680176,0.00068957405,-7.2787466,0.99984586,8.777649
1775,1,1,0.93525857,2.6704216,0.5916853547096252,0.99997604,10.637551,0.0002242675,-8.402447
1776,0,1,0.94088006,2.7672474,1.0,0.9984322,6.4565477,0.044880185,-3.0578403
1777,1,1,0.9352704,2.6706176,0.6997040510177612,0.99998343,11.00458,0.0002810023,-8.176867
1778,0,0,0.06448544,-2.6746573,0.6698963046073914,0.0002499052,-8.294179,0.99986434,8.9054165
1779,1,1,0.6797708,0.75271887,0.5974671244621277,0.7536031,1.1179223,0.00022094484,-8.4173765
1780,1,1,0.9352703,2.6706157,0.7860569953918457,0.999985,11.108059,0.00027558295,-8.196346
1781,1,1,0.93525887,2.6704266,0.6650390625,0.99990904,9.304489,0.00044029386,-7.7276278
1782,1,1,0.9352395,2.6701066,0.599307119846344,0.9999392,9.708513,0.00021242909,-8.45669
1783,0,0,0.06517109,-2.6633475,0.648678183555603,0.0017281519,-6.358973,0.9997838,8.43906
1784,1,1,0.93526,2.6704452,0.6593149304389954,0.9999895,11.469894,0.0001907055,-8.5645895
1785,1,1,0.93014616,2.5889366,0.7671828866004944,0.9894952,4.54536,0.0002634289,-8.241464
1786,1,0,0.04570712,-3.0387166,1.0,0.0061156154,-5.0907755,0.83176684,1.5982012
1787,0,0,0.064368226,-2.676602,0.6238617897033691,9.116536e-06,-11.605412,0.9998355,8.712285
1788,1,1,0.93527526,2.6706972,0.7288605570793152,0.99998,10.817884,0.00032429918,-8.03352
1789,0,0,0.06437262,-2.676529,0.7994992136955261,6.374566e-06,-11.963188,0.99987423,8.980682
1790,1,1,0.9352403,2.6701205,0.5209255218505859,0.9999558,10.025175,0.00016558502,-8.70586
1791,1,1,0.93526345,2.6705024,0.7896394729614258,0.99998343,11.007163,0.00023342276,-8.362426
1792,0,0,0.064416125,-2.6758068,0.5376713275909424,0.00012214034,-9.010218,0.99980074,8.520685
1793,1,1,0.9352786,2.6707525,0.7833403944969177,0.9999666,10.307281,0.00038986077,-7.849331
1794,1,1,0.93526524,2.670532,0.8174231052398682,0.99998903,11.424406,0.00022819359,-8.385088
1795,1,1,0.93525594,2.6703784,0.7161902189254761,0.99996805,10.351894,0.0002322515,-8.367457
1796,1,1,0.9352473,2.6702356,0.7451363205909729,0.99994063,9.732786,0.0002609449,-8.25094
1797,1,1,0.93349,2.6415775,0.5864309668540955,0.99628156,5.590732,0.00018849042,-8.576275
1798,1,1,0.9310277,2.6025841,0.6818543076515198,0.9912815,4.7335615,0.00015812139,-8.751989
1799,1,1,0.9338222,2.6469412,0.7415345907211304,0.9969549,5.7911735,0.00023852102,-8.340815
1800,1,1,0.9352419,2.670146,0.6910846829414368,0.9999411,9.74036,0.00022258799,-8.4099655
1801,1,0,0.007936312,-4.8283386,1.0,3.895945e-05,-10.15295,0.11692994,-2.0218296
1802,0,1,0.95996445,3.1771286,1.0,0.8068579,1.4297212,0.824834,1.549448
1803,0,0,0.06436319,-2.6766856,0.7920690774917603,1.2836812e-05,-11.263181,0.9997893,8.464998
1804,1,0,0.009823564,-4.613099,1.0,6.487949e-06,-11.945558,0.20534167,-1.353237
1805,1,0,0.05703959,-2.8052788,1.0,5.2340787e-05,-9.857682,0.9469042,2.8810987
1806,0,0,0.06428908,-2.6779168,0.7107325792312622,5.049445e-06,-12.196227,0.99930906,7.2768106
1807,1,1,0.93526614,2.6705468,0.9085497856140137,0.99998546,11.134701,0.00024530423,-8.312766
1808,0,1,0.9750165,3.6642377,1.0,0.999987,11.25177,0.4079298,-0.37253004
1809,0,1,0.9934196,5.0170555,1.0,0.99997735,10.692818,0.9629909,3.2588801
1810,1,0,0.03391278,-3.3494623,1.0,4.8062797e-05,-9.942954,0.7236514,0.96264666
1811,1,1,0.9352327,2.6699946,0.6501286625862122,0.9999335,9.617189,0.00018492345,-8.595384
1812,0,1,0.93020487,2.5898407,1.0,0.9873625,4.3583665,0.007444915,-4.892751
1813,0,0,0.06615696,-2.6472783,0.5524368286132812,0.0037653993,-5.578129,0.99987066,8.953376
1814,1,1,0.9352629,2.6704936,0.7614297270774841,0.99997675,10.669491,0.00025162063,-8.287336
1815,1,0,0.0069204597,-4.9663286,1.0,2.527864e-05,-10.5855255,0.060359467,-2.7451797
1816,1,1,0.93370134,2.6449869,0.6009876132011414,0.9967326,5.7204638,0.00014679322,-8.826339
1817,1,1,0.8668258,1.8731802,0.7580515146255493,0.8975365,2.1701477,0.00027235787,-8.208121
1818,1,1,0.9352959,2.6710382,0.8131824135780334,0.999992,11.735599,0.00042587056,-7.760949
1819,1,0,0.059954587,-2.7523408,1.0,0.0028787148,-5.8475285,0.9595975,3.1676242
1820,1,1,0.9352722,2.6706471,0.8183504939079285,0.9999602,10.1322565,0.0003671994,-7.9092383
1821,1,0,0.050729837,-2.9291792,1.0,0.00010043146,-9.205935,0.895917,2.152659
1822,0,0,0.064407244,-2.6759543,0.6066142916679382,7.773022e-05,-9.462189,0.9998821,9.045572
1823,0,1,0.9472197,2.8873937,1.0,0.99997973,10.807361,0.08923159,-2.3230536
1824,0,1,0.94172275,2.782499,1.0,0.9622458,3.2381747,0.16669755,-1.6092156
1825,0,1,0.9929497,4.9476132,1.0,0.98251134,4.0285616,0.9902812,4.623931
1826,1,1,0.9352527,2.6703253,0.7431348562240601,0.99997985,10.811801,0.00017229206,-8.666147
1827,1,1,0.77920234,1.2610241,0.7448587417602539,0.81891084,1.5089858,0.00020799233,-8.477801
1828,1,1,0.93525666,2.6703901,0.7852888107299805,0.9999831,10.983303,0.00018904837,-8.5733185
1829,1,1,0.9352548,2.6703596,0.5964134335517883,0.999966,10.28907,0.00023072328,-8.374061
1830,0,1,0.954442,3.0421412,1.0,0.9997725,8.38784,0.15338211,-1.7083173
1831,1,0,0.44418424,-0.22419746,1.0,0.5389672,0.15618554,0.28484952,-0.9205318
1832,0,0,0.064377345,-2.6764505,0.7063636779785156,1.4114699e-05,-11.16828,0.9998816,9.042111
1833,1,1,0.9347602,2.6622205,0.7180095911026001,0.99892646,6.835704,0.00021085893,-8.46411
1834,1,1,0.93525124,2.6703005,0.7464994192123413,0.9999553,10.016321,0.00024087359,-8.330997
1835,1,0,0.0073575815,-4.9046392,1.0,8.100601e-06,-11.723564,0.085724115,-2.3669982
1836,1,0,0.02812396,-3.5426064,1.0,0.00158077,-6.4482613,0.6395139,0.57325494
1837,1,1,0.93525416,2.670349,0.8123466372489929,0.9999814,10.892946,0.00017737401,-8.637073
1838,0,0,0.064383864,-2.6763422,0.6194174289703369,2.7262775e-05,-10.509961,0.9998841,9.063438
1839,1,0,0.13767229,-1.8347592,0.8480451107025146,0.42114362,-0.31808063,0.0003391593,-7.9887013
1840,0,0,0.06435028,-2.6769,0.6565964818000793,8.661728e-06,-11.656588,0.9997147,8.161674
1841,1,1,0.9352576,2.6704059,0.677681028842926,0.99996686,10.315225,0.00024739344,-8.304283
1842,0,1,0.99374384,5.0679126,1.0,0.9996697,8.014915,0.9848401,4.173826
1843,1,0,0.023705654,-3.7180505,1.0,4.6593774e-05,-9.973997,0.57243234,0.29178187
1844,1,1,0.9352082,2.6695902,0.5844871997833252,0.99987984,9.026206,0.00019006743,-8.567942
1845,0,1,0.9803894,3.9118805,1.0,0.99988043,9.03153,0.50987226,0.039494254
1846,0,0,0.064354904,-2.6768231,0.7596386075019836,1.33693775e-05,-11.22253,0.99973124,8.221259
1847,1,0,0.0593854,-2.762485,1.0,0.00011464626,-9.0735445,0.96426255,3.2951634
1848,0,1,0.9479391,2.901876,1.0,0.9999883,11.356562,0.09514563,-2.2523654
1849,1,1,0.9352672,2.6705644,0.6875976920127869,0.9999645,10.244741,0.00031979877,-8.047499
1850,0,1,0.9895002,4.545846,1.0,0.9361518,2.6852689,0.9734936,3.6035066
1851,0,0,0.06436861,-2.6765954,0.6770483255386353,6.264843e-06,-11.980551,0.9998472,8.786113
1852,0,1,0.9616842,3.2228246,1.0,0.9985942,6.565748,0.23127645,-1.2011175
1853,1,1,0.93526024,2.6704493,0.771502673625946,0.9999796,10.799292,0.0002243184,-8.40222
1854,0,0,0.06438428,-2.6763353,0.6357100009918213,3.9928862e-05,-10.128371,0.99984646,8.781544
1855,1,0,0.038655702,-3.2136383,1.0,0.0005946743,-7.426902,0.7776313,1.2519156
1856,1,1,0.93526417,2.670514,0.8738553524017334,0.9999665,10.305326,0.00029269396,-8.13609
1857,0,1,0.9754421,3.6818576,1.0,0.9999722,10.492337,0.41520527,-0.34248772
1858,1,1,0.93528724,2.670895,0.742451548576355,0.9999895,11.468247,0.000375694,-7.8863597
1859,0,1,0.9787709,3.8309252,1.0,0.99661094,5.6838245,0.48709953,-0.051613316
1860,1,1,0.55200785,0.2087866,0.6390542984008789,0.6837202,0.77092147,0.00022733927,-8.38884
1861,1,1,0.9350149,2.6664045,0.7425987720489502,0.9994603,7.523855,0.00022346493,-8.406033
1862,0,1,0.9371868,2.702717,1.0,0.99998975,11.490431,0.013430681,-4.296692
1863,1,1,0.9352596,2.6704383,0.8120940327644348,0.99991024,9.318284,0.00044136314,-7.725201
1864,0,0,0.064377934,-2.6764407,0.7248853445053101,1.6692456e-05,-11.000537,0.99987745,9.007295
1865,0,0,0.064371854,-2.6765416,0.6491985321044922,2.3519557e-05,-10.657655,0.9998142,8.590784
1866,0,1,0.91813725,2.4173028,1.0,0.6781542,0.745302,0.9241078,2.4995146
1867,1,1,0.9298801,2.5848486,0.6017010807991028,0.9889803,4.496994,0.00023026376,-8.376055
1868,1,1,0.93525326,2.670334,0.6887942552566528,0.99997556,10.617735,0.0001893177,-8.571895
1869,1,1,0.9349941,2.6660624,0.6261543035507202,0.9993936,7.4073668,0.0002956328,-8.126097
1870,0,0,0.06430952,-2.677577,0.6174688339233398,1.0617774e-05,-11.4529705,0.9994306,7.470394
1871,0,0,0.0643561,-2.676803,0.6729705929756165,7.944438e-06,-11.743031,0.99975675,8.321349
1872,1,1,0.9350615,2.667172,0.6393242478370667,0.99958426,7.784877,0.00014217757,-8.858292
1873,1,1,0.73949254,1.0433327,0.5010753273963928,0.7909476,1.330647,0.00019397812,-8.547571
1874,0,1,0.9893595,4.53239,1.0,0.96701413,3.3781352,0.8694125,1.8957739
1875,0,0,0.06439004,-2.6762397,0.6075207591056824,4.4733213e-05,-10.01475,0.9998704,8.951392
1876,1,1,0.93527865,2.6707535,0.7071046233177185,0.9999906,11.575705,0.0003142108,-8.065132
1877,1,1,0.9352381,2.670084,0.6550272107124329,0.9999206,9.441628,0.00026261213,-8.24457
1878,1,1,0.9352334,2.6700063,0.6964220404624939,0.9999281,9.540354,0.00020692339,-8.482955
1879,1,1,0.9352573,2.670401,0.5937536358833313,0.9999893,11.441667,0.00017347002,-8.659332
1880,0,1,0.96686625,3.373508,1.0,0.9998385,8.73117,0.28912413,-0.89964163
1881,0,0,0.06436617,-2.676636,0.731323778629303,6.501731e-06,-11.943436,0.9998299,8.679001
1882,0,0,0.08133064,-2.4244034,0.44945037364959717,0.032444715,-3.395235,0.99972445,8.196324
1883,1,1,0.9352543,2.6703508,0.7530237436294556,0.99997604,10.640146,0.00019506054,-8.542006
1884,1,1,0.9352591,2.6704304,0.7598270773887634,0.999992,11.735165,0.0001766193,-8.641337
1885,0,1,0.9449624,2.8431282,1.0,0.9889769,4.496674,0.106207564,-2.1300783
1886,1,1,0.93526864,2.670588,0.5531238317489624,0.99998164,10.903742,0.00027478117,-8.199261
1887,1,1,0.9352591,2.6704304,0.7121903896331787,0.999984,11.048172,0.0002021493,-8.506302
1888,1,1,0.9344968,2.6579096,0.6663597822189331,0.9983759,6.4212093,0.00020080112,-8.512995
1889,0,0,0.07150377,-2.563816,0.5727192759513855,0.014481051,-4.2203274,0.9998932,9.144741
1890,1,1,0.93525344,2.670337,0.7697358727455139,0.9999709,10.444478,0.00020610761,-8.486906
1891,1,1,0.9352494,2.67027,0.6280920505523682,0.99998796,11.325951,0.00012401279,-8.995002
1892,1,1,0.9352616,2.670472,0.6962877511978149,0.9999914,11.662318,0.00019548002,-8.539857
1893,0,0,0.06436887,-2.6765912,0.6499158143997192,8.083762e-06,-11.725645,0.99984324,8.760659
1894,0,0,0.064371325,-2.6765504,0.5712714195251465,5.6430017e-06,-12.085089,0.9998678,8.931101
1895,1,0,0.058665782,-2.7754416,1.0,0.00017530807,-8.64879,0.95875305,3.1460557
1896,1,1,0.9352718,2.6706402,0.8748292326927185,0.99996877,10.374532,0.00033739704,-7.9939127
1897,0,0,0.064366154,-2.6766362,0.6203113794326782,5.8788496e-06,-12.044144,0.9998318,8.690605
1898,0,0,0.06440946,-2.6759174,0.7834067344665527,0.00011021046,-9.1130085,0.99979347,8.484689
1899,0,0,0.064374596,-2.6764963,0.7363077402114868,9.630785e-06,-11.550536,0.99987733,9.005955
1900,0,0,0.0647822,-2.6697485,0.47036927938461304,0.00087937905,-7.0354147,0.99986815,8.9336605
1901,0,0,0.0643753,-2.6764843,0.7289428114891052,1.9832383e-05,-10.828175,0.99984956,8.801797
1902,0,1,0.99345523,5.022523,1.0,0.99987984,9.026873,0.965547,3.3330998
1903,1,1,0.93526095,2.670461,0.4437578022480011,0.99998105,10.871528,0.00022425254,-8.4025135
1904,1,1,0.9337328,2.6454954,0.6803942918777466,0.9967597,5.7288284,0.00026851022,-8.222353
1905,1,1,0.93527067,2.6706216,0.748936653137207,0.99999404,12.0311365,0.00024865102,-8.2992115
1906,0,1,0.9915782,4.768477,1.0,0.99996936,10.395142,0.8610315,1.8238842
1907,0,0,0.06436903,-2.6765885,0.5187013745307922,7.250364e-06,-11.834452,0.99984694,8.784376
1908,1,1,0.8986801,2.1826441,0.5837292671203613,0.9373067,2.7047553,0.00023314962,-8.363597
1909,0,1,0.98500234,4.1847496,1.0,0.99970007,8.111421,0.6224028,0.49975947
1910,0,0,0.06436207,-2.6767042,0.6331626176834106,1.3389307e-05,-11.221041,0.9997799,8.42115
1911,1,1,0.9352799,2.6707742,0.8340858817100525,0.99996626,10.297384,0.00040045852,-7.8224998
1912,0,1,0.93679,2.6959965,1.0,0.99935037,7.3383822,0.012715564,-4.3521314
1913,1,1,0.93527126,2.6706314,0.7821901440620422,0.99997485,10.591249,0.0003139419,-8.065989
1914,0,0,0.064390585,-2.6762307,0.7710142135620117,5.9786187e-05,-9.724676,0.999826,8.656107
1915,0,0,0.064368494,-2.6765974,0.6514776945114136,1.8255705e-05,-10.911015,0.99980813,8.558523
1916,0,0,0.06438348,-2.6763487,0.6112362742424011,4.1362295e-05,-10.0931,0.99983644,8.71847
1917,0,0,0.078083344,-2.468678,0.7458499670028687,0.026754066,-3.5939503,0.99973255,8.226219
1918,0,1,0.93984574,2.7488036,1.0,0.99998033,10.834873,0.032368936,-3.3976517
1919,1,1,0.93526345,2.6705024,0.7674813270568848,0.99998975,11.492331,0.00021358635,-8.451256
1920,1,1,0.9352649,2.670526,0.6949739456176758,0.99998856,11.376717,0.00022705548,-8.390089
1921,0,0,0.064725585,-2.6706834,0.7871505618095398,0.00083657407,-7.0853586,0.9996213,7.8785324
1922,0,0,0.064367905,-2.6766071,0.6059768199920654,1.051413e-05,-11.46278,0.99982893,8.673684
1923,1,1,0.93505174,2.667011,0.7339632511138916,0.9995333,7.669289,0.00023880864,-8.339609
1924,0,0,0.06435875,-2.6767592,0.8698626756668091,1.4925166e-05,-11.112447,0.99975246,8.303909
1925,1,1,0.9351321,2.6683347,0.7571194171905518,0.9996904,8.079806,0.00028041756,-8.17895
1926,1,0,0.058306582,-2.7819648,1.0,0.00011720835,-9.05144,0.9562622,3.0848176
1927,1,0,0.023919823,-3.7088373,1.0,0.032755263,-3.385388,0.47175777,-0.11308931
1928,1,1,0.93185127,2.6154807,0.6634377837181091,0.99292964,4.9447412,0.00018566672,-8.591372
1929,0,1,0.9905325,4.6503797,1.0,0.99192446,4.8108053,0.83827156,1.6454234
1930,1,0,0.03466831,-3.3266459,1.0,2.4947072e-05,-10.598729,0.7330863,1.0103381
1931,1,1,0.93525636,2.6703851,0.5999631285667419,0.9999826,10.960314,0.00018820111,-8.577811
1932,1,1,0.935088,2.6676078,0.6843076348304749,0.99962544,7.889429,0.00018948944,-8.570988
1933,0,1,0.9372958,2.7045705,1.0,0.9962496,5.5821466,0.026135353,-3.6179833
1934,0,0,0.06433354,-2.677178,0.7414030432701111,6.79395e-06,-11.899471,0.99960655,7.8400664
1935,0,1,0.9375793,2.709404,1.0,0.999676,8.034393,0.017175986,-4.046918
1936,1,1,0.9352991,2.6710913,0.7666807174682617,0.99998856,11.378116,0.00045877448,-7.686493
1937,0,0,0.06508094,-2.6648283,0.5559160709381104,0.001512257,-6.4926386,0.99986565,8.91465
1938,1,1,0.93524706,2.6702318,0.6369720101356506,0.99997747,10.702641,0.00014170547,-8.861618
1939,1,1,0.9352155,2.6697102,0.6478952169418335,0.99989915,9.202387,0.00017807372,-8.633135
1940,1,1,0.935274,2.6706767,0.8908074498176575,0.9999907,11.591807,0.00028200043,-8.17332
1941,0,0,0.09251117,-2.283352,0.5647460222244263,0.050551094,-2.932897,0.99977237,8.387665
1942,1,1,0.9353011,2.6711247,0.8331179022789001,0.9999907,11.587877,0.00046561565,-7.6716843
1943,1,1,0.9352697,2.6706057,0.7125393748283386,0.9999862,11.191662,0.0002676262,-8.225652
1944,1,1,0.93525803,2.6704128,0.7359190583229065,0.99998224,10.940437,0.00020119437,-8.511038
1945,0,1,0.9387067,2.7288325,1.0,0.99987614,8.996556,0.02450815,-3.683936
1946,0,0,0.064374216,-2.6765025,0.7672914266586304,9.700462e-06,-11.543327,0.99987435,8.982327
1947,1,1,0.9352665,2.6705525,0.6176108121871948,0.9999882,11.350673,0.00023895326,-8.339004
1948,0,0,0.06437509,-2.676488,0.6398264169692993,1.321066e-05,-11.234473,0.9998692,8.942229
1949,1,1,0.9352864,2.6708815,0.8032400012016296,0.999956,10.03248,0.00047715582,-7.64719
1950,1,1,0.93526447,2.670519,0.7297042608261108,0.9999882,11.344221,0.00022562707,-8.396401
1951,1,0,0.054951716,-2.8447812,1.0,1.61062e-05,-11.03629,0.9308129,2.599244
1952,0,0,0.06437894,-2.676424,0.6545844674110413,2.0047259e-05,-10.817398,0.99987364,8.976509
1953,0,0,0.06695341,-2.634458,0.768094003200531,0.005431655,-5.210065,0.99980944,8.565052
1954,0,0,0.06433816,-2.6771011,0.7154957056045532,1.1925182e-05,-11.336846,0.99962175,7.879666
1955,1,1,0.9175899,2.4100425,0.6671842336654663,0.9665405,3.3633869,0.00017217053,-8.666853
1956,0,1,0.71308917,0.910435,1.0,0.76951206,1.205558,0.014123349,-4.245702
1957,1,0,0.031169482,-3.4366503,0.5555704236030579,0.21535204,-1.292961,0.00031043228,-8.077234
1958,1,1,0.9352704,2.6706176,0.7130368947982788,0.99998355,11.017189,0.00028109396,-8.17654
1959,1,1,0.9352475,2.6702385,0.5658450126647949,0.99995387,9.984734,0.0002200161,-8.42159
1960,0,1,0.991768,4.7914605,1.0,0.99932456,7.2994747,0.8725202,1.9234275
1961,0,0,0.064369515,-2.6765804,0.6136524677276611,7.881111e-06,-11.751034,0.99984825,8.793053
1962,1,1,0.93525803,2.6704128,0.7154455184936523,0.999992,11.7416725,0.00016985896,-8.680372
1963,0,1,0.9554424,3.0653925,1.0,0.99984777,8.790467,0.16268231,-1.6384043
1964,1,0,0.032491658,-3.3937407,0.6685897707939148,0.22091813,-1.260324,0.00014000751,-8.873674
1965,1,1,0.9352583,2.6704178,0.7407680153846741,0.9999864,11.202119,0.0001893327,-8.5718155
1966,0,0,0.064364,-2.676672,0.6589767932891846,1.2353174e-05,-11.301585,0.99979645,8.49918
1967,1,1,0.93523574,2.6700447,0.6673903465270996,0.9999236,9.478876,0.00023667066,-8.348604
1968,1,1,0.9352621,2.6704798,0.7218810319900513,0.9999814,10.890903,0.00023083488,-8.373577
1969,1,1,0.93519,2.66929,0.8042654395103455,0.99984217,8.75395,0.00018737977,-8.582186
1970,1,0,0.035553917,-3.3005037,1.0,1.0528397e-05,-11.461424,0.7438579,1.0661176
1971,1,0,0.033401847,-3.3651717,1.0,0.00011206684,-9.096303,0.71700174,0.9296376
1972,1,1,0.9352593,2.6704335,0.5789968371391296,0.99998224,10.938833,0.00020902095,-8.472867
1973,0,0,0.06437089,-2.6765575,0.7541370987892151,1.1294537e-05,-11.39118,0.9998467,8.783077
1974,0,0,0.06436581,-2.676642,0.784637987613678,6.6646026e-06,-11.918694,0.99982685,8.661338
1975,1,1,0.93523955,2.6701076,0.8492960333824158,0.99993193,9.594262,0.00023604646,-8.351246
1976,0,1,0.98998344,4.5934486,1.0,0.9999863,11.197008,0.7891675,1.3199148
1977,0,1,0.9440233,2.8252156,1.0,0.99957913,7.7727284,0.06500008,-2.666158
1978,1,0,0.060360607,-2.7451594,1.0,0.00011035496,-9.111698,0.97138447,3.52477
1979,1,1,0.9352583,2.6704178,0.6449955105781555,0.9999913,11.649577,0.00017433593,-8.654352
1980,1,1,0.9352234,2.669841,0.6445514559745789,0.9998995,9.205362,0.00023010685,-8.376737
1981,1,1,0.9352667,2.6705556,0.7209389209747314,0.9999707,10.437996,0.00029660764,-8.122804
1982,0,1,0.98926175,4.5231466,1.0,0.9996119,7.853736,0.76151884,1.1610246
1983,0,0,0.06437167,-2.676545,0.737072229385376,8.749491e-06,-11.646506,0.99986017,8.875255
1984,1,1,0.93526244,2.6704857,0.7044824361801147,0.99998593,11.175825,0.00021849482,-8.42853
1985,1,1,0.9352519,2.6703115,0.5270680785179138,0.99998593,11.1682625,0.00014737104,-8.82241
1986,1,1,0.93523824,2.6700861,0.7056230306625366,0.99993217,9.598098,0.00022682872,-8.3910885
1987,1,1,0.93525314,2.6703322,0.7382256388664246,0.99999,11.514164,0.00014306165,-8.852092
1988,0,0,0.067095004,-2.6321938,0.7577224969863892,0.00576353,-5.150425,0.9996786,8.042507
1989,0,0,0.06438063,-2.676396,0.7422784566879272,2.112368e-05,-10.765095,0.9998816,9.041891
1990,0,1,0.9431821,2.8094082,1.0,0.9999683,10.357321,0.05727214,-2.8009634
1991,1,0,0.060593493,-2.7410607,1.0,0.00016998565,-8.679626,0.9728757,3.5798256
1992,0,0,0.064377025,-2.6764557,0.7108500003814697,2.5005404e-05,-10.596394,0.9998448,8.771034
1993,0,1,0.98118746,3.95424,1.0,0.99996805,10.35164,0.5269719,0.10799222
1994,1,1,0.9309728,2.6017296,0.711846649646759,0.9911629,4.7199173,0.0001859488,-8.589853
1995,0,0,0.06437489,-2.6764913,0.6965516209602356,1.4671345e-05,-11.1296,0.99986315,8.896885
1996,1,0,0.31556416,-0.7742329,0.5865476131439209,0.55740476,0.23063603,0.00030208562,-8.104498
1997,0,0,0.06437796,-2.6764402,0.7733020186424255,1.7073004e-05,-10.977995,0.9998765,8.999743
1998,0,0,0.37578264,-0.50748783,0.5855658054351807,0.27868015,-0.9510179,0.9998441,8.766511
1999,1,1,0.9352424,2.670155,0.756740152835846,0.99994373,9.785621,0.00021749755,-8.433105
2000,0,0,0.0644039,-2.6760097,0.6734379529953003,8.856113e-05,-9.331729,0.9998248,8.649488
2001,0,1,0.98300767,4.0578547,1.0,0.9997285,8.211233,0.5702486,0.28286546
2002,0,1,0.93632525,2.688175,1.0,0.99998486,11.0955305,0.0074796504,-4.8880615
2003,1,1,0.9352384,2.670089,0.6674314141273499,0.99994576,9.822222,0.00018456322,-8.597334
2004,1,1,0.93520695,2.6695695,0.6289398074150085,0.99988365,9.058599,0.00016979902,-8.680725
2005,1,1,0.93527514,2.6706953,0.7455537915229797,0.9999846,11.085108,0.00030922386,-8.081136
2006,1,0,0.054837096,-2.8469903,1.0,0.0011596263,-6.758497,0.9262547,2.5305321
2007,1,0,0.20562851,-1.35148,1.0,0.1792731,-1.52128,0.9710273,3.5120008
2008,1,1,0.93525857,2.6704216,0.7241590619087219,0.99998677,11.235926,0.00019007883,-8.567882
2009,0,0,0.06446575,-2.6749837,0.7648956179618835,0.00022165845,-8.414151,0.99982065,8.6256695
2010,1,0,0.040083542,-3.1758804,1.0,0.00032928513,-8.018257,0.79397005,1.3490244
2011,1,1,0.93528056,2.670785,0.8808561563491821,0.99998915,11.428385,0.00033109327,-8.012779
2012,0,1,0.9890009,4.4988832,0.7474789023399353,0.9218767,2.4681234,0.9998123,8.580185
2013,1,1,0.9104259,2.3188462,0.7817552089691162,0.95478135,3.0499725,0.00030941408,-8.080521
2014,0,1,0.9599234,3.1760604,1.0,0.9999819,10.917537,0.207658,-1.3391007
2015,0,1,0.85064393,1.7396605,1.0,0.58311445,0.33557177,0.94959366,2.935917
2016,1,1,0.9352237,2.669846,0.7797887921333313,0.99991286,9.347628,0.00018995925,-8.568511
2017,1,1,0.93525594,2.6703784,0.7734668254852295,0.99996746,10.33399,0.00023354053,-8.361921
2018,0,0,0.06438291,-2.6763582,0.6527313590049744,9.258096e-05,-9.287334,0.99966896,8.012953
2019,1,1,0.93526447,2.670519,0.8382744789123535,0.99993587,9.655413,0.0003925553,-7.8424406
2020,1,1,0.93524414,2.6701834,0.7023075222969055,0.99995434,9.993408,0.00019627882,-8.535778
2021,0,0,0.06435528,-2.676817,0.794878363609314,1.1192139e-05,-11.400288,0.99974066,8.257238
2022,1,1,0.93471247,2.661438,0.7175068855285645,0.99882084,6.7418265,0.00022765182,-8.3874655
2023,0,1,0.98491836,4.1790805,1.0,0.99575436,5.4576063,0.63267773,0.54372156
2024,0,0,0.064238414,-2.6787593,0.82410728931427,1.9414478e-05,-10.849472,0.99891746,6.827333
2025,0,0,0.066111974,-2.6480067,0.685453474521637,0.003662417,-5.6059628,0.9999007,9.217356
2026,0,0,0.08232175,-2.4112115,0.7518365979194641,0.034092102,-3.3440027,0.9998759,8.994124
2027,1,1,0.9352519,2.6703115,0.6235438585281372,0.99998057,10.848124,0.00016425294,-8.713939
2028,0,0,0.06436257,-2.6766958,0.712486207485199,5.772465e-06,-12.062406,0.99980766,8.556079
2029,1,1,0.9352749,2.6706915,0.7488248944282532,0.999972,10.482494,0.0003475545,-7.9642415
2030,1,1,0.9352515,2.6703045,0.6103633046150208,0.99998033,10.834583,0.00016265154,-8.723738
2031,1,0,0.021447776,-3.8204532,1.0,4.531499e-05,-10.001827,0.5304229,0.121842355
2032,0,0,0.06557229,-2.6567812,0.6431885957717896,0.0026077975,-5.946638,0.99966884,8.012653
2033,1,1,0.9352501,2.670282,0.5760647058486938,0.9999758,10.631469,0.00016742415,-8.694813
2034,0,1,0.98672974,4.308871,1.0,0.999915,9.372332,0.67263734,0.7201377
2035,0,0,0.06433249,-2.6771953,0.8391627669334412,1.0702703e-05,-11.4450035,0.999587,7.7915745
2036,0,0,0.06438393,-2.676341,0.6302270293235779,6.410718e-05,-9.65489,0.9997669,8.363796
2037,0,0,0.06436445,-2.6766646,0.5861752033233643,8.114123e-06,-11.721896,0.999813,8.583935
2038,1,1,0.92456734,2.5060856,0.7045484185218811,0.978826,3.8335767,0.00034288067,-7.977785
2039,1,1,0.93526614,2.6705468,0.8802040815353394,0.99997807,10.727114,0.00026934608,-8.219244
2040,0,0,0.06436287,-2.6766908,0.6719257831573486,6.9321313e-06,-11.879336,0.999806,8.547119
2041,0,1,0.9938134,5.079163,1.0,0.9999844,11.065517,0.98844844,4.4493165
2042,1,1,0.9352673,2.6705663,0.8369197249412537,0.9999851,11.110415,0.00025423613,-8.276993
2043,1,1,0.9352566,2.6703892,0.6194934844970703,0.9999747,10.583702,0.00021541638,-8.442722
2044,0,1,0.9839422,4.115373,1.0,0.99939895,7.4163003,0.5948984,0.38425285
2045,0,0,0.06437747,-2.6764483,0.6744371652603149,1.2996465e-05,-11.25082,0.99988616,9.081126
2046,0,0,0.06437326,-2.6765182,0.6936523914337158,8.14401e-06,-11.71822,0.9998729,8.970856
2047,1,1,0.9352619,2.6704767,0.6957510709762573,0.9999882,11.345174,0.00020810959,-8.477238
2048,0,0,0.06436104,-2.676721,0.5960792899131775,1.4448313e-05,-11.144918,0.9997695,8.374825
2049,1,0,0.11244636,-2.0659926,0.8517577648162842,0.39141405,-0.44137222,0.0004100738,-7.7987633
2050,1,1,0.9350913,2.6676629,0.7688100934028625,0.99960333,7.832077,0.00028261627,-8.171138
2051,0,0,0.06435372,-2.6768427,0.8183467388153076,1.1437158e-05,-11.378632,0.99972934,8.214203
2052,1,1,0.93525344,2.670337,0.6755613088607788,0.999972,10.483685,0.00020275098,-8.503329
2053,0,0,0.06450436,-2.6743436,0.5027345418930054,0.0002970885,-8.121183,0.9998424,8.755191
2054,1,1,0.9351619,2.668826,0.6270471811294556,0.99977607,8.40365,0.00020860267,-8.474871
2055,0,0,0.06438168,-2.6763785,0.6644594073295593,4.3943066e-05,-10.032572,0.9998159,8.599659
2056,0,0,0.06439269,-2.6761956,0.6792116761207581,8.46869e-05,-9.376465,0.9997608,8.337995
2057,1,1,0.79890954,1.3794929,0.5535619854927063,0.8341224,1.6151298,0.00023537988,-8.3540745
2058,0,1,0.9907566,4.674556,1.0,0.99631375,5.599441,0.8341731,1.6154966
2059,1,1,0.93524456,2.6701903,0.549651026725769,0.9999827,10.967937,0.00010840798,-9.1295
2060,1,1,0.934825,2.6632833,0.4995477795600891,0.9990902,7.001396,0.00012398134,-8.995255
2061,1,1,0.93526375,2.6705072,0.688724935054779,0.9999876,11.302745,0.00022251456,-8.4102955
2062,0,1,0.5344704,0.13810062,1.0,0.66786325,0.6985365,0.021865303,-3.8007464
2063,0,0,0.06437916,-2.6764202,0.6341335773468018,3.4823326e-05,-10.265188,0.999828,8.668146
2064,0,1,0.929026,2.5718231,1.0,0.71070355,0.8988035,0.88355815,2.0265656
2065,1,1,0.93526375,2.6705072,0.7516252994537354,0.9999914,11.665024,0.00021034505,-8.466551
2066,0,1,0.99097896,4.6991334,1.0,0.9999243,9.48876,0.8327236,1.6050545
2067,1,1,0.9346221,2.6599581,0.9141157269477844,0.9985827,6.55762,0.00038022565,-7.8743653
2068,0,1,0.9743732,3.6381567,0.640191376209259,0.81129104,1.4584206,0.9998266,8.65981
2069,0,0,0.06437035,-2.6765666,0.6394928097724915,4.2007614e-05,-10.077618,0.99974495,8.273933
2070,0,0,0.064377576,-2.6764467,0.725811243057251,1.1142756e-05,-11.40471,0.9998927,9.13975
2071,0,0,0.051674783,-2.9097276,1.0,0.024589093,-3.6805558,0.82569337,1.5554076
2072,1,1,0.65481263,0.64026177,0.4640278220176697,0.7391373,1.0414894,0.00027840922,-8.18614
2073,1,1,0.9352744,2.6706836,0.72946697473526,0.99997365,10.544199,0.00033919796,-7.9885874
2074,0,0,0.06528339,-2.6615057,0.5717324018478394,0.0019272922,-6.24971,0.99990344,9.244943
2075,0,0,0.06483393,-2.668895,0.5744673013687134,0.0010019911,-6.9047637,0.9998267,8.659988
2076,1,0,0.107629634,-2.1151853,1.0,0.14443108,-1.7789642,0.76896334,1.202467
2077,0,1,0.74956656,1.0963019,0.5102289915084839,0.48471484,-0.06115961,0.9998754,8.990182
2078,1,1,0.93523186,2.6699808,0.6219571828842163,0.9999318,9.592662,0.00018431102,-8.5987015
2079,0,0,0.064481825,-2.6747172,0.8569546937942505,0.0002864335,-8.157718,0.99972314,8.1916
2080,1,1,0.92687815,2.539695,0.5867512822151184,0.9831865,4.0686126,0.00020702543,-8.482462
2081,0,1,0.742331,1.0581195,1.0,0.602387,0.41542086,0.60842603,0.4407009
2082,1,1,0.93516743,2.6689177,0.5024092793464661,0.99979633,8.498669,0.00018081159,-8.617874
2083,0,0,0.064504094,-2.674348,0.5233162641525269,0.00033271464,-8.007893,0.99972683,8.20514
2084,1,1,0.9352692,2.6705968,0.5981279015541077,0.99999154,11.683817,0.00024690945,-8.306242
2085,1,1,0.90976584,2.310779,0.6706875562667847,0.9537874,3.0271893,0.0001734978,-8.659172
2086,0,0,0.06436662,-2.6766286,0.4942287802696228,1.1268437e-05,-11.393494,0.99981767,8.609583
2087,1,1,0.9352518,2.6703095,0.5821352601051331,0.99997735,10.69738,0.00017436502,-8.654185
2088,1,1,0.93524843,2.6702542,0.6454045176506042,0.99995744,10.064076,0.00021483385,-8.445431
2089,0,0,0.42057404,-0.32041734,0.577796220779419,0.30270773,-0.8344369,0.99986327,8.897765
2090,1,1,0.93524885,2.6702611,0.7428461313247681,0.9999486,9.875958,0.0002458364,-8.310598
2091,0,0,0.064406045,-2.6759741,0.7229255437850952,6.750148e-05,-9.603293,0.99990654,9.278336
2092,0,0,0.06437744,-2.6764488,0.48546382784843445,1.7243457e-05,-10.9680605,0.9998723,8.965635
2093,0,0,0.064361,-2.6767218,0.6424905061721802,1.6174617e-05,-11.032051,0.9997638,8.350475
2094,1,1,0.935284,2.6708422,0.7307302355766296,0.99999213,11.748789,0.00034505627,-7.971458
2095,0,0,0.06438255,-2.676364,0.6902124285697937,3.4502853e-05,-10.274434,0.99985206,8.818878
2096,1,1,0.93525326,2.670334,0.6773846745491028,0.99997866,10.753861,0.00017969307,-8.624081
2097,0,0,0.064356804,-2.6767914,0.5431768894195557,7.1471063e-06,-11.848796,0.999764,8.351699
2098,0,0,0.06438179,-2.6763766,0.5906134843826294,2.762894e-05,-10.496619,0.99986887,8.939071
2099,1,0,0.043383606,-3.0933208,1.0,7.887353e-05,-9.447586,0.8286421,1.576034
2100,1,1,0.93505025,2.6669865,0.7741864323616028,0.9994553,7.5146666,0.00047781217,-7.645815
2101,1,0,0.056271218,-2.8196557,1.0,0.006844831,-4.977393,0.9193139,2.4330618
2102,1,1,0.9352287,2.6699286,0.5315175652503967,0.9999347,9.636032,0.0001538884,-8.779129
2103,0,0,0.06434899,-2.6769214,0.7930247187614441,7.020416e-06,-11.866681,0.9997111,8.1491585
2104,0,0,0.08598374,-2.3636901,0.7911626100540161,0.040232457,-3.172017,0.9997638,8.35056
2105,0,1,0.99308974,4.967813,1.0,0.99261475,4.900857,0.9662988,3.3559387
2106,0,0,0.06439975,-2.6760786,0.766038715839386,7.92644e-05,-9.442642,0.99982613,8.656554
2107,1,0,0.05511863,-2.8415716,1.0,0.044737976,-3.061163,0.78931123,1.3207786
2108,0,0,0.06437628,-2.6764681,0.6525823473930359,1.6447482e-05,-11.015322,0.99986696,8.925143
2109,0,0,0.06436703,-2.6766217,0.5729290246963501,1.9468134e-05,-10.846712,0.9997943,8.488614
2110,0,0,0.06450555,-2.674324,0.5952506065368652,0.00029877797,-8.115511,0.999845,8.771916
2111,1,1,0.9352693,2.6705987,0.683861255645752,0.9999907,11.584189,0.00025041442,-8.292143
2112,1,1,0.9179243,2.4144728,0.7914379239082336,0.9670815,3.380248,0.00026220307,-8.246129
2113,0,0,0.06437707,-2.676455,0.7424368262290955,1.4529878e-05,-11.139289,0.9998785,9.01593
2114,0,1,0.94110626,2.7713213,1.0,0.999845,8.771973,0.042039193,-3.1262045
2115,0,1,0.9899963,4.5947475,1.0,0.9999862,11.185227,0.7896996,1.3231158
2116,0,0,0.06437206,-2.6765382,0.6573639512062073,6.706638e-06,-11.912406,0.99986935,8.943268
2117,0,1,0.99225426,4.852836,1.0,0.9999566,10.046209,0.8956813,2.1501343
2118,0,0,0.14823954,-1.7484758,0.7581059336662292,0.11924839,-1.999567,0.9998367,8.719948
2119,1,1,0.93524915,2.6702662,0.7033194303512573,0.9999566,10.046501,0.00022274125,-8.409277
2120,0,0,0.064379714,-2.6764112,0.5783730149269104,4.261775e-05,-10.063197,0.9998068,8.551746
2121,1,1,0.9352744,2.6706836,0.6629739999771118,0.99998975,11.4896345,0.00028768668,-8.153351
2122,1,1,0.9352676,2.6705713,0.5264191627502441,0.9999856,11.146065,0.0002549235,-8.274292
2123,0,0,0.064352974,-2.676855,0.6436384916305542,1.14935565e-05,-11.373713,0.9997241,8.195223
2124,1,0,0.01689549,-4.0636687,1.0,0.000439033,-7.730497,0.4293796,-0.28438288
2125,0,1,0.9930334,4.9596386,1.0,0.99996674,10.312443,0.9394711,2.742197
2126,0,1,0.98521334,4.199133,1.0,0.99997735,10.69676,0.62741625,0.52114844
2127,1,1,0.9348975,2.6644735,0.5745687484741211,0.9992199,7.155293,0.0001984671,-8.524689
2128,1,1,0.935188,2.6692567,0.6613945960998535,0.99981946,8.619439,0.0002459412,-8.310172
2129,1,1,0.9348551,2.6637776,0.8027803301811218,0.99911994,7.034685,0.00023226014,-8.36742
2130,0,1,0.97466916,3.6500754,1.0,0.99994934,9.889122,0.40223998,-0.39614043
2131,0,0,0.06537359,-2.6600285,0.845989465713501,0.0021863875,-6.123316,0.9996822,8.053738
2132,1,1,0.9352743,2.6706815,0.6271500587463379,0.99998236,10.947692,0.00031072067,-8.076305
2133,1,1,0.93518305,2.6691751,0.7204133868217468,0.99984133,8.748795,0.00014290717,-8.853172
2134,0,1,0.96343464,3.2714033,1.0,0.99177104,4.79183,0.27299675,-0.9794711
2135,1,0,0.045861132,-3.0351913,1.0,0.00020974866,-8.469391,0.8520734,1.7509563
2136,1,1,0.9352618,2.6704748,0.6770080327987671,0.9999809,10.86837,0.00023061312,-8.374538
2137,1,1,0.9352544,2.6703527,0.5759400725364685,0.99999046,11.563104,0.00014975213,-8.806379
2138,0,1,0.93639445,2.689336,1.0,0.99474347,5.243011,0.024694541,-3.6761684
2139,0,0,0.06437761,-2.676446,0.6806360483169556,1.0884014e-05,-11.428205,0.9998939,9.15077
2140,1,1,0.935252,2.6703134,0.8131651282310486,0.9999646,10.247409,0.000216045,-8.439808
2141,0,0,0.06535236,-2.660376,0.6523742079734802,0.002108004,-6.1599035,0.9997899,8.467446
2142,1,1,0.9351077,2.667933,0.5984829068183899,0.9996735,8.026572,0.00016905059,-8.685143
2143,1,1,0.93525493,2.6703615,0.6770434975624084,0.99997497,10.596793,0.0002028931,-8.502628
2144,0,0,0.064554565,-2.673512,0.6137882471084595,0.00042384956,-7.765708,0.9997787,8.4156685
2145,0,1,0.9682007,3.4159946,1.0,0.9999827,10.963093,0.30609593,-0.8184352
2146,0,0,0.064347565,-2.676945,0.5817335247993469,1.06834295e-05,-11.446806,0.9996897,8.077763
2147,0,1,0.9532328,3.0146775,1.0,0.9997973,8.503669,0.14203584,-1.7984829
2148,1,1,0.92269045,2.4794765,0.6464953422546387,0.9754587,3.68255,0.00017923959,-8.626608
2149,0,1,0.99372166,5.064352,1.0,0.9984565,6.4721313,0.9872529,4.349627
2150,1,0,0.033143844,-3.3731928,1.0,0.047983844,-2.9877176,0.5608331,0.2445437
2151,0,1,0.99187344,4.804458,1.0,0.9994728,7.547249,0.87737715,1.9678231
2152,1,0,0.05500846,-2.843689,1.0,0.00011165808,-9.099957,0.9309559,2.6014657
2153,0,0,0.064372204,-2.6765358,0.7641928195953369,1.2036525e-05,-11.327553,0.99985325,8.827117
2154,0,0,0.06437936,-2.676417,0.7403128147125244,1.0396197e-05,-11.47406,0.99990726,9.285332
2155,0,0,0.06440272,-2.6760292,0.47544044256210327,7.005491e-05,-9.566161,0.9998759,8.994789
2156,0,0,0.06437715,-2.6764538,0.7215873599052429,3.3597495e-05,-10.301025,0.99981815,8.612056
2157,1,1,0.93525785,2.67041,0.5620925426483154,0.9999924,11.783382,0.00016748003,-8.694479
2158,1,1,0.9352693,2.6705987,0.8113231658935547,0.9999856,11.142908,0.00026600345,-8.231735
2159,1,0,0.044121753,-3.0756776,0.9003096222877502,0.26172093,-1.0370431,0.00033128774,-8.012192
2160,0,0,0.06437148,-2.6765478,0.6511168479919434,1.1812232e-05,-11.346363,0.9998491,8.799099
2161,1,0,0.46564326,-0.13764384,1.0,0.45474848,-0.1815027,0.5893118,0.36112097
2162,0,0,0.064370476,-2.6765645,0.6245564222335815,1.7192047e-05,-10.971046,0.99982506,8.650432
2163,1,1,0.93525773,2.6704078,0.6999351382255554,0.9999845,11.072887,0.00019138113,-8.561052
2164,0,0,0.064367995,-2.6766057,0.7639300227165222,4.8311904e-05,-9.937784,0.99970883,8.141231
2165,1,0,0.2763308,-0.96273565,1.0,0.28646028,-0.91263825,0.78822017,1.3142303
2166,1,1,0.935252,2.6703134,0.6992933750152588,0.99996626,10.298286,0.00021078292,-8.464471
2167,0,1,0.9880774,4.4173255,1.0,0.9999603,10.133087,0.71698946,0.9295769
2168,1,1,0.9347635,2.6622744,0.633786678314209,0.9989184,6.8282576,0.0002587496,-8.259391
2169,1,1,0.93529785,2.6710706,0.7055625915527344,0.9999827,10.963919,0.00046926067,-7.6638827
2170,0,0,0.06437661,-2.6764627,0.8054351806640625,1.13758715e-05,-11.384005,0.99988544,9.074706
2171,1,1,0.9352518,2.6703095,0.8338663578033447,0.99994886,9.881279,0.00026486488,-8.236026
2172,0,0,0.06438161,-2.6763797,0.6039907932281494,2.0764903e-05,-10.782226,0.9998895,9.110554
2173,1,0,0.018182315,-3.9889562,1.0,0.0030422069,-5.792125,0.45171928,-0.19372645
2174,1,1,0.9352458,2.670211,0.6992278099060059,0.9999516,9.936089,0.00021596423,-8.440182
2175,1,1,0.93526405,2.6705122,0.6619212627410889,0.9999858,11.166581,0.00023028924,-8.375944
2176,0,1,0.94112843,2.7717214,1.0,0.99998736,11.275097,0.04174887,-3.1334374
2177,0,0,0.072809845,-2.5443075,0.581863284111023,0.01701788,-4.0563264,0.99979573,8.495925
2178,1,1,0.93526983,2.6706078,0.6952040195465088,0.99997735,10.697746,0.00029659888,-8.122833
2179,0,0,0.064391635,-2.6762133,0.6163722276687622,5.3491585e-05,-9.835933,0.99985325,8.826839
2180,1,1,0.9352497,2.670275,0.6754150390625,0.9999566,10.044287,0.00022588106,-8.395276
2181,1,1,0.9344981,2.65793,0.7075393199920654,0.99836224,6.4128075,0.00025272276,-8.282965
2182,1,1,0.9352345,2.670024,0.7476880550384521,0.9999032,9.242822,0.0002934822,-8.1334
2183,0,0,0.06555072,-2.657133,0.5685626864433289,0.0025376084,-5.9739923,0.9997484,8.287388
2184,0,0,0.06464067,-2.672087,0.5799174904823303,0.0005774136,-7.456374,0.99987304,8.9716
2185,0,0,0.06437555,-2.6764803,0.6562198996543884,4.78041e-06,-12.250979,0.99989927,9.203468
2186,0,0,0.06432948,-2.6772454,0.7499021887779236,5.9251042e-06,-12.036306,0.99958175,7.7791414
2187,1,1,0.93524617,2.670217,0.7475793361663818,0.9999604,10.136511,0.00018986274,-8.569019
2188,0,0,0.08903478,-2.3254776,0.764735221862793,0.045129027,-3.0520506,0.9998043,8.538555
2189,1,1,0.9350958,2.6677365,0.5947274565696716,0.99962723,7.8941183,0.00023627884,-8.350262
2190,1,1,0.8609911,1.8235464,0.5768116116523743,0.8911879,2.1029325,0.00018317068,-8.604909
2191,0,0,0.06436921,-2.6765854,0.7208959460258484,2.3629784e-05,-10.652979,0.999796,8.496856
2192,0,0,0.06436919,-2.676586,0.8091457486152649,3.6949384e-06,-12.508543,0.99985933,8.869386
2193,0,0,0.06436725,-2.676618,0.643312931060791,2.9508426e-05,-10.430805,0.9997638,8.3504
2194,1,0,0.039393272,-3.19397,0.6463744640350342,0.24656922,-1.1169944,0.00018527042,-8.593509
2195,0,1,0.9416683,2.781507,1.0,0.9999615,10.165428,0.045846734,-3.0355203
2196,1,0,0.05676374,-2.810419,1.0,0.0002662341,-8.230868,0.9441121,2.826898
2197,0,1,0.99358433,5.0425763,1.0,0.9999182,9.411219,0.9736487,3.6095357
2198,0,1,0.9938121,5.07895,1.0,0.9999144,9.365738,0.9885902,4.4618034
2199,1,1,0.9251397,2.5143213,0.6391657590866089,0.97991997,3.8877432,0.00022806396,-8.385656
2200,0,0,0.07957163,-2.4481816,0.7061028480529785,0.0293983,-3.4969792,0.99969745,8.102705
2201,0,0,0.06437325,-2.6765184,0.6914113163948059,1.6650563e-05,-11.00305,0.9998456,8.776215
2202,1,1,0.83555174,1.6254963,0.7343313097953796,0.86571795,1.8636167,0.0002652685,-8.234503
2203,0,1,0.9394989,2.742685,1.0,0.9938492,5.0850077,0.04943822,-2.9563293
2204,1,1,0.9352495,2.670272,0.5802861452102661,0.99993336,9.616526,0.00029878996,-8.115471
2205,0,0,0.064383626,-2.6763463,0.6248432397842407,1.8689618e-05,-10.887524,0.9999099,9.31473
2206,0,0,0.06496572,-2.6667235,0.6452290415763855,0.001316094,-6.63177,0.99971455,8.161428
2207,0,1,0.98834,4.439864,1.0,0.99997437,10.57316,0.72619355,0.9753952
2208,1,1,0.93524927,2.670268,0.6742613315582275,0.999966,10.291471,0.00019377033,-8.548643
2209,1,1,0.935265,2.670528,0.6464036703109741,0.999987,11.25492,0.000232593,-8.365988
2210,1,1,0.93526024,2.6704493,0.7521641254425049,0.9999807,10.852245,0.00022077489,-8.418146
2211,0,0,0.06440303,-2.6760242,0.5982953906059265,7.561528e-05,-9.489777,0.99986017,8.875164
2212,0,1,0.91068816,2.3220665,1.0,0.90160996,2.215243,0.17143221,-1.5755107
2213,1,1,0.9352699,2.6706088,0.7466083765029907,0.9999815,10.897558,0.00028358065,-8.16773
2214,1,1,0.9352547,2.6703577,0.6485940217971802,0.99997663,10.6628685,0.0001958145,-8.538147
2215,1,1,0.93526834,2.6705832,0.7209811806678772,0.9999802,10.82778,0.00027739894,-8.189776
2216,0,1,0.9577024,3.1198068,1.0,0.9984835,6.4898243,0.18936312,-1.4541539
2217,0,1,0.93663424,2.6933692,1.0,0.9999883,11.358488,0.009600443,-4.636299
2218,1,1,0.9352476,2.6702406,0.5991033315658569,0.9999734,10.534718,0.00015856845,-8.749166
2219,0,0,0.068823494,-2.6049037,0.6233789920806885,0.009236027,-4.6753645,0.9997857,8.447963
2220,0,1,0.9918389,4.8001785,1.0,0.9999907,11.582871,0.8739677,1.9365053
2221,1,1,0.9352565,2.6703873,0.6676175594329834,0.9999902,11.537884,0.00016515785,-8.708444
2222,0,0,0.07546974,-2.505554,0.5580701231956482,0.021984577,-3.7951844,0.99983454,8.7069645
2223,1,1,0.9352611,2.670463,0.7489668726921082,0.9999875,11.2917385,0.00020471508,-8.493687
2224,1,0,0.04102497,-3.151684,1.0,0.13586302,-1.8500841,0.3710726,-0.52761817
2225,0,0,0.06444052,-2.6754022,0.9234800338745117,0.0002012508,-8.510757,0.9997142,8.1598625
2226,1,1,0.9328171,2.6307905,0.7572335004806519,0.9948608,5.265721,0.00029999163,-8.111456
2227,1,0,0.15628394,-1.6861415,1.0,0.14996412,-1.7348825,0.9273209,2.5462458
2228,0,0,0.06583419,-2.6525147,0.5542568564414978,0.0031074495,-5.7708406,0.9998234,8.641218
2229,1,1,0.9352495,2.670272,0.5836833715438843,0.99995863,10.092827,0.0002186011,-8.428043
2230,0,0,0.06435085,-2.6768904,0.7340332269668579,1.094832e-05,-11.422314,0.99971133,8.150194
2231,1,1,0.93524146,2.6701393,0.6795105934143066,0.9999422,9.758778,0.0002166878,-8.436836
2232,1,1,0.93525344,2.670337,0.6185470819473267,0.9999827,10.966884,0.00016815978,-8.690428
2233,0,1,0.992875,4.936992,1.0,0.98872685,4.4739957,0.9660701,3.34894
2234,0,1,0.9388253,2.7308958,1.0,0.9999732,10.52846,0.025044447,-3.6617398
2235,1,1,0.9348522,2.6637297,0.6264864206314087,0.99912924,7.0452037,0.00018309892,-8.605301
2236,0,0,0.064364925,-2.6766567,0.8063322305679321,1.5830436e-05,-11.05356,0.99979156,8.475743
2237,0,0,0.0643611,-2.6767201,0.677056074142456,5.66236e-06,-12.081664,0.999798,8.506868
2238,0,0,0.06442422,-2.6756725,0.705739438533783,0.00010827698,-9.13071,0.9999001,9.211481
2239,1,1,0.93529195,2.670973,0.7836582660675049,0.99999154,11.680635,0.00040043815,-7.822551
2240,1,1,0.93525916,2.6704316,0.5948166251182556,0.9999858,11.164368,0.00019730482,-8.530563
2241,0,0,0.06448268,-2.6747031,0.570939838886261,0.00023211692,-8.368037,0.9999025,9.235512
2242,1,1,0.93527406,2.6706777,0.7020384073257446,0.99998975,11.491304,0.00028577473,-8.160021
2243,0,1,0.9880954,4.4188547,1.0,0.99994874,9.878288,0.7176569,0.93286884
2244,1,0,0.03950533,-3.1910129,1.0,8.937343e-06,-11.625263,0.7887846,1.317615
2245,0,0,0.06437743,-2.676449,0.5540561676025391,9.488358e-06,-11.565435,0.999897,9.180757
2246,1,0,0.048262358,-2.9816375,1.0,0.013395771,-4.2993298,0.831936,1.5994109
2247,1,0,0.05895333,-2.7702467,1.0,1.3292184e-05,-11.228321,0.9614018,3.2151883
2248,0,1,0.992642,4.90458,1.0,0.9999722,10.4895115,0.9168619,2.4004545
2249,0,1,0.98856735,4.4597836,1.0,0.99998724,11.265892,0.73432463,1.016676
2250,1,1,0.93526345,2.6705024,0.8413503766059875,0.9999683,10.358858,0.0002820459,-8.173159
2251,0,1,0.981687,3.9816618,1.0,0.9999577,10.069261,0.53825784,0.15333101
2252,0,0,0.06437646,-2.6764653,0.5676088929176331,2.8725653e-05,-10.457691,0.99982893,8.673191
2253,0,0,0.06464064,-2.6720874,0.6181786060333252,0.0006351948,-7.3609433,0.9996884,8.073225
2254,1,1,0.93528295,2.6708243,0.7521054744720459,0.9999901,11.518752,0.00034488045,-7.9719677
2255,1,1,0.9352504,2.670287,0.7028505206108093,0.99994016,9.723434,0.00028379296,-8.166982
2256,1,1,0.93528974,2.6709366,0.7170388102531433,0.99998915,11.432111,0.00039386816,-7.8391004
2257,1,0,0.03331627,-3.3678255,1.0,3.8112994e-05,-10.174917,0.7161491,0.92543936
2258,0,0,0.064778976,-2.6698017,0.6989808082580566,0.00086829736,-7.0481076,0.99988174,9.042751
2259,0,0,0.064528294,-2.673947,0.7503460049629211,0.00037263133,-7.8945484,0.9997639,8.350783
2260,0,0,0.06436764,-2.6766117,0.6780169606208801,1.715518e-05,-10.973193,0.99980587,8.54669
2261,0,0,0.06438063,-2.676396,0.8014569878578186,6.444172e-05,-9.649685,0.9997433,8.267116
2262,1,0,0.057490706,-2.7969224,1.0,0.0047832737,-5.3378353,0.93522435,2.669856
2263,1,1,0.9352593,2.6704335,0.5851356387138367,0.99998486,11.094673,0.00020097427,-8.512133
2264,1,1,0.9352136,2.6696796,0.8223179578781128,0.9998491,8.79855,0.00032526336,-8.03055
2265,0,0,0.071664475,-2.561398,0.5477578043937683,0.014809231,-4.1975846,0.9998373,8.723829
2266,0,1,0.9865758,4.2971797,1.0,0.99969196,8.084803,0.66855234,0.7016446
2267,0,0,0.016780306,-4.0706267,1.0,0.07424028,-2.5233078,0.19084182,-1.4445494
2268,0,1,0.5366767,0.14697084,0.5644801259040833,0.36277747,-0.56332934,0.9997906,8.471029
2269,0,0,0.06437819,-2.6764364,0.5676310658454895,2.4390367e-05,-10.621298,0.9998547,8.836435
2270,0,1,0.93841046,2.7236955,1.0,0.99946386,7.530581,0.023716925,-3.7175636
2271,0,0,0.06443338,-2.6755207,0.747380256652832,0.00014261669,-8.855207,0.9998529,8.824471
2272,0,1,0.92999387,2.586595,1.0,0.9796878,3.876009,0.030622238,-3.454928
2273,1,0,0.032454565,-3.3949213,1.0,1.003637e-05,-11.509285,0.705122,0.87180907
2274,1,0,0.061677422,-2.7221758,1.0,1.0676768e-05,-11.44743,0.98113245,3.951263
2275,1,1,0.933809,2.646727,0.76096111536026,0.9969343,5.7843933,0.00021692137,-8.435759
2276,0,0,0.064370394,-2.676566,0.8140255212783813,4.734075e-05,-9.958092,0.99972814,8.210232
2277,1,1,0.93484426,2.6635995,0.559959888458252,0.9991234,7.0386057,0.00014806475,-8.817713
2278,0,0,0.06434419,-2.677001,0.8349472880363464,2.424256e-05,-10.627377,0.99962354,7.8842626
2279,0,0,0.06439352,-2.676182,0.7971452474594116,7.824821e-05,-9.455546,0.9997869,8.453284
2280,1,1,0.93526167,2.6704729,0.8663181662559509,0.99998784,11.3153305,0.00020728179,-8.481224
2281,0,1,0.9380187,2.7169368,1.0,0.9993038,7.269245,0.021455232,-3.820098
2282,1,1,0.935255,2.6703625,0.6751748919487,0.9999807,10.856241,0.0001854599,-8.592486
2283,0,0,0.06438534,-2.6763177,0.5295435190200806,2.8244442e-05,-10.474586,0.99989104,9.124929
2284,1,1,0.93513113,2.668319,0.7686583399772644,0.9997098,8.144638,0.00021177225,-8.459787
2285,0,0,0.06436617,-2.676636,0.6737091541290283,2.2773593e-05,-10.689886,0.999778,8.412245
2286,1,1,0.9352593,2.6704335,0.7285411953926086,0.9999821,10.933945,0.00020944448,-8.470842
2287,1,1,0.9342609,2.654062,0.6876692175865173,0.99784577,6.1381903,0.00031545735,-8.061172
2288,0,1,0.9793305,3.8582091,1.0,0.9981585,6.295322,0.49335176,-0.026594535
2289,1,1,0.935124,2.668201,0.6944657564163208,0.9997008,8.113987,0.00019172285,-8.559268
2290,0,1,0.99069464,4.667816,1.0,0.99400866,5.1114225,0.8387683,1.649092
2291,1,0,0.036085516,-3.285111,1.0,0.0002210407,-8.416943,0.7495009,1.095952
2292,1,1,0.93526125,2.670466,0.6666387319564819,0.99998343,11.005066,0.00021873244,-8.427443
2293,1,1,0.9352601,2.6704473,0.5000925064086914,0.9999851,11.111666,0.00020597834,-8.487534
2294,0,0,0.064368755,-2.676593,0.5732212066650391,8.308532e-06,-11.698219,0.9998417,8.750717
2295,1,1,0.9352029,2.6695027,0.7091922760009766,0.9998661,8.918507,0.00019817211,-8.526176
2296,1,1,0.9352283,2.6699216,0.6832318305969238,0.99991274,9.346343,0.00022159591,-8.4144335
2297,1,1,0.93502545,2.666578,0.6327717900276184,0.9994617,7.526535,0.00029012794,-8.144898
2298,0,0,0.06438472,-2.676328,0.6697205305099487,2.9561801e-05,-10.428998,0.9998826,9.049466
2299,1,0,0.06837369,-2.6119437,1.0,0.009912641,-4.6039824,0.9947366,5.2416964
2300,1,1,0.9349408,2.665186,0.45684170722961426,0.9993254,7.3005905,0.00015427024,-8.77665
2301,0,0,0.06905191,-2.601345,0.685624361038208,0.009656636,-4.6304064,0.9999026,9.236826
2302,0,1,0.93616503,2.6854906,1.0,0.99967957,8.045392,0.0073537375,-4.9051657
2303,0,0,0.06438197,-2.6763737,0.6699468493461609,2.5105042e-05,-10.592417,0.99987805,9.012294
2304,1,1,0.93510914,2.6679564,0.7421309351921082,0.9996567,7.976569,0.00023285217,-8.364874
2305,1,1,0.9352524,2.6703203,0.7078971862792969,0.99997234,10.496046,0.00019395593,-8.547686
2306,1,1,0.9352537,2.670341,0.552871584892273,0.99998295,10.980891,0.0001685968,-8.687832
2307,0,1,0.94347715,2.8149273,1.0,0.9982529,6.348094,0.06501416,-2.6659262
2308,1,1,0.93526846,2.6705852,0.5759508013725281,0.999984,11.044152,0.0002660344,-8.231619
2309,0,0,0.06444578,-2.675315,0.5271852612495422,0.00027407892,-8.20182,0.9995173,7.635734
2310,1,1,0.93521833,2.6697574,0.8005074858665466,0.9998642,8.904256,0.0003082261,-8.084369
2311,1,1,0.935264,2.6705112,0.5788633823394775,0.9999931,11.88342,0.00020676265,-8.483732
2312,0,0,0.06449958,-2.674423,0.5340396761894226,0.00028978154,-8.146093,0.9998331,8.698065
2313,0,0,0.066434935,-2.6427877,0.6500095129013062,0.004356014,-5.4318323,0.99982697,8.661575
2314,1,1,0.935267,2.6705606,0.7623932361602783,0.9999708,10.443006,0.00029786842,-8.118561
2315,1,1,0.93525743,2.670403,0.644756019115448,0.99998724,11.265234,0.00018060672,-8.619008
2316,1,1,0.9203063,2.4465163,0.533820629119873,0.97120225,3.5182364,0.00024965586,-8.295177
2317,1,0,0.05480398,-2.8476295,1.0,0.00028663047,-8.15703,0.9287804,2.5681038
2318,1,0,0.27644515,-0.9621639,0.5557599067687988,0.53329605,0.13338156,0.00018889234,-8.574144
2319,1,1,0.93527794,2.6707416,0.7036468982696533,0.9999778,10.718046,0.0003497437,-7.95796
2320,1,0,0.047794204,-2.9918768,1.0,0.0004282917,-7.7552776,0.8691464,1.8934321
2321,1,1,0.93526083,2.670459,0.723421037197113,0.9999777,10.71031,0.00023454647,-8.357622
2322,0,0,0.06437696,-2.676457,0.6049836277961731,2.3449076e-05,-10.660656,0.9998492,8.799759
2323,0,1,0.9921549,4.8399897,1.0,0.9999391,9.706166,0.8904666,2.095516
2324,0,1,0.9390805,2.7353475,1.0,0.9995659,7.7417903,0.028171526,-3.5408676
2325,0,0,0.092837095,-2.2794757,0.7174932360649109,0.051009387,-2.9233892,0.99989915,9.202035
2326,0,1,0.93375456,2.645847,1.0,0.99191296,4.8093777,0.015890948,-4.125987
2327,0,1,0.98824835,4.43194,1.0,0.9997012,8.115509,0.7238131,0.9634553
2328,0,1,0.9898323,4.5783176,1.0,0.9996847,8.0616455,0.7839221,1.2886703
2329,0,0,0.0643704,-2.676566,0.8093034029006958,2.100446e-05,-10.770755,0.9998124,8.581138
2330,1,1,0.9351595,2.6687868,0.6840096712112427,0.9997609,8.338697,0.0002402117,-8.33375
2331,0,1,0.93498385,2.6658936,1.0,0.99492514,5.278376,0.014496818,-4.219223
2332,0,1,0.952376,2.9956234,1.0,0.9999683,10.359673,0.1336726,-1.8688694
2333,0,1,0.99268967,4.9111295,1.0,0.99999225,11.772484,0.91948575,2.4353797
2334,0,1,0.9929161,4.9428225,1.0,0.9999466,9.837923,0.93263376,2.6278684
2335,0,0,0.07547616,-2.505462,0.5513050556182861,0.022034433,-3.7928681,0.999713,8.15596
2336,1,0,0.04287328,-3.1056871,1.0,0.00843997,-4.7663007,0.7968675,1.36683
2337,0,1,0.96411985,3.2910314,1.0,0.7987136,1.3782736,0.89757454,2.1705616
2338,1,0,0.062434267,-2.7091727,1.0,1.5047778e-05,-11.104265,0.9864536,4.2879906
2339,0,1,0.9900012,4.595241,1.0,0.99998856,11.374411,0.7898957,1.3242971
2340,1,1,0.9352639,2.6705093,0.7231429219245911,0.99997306,10.521555,0.00026995668,-8.216979
2341,0,0,0.06437194,-2.6765401,0.7970589399337769,9.405807e-06,-11.574174,0.9998599,8.873669
2342,1,1,0.9352499,2.670279,0.5163707733154297,0.99997485,10.590083,0.00016961133,-8.681831
2343,0,0,0.0644512,-2.675225,0.7245034575462341,0.00018041808,-8.620053,0.9998535,8.828712
2344,1,1,0.9352566,2.6703892,0.5771699547767639,0.9999707,10.437222,0.00022835334,-8.384388
2345,0,0,0.064384244,-2.6763358,0.8003537058830261,8.803682e-05,-9.337667,0.9996927,8.087163
2346,0,1,0.9857092,4.2337446,1.0,0.99983287,8.696381,0.64207995,0.5844031
2347,0,1,0.94229436,2.7929628,1.0,0.9993781,7.3821616,0.05241031,-2.8948183
2348,0,1,0.945055,2.8449106,1.0,0.99997187,10.476892,0.071826756,-2.5589614
2349,1,0,0.060178988,-2.748366,1.0,0.0011098852,-6.802388,0.9668769,3.3738413
2350,1,1,0.9352404,2.6701214,0.7238954901695251,0.99993765,9.682936,0.00022415827,-8.402934
2351,0,1,0.9924671,4.8809147,1.0,0.9999832,10.990339,0.9071158,2.278917
2352,0,0,0.06436736,-2.6766162,0.7357286810874939,8.89381e-06,-11.630146,0.99983037,8.681622
2353,0,1,0.94851106,2.9135265,1.0,0.99894315,6.851365,0.103263035,-2.161483
2354,0,1,0.992238,4.850721,1.0,0.99328953,4.9973507,0.91610545,2.3905709
2355,1,0,0.062054347,-2.7156816,1.0,0.00082311506,-7.101591,0.9812026,3.955057
2356,1,1,0.93525785,2.67041,0.5583043694496155,0.9999902,11.533475,0.00017389977,-8.6568575
2357,1,1,0.9352651,2.6705298,0.7222757935523987,0.99998116,10.8824,0.00025255198,-8.283641
2358,0,0,0.06439051,-2.6762319,0.562156617641449,4.218642e-05,-10.07337,0.99988174,9.042759
2359,0,0,0.064519025,-2.6741006,0.7836359143257141,0.00032897637,-8.019196,0.99984026,8.741777
2360,1,1,0.935254,2.6703458,0.6997051239013672,0.9999465,9.835595,0.00028744896,-8.154178
2361,1,1,0.93517387,2.6690238,0.7256680130958557,0.99979347,8.484766,0.00023385203,-8.360588
2362,0,0,0.115237705,-2.038322,1.0,0.39210573,-0.43846947,0.0095538525,-4.641211
2363,1,1,0.9352548,2.6703596,0.5199084281921387,0.99996483,10.25638,0.0002344991,-8.357824
2364,1,0,0.029494664,-3.4936075,1.0,5.830099e-05,-9.749833,0.66447896,0.68331844
2365,1,0,0.057767913,-2.7918181,1.0,8.862738e-06,-11.633646,0.9525656,2.9998102
2366,0,1,0.99083155,4.682777,1.0,0.99994755,9.855887,0.8259429,1.557142
2367,1,1,0.93527234,2.670649,0.7647069096565247,0.9999858,11.163797,0.0002866955,-8.156803
2368,0,0,0.21242334,-1.3103795,0.7250532507896423,0.1755295,-1.5469342,0.99984515,8.773116
2369,1,1,0.9142857,2.3671236,0.7041120529174805,0.9610257,3.2050977,0.00017476866,-8.651873
2370,1,1,0.93520916,2.669606,0.5484150648117065,0.99988854,9.101953,0.0001691067,-8.684812
2371,1,1,0.9352494,2.67027,0.5456146001815796,0.99998784,11.318954,0.00012434424,-8.992332
2372,1,1,0.93528724,2.670895,0.7821394801139832,0.9999908,11.596402,0.00037157122,-7.8973985
2373,1,1,0.93525535,2.6703684,0.5629944205284119,0.99999046,11.557098,0.000156585,-8.761755
2374,1,1,0.9351975,2.669413,0.7425806522369385,0.99984777,8.7902355,0.00022029254,-8.420334
2375,0,0,0.064373665,-2.6765115,0.7764278054237366,7.5747553e-06,-11.790682,0.9998776,9.008059
2376,1,0,0.016329577,-4.098313,1.0,0.000101558246,-9.194777,0.41624355,-0.33821335
2377,1,1,0.9352279,2.6699147,0.5982895493507385,0.99991226,9.341235,0.00022006016,-8.42139
2378,1,1,0.93526584,2.6705418,0.7059240937232971,0.9999913,11.650505,0.0002250461,-8.39898
2379,0,0,0.06437183,-2.676542,0.6978514194488525,2.9336483e-05,-10.436649,0.9997955,8.494564
2380,0,1,0.9711448,3.5161853,1.0,0.9999832,10.993988,0.3471995,-0.6313719
2381,1,1,0.935262,2.6704788,0.7808838486671448,0.9999716,10.470251,0.00026115595,-8.250132
2382,1,1,0.93405586,2.6507282,0.6560528874397278,0.9974567,5.971766,0.00018981042,-8.569295
2383,1,0,0.060086433,-2.7500038,1.0,1.3772993e-05,-11.192787,0.9697054,3.466021
2384,0,0,0.06566747,-2.6552286,0.7041740417480469,0.0027388283,-5.8974824,0.9998872,9.090071
2385,1,1,0.93519944,2.6694455,0.8584461212158203,0.999816,8.600086,0.00033480767,-8.001619
2386,0,0,0.064373955,-2.6765068,0.5786563754081726,7.841348e-06,-11.756092,0.99987864,9.016538
2387,0,1,0.95899266,3.1521323,1.0,0.9999894,11.452645,0.19781688,-1.3999953
2388,0,0,0.065386124,-2.6598234,0.6748379468917847,0.0021427884,-6.143502,0.99990547,9.266984
2389,1,0,0.062783025,-2.7032301,1.0,4.2983826e-05,-10.054644,0.9888024,4.4807944
2390,1,1,0.93518513,2.6692095,0.5817117094993591,0.99984133,8.748335,0.00015730497,-8.757167
2391,1,1,0.9345742,2.6591742,0.6741003394126892,0.99853086,6.521589,0.00022480891,-8.400035
2392,1,1,0.9352449,2.6701963,0.6277939081192017,0.9999646,10.248858,0.00016849104,-8.688459
2393,1,1,0.93524635,2.67022,0.7406850457191467,0.9999304,9.571758,0.0002871507,-8.155216
2394,0,0,0.0648557,-2.668536,0.6873224973678589,0.0010315469,-6.8756638,0.9998797,9.025861
2395,1,1,0.69944656,0.84466386,1.0,0.51614755,0.064612746,0.7962539,1.3630433
2396,0,0,0.064374916,-2.6764908,0.645383358001709,7.8550065e-06,-11.754352,0.9998852,9.072733
2397,1,1,0.9352632,2.6704984,0.7212835550308228,0.9999907,11.591526,0.00020893567,-8.473275
2398,0,0,0.06438356,-2.6763473,0.4653576612472534,1.5769472e-05,-11.057419,0.9999187,9.417782
2399,1,0,0.055542797,-2.8334565,1.0,0.00073724025,-7.211859,0.93315625,2.636214
2400,0,1,0.97430724,3.6355176,1.0,0.99998236,10.948498,0.39616174,-0.42148387
2401,0,0,0.064378954,-2.6764238,0.6434195041656494,1.2412726e-05,-11.296776,0.9998981,9.191341
2402,0,1,0.99166965,4.779485,1.0,0.99997294,10.519173,0.86553675,1.8620588
2403,0,0,0.06498394,-2.6664236,0.5993653535842896,0.001294487,-6.6483455,0.99990666,9.279447
2404,1,1,0.93522286,2.6698322,0.6690465807914734,0.9999207,9.442484,0.0001591099,-8.745756
2405,0,0,0.06436269,-2.676694,0.628943681716919,1.541176e-05,-11.080364,0.99977773,8.411633
2406,1,1,0.9352351,2.670034,0.626136064529419,0.99991727,9.400053,0.00025285652,-8.282435
2407,0,0,0.064401485,-2.6760497,0.6835814118385315,6.8778085e-05,-9.584557,0.9998716,8.960495
2408,1,1,0.9330543,2.634582,0.5939193964004517,0.9953805,5.3728504,0.00019597606,-8.537322
2409,0,1,0.978579,3.8217292,1.0,0.99635065,5.60956,0.48415807,-0.06338893
2410,0,0,0.064372964,-2.6765232,0.6681718826293945,7.783153e-06,-11.763541,0.9998721,8.964127
2411,1,1,0.9352569,2.6703942,0.7705773115158081,0.9999707,10.436741,0.00023004717,-8.376996
2412,0,0,0.064384244,-2.6763358,0.6688587069511414,2.8318318e-05,-10.471973,0.9998833,9.055809
2413,1,1,0.9352722,2.6706471,0.6538208723068237,0.9999877,11.312303,0.00027950763,-8.182201
2414,0,0,0.06443574,-2.6754813,0.5735470652580261,0.00014813733,-8.817223,0.99985135,8.813614
2415,1,0,0.013754651,-4.272528,1.0,0.08584165,-2.3654995,0.0709574,-2.572075
2416,1,1,0.93485636,2.663798,0.610075831413269,0.9991203,7.0349846,0.00023903232,-8.338673
2417,1,1,0.9348178,2.663165,0.7394443154335022,0.99900657,6.9133244,0.0003426101,-7.9785748
2418,1,1,0.93525106,2.6702976,0.7369084358215332,0.9999727,10.506755,0.00018392078,-8.6008215
2419,1,0,0.072819985,-2.5441573,1.0,0.060535636,-2.7420776,0.86088413,1.8226526
2420,0,0,0.0643634,-2.676682,0.7967480421066284,6.305584e-06,-11.974069,0.9998116,8.576868
2421,0,1,0.9724701,3.5645669,1.0,0.9994941,7.5886283,0.36861116,-0.5381796
2422,1,1,0.93527776,2.6707387,0.8810479640960693,0.9999833,11.001659,0.00033127828,-8.01222
2423,0,0,0.06518523,-2.6631155,0.6407052874565125,0.0017226993,-6.3621387,0.9998964,9.174563
2424,0,1,0.9925995,4.898778,1.0,0.999605,7.8361015,0.91565657,2.384745
2425,1,1,0.93527055,2.6706195,0.6949383020401001,0.9999893,11.445398,0.00026291475,-8.243418
2426,0,0,0.06437267,-2.676528,0.5778694152832031,2.1273683e-05,-10.7580185,0.99982697,8.661697
2427,0,0,0.064385734,-2.6763113,0.5267448425292969,2.4073963e-05,-10.634356,0.999907,9.2829
2428,1,0,0.061522026,-2.724864,1.0,3.356701e-05,-10.301933,0.9799565,3.8896036
2429,1,1,0.9352358,2.6700456,0.7887855172157288,0.99992156,9.452997,0.00024390886,-8.318472
2430,0,0,0.0643691,-2.6765876,0.7147061228752136,1.2967248e-05,-11.253071,0.9998292,8.674559
2431,1,0,0.048664592,-2.972915,1.0,1.7485941e-05,-10.954096,0.878238,1.9758493
2432,1,1,0.9352672,2.6705644,0.7482014298439026,0.9999844,11.067543,0.00025617733,-8.269384
2433,0,1,0.96455073,3.3035598,1.0,0.9999497,9.896972,0.26007137,-1.0455977
2434,0,1,0.9832736,4.0739007,1.0,0.9998739,8.978191,0.5763675,0.3078793
2435,1,1,0.93524355,2.6701736,0.7303496599197388,0.9999577,10.070422,0.00018115257,-8.61599
2436,1,1,0.9352519,2.6703115,0.7039046287536621,0.99997973,10.808172,0.00016679887,-8.698555
2437,0,1,0.99346006,5.023266,1.0,0.9999827,10.967278,0.9655235,3.3323932
2438,0,0,0.064346805,-2.6769576,0.6184331774711609,1.00172465e-05,-11.511192,0.9996867,8.06818
2439,1,1,0.9352501,2.670282,0.6242505311965942,0.9999684,10.361738,0.00019131726,-8.561386
2440,1,1,0.9352285,2.6699257,0.6683856248855591,0.99992,9.4329195,0.00020001632,-8.5169115
2441,0,1,0.9388332,2.7310328,1.0,0.99994946,9.892384,0.025176724,-3.6563363
2442,0,0,0.064413026,-2.6758583,0.7743069529533386,0.00013261611,-8.927919,0.99974614,8.278292
2443,0,0,0.06437766,-2.6764452,0.6810315847396851,1.420531e-05,-11.1618805,0.99988353,9.057726
2444,1,0,0.019343602,-3.9258604,1.0,7.704871e-06,-11.77365,0.4872967,-0.050824195
2445,0,0,0.064379394,-2.6764164,0.7021893858909607,1.1677879e-05,-11.357802,0.99990344,9.245675
2446,0,1,0.9911583,4.719396,1.0,0.9999434,9.779954,0.8409777,1.6655204
2447,1,1,0.9352673,2.6705663,0.709465503692627,0.99999213,11.760254,0.00023177038,-8.369532
2448,0,0,0.068367824,-2.6120358,0.6442406177520752,0.00835457,-4.776557,0.99967444,8.029415
2449,0,0,0.064393684,-2.6761792,0.5478103160858154,4.999833e-05,-9.903471,0.9998784,9.014631
2450,1,1,0.90462047,2.2496514,0.6928290128707886,0.9459196,2.8616862,0.00021978503,-8.422641
2451,0,0,0.06439287,-2.6761928,0.8423107862472534,6.3191284e-05,-9.669281,0.9998307,8.683752
2452,1,1,0.9352654,2.6705348,0.7485062479972839,0.9999912,11.638115,0.00022271194,-8.409409
2453,1,1,0.9352398,2.6701117,0.710662305355072,0.99993896,9.703648,0.00021551602,-8.44226
2454,1,1,0.9330591,2.6346583,0.6078511476516724,0.9954047,5.3781157,0.00014953638,-8.807821
2455,0,1,0.9923315,4.862937,1.0,0.9999336,9.62005,0.89989954,2.196109
2456,1,1,0.9352508,2.6702938,0.5782011151313782,0.99997854,10.749273,0.00016398611,-8.715565
2457,1,1,0.93169457,2.6130157,0.6432821154594421,0.99261683,4.9011383,0.00017317916,-8.661011
2458,1,1,0.9352323,2.6699877,0.6654318571090698,0.99993086,9.579081,0.00019053154,-8.565502
2459,1,1,0.9333757,2.6397388,0.6290379166603088,0.9960609,5.532865,0.0001388911,-8.881681
2460,1,0,0.0238059,-3.713728,1.0,0.0031049985,-5.771632,0.5644389,0.259197
2461,1,1,0.93526626,2.6705487,0.6158953905105591,0.9999877,11.309006,0.00023902641,-8.338697
2462,0,1,0.95915693,3.1563175,1.0,0.9998318,8.690412,0.2000376,-1.3860594
2463,0,0,0.06438007,-2.6764052,0.593018114566803,1.8393974e-05,-10.903469,0.9998865,9.084008
2464,0,0,0.1017276,-2.1781747,0.8817742466926575,0.06409813,-2.6810954,0.99966204,7.9921136
2465,1,1,0.9343253,2.6551106,0.672034502029419,0.99802256,6.2239404,0.00018078952,-8.617996
2466,1,1,0.8646163,1.8541726,0.6741034984588623,0.89511836,2.144123,0.0001963449,-8.535441
2467,1,1,0.93525535,2.6703684,0.6840412616729736,0.99998355,11.01535,0.00017826706,-8.63205
2468,1,0,0.026680658,-3.5967734,1.0,0.00015566766,-8.767632,0.6218414,0.49737114
2469,0,0,0.06438076,-2.6763937,0.47011834383010864,3.0426085e-05,-10.40018,0.9998529,8.8241825
2470,0,1,0.9713463,3.523401,1.0,0.9998265,8.658609,0.3506597,-0.6161407
2471,0,1,0.9759889,3.704936,1.0,0.99960524,7.8367953,0.42584705,-0.29881552
2472,1,1,0.93524456,2.6701903,0.8097902536392212,0.9999558,10.027142,0.00019390248,-8.547961
2473,0,1,0.99212074,4.8356113,1.0,0.9999168,9.394166,0.8887418,2.0779529
2474,0,0,0.06439865,-2.676097,0.7288318276405334,9.608483e-05,-9.250183,0.999765,8.355378
2475,0,1,0.99157435,4.768013,1.0,0.999961,10.15336,0.86086625,1.8225038
2476,0,1,0.9375583,2.7090456,1.0,0.9998417,8.751284,0.01650008,-4.0877523
2477,1,1,0.9352664,2.6705506,0.797725260257721,0.9999801,10.82482,0.00026458624,-8.237079
2478,0,0,0.16121008,-1.6492519,0.5438369512557983,0.13200662,-1.883332,0.99980277,8.531118
2479,1,1,0.925245,2.5158422,0.5682827234268188,0.9801224,3.8980832,0.00020591117,-8.48786
2480,0,0,0.06437746,-2.6764486,0.8070418238639832,1.4926633e-05,-11.112349,0.99987984,9.026457
2481,1,1,0.9352648,2.670525,0.6874868273735046,0.9999851,11.1105995,0.00023784972,-8.343634
2482,1,1,0.93526334,2.6705005,0.6443814635276794,0.99996495,10.257166,0.00029172472,-8.139408
2483,0,0,0.0646734,-2.6715457,0.7513508796691895,0.0006499116,-7.338024,0.9998635,8.898937
2484,1,0,0.46738473,-0.13064668,0.5869554281234741,0.64012444,0.57590425,0.00018742695,-8.581934
2485,1,1,0.9352728,2.670657,0.8117266297340393,0.99998593,11.174062,0.00028971498,-8.146323
2486,1,0,0.061194923,-2.7305436,1.0,0.00021543939,-8.4426155,0.97704554,3.7510216
2487,1,1,0.9352565,2.6703873,0.7377589344978333,0.9999734,10.535389,0.0002182017,-8.4298725
2488,1,1,0.9342254,2.6534836,0.5800382494926453,0.9978309,6.1312976,0.00012544177,-8.983543
2489,1,1,0.9352378,2.6700792,0.6670035123825073,0.99995077,9.918738,0.00016410311,-8.714851
2490,1,1,0.93525493,2.6703615,0.743833601474762,0.9999778,10.715833,0.00019338715,-8.550623
2491,1,0,0.054757338,-2.8485303,1.0,1.25255865e-05,-11.2877245,0.9292862,2.5757766
2492,0,0,0.064414114,-2.6758401,0.43315356969833374,9.5408e-05,-9.257253,0.99987245,8.967047
2493,1,0,0.057960983,-2.7882767,1.0,0.00042042808,-7.7738166,0.9527043,3.0028856
2494,0,0,0.0643719,-2.6765409,0.7788078784942627,1.3599922e-05,-11.205433,0.9998462,8.779638
2495,0,0,0.06434338,-2.6770146,0.643322229385376,5.943599e-06,-12.03319,0.99967635,8.035625
2496,1,1,0.93513083,2.668314,0.6964139938354492,0.9997008,8.113939,0.00023864386,-8.3403
2497,1,1,0.9352583,2.6704178,0.614202082157135,0.9999925,11.798733,0.00017017573,-8.678509
2498,1,1,0.93527067,2.6706216,0.6351379752159119,0.99999,11.508634,0.00026136843,-8.249318
2499,0,0,0.0643819,-2.676375,0.7468619346618652,1.7977347e-05,-10.92638,0.99990034,9.213736
2500,1,1,0.91808474,2.4166045,0.6620732545852661,0.9673603,3.3890426,0.0002463977,-8.308317
2501,1,1,0.9352714,2.6706333,0.7084134817123413,0.99997437,10.57358,0.00031651868,-8.057812
2502,0,0,0.06437276,-2.6765265,0.6292122602462769,6.424121e-06,-11.955444,0.99987495,8.986855
2503,1,1,0.9352498,2.6702769,0.6961120963096619,0.9999597,10.11979,0.00021710637,-8.434906
2504,1,1,0.9352571,2.670397,0.6193618178367615,0.9999865,11.219148,0.00018074091,-8.618265
2505,1,1,0.9352619,2.6704767,0.739549458026886,0.99998915,11.431353,0.0002047424,-8.493553
2506,1,0,0.062630236,-2.7058296,1.0,0.00016101463,-8.733854,0.98735887,4.358077
2507,0,1,0.95857173,3.141481,1.0,0.9901134,4.6066365,0.2249861,-1.2368423
2508,1,1,0.52194756,0.08784668,1.0,0.38626218,-0.46305144,0.9005352,2.203186
2509,1,1,0.93505806,2.667115,0.5107662081718445,0.9995584,7.724646,0.00020191834,-8.507445
2510,0,1,0.9931345,4.974357,1.0,0.99871314,6.6542544,0.94951016,2.9341753
2511,1,0,0.02230553,-3.7803626,1.0,0.0001287461,-8.95754,0.5466048,0.18696198
2512,1,1,0.9352572,2.670399,0.521708607673645,0.9999759,10.633221,0.00021544739,-8.442578
2513,1,1,0.9352491,2.6702652,0.671708345413208,0.99995613,10.034121,0.00022331605,-8.406699
2514,0,0,0.065317996,-2.6609387,0.6980361342430115,0.0020032073,-6.2110004,0.99989367,9.148599
2515,1,1,0.9352568,2.670392,0.6695476770401001,0.99998045,10.845327,0.00019835889,-8.525234
2516,0,0,0.06443466,-2.6754992,0.6810231804847717,0.00016293873,-8.721973,0.9997967,8.500699
2517,0,1,0.9655338,3.3327017,1.0,0.99977916,8.417878,0.27257186,-0.981613
2518,1,1,0.9352086,2.6695971,0.7556300759315491,0.9998672,8.9268,0.00023335512,-8.362716
2519,1,0,0.113125466,-2.059206,0.8622845411300659,0.39229754,-0.43766487,0.00037309976,-7.8932915
2520,1,0,0.06035495,-2.7452593,1.0,3.48216e-05,-10.265238,0.97158474,3.5320008
2521,0,1,0.9684539,3.4242504,1.0,0.9996729,8.024958,0.3104714,-0.7979164
2522,1,1,0.93527293,2.6706588,0.7786959409713745,0.99998605,11.176544,0.0002898487,-8.145862
2523,0,1,0.98303866,4.059712,1.0,0.99882644,6.746563,0.57389176,0.2977473
2524,1,1,0.93523437,2.670022,0.707393229007721,0.999908,9.293482,0.0002778044,-8.188315
2525,0,1,0.9935992,5.044907,1.0,0.9999895,11.467418,0.97438294,3.6385455
2526,1,1,0.9352476,2.6702406,0.5451819896697998,0.9999627,10.197094,0.00019246887,-8.555384
2527,0,0,0.06437362,-2.6765122,0.6732577085494995,8.920526e-06,-11.627147,0.9998729,8.970548
2528,1,1,0.9352608,2.670458,0.6136608123779297,0.99997914,10.778936,0.00022890703,-8.381966
2529,1,1,0.9300002,2.5866923,0.7433757781982422,0.9892067,4.5179706,0.00026339246,-8.241602
2530,0,0,0.065228306,-2.6624088,0.6679253578186035,0.0018206874,-6.306719,0.9998734,8.974063
2531,0,1,0.99227047,4.8549476,1.0,0.99869835,6.64287,0.90056676,2.203537
2532,0,0,0.06445762,-2.6751184,0.7180209159851074,0.00018866447,-8.575352,0.9998708,8.954273
2533,1,1,0.93522495,2.6698666,0.7880348563194275,0.9998417,8.750609,0.00042598424,-7.760682
2534,1,1,0.93528736,2.6708972,0.6236881017684937,0.99998677,11.229094,0.00038468756,-7.8626943
2535,0,0,0.06444575,-2.6753154,0.7473655343055725,0.00015766385,-8.754888,0.999889,9.106295
2536,1,1,0.9352625,2.6704867,0.864152729511261,0.9999716,10.471233,0.00026523106,-8.234644
2537,0,1,0.93806493,2.7177327,1.0,0.99987876,9.017479,0.019945415,-3.894609
2538,1,1,0.93522674,2.6698961,0.7875379323959351,0.99990106,9.221525,0.00024794458,-8.302057
2539,0,0,0.06751779,-2.625459,0.7631435990333557,0.006610481,-5.0124664,0.99973696,8.243013
2540,0,0,0.06437605,-2.676472,0.727360725402832,8.132011e-06,-11.719694,0.999892,9.133593
2541,1,1,0.93523574,2.6700447,0.6850362420082092,0.9999442,9.794516,0.00017133204,-8.671736
2542,1,1,0.93504536,2.6669059,0.5383865237236023,0.9995658,7.741466,9.1862916e-05,-9.295121
2543,1,1,0.9303007,2.591318,0.4997153580188751,0.98983055,4.57814,0.00016882073,-8.686504
2544,1,1,0.93523103,2.669967,0.8493039011955261,0.9998808,9.034743,0.00034163555,-7.9814243
2545,1,1,0.935248,2.6702476,0.6612492799758911,0.99995315,9.967649,0.00022576888,-8.395773
2546,0,0,0.06438066,-2.6763954,0.7640285491943359,2.533202e-05,-10.583416,0.9998684,8.93532
2547,1,0,0.009207794,-4.6784544,1.0,3.088886e-05,-10.385084,0.17844994,-1.5268847
2548,1,1,0.93525034,2.6702857,0.6360194683074951,0.9999696,10.402301,0.0001885742,-8.57583
2549,1,1,0.93525666,2.6703901,0.6199673414230347,0.99994934,9.890682,0.0002969919,-8.121509
2550,1,1,0.935253,2.67033,0.5816335678100586,0.9999714,10.459715,0.00020133582,-8.510335
2551,1,1,0.93523365,2.6700103,0.7863773107528687,0.99988604,9.079857,0.00034234402,-7.979352
2552,1,1,0.9352749,2.6706915,0.8064932823181152,0.9999821,10.928701,0.00031578596,-8.06013
2553,0,1,0.9372232,2.7033358,1.0,0.9999565,10.041968,0.013790772,-4.269869
2554,0,1,0.9169444,2.4015365,1.0,0.8542292,1.7681646,0.3553465,-0.5956197
2555,1,1,0.9335578,2.6426706,0.7521467208862305,0.996396,5.622081,0.00027130745,-8.211987
2556,1,0,0.044741623,-3.0610776,1.0,0.0066029234,-5.013618,0.8210364,1.5233854
2557,0,0,0.064349875,-2.6769066,0.6810951232910156,2.0197978e-05,-10.809908,0.99967515,8.031677
2558,0,1,0.98270226,4.03973,1.0,0.9103895,2.3183994,0.8481161,1.7199011
2559,1,1,0.9352473,2.6702356,0.665388286113739,0.99997365,10.543804,0.00015568563,-8.767516
2560,0,0,0.06435807,-2.6767704,0.6995119452476501,1.7186456e-05,-10.971372,0.99974054,8.256519
2561,0,0,0.06438679,-2.6762936,0.6593968272209167,4.2607957e-05,-10.063427,0.99985504,8.838741
2562,0,1,0.97804374,3.7965019,1.0,0.9999491,9.885974,0.46231747,-0.1510166
2563,1,1,0.93496907,2.6656504,0.6506301760673523,0.99936646,7.3636165,0.00021349899,-8.451665
2564,0,0,0.06439795,-2.6761084,0.6120423078536987,5.424719e-05,-9.821905,0.9998939,9.150853
2565,1,1,0.93524873,2.6702592,0.7030132412910461,0.999979,10.773321,0.00014806249,-8.817728
2566,0,0,0.06437806,-2.6764386,0.6718837022781372,1.0204739e-05,-11.492648,0.999899,9.200429
2567,1,1,0.9352135,2.6696777,0.7436444163322449,0.9998005,8.519449,0.00047974018,-7.641786
2568,1,1,0.9352604,2.670452,0.561822772026062,0.99998844,11.369586,0.00019723728,-8.530906
2569,0,1,0.9910807,4.710579,1.0,0.99994934,9.890902,0.83734095,1.6385752
2570,1,1,0.9352639,2.6705093,0.7781100869178772,0.99996936,10.39312,0.0002814804,-8.175166
2571,0,1,0.99195707,4.814886,1.0,0.99989724,9.183618,0.8803012,1.9952848
2572,1,1,0.9352816,2.6708016,0.7763300538063049,0.99997544,10.614483,0.00038212232,-7.8693876
2573,0,1,0.99340546,5.014897,1.0,0.99994373,9.786323,0.9622137,3.2372913
2574,1,1,0.93344927,2.640922,0.6316778063774109,0.9961947,5.567565,0.00019671874,-8.533539
2575,1,1,0.93053764,2.5949776,0.8782938122749329,0.9902678,4.6225305,0.00027379944,-8.202841
2576,1,0,0.087495714,-2.344603,0.735320508480072,0.355682,-0.5941554,0.00021202114,-8.458612
2577,0,0,0.064409144,-2.6759226,0.6578288078308105,9.176609e-05,-9.296176,0.9998503,8.806664
2578,0,1,0.52110374,0.084465116,1.0,0.61277616,0.458997,0.17577945,-1.5452081
2579,1,0,0.028140219,-3.5420117,1.0,0.0025916817,-5.952853,0.63652956,0.5603329
2580,0,1,0.96416634,3.2923763,1.0,0.99997914,10.778945,0.25538918,-1.0700731
2581,1,1,0.91716546,2.4044428,0.8330758213996887,0.9658084,3.3409867,0.00021279359,-8.454975
2582,1,1,0.935264,2.6705112,0.7514421343803406,0.9999764,10.652946,0.00025937925,-8.25696
2583,0,0,0.06430808,-2.677601,0.8478828072547913,8.033049e-06,-11.731938,0.99942905,7.467586
2584,1,1,0.7484764,1.0905027,0.6295391321182251,0.797004,1.3676735,0.00020591724,-8.48783
2585,1,1,0.9352569,2.6703942,0.6880336999893188,0.9999664,10.302019,0.00024399004,-8.318139
2586,0,0,0.06437704,-2.6764555,0.5603971481323242,1.6855669e-05,-10.990807,0.9998709,8.955239
2587,0,0,0.06437343,-2.6765153,0.7586007118225098,7.4355767e-06,-11.809227,0.9998764,8.99809
2588,0,1,0.9895739,4.552962,1.0,0.9998418,8.751649,0.7730167,1.2254243
2589,0,0,0.4030965,-0.39257953,0.6556695699691772,0.29344434,-0.87871397,0.9998392,8.735603
2590,0,0,0.06441207,-2.675874,0.6679184436798096,9.4919335e-05,-9.262388,0.99986017,8.875144
2591,1,1,0.93525386,2.6703439,0.6084876656532288,0.9999753,10.6082535,0.00019474293,-8.543635
2592,0,1,0.9928443,4.9326625,1.0,0.9999795,10.793518,0.9283637,2.561821
2593,0,0,0.17490757,-1.5512378,0.8361748456954956,0.14461893,-1.7774448,0.99973863,8.2493515
2594,0,0,0.064331286,-2.6772156,0.6909320950508118,5.124084e-05,-9.878922,0.9994493,7.5038667
2595,0,1,0.92485327,2.5101924,1.0,0.96841127,3.422858,0.035287376,-3.308305
2596,1,1,0.935194,2.669356,0.6915402412414551,0.99985754,8.856203,0.00016508166,-8.708905
2597,1,1,0.93156874,2.6110404,0.6582139730453491,0.9923658,4.8674483,0.00016428865,-8.713721
2598,1,0,0.062427226,-2.709293,1.0,0.00039691542,-7.8313904,0.98518467,4.197167
2599,0,1,0.94719416,2.8868823,1.0,0.9999169,9.396048,0.08922216,-2.3231695
2600,1,1,0.9352117,2.6696482,0.5588771104812622,0.9998683,8.935005,0.0002508704,-8.290323
2601,1,1,0.93526983,2.6706078,0.6226984858512878,0.999985,11.107286,0.00027213385,-8.208944
2602,1,1,0.9351811,2.6691427,0.6525397300720215,0.9997887,8.461828,0.00029775995,-8.118925
2603,0,0,0.07326846,-2.5375338,0.7127333283424377,0.017892057,-4.0053444,0.9997832,8.4360695
2604,0,1,0.9914117,4.7487273,1.0,0.9999552,10.012896,0.85297525,1.7581296
2605,1,1,0.93527657,2.670719,0.7474543452262878,0.99999285,11.855989,0.00029290695,-8.135363
2606,0,0,0.064335264,-2.6771493,0.7414977550506592,8.537816e-06,-11.670997,0.99961275,7.8558307
2607,1,1,0.935281,2.6707919,0.6389678716659546,0.99998474,11.091502,0.0003485712,-7.9613194
2608,0,0,0.06437849,-2.6764314,0.5690946578979492,1.9649957e-05,-10.837416,0.99987173,8.961725
2609,1,0,0.08986587,-2.3152738,1.0,0.05465993,-2.8504138,0.9735541,3.605849
2610,0,0,0.06437472,-2.6764941,0.5785706043243408,2.0947507e-05,-10.77347,0.99984205,8.7534075
2611,1,1,0.9352291,2.6699355,0.629353404045105,0.99993396,9.624868,0.00015912873,-8.745638
2612,1,1,0.9286598,2.5662825,0.6216508150100708,0.9865906,4.298297,0.00024415852,-8.317449
2613,1,1,0.93526584,2.6705418,0.8242597579956055,0.9999931,11.885419,0.00021903006,-8.426083
2614,1,1,0.9351345,2.668374,0.5832939743995667,0.99971896,8.176704,0.00020534359,-8.490621
2615,1,1,0.92199904,2.469823,0.7660357356071472,0.97419703,3.6311245,0.00024765398,-8.30323
2616,0,1,0.9801445,3.899219,1.0,0.9999796,10.799923,0.504361,0.017444205
2617,0,1,0.9812945,3.9600556,1.0,0.99997246,10.499325,0.52934533,0.11751646
2618,1,1,0.9341865,2.6528513,0.6867244243621826,0.9977489,6.0940776,0.00012756842,-8.96673
2619,1,1,0.9352416,2.6701412,0.5307564735412598,0.9999471,9.847548,0.00020123045,-8.510859
2620,1,1,0.92762893,2.550825,0.6641143560409546,0.98460346,4.158094,0.00024859034,-8.299456
2621,1,0,0.047510844,-2.9981208,1.0,0.00043254942,-7.7453814,0.8665711,1.870976
2622,1,1,0.9352595,2.6704373,0.7045177817344666,0.99999225,11.766947,0.00017876919,-8.629236
2623,1,0,0.11928184,-1.9992486,1.0,0.105284885,-2.1398354,0.94154227,2.7792153
2624,1,1,0.93526167,2.6704729,0.5620760917663574,0.9999845,11.072892,0.00021807462,-8.430455
2625,0,0,0.06436507,-2.6766543,0.7324254512786865,6.0506263e-06,-12.015343,0.99982375,8.643133
2626,1,1,0.93522537,2.6698735,0.5695001482963562,0.9999336,9.619324,0.00013525317,-8.908227
2627,0,1,0.9932029,4.9844427,1.0,0.9999802,10.830745,0.9496041,2.9361365
2628,0,0,0.06431654,-2.6774604,0.8717315793037415,4.821645e-06,-12.242391,0.99949706,7.5945497
2629,0,0,0.06437414,-2.6765037,0.7623726725578308,8.617746e-06,-11.661678,0.99987745,9.00671
2630,0,0,0.0643594,-2.6767485,0.6256514191627502,2.5007146e-05,-10.596324,0.9997247,8.197355
2631,1,1,0.9352711,2.6706283,0.6917098760604858,0.9999932,11.90708,0.0002540023,-8.277913
2632,1,1,0.9325495,2.6265278,0.692916989326477,0.9943031,5.1621265,0.00033175363,-8.010786
2633,0,0,0.06437381,-2.6765091,0.759148895740509,1.1027149e-05,-11.415139,0.99986744,8.928237
2634,1,1,0.935254,2.6703458,0.5798735618591309,0.9999763,10.651362,0.00019202195,-8.557709
2635,1,1,0.9352568,2.670392,0.7395561933517456,0.9999566,10.044184,0.0002738613,-8.202615
2636,1,1,0.9351962,2.6693926,0.671213686466217,0.9998455,8.775499,0.00021884927,-8.4269085
2637,1,0,0.060922768,-2.7352908,1.0,0.0006088046,-7.403404,0.97384167,3.6170814
2638,1,1,0.9352628,2.6704917,0.7260899543762207,0.9999808,10.8582535,0.00023781093,-8.343797
2639,0,1,0.9915274,4.7624063,1.0,0.99998236,10.944204,0.8584964,1.8028574
2640,0,0,0.06429621,-2.6777983,0.8670756816864014,8.463729e-06,-11.679712,0.9993468,7.333011
2641,0,0,0.064381465,-2.676382,0.6915528774261475,3.812586e-05,-10.17458,0.999833,8.697741
2642,0,1,0.9867308,4.308953,1.0,0.9999546,9.999283,0.6725461,0.7197232
2643,0,0,0.064354025,-2.6768377,0.750149667263031,9.520155e-06,-11.56209,0.99973744,8.244656
2644,1,1,0.93527156,2.6706362,0.6383209228515625,0.99999,11.507804,0.00026811808,-8.223815
2645,1,1,0.9351996,2.6694486,0.7593874931335449,0.9998449,8.771858,0.00024367434,-8.319434
2646,0,0,0.064377755,-2.6764436,0.647257387638092,2.6086123e-05,-10.554081,0.9998462,8.779958
2647,0,0,0.064369306,-2.6765838,0.7591067552566528,2.4390718e-05,-10.621284,0.99979407,8.487944
2648,0,0,0.06452202,-2.674051,0.33638909459114075,0.00036509076,-7.9149995,0.9997453,8.274995
2649,1,1,0.93525314,2.6703322,0.651566207408905,0.99995327,9.971115,0.00026044555,-8.252856
2650,1,1,0.9352504,2.670287,0.6820035576820374,0.9999552,10.014126,0.00023602802,-8.351324
2651,1,1,0.9352153,2.6697073,0.7871562838554382,0.99988925,9.107975,0.0002086142,-8.474815
2652,1,0,0.16278388,-1.6376588,1.0,0.17835093,-1.5275604,0.8565594,1.7870023
2653,1,1,0.9348704,2.6640291,0.8211080431938171,0.999132,7.048382,0.00029672557,-8.122406
2654,0,1,0.9280961,2.557805,1.0,0.9733879,3.5994172,0.038928714,-3.2063165
2655,0,0,0.064435065,-2.6754925,0.7286375761032104,0.00016885824,-8.686282,0.9997805,8.42357
2656,0,0,0.08028107,-2.4385343,0.5035562515258789,0.030586816,-3.456122,0.99986005,8.874586
2657,0,0,0.07002233,-2.5863464,0.6076949238777161,0.011633366,-4.4421763,0.9997435,8.268354
2658,1,1,0.93523455,2.670025,0.6592726111412048,0.99994886,9.880915,0.00014869748,-8.813448
2659,0,0,0.06435503,-2.676821,0.7163949012756348,6.993773e-06,-11.870483,0.99975246,8.303637
2660,1,0,0.013104426,-4.3216143,1.0,0.01101967,-4.4969926,0.28976113,-0.89654446
2661,0,0,0.064368814,-2.676592,0.6875466704368591,8.5325255e-06,-11.671617,0.99984133,8.748411
2662,1,1,0.93525666,2.6703901,0.6121296882629395,0.9999844,11.064898,0.00018481787,-8.595955
2663,1,1,0.9352728,2.670657,0.6940295100212097,0.9999815,10.895999,0.00030386986,-8.098607
2664,0,0,0.06436825,-2.6766016,0.6804582476615906,2.3306771e-05,-10.666743,0.9997904,8.469837
2665,0,1,0.93855053,2.7261214,1.0,0.9999733,10.53069,0.023085516,-3.7451937
2666,0,1,0.66766316,0.69763476,1.0,0.5807607,0.32589716,0.52959025,0.118499584
2667,0,0,0.06437661,-2.6764627,0.8341037034988403,4.742231e-05,-9.95637,0.99977034,8.378885
2668,1,1,0.9352612,2.670465,0.617165744304657,0.99999213,11.759139,0.00019014117,-8.5675535
2669,1,1,0.9259876,2.5266283,0.6545616388320923,0.9815046,3.971565,0.000217248,-8.434254
2670,0,1,0.9429644,2.8053524,1.0,0.9936958,5.060212,0.075638965,-2.5031312
2671,1,0,0.15742533,-1.677511,1.0,0.164128,-1.6278288,0.88562965,2.0468569
2672,0,0,0.06436514,-2.6766531,0.6709741353988647,1.0702662e-05,-11.445007,0.99980944,8.565401
2673,1,1,0.93525594,2.6703784,0.797497570514679,0.9999584,10.086604,0.0002625105,-8.244957
2674,0,1,0.99276465,4.921515,1.0,0.9921336,4.837263,0.9488419,2.9203215
2675,1,1,0.9352632,2.6704984,0.8499974608421326,0.9999721,10.48856,0.00026822265,-8.223425
2676,1,0,0.019885048,-3.8977017,1.0,7.960691e-06,-11.740987,0.49884883,-0.0046045333
2677,0,0,0.0646506,-2.6719227,0.763871967792511,0.00060559326,-7.408696,0.9998504,8.807196
2678,0,0,0.06438546,-2.6763158,0.6756155490875244,2.4191291e-05,-10.629494,0.99990475,9.259127
2679,0,0,0.040477928,-3.1656785,1.0,0.04073813,-3.1589994,0.6691108,0.704166
2680,0,0,0.06443701,-2.6754603,0.7380797266960144,0.00016254008,-8.724423,0.999814,8.58922
2681,0,1,0.935115,2.6680527,1.0,0.9962872,5.5922704,0.011032893,-4.49578
2682,1,1,0.9352576,2.6704059,0.5964075922966003,0.9999875,11.284645,0.0001811581,-8.615959
2683,1,1,0.93527156,2.6706362,0.6088299751281738,0.99998844,11.371756,0.0002727479,-8.20669
2684,1,1,0.9351395,2.6684566,0.6019062995910645,0.9997217,8.186538,0.00023025322,-8.376101
2685,1,1,0.9352497,2.670275,0.6470302939414978,0.99997723,10.689141,0.00016013363,-8.739342
2686,1,1,0.9278019,2.5534046,0.5258814096450806,0.9849695,4.182529,0.000137927,-8.888648
2687,1,1,0.9352598,2.6704423,0.7388771772384644,0.9999788,10.761625,0.00022362798,-8.405303
2688,0,0,0.06433304,-2.6771863,0.6039456725120544,1.6335605e-05,-11.022147,0.9995727,7.7574577
2689,1,0,0.060856853,-2.7364435,1.0,0.004026513,-5.51082,0.9624544,3.2439308
2690,0,0,0.06438839,-2.6762671,0.7622408866882324,4.5156034e-05,-10.005342,0.9998578,8.858089
2691,1,1,0.74290246,1.0611092,0.6857950687408447,0.7932255,1.3444787,0.00021275645,-8.45515
2692,1,1,0.9352501,2.670282,0.5711345672607422,0.9999621,10.179827,0.00021158898,-8.460653
2693,0,0,0.06501627,-2.6658916,0.7962269186973572,0.0014560221,-6.53059,0.99960905,7.84639
2694,0,1,0.98382354,4.107889,1.0,0.9995709,7.7533484,0.5912791,0.3692556
2695,0,0,0.064302795,-2.6776888,0.631796658039093,3.0076008e-05,-10.411753,0.99932265,7.296651
2696,0,0,0.064368024,-2.6766052,0.7679025530815125,4.023315e-05,-10.120779,0.9997347,8.234369
2697,0,0,0.06431213,-2.6775339,0.7475472092628479,1.3691823e-05,-11.198698,0.9994386,7.484485
2698,1,1,0.9352604,2.670452,0.7417030334472656,0.99995863,10.094068,0.00029204198,-8.138321
2699,1,1,0.9352167,2.669731,0.550687849521637,0.9999076,9.288878,0.00015918548,-8.745281
2700,0,1,0.9369693,2.6990283,1.0,0.99989474,9.158918,0.012220468,-4.3923473
2701,1,1,0.9352205,2.669793,0.5598390698432922,0.99992573,9.507471,0.00012720196,-8.969607
2702,1,0,0.061221693,-2.7300777,1.0,0.00023309384,-8.363836,0.9771803,3.7570474
2703,1,1,0.9352595,2.6704373,0.5996952056884766,0.9999589,10.098024,0.00028500363,-8.162724
2704,0,0,0.064370796,-2.6765592,0.561779797077179,9.67416e-06,-11.546042,0.9998512,8.813061
2705,1,1,0.93527055,2.6706195,0.8284646272659302,0.9999877,11.310606,0.00026818097,-8.22358
2706,1,0,0.062000178,-2.7166126,1.0,1.0969137e-05,-11.420414,0.9834141,4.0824785
2707,0,0,0.064443015,-2.6753607,0.7993605732917786,0.00021150245,-8.461062,0.9996984,8.106026
2708,1,0,0.048632182,-2.9736152,1.0,0.050365627,-2.936768,0.7171648,0.93044144
2709,0,1,0.99075085,4.673931,1.0,0.99964905,7.9543757,0.8232611,1.5385997
2710,1,0,0.021770619,-3.805183,1.0,3.4366505e-05,-10.278394,0.53672296,0.14715666
2711,0,0,0.06436682,-2.6766253,0.5961306691169739,1.9363037e-05,-10.852125,0.99979323,8.48358
2712,0,0,0.06437504,-2.6764886,0.6239883303642273,8.18669e-06,-11.712993,0.99988496,9.070742
2713,1,1,0.93524534,2.6702032,0.4815528988838196,0.99997044,10.429477,0.00015248905,-8.788265
2714,1,1,0.93525666,2.6703901,0.5608967542648315,0.99999106,11.619793,0.00016360286,-8.717905
2715,1,1,0.9352591,2.6704304,0.6977367401123047,0.99989605,9.171952,0.0004834021,-7.634178
2716,1,0,0.015155938,-4.174091,1.0,0.023174865,-3.7412393,0.31146926,-0.7932594
2717,1,1,0.9352621,2.6704798,0.7772121429443359,0.99997604,10.638426,0.00024848987,-8.29986
2718,0,1,0.93627214,2.6872845,1.0,0.9999207,9.442947,0.007319483,-4.909869
2719,0,1,0.939252,2.73835,1.0,0.99990344,9.245885,0.028325273,-3.5352666
2720,0,1,0.9381371,2.7189758,1.0,0.99998987,11.496561,0.02010061,-3.8866997
2721,0,1,0.93670297,2.6945279,1.0,0.9994129,7.4396524,0.011913215,-4.4181223
2722,1,1,0.935255,2.6703625,0.7860909700393677,0.9999647,10.251178,0.00023616487,-8.350744
2723,1,1,0.9352206,2.6697948,0.7103716731071472,0.9998789,9.019081,0.00027763177,-8.188937
2724,0,0,0.07051486,-2.5788074,0.6038964986801147,0.012614099,-4.3602457,0.99970466,8.127146
2725,0,1,0.9857976,4.240039,1.0,0.9999124,9.342363,0.6444081,0.59454834
2726,1,1,0.93525106,2.6702976,0.5254967212677002,0.9999604,10.13653,0.00022334138,-8.406586
2727,0,1,0.9660086,3.3470652,1.0,0.9999919,11.716558,0.27778596,-0.9554707
2728,1,1,0.9352623,2.6704836,0.6412179470062256,0.9999628,10.197815,0.00029213305,-8.138009
2729,0,1,0.9933989,5.013897,1.0,0.9999924,11.77723,0.96165115,3.2219257
2730,1,1,0.9352601,2.6704473,0.5358700156211853,0.9999895,11.462635,0.00019130796,-8.561435
2731,1,1,0.93522114,2.6698036,0.48605313897132874,0.9999254,9.502745,0.00013250059,-8.928791
2732,1,1,0.61559045,0.47087336,1.0,0.5837715,0.33827555,0.4269401,-0.29434654
2733,0,0,0.06438854,-2.6762645,0.6636441349983215,3.9741386e-05,-10.133078,0.99987614,8.995962
2734,1,1,0.9349842,2.6658995,0.6199482679367065,0.99939597,7.411293,0.0002213136,-8.415709
2735,0,0,0.06436866,-2.6765947,0.6045882701873779,1.2772787e-05,-11.268181,0.9998267,8.660072
2736,0,1,0.94760203,2.895067,1.0,0.99998224,10.940214,0.09237177,-2.2850134
2737,1,1,0.93525785,2.67041,0.5819979310035706,0.99997044,10.428726,0.00023689259,-8.347667
2738,0,1,0.9429,2.8041563,1.0,0.9999536,9.979382,0.055164456,-2.840692
2739,1,0,0.042514503,-3.1144652,1.0,0.015919587,-4.1241574,0.76938003,1.2048138
2740,1,0,0.035622634,-3.2985015,1.0,2.2452476e-05,-10.704087,0.7446412,1.070233
2741,0,1,0.9906536,4.663371,1.0,0.9648407,3.3120747,0.93009174,2.588099
2742,1,0,0.06287597,-2.7016516,1.0,0.00044631172,-7.7140465,0.988162,4.424529
2743,1,0,0.06218921,-2.7133667,1.0,4.640646e-05,-9.978025,0.9846326,4.160019
2744,0,0,0.06453591,-2.673821,0.7509111762046814,0.00035436254,-7.9448357,0.9998739,8.978085
2745,1,1,0.9352772,2.6707299,0.8317248225212097,0.9999845,11.073303,0.0003233853,-8.036343
2746,0,1,0.9909803,4.6992865,1.0,0.99331313,5.000909,0.85390055,1.7655275
2747,1,1,0.93520904,2.6696038,0.7065611481666565,0.99987316,8.972237,0.00021707988,-8.435028
2748,1,1,0.9352498,2.6702769,0.5744354724884033,0.99996734,10.3307905,0.00019295285,-8.552872
2749,0,1,0.59765613,0.39570847,1.0,0.6997687,0.8461969,0.02566649,-3.6365674
2750,0,1,0.98490876,4.1784344,1.0,0.99905413,6.9625244,0.62187326,0.49750686
2751,1,1,0.70276135,0.860482,0.7270351648330688,0.7674177,1.1937875,0.0003169245,-8.05653
2752,1,1,0.93525386,2.6703439,0.5993951559066772,0.999985,11.107034,0.00016410329,-8.71485
2753,1,1,0.93524665,2.6702247,0.6484138369560242,0.99994874,9.877673,0.00023090882,-8.373257
2754,1,0,0.07287312,-2.5433705,1.0,0.024166467,-3.698326,0.97735137,3.7647467
2755,1,1,0.9352936,2.6710007,0.7896014451980591,0.9999801,10.824049,0.0004489051,-7.70825
2756,1,0,0.05797375,-2.7880428,1.0,2.1722946e-05,-10.73712,0.9540735,3.0336967
2757,1,1,0.9352689,2.670592,0.6166998147964478,0.99998236,10.94644,0.00027382007,-8.202765
2758,1,0,0.014519707,-4.2176223,1.0,5.8878704e-06,-12.04261,0.36759907,-0.5425307
2759,0,1,0.9862807,4.275136,1.0,0.9999201,9.434614,0.6587807,0.6578654
2760,1,1,0.935255,2.6703625,0.6763191223144531,0.99998,10.816773,0.0001875569,-8.581241
2761,0,1,0.9373886,2.7061505,1.0,0.99613225,5.551195,0.027158199,-3.5785425
2762,0,1,0.9543838,3.0408027,1.0,0.99815685,6.2944202,0.15799297,-1.6732378
2763,1,1,0.93527067,2.6706216,0.6129134297370911,0.99998546,11.136817,0.00027625138,-8.193923
2764,0,0,0.066170275,-2.6470628,0.6559402346611023,0.00384315,-5.5576124,0.99971086,8.148382
2765,1,1,0.935262,2.6704788,0.6525134444236755,0.9999887,11.388743,0.00020717648,-8.481732
2766,0,1,0.9403197,2.7572184,1.0,0.99699247,5.803624,0.045362573,-3.0466442
2767,1,0,0.06207226,-2.7153738,1.0,6.510796e-05,-9.639399,0.9837494,4.103238
2768,0,0,0.06437058,-2.6765628,0.6660003662109375,1.128319e-05,-11.392185,0.9998447,8.7699795
2769,1,1,0.93526036,2.6704512,0.6660691499710083,0.999982,10.925745,0.00021707304,-8.43506
2770,1,0,0.018313609,-3.9816275,1.0,0.12842883,-1.9149225,0.05430601,-2.857284
2771,0,1,0.9260916,2.5281467,1.0,0.97638977,3.7221804,0.017174374,-4.0470133
2772,0,0,0.06439065,-2.6762297,0.6880077719688416,5.977969e-05,-9.724785,0.9998265,8.658672
2773,1,1,0.9352622,2.6704817,0.6915672421455383,0.9999862,11.185848,0.00021631994,-8.438536
2774,1,1,0.75233227,1.1110901,0.7803979516029358,0.7996352,1.3840158,0.00024998383,-8.293864
2775,0,1,0.7678918,1.1964453,1.0,0.80813116,1.4379122,0.008137684,-4.8030787
2776,1,1,0.93525606,2.6703804,0.686768114566803,0.9999751,10.602045,0.00021027208,-8.466898
2777,0,0,0.06433503,-2.677153,0.7895107269287109,1.4010284e-05,-11.175705,0.9995938,7.8080673
2778,1,1,0.9352672,2.6705644,0.844942569732666,0.99998605,11.180721,0.0002512191,-8.288934
2779,1,1,0.9352596,2.6704383,0.6905675530433655,0.9999894,11.456417,0.00018854506,-8.575985
2780,1,0,0.036896322,-3.2620492,1.0,0.0019185499,-6.2542653,0.7535416,1.1175909
2781,1,1,0.93498564,2.6659229,0.5479469299316406,0.9994173,7.4472904,0.00016312682,-8.720819
2782,1,1,0.9351751,2.6690443,0.672217607498169,0.9997987,8.51036,0.00022539636,-8.397425
2783,1,1,0.93524456,2.6701903,0.6814292669296265,0.99993134,9.586333,0.00027218004,-8.208775
2784,1,1,0.93525326,2.670334,0.767028272151947,0.99997795,10.724722,0.00018164847,-8.6132555
2785,1,0,0.0627094,-2.704482,1.0,6.520713e-06,-11.94052,0.9884051,4.4455276
2786,0,1,0.8508812,1.7415293,1.0,0.8533425,1.7610606,0.08739208,-2.3459017
2787,1,1,0.9352697,2.6706057,0.7098252773284912,0.99999154,11.68162,0.0002504789,-8.291885
2788,0,1,0.9930943,4.968482,1.0,0.9999236,9.479193,0.9432311,2.8103237
2789,0,1,0.9889686,4.495918,1.0,0.99996984,10.408362,0.7492059,1.0943813
2790,0,1,0.9451821,2.8473606,1.0,0.99993825,9.693047,0.07293931,-2.5423913
2791,0,0,0.19943735,-1.3898146,1.0,0.45538634,-0.17893046,0.073536605,-2.5335913
2792,0,0,0.06436547,-2.6766477,0.5821451544761658,9.347281e-06,-11.580416,0.999816,8.60021
2793,1,0,0.062632464,-2.7057917,1.0,0.00053365214,-7.5352325,0.98618454,4.268056
2794,1,1,0.9309815,2.601865,0.6820875406265259,0.99118024,4.7218995,0.00018639826,-8.587439
2795,1,0,0.055775885,-2.829022,1.0,0.0010085771,-6.8982058,0.9341092,2.6515944
2796,1,1,0.85813457,1.7998819,0.8010051846504211,0.88813066,2.0717874,0.00023748058,-8.345187
2797,0,0,0.16032758,-1.6557927,0.6398276686668396,0.13113986,-1.8909178,0.99988735,9.091045
2798,0,1,0.9385159,2.7255213,1.0,0.999962,10.176651,0.02287551,-3.754547
2799,0,1,0.5347447,0.13920304,1.0,0.406142,-0.3799373,0.8581197,1.7997605
2800,1,1,0.9352693,2.6705987,0.8599817752838135,0.99998724,11.267235,0.00026117786,-8.250048
2801,1,1,0.93528473,2.6708539,0.6151227355003357,0.99999285,11.846071,0.00034807986,-7.9627304
2802,1,1,0.9352575,2.670404,0.6316162943840027,0.99997544,10.61492,0.00021936986,-8.424532
2803,0,1,0.99182,4.797847,1.0,0.99996257,10.194321,0.8731034,1.9286809
2804,0,1,0.99295145,4.9478602,1.0,0.9946931,5.233432,0.95148236,2.9760935
2805,1,1,0.93319,2.636756,0.8152552247047424,0.99562716,5.4279666,0.00029949754,-8.113105
2806,1,1,0.9352991,2.6710913,0.8369883894920349,0.9999831,10.986263,0.00047661536,-7.648324
2807,1,1,0.93268675,2.6287122,0.8279367685317993,0.9946074,5.2173085,0.00025672404,-8.267252
2808,0,0,0.07944358,-2.4499311,0.5057246685028076,0.029138999,-3.506106,0.9998078,8.55657
2809,1,1,0.93525356,2.6703389,0.603358805179596,0.99995935,10.111188,0.00024341661,-8.320493
2810,1,1,0.93525845,2.6704197,0.6618525981903076,0.99998176,10.914599,0.00020535532,-8.490563
2811,1,1,0.93527263,2.670654,0.7197912931442261,0.9999453,9.814318,0.00041739893,-7.7810507
2812,0,0,0.064388186,-2.6762705,0.5914773344993591,5.248349e-05,-9.8549595,0.999833,8.697582
2813,0,0,0.06436654,-2.67663,0.7220456600189209,2.1797943e-05,-10.733673,0.9997836,8.4378805
2814,0,0,0.064368896,-2.6765907,0.7950343489646912,6.4312862e-06,-11.9543295,0.9998487,8.796688
2815,0,0,0.064395405,-2.6761508,0.6310690641403198,7.70152e-05,-9.471431,0.99980384,8.536463
2816,1,1,0.93507165,2.6673388,0.6969300508499146,0.9995987,7.820387,0.00016464667,-8.711544
2817,1,1,0.9352132,2.6696727,0.6464993953704834,0.99989927,9.20257,0.00016177841,-8.729121
2818,1,1,0.9352661,2.6705458,0.8055106997489929,0.99997544,10.612675,0.00027711265,-8.190809
2819,1,1,0.9352629,2.6704936,0.6546717882156372,0.9999771,10.683298,0.00025086943,-8.290327
2820,1,1,0.93394405,2.6489143,0.8067204356193542,0.9972107,5.879179,0.00023191053,-8.368927
2821,0,1,0.9935913,5.043671,1.0,0.99998343,11.007454,0.97389394,3.619132
2822,0,1,0.96903205,3.4433448,1.0,0.92877895,2.568082,0.5447049,0.1792986
2823,1,1,0.9352235,2.669843,0.47537511587142944,0.99991333,9.3534975,0.00018679074,-8.585335
2824,1,1,0.9352524,2.6703203,0.6443724036216736,0.9999745,10.576038,0.00018765297,-8.580729
2825,0,0,0.06531943,-2.6609154,0.7672746777534485,0.002034964,-6.19524,0.9998018,8.526248
2826,1,1,0.9352593,2.6704335,0.6173297166824341,0.99998593,11.170927,0.000197682,-8.528653
2827,1,1,0.933653,2.6442063,0.6497344970703125,0.9966266,5.6884546,0.00016498803,-8.709473
2828,0,0,0.06446907,-2.6749287,0.6140124201774597,0.00022496887,-8.399323,0.99983263,8.695108
2829,0,1,0.9904253,4.639009,1.0,0.9999844,11.063458,0.807864,1.4361902
2830,0,0,0.06462825,-2.6722925,0.7320955395698547,0.0005806217,-7.4508305,0.99977845,8.414726
2831,1,1,0.935259,2.6704285,0.5810824632644653,0.99998,10.817468,0.00021440902,-8.447411
2832,1,1,0.9352653,2.670533,0.8316168189048767,0.9999831,10.985069,0.00024786565,-8.302376
2833,1,1,0.9352576,2.6704059,0.6479010581970215,0.9999814,10.892829,0.00020086125,-8.512695
2834,1,1,0.93526906,2.670595,0.7628548741340637,0.9999813,10.885693,0.00027867025,-8.185203
2835,0,0,0.06440048,-2.6760664,0.5430353283882141,6.513641e-05,-9.638962,0.99987626,8.997385
2836,1,0,0.029773507,-3.4839106,1.0,5.0725535e-05,-9.88903,0.6684816,0.7013256
2837,0,1,0.94175327,2.7830553,1.0,0.9999894,11.451044,0.046392687,-3.0231102
2838,1,1,0.9352399,2.6701136,0.5219735503196716,0.9999434,9.77866,0.00020193683,-8.507354
2839,1,1,0.9352717,2.6706383,0.7925940752029419,0.9999846,11.084638,0.00028604298,-8.159082
2840,1,0,0.056957137,-2.8068128,1.0,1.6385671e-05,-11.019087,0.9463897,2.8709126
2841,1,1,0.9352616,2.670472,0.6629474759101868,0.9999747,10.5854,0.00024930382,-8.296589
2842,0,0,0.20294668,-1.3679783,1.0,0.42571688,-0.29934782,0.17724445,-1.5351292
2843,1,1,0.9288381,2.5689766,0.7792099118232727,0.9869206,4.3235493,0.00029608636,-8.124563
2844,0,1,0.94045,2.7595425,1.0,0.9999646,10.248998,0.036824748,-3.2640653
2845,1,1,0.91202927,2.3386679,0.6137449145317078,0.9573771,3.1118052,0.00015185322,-8.792444
2846,1,1,0.9352591,2.6704304,0.7495275139808655,0.9999815,10.899274,0.00020982166,-8.469043
2847,1,1,0.935265,2.670528,0.838266909122467,0.99997807,10.728748,0.00026147286,-8.248919
2848,1,1,0.93515867,2.668773,0.6903122663497925,0.9997279,8.209336,0.00034028396,-7.9853897
2849,0,1,0.98931235,4.527921,1.0,0.99998546,11.1400585,0.762284,1.1652423
2850,1,1,0.9352753,2.6706984,0.72235107421875,0.9999752,10.606761,0.00034051403,-7.9847136
2851,1,1,0.9352595,2.6704373,0.5619822144508362,0.99999225,11.77318,0.00017865912,-8.629852
2852,0,0,0.064313225,-2.6775155,0.7565581798553467,2.8981307e-05,-10.448831,0.9993973,7.413471
2853,1,0,0.058657262,-2.775596,1.0,0.0016676919,-6.3946457,0.95392376,3.0302866
2854,1,1,0.93518066,2.6691358,0.8561418056488037,0.9998011,8.522461,0.00025567712,-8.271339
2855,0,0,0.06439123,-2.67622,0.8109111785888672,0.00012345272,-8.999529,0.9996271,7.8938947
2856,0,0,0.06435177,-2.676875,0.615509033203125,8.393325e-06,-11.688066,0.99972576,8.20108
2857,1,1,0.9352555,2.6703715,0.804709255695343,0.99996245,10.18856,0.00024666495,-8.307233
2858,1,1,0.9299614,2.5860963,0.6394360065460205,0.98915905,4.513529,0.00017152917,-8.670586
2859,1,1,0.9352014,2.669478,0.4609067142009735,0.9998765,8.99927,0.00015473326,-8.773653
2860,0,0,0.064383626,-2.6763463,0.4743903875350952,1.8080782e-05,-10.920643,0.9999119,9.337296
2861,1,1,0.93526816,2.6705801,0.6938168406486511,0.9999552,10.013595,0.0003558022,-7.9407797
2862,0,0,0.06436629,-2.676634,0.645544171333313,1.7399194e-05,-10.959069,0.99979585,8.496193
2863,0,1,0.66106594,0.66804796,0.6339816451072693,0.42969874,-0.28308043,0.9998653,8.91271
2864,0,0,0.064376034,-2.6764722,0.7905424237251282,2.4958565e-05,-10.5982685,0.9998381,8.728844
2865,0,0,0.06444351,-2.6753526,0.7339172959327698,0.00017966531,-8.624235,0.99980336,8.533867
2866,0,1,0.99113315,4.71653,1.0,0.9999839,11.037964,0.8396736,1.6558015
2867,0,0,0.0643662,-2.6766355,0.6698035597801208,6.088366e-06,-12.009125,0.9998313,8.687748
2868,0,1,0.98888737,4.488498,1.0,0.99988675,9.086203,0.74642736,1.0796479
2869,0,0,0.0643741,-2.6765044,0.6608371138572693,1.7912333e-05,-10.930003,0.9998474,8.787843
2870,0,1,0.9429854,2.8057437,1.0,0.99875426,6.6868033,0.059646152,-2.7578266
2871,0,0,0.06438106,-2.6763887,0.670832097530365,1.48518175e-05,-11.117373,0.99990463,9.257605
2872,0,0,0.06443223,-2.6755395,0.7320629358291626,0.00014127928,-8.864631,0.9998493,8.800564
2873,1,0,0.010604194,-4.535845,1.0,5.058574e-05,-9.89179,0.23689651,-1.1697704
2874,0,1,0.993548,5.0368886,1.0,0.9970379,5.818859,0.98051924,3.9186575
2875,1,1,0.93502754,2.6666124,0.8394362926483154,0.9994773,7.555873,0.0002540861,-8.277583
2876,1,1,0.93525875,2.6704247,0.8553957939147949,0.9999814,10.88969,0.00020876105,-8.474112
2877,0,1,0.97157997,3.5318294,1.0,0.99994147,9.745863,0.35375106,-0.6025914
2878,1,1,0.9352595,2.6704373,0.791770875453949,0.99998224,10.935252,0.00021057662,-8.46545
2879,0,1,0.9937611,5.0706964,1.0,0.99998295,10.979876,0.98497957,4.1832104
2880,1,1,0.93526024,2.6704493,0.6790720224380493,0.9999691,10.384554,0.00025745106,-8.264423
2881,0,1,0.9909915,4.7005343,1.0,0.99971825,8.174097,0.83395946,1.6139526
2882,0,0,0.06433511,-2.677152,0.7129472494125366,7.570871e-06,-11.791195,0.99961483,7.8615365
2883,0,0,0.06540529,-2.65951,0.6574846506118774,0.0022032862,-6.1155996,0.999841,8.746265
2884,0,0,0.06438192,-2.6763747,0.8781467080116272,2.8847324e-05,-10.4534645,0.9998658,8.915792
2885,1,0,0.027486747,-3.5661798,0.6901494860649109,0.19871837,-1.3943238,0.00028663373,-8.157019
2886,0,1,0.94089735,2.7675583,1.0,0.999956,10.032336,0.040141072,-3.1743863
2887,1,0,0.04161458,-3.1367993,1.0,1.2723963e-05,-11.272011,0.81101507,1.4566194
2888,1,1,0.93526983,2.6706078,0.766258716583252,0.9999801,10.821412,0.0002876787,-8.1533785
2889,0,0,0.06434143,-2.6770468,0.762221097946167,1.2181797e-05,-11.315556,0.9996432,7.937933
2890,1,1,0.9352533,2.670335,0.7205196619033813,0.99996555,10.276871,0.00022219379,-8.411738
2891,1,1,0.9352349,2.6700308,0.6631069183349609,0.9999354,9.647697,0.00019365121,-8.549258
2892,1,1,0.935267,2.6705606,0.7702609300613403,0.9999839,11.035209,0.0002564095,-8.268478
2893,0,0,0.06436945,-2.6765816,0.7298183441162109,1.3577735e-05,-11.207066,0.99982965,8.677943
2894,0,0,0.0643332,-2.6771836,0.6242825388908386,7.976611e-06,-11.738989,0.99960047,7.8247514
2895,0,1,0.9836686,4.098201,1.0,0.99997437,10.570431,0.5860171,0.3475242
2896,0,1,0.97100294,3.5111349,1.0,0.9999807,10.855358,0.3451356,-0.6404908
2897,1,0,0.053749077,-2.8681812,1.0,8.299173e-05,-9.396687,0.9209988,2.4559953
2898,0,0,0.06452508,-2.6740003,0.6072701811790466,0.00034916037,-7.95963,0.99981695,8.6052685
2899,1,1,0.93520254,2.6694968,0.7496433854103088,0.99987745,9.006972,0.00015977064,-8.7416115
2900,1,1,0.9351048,2.6678848,0.687957763671875,0.99964523,7.943562,0.00023987869,-8.335137
2901,1,1,0.9350899,2.6676393,0.8071141242980957,0.9995678,7.7462673,0.00038650035,-7.857991
2902,0,0,0.06437675,-2.6764603,0.6024105548858643,1.7261047e-05,-10.967041,0.99986756,8.929703
2903,1,1,0.9352527,2.6703253,0.748680591583252,0.9999682,10.355068,0.0002098999,-8.46867
2904,0,0,0.3911757,-0.442373,1.0,0.5334499,0.13399976,0.2129564,-1.3071961
2905,0,1,0.93668467,2.694219,1.0,0.9999609,10.149875,0.010036533,-4.5914364
2906,1,0,0.05386241,-2.865955,1.0,1.2665911e-05,-11.276584,0.92213666,2.4717376
2907,0,0,0.06440285,-2.6760273,0.7189791202545166,7.803532e-05,-9.458271,0.9998512,8.813392
2908,1,1,0.93524843,2.6702542,0.5984834432601929,0.9999571,10.057249,0.0002165234,-8.437595
2909,0,0,0.06437066,-2.6765614,0.802655041217804,2.3032633e-05,-10.6785755,0.99980766,8.555697
2910,1,0,0.082433596,-2.4097319,1.0,0.087803885,-2.3407493,0.82895535,1.5782417
2911,1,1,0.923454,2.490229,0.5888210535049438,0.9768023,3.7402315,0.0002998555,-8.11191
2912,1,0,0.029652957,-3.488092,1.0,8.136526e-06,-11.719139,0.6669022,0.6942074
2913,1,1,0.9352427,2.6701598,0.5102611184120178,0.999944,9.790578,0.00021906555,-8.4259205
2914,1,1,0.93525,2.67028,0.6746345162391663,0.9999535,9.97711,0.00023784202,-8.343666
2915,0,1,0.94780296,2.8991208,1.0,0.9999927,11.830978,0.09400155,-2.2657263
2916,0,1,0.9896248,4.5579076,1.0,0.9995425,7.689189,0.7760002,1.2425078
2917,0,1,0.9937597,5.070466,1.0,0.9999467,9.838942,0.98500156,4.1846952
2918,1,1,0.93523717,2.6700683,0.6013425588607788,0.99994385,9.786699,0.00018205126,-8.61104
2919,0,1,0.99345994,5.0232472,1.0,0.99998975,11.483681,0.96549416,3.3315125
2920,0,0,0.06461249,-2.672553,0.5013296604156494,0.00051006395,-7.5804644,0.9998969,9.1798935
2921,0,1,0.9554616,3.0658433,1.0,0.99989974,9.207641,0.16270043,-1.6382712
2922,0,1,0.99311584,4.9716244,1.0,0.99998057,10.846781,0.9443404,2.8312328
2923,0,1,0.93599415,2.6826348,1.0,0.9978587,6.1442046,0.011996997,-4.4110293
2924,1,1,0.9351475,2.668589,0.6892681121826172,0.9997248,8.197816,0.00027443765,-8.200512
2925,0,0,0.06437775,-2.6764438,0.5877039432525635,1.4439635e-05,-11.145519,0.9998834,9.056769
2926,1,0,0.06189602,-2.718405,1.0,0.0006892758,-7.2791796,0.9805125,3.918305
2927,1,0,0.010300306,-4.565228,0.7464886903762817,0.07037734,-2.5809073,0.00025401442,-8.277865
2928,1,1,0.9352594,2.6704354,0.6641767024993896,0.9999789,10.765463,0.00022071197,-8.418431
2929,0,0,0.06436674,-2.6766264,0.7308985590934753,1.1342117e-05,-11.386976,0.9998184,8.613033
2930,0,0,0.064414196,-2.675839,0.7240879535675049,0.00012191973,-9.012026,0.99978846,8.460781
2931,0,1,0.947302,2.88904,1.0,0.99514467,5.3228207,0.10534741,-2.1391718
2932,1,0,0.009331764,-4.6649556,1.0,1.5721827e-05,-11.060445,0.18403669,-1.4892342
2933,0,0,0.06446012,-2.6750772,0.7353527545928955,0.00025034376,-8.292425,0.9996908,8.081106
2934,1,1,0.9352374,2.6700723,0.6793434619903564,0.9999442,9.794562,0.00018271315,-8.60741
2935,1,1,0.93527657,2.670719,0.6652342677116394,0.9999839,11.040705,0.00032122026,-8.043062
2936,1,1,0.9351378,2.6684291,0.5621646046638489,0.99973506,8.235867,0.00017654587,-8.641753
2937,1,1,0.9352412,2.6701353,0.8485955595970154,0.9999409,9.735708,0.00021906263,-8.425934
2938,0,1,0.95298624,3.00916,1.0,0.99555886,5.4123993,0.15330702,-1.7088956
2939,1,1,0.93511236,2.6680095,0.6206141710281372,0.99968505,8.0629015,0.00016392906,-8.715913
2940,1,1,0.9352753,2.6706984,0.7212868332862854,0.99999154,11.684592,0.00028862958,-8.150078
2941,1,1,0.9352571,2.670397,0.7722405195236206,0.99995625,10.035844,0.00027761457,-8.188999
2942,1,1,0.93493104,2.6650252,0.8204781413078308,0.9992686,7.219791,0.0002694057,-8.219023
2943,1,1,0.93521583,2.6697161,0.5800908207893372,0.9998965,9.1761265,0.0001887881,-8.574697
2944,1,1,0.935238,2.670082,0.7624965906143188,0.99994826,9.868894,0.00017400444,-8.656256
2945,0,1,0.9363669,2.6888738,1.0,0.9999683,10.357346,0.007819913,-4.843231
2946,0,0,0.064444795,-2.6753314,0.6577543020248413,0.00016682544,-8.698396,0.99985325,8.827118
2947,0,1,0.9440726,2.8261487,1.0,0.99989474,9.158553,0.06437503,-2.6764889
2948,1,1,0.93525374,2.670342,0.5734393000602722,0.99998,10.815701,0.00017914663,-8.627127
2949,0,0,0.06437174,-2.6765435,0.6617635488510132,3.6584268e-05,-10.215856,0.9997718,8.384691
2950,0,0,0.06437028,-2.6765678,0.5945415496826172,6.4443702e-06,-11.952297,0.999858,8.860151
2951,0,0,0.064360805,-2.6767251,0.7325004935264587,7.2352364e-06,-11.83654,0.99979097,8.472955
2952,0,1,0.9380855,2.7180867,1.0,0.9981255,6.2775135,0.025690172,-3.6356208
2953,1,1,0.9352274,2.6699069,0.8059718012809753,0.99991,9.3151655,0.00022406316,-8.403358
2954,1,1,0.9351431,2.6685164,0.7861660122871399,0.99969995,8.110977,0.00032407168,-8.034222
2955,0,0,0.13932751,-1.8208867,0.8032956123352051,0.10996187,-2.0911307,0.9997844,8.441872
2956,1,1,0.93524855,2.6702564,0.566034197807312,0.9999621,10.180591,0.0002007747,-8.513126
2957,0,1,0.93661994,2.693128,1.0,0.99962866,7.8979287,0.010649652,-4.5315213
2958,1,0,0.023468187,-3.7283616,1.0,0.000853025,-7.0658684,0.5656267,0.26402995
2959,0,0,0.06439557,-2.676148,0.7538484334945679,4.5660985e-05,-9.994221,0.999905,9.261068
2960,1,1,0.9352618,2.6704748,0.7575286626815796,0.999984,11.04578,0.00022042215,-8.419745
2961,0,1,0.9603778,3.1879375,1.0,0.9995316,7.665674,0.21396872,-1.3011667
2962,0,1,0.9439141,2.823151,1.0,0.9999653,10.270693,0.062919445,-2.700914
2963,1,1,0.93515754,2.6687543,0.7813615202903748,0.99973637,8.240522,0.00030553294,-8.093147
2964,1,1,0.9352425,2.670156,0.618571400642395,0.9999417,9.749157,0.00022535854,-8.397593
2965,1,1,0.9352477,2.6702425,0.5911091566085815,0.99994946,9.893827,0.00023580441,-8.352272
2966,1,0,0.054574315,-2.852072,1.0,2.8067258e-05,-10.480879,0.9277835,2.5531285
2967,0,1,0.9436259,2.8177204,1.0,0.99997234,10.494296,0.060669348,-2.739729
2968,1,1,0.9352504,2.670287,0.7725285291671753,0.99995744,10.065155,0.00022822405,-8.384954
2969,0,0,0.06435035,-2.6768987,0.7516281008720398,8.744077e-06,-11.647125,0.9997149,8.162685
2970,0,1,0.99209905,4.8328395,1.0,0.9999815,10.895795,0.8873993,2.0644476
2971,1,1,0.9352529,2.6703281,0.6054476499557495,0.9999746,10.58251,0.00019074933,-8.56436
2972,0,0,0.06436617,-2.676636,0.6750110387802124,7.5886746e-06,-11.788846,0.9998264,8.658321
2973,1,0,0.013364104,-4.3017287,1.0,0.07300095,-2.54148,0.099983476,-2.1974082
2974,1,1,0.9352744,2.6706836,0.836481511592865,0.9999795,10.794653,0.00032040518,-8.045604
2975,1,0,0.024732336,-3.6746004,1.0,0.0004086954,-7.8021317,0.5891026,0.36025682
2976,0,0,0.06436364,-2.676678,0.6577805876731873,9.544772e-06,-11.559507,0.9998029,8.531704
2977,0,0,0.06438343,-2.6763494,0.6402011513710022,2.962654e-05,-10.42681,0.99987364,8.976022
2978,1,1,0.9352689,2.670592,0.6705163717269897,0.9999559,10.028867,0.00035854807,-7.9330893
2979,0,1,0.99315685,4.9776406,1.0,0.9999261,9.512192,0.9469836,2.8826811
2980,1,1,0.93525785,2.67041,0.7091181874275208,0.9999696,10.400091,0.00023945593,-8.336902
2981,0,0,0.064364,-2.676672,0.7411325573921204,1.130718e-05,-11.390061,0.9997998,8.515639
2982,0,0,0.06437904,-2.6764224,0.6558011770248413,1.7665654e-05,-10.943871,0.99988186,9.043256
2983,1,0,0.052784737,-2.8873043,1.0,9.6119096e-05,-9.249826,0.9131111,2.3522267
2984,0,0,0.06444694,-2.6752956,0.7044989466667175,0.00017377114,-8.657598,0.9998456,8.776021
2985,0,1,0.9429285,2.8046856,1.0,0.99991024,9.317852,0.055519875,-2.8338935
2986,0,1,0.9925721,4.8950605,1.0,0.999979,10.769646,0.91293496,2.350009
2987,1,1,0.9352597,2.6704404,0.6738675236701965,0.9999825,10.950058,0.00021144116,-8.461352
2988,1,1,0.9352524,2.6703203,0.7379755973815918,0.9999671,10.321255,0.00021086696,-8.464072
2989,1,1,0.9352384,2.670089,0.7256752252578735,0.99990964,9.312249,0.00029943843,-8.113302
2990,0,0,0.06437407,-2.6765049,0.6407716870307922,1.4440117e-05,-11.145486,0.9998584,8.862333
2991,1,1,0.93522245,2.6698253,0.5867937803268433,0.9999162,9.387043,0.00017057861,-8.676144
2992,0,1,0.945189,2.847494,1.0,0.999992,11.731473,0.07282169,-2.544132
2993,1,1,0.9352334,2.6700063,0.5255468487739563,0.99993753,9.680311,0.00017701768,-8.639084
2994,0,0,0.06438297,-2.676357,0.6668493151664734,1.8413173e-05,-10.902426,0.9999063,9.275608
2995,1,1,0.9352495,2.670272,0.7635182738304138,0.9999496,9.894741,0.00024748358,-8.303919
2996,0,0,0.06436133,-2.6767166,0.6748666167259216,2.044259e-05,-10.79787,0.99975246,8.303704
2997,1,1,0.9352821,2.6708105,0.7910513877868652,0.9999819,10.916145,0.00036511666,-7.9149284
2998,1,1,0.935076,2.6674104,0.6269078254699707,0.999466,7.5346365,0.00061743986,-7.3893113
2999,0,0,0.06444923,-2.6752577,0.6884739995002747,0.00020855413,-8.475103,0.9997501,8.294025
3000,0,1,0.99014086,4.609448,1.0,0.97825396,3.8063383,0.86513555,1.8586162
3001,1,0,0.016014008,-4.118148,1.0,1.86847e-05,-10.887787,0.40837044,-0.3707062
3002,0,0,0.06436804,-2.676605,0.6561160087585449,5.6599038e-06,-12.082098,0.99984527,8.77363
3003,0,1,0.9929589,4.9489255,1.0,0.99998903,11.418114,0.9350016,2.6661859
3004,1,0,0.43558004,-0.25912008,1.0,0.313054,-0.78588,0.9919716,4.8167124
3005,0,1,0.94367623,2.8186665,1.0,0.9999732,10.528326,0.061054815,-2.732985
3006,0,0,0.064346544,-2.676962,0.8594610095024109,1.8910714e-05,-10.875763,0.99965656,7.9760985
3007,1,1,0.9352537,2.670341,0.6632335186004639,0.9999621,10.180547,0.00023506499,-8.355413
3008,0,0,0.06437343,-2.6765153,0.8518980145454407,6.752107e-06,-11.905649,0.99987864,9.016747
3009,0,0,0.06489593,-2.667873,0.8246612548828125,0.0011295499,-6.784806,0.9998387,8.732062
3010,1,1,0.9352749,2.6706915,0.5646206140518188,0.9999826,10.961725,0.00031393176,-8.066021
3011,1,1,0.9352537,2.670341,0.734158456325531,0.9999714,10.460487,0.00020568277,-8.48897
3012,1,1,0.9352426,2.670158,0.5781777501106262,0.999959,10.101891,0.0001701793,-8.678488
3013,1,0,0.019794926,-3.9023361,1.0,1.2683982e-05,-11.275158,0.49693236,-0.012270831
3014,1,1,0.935274,2.6706767,0.820411741733551,0.99999,11.510448,0.00028389122,-8.1666355
3015,1,1,0.93463075,2.6600995,0.73566734790802,0.99864703,6.6041036,0.00023307363,-8.363923
3016,0,1,0.9393526,2.7401137,1.0,0.9999081,9.294237,0.029033713,-3.509834
3017,1,0,0.054649968,-2.8506067,1.0,0.0002257762,-8.3957405,0.92775327,2.5526795
3018,0,0,0.06453843,-2.6737792,0.6572862267494202,0.00036101343,-7.9262342,0.9998698,8.946602
3019,0,0,0.06436601,-2.6766386,0.782833456993103,9.018167e-06,-11.616261,0.99982077,8.626337
3020,0,0,0.0643657,-2.6766438,0.8067703247070312,9.975205e-06,-11.515398,0.9998155,8.597344
3021,1,0,0.060876567,-2.7360985,1.0,9.812663e-06,-11.531827,0.97542316,3.6810648
3022,1,1,0.93526804,2.6705782,0.7958354949951172,0.99998677,11.231646,0.00025408686,-8.27758
3023,0,0,0.06437278,-2.6765263,0.6448767781257629,3.737307e-05,-10.194523,0.9997763,8.405196
3024,1,1,0.93386745,2.6476736,0.6662378311157227,0.9970577,5.82559,0.00021078535,-8.464459
3025,1,1,0.93525594,2.6703784,0.677314043045044,0.9999646,10.247124,0.00024332889,-8.320853
3026,1,0,0.063887395,-2.6846137,1.0,6.544473e-05,-9.634239,0.9963685,5.6144867
3027,1,1,0.91644645,2.395016,0.6234447360038757,0.9646056,3.3051672,0.0001859362,-8.589921
3028,0,0,0.06440692,-2.6759596,0.6941066384315491,9.026111e-05,-9.312714,0.9998399,8.739544
3029,0,0,0.064346485,-2.6769629,0.6369882822036743,4.491993e-06,-12.31321,0.99970216,8.118845
3030,1,1,0.9352623,2.6704836,0.5425089001655579,0.9999747,10.587995,0.00025398633,-8.277976
3031,1,1,0.9352259,2.6698823,0.6495909690856934,0.999894,9.15207,0.0002648308,-8.236155
3032,1,1,0.9352434,2.6701717,0.656645655632019,0.9999671,10.320406,0.00015025532,-8.803024
3033,0,0,0.064533025,-2.673869,0.8731691241264343,0.00035332722,-7.9477625,0.99985766,8.857455
3034,1,1,0.93527365,2.6706707,0.8880059719085693,0.9999759,10.63394,0.000327269,-8.024401
3035,1,1,0.9352675,2.6705694,0.641472339630127,0.99998176,10.908981,0.0002664243,-8.230154
3036,1,1,0.93523175,2.6699789,0.8317789435386658,0.99993277,9.607252,0.0001810904,-8.616333
3037,1,1,0.9351765,2.669067,0.7176132202148438,0.9998041,8.537299,0.00021735347,-8.433768
3038,0,0,0.06438666,-2.6762958,0.6834641695022583,4.162495e-05,-10.086769,0.9998573,8.854633
3039,0,1,0.93784916,2.7140248,1.0,0.9927424,4.9184265,0.04121463,-3.146874
3040,0,0,0.064384565,-2.6763306,0.6839872002601624,4.923218e-05,-9.918914,0.99981874,8.615587
3041,0,0,0.06439091,-2.6762252,0.7236502170562744,4.506788e-05,-10.007296,0.9998753,8.98991
3042,1,1,0.8808553,2.0005548,0.6684497594833374,0.91391885,2.362451,0.00021464999,-8.446287
3043,1,1,0.928917,2.570171,0.7504900097846985,0.98710316,4.3377924,0.00020272663,-8.503449
3044,1,1,0.9352653,2.670533,0.804600715637207,0.99998343,11.0045395,0.00024678188,-8.306759
3045,0,0,0.0643699,-2.676574,0.7406031489372253,2.070631e-05,-10.785051,0.9998099,8.567457
3046,0,0,0.07984724,-2.4444244,0.6995257139205933,0.03005309,-3.4742758,0.9991479,7.066921
3047,1,1,0.93527544,2.6707003,0.8002142906188965,0.99997485,10.588414,0.0003427849,-7.9780645
3048,0,0,0.06445073,-2.6752326,0.6156359314918518,0.00020134522,-8.510288,0.99978346,8.437472
3049,1,1,0.9352621,2.6704798,0.6041075587272644,0.99997115,10.4527025,0.0002635575,-8.240975
3050,0,0,0.115412146,-2.0366123,0.6448948383331299,0.082221195,-2.4125433,0.99986625,8.919554
3051,0,1,0.9828111,4.0461526,1.0,0.9999527,9.959274,0.564731,0.2603854
3052,1,1,0.9352404,2.6701214,0.6893233060836792,0.99995756,10.068696,0.0001606976,-8.735826
3053,0,0,0.06436181,-2.6767085,0.6717168688774109,1.4681213e-05,-11.128927,0.99977404,8.395106
3054,1,1,0.9352612,2.670465,0.7527321577072144,0.999956,10.030583,0.0003055353,-8.09314
3055,0,1,0.93704826,2.7003663,1.0,0.9846298,4.1598406,0.061517905,-2.7249355
3056,0,1,0.9930306,4.9592333,1.0,0.999342,7.325667,0.9412973,2.7747722
3057,1,1,0.93530244,2.6711464,0.6539102792739868,0.9999807,10.852322,0.0005070299,-7.5864334
3058,1,1,0.93523204,2.6699836,0.7604411840438843,0.99988127,9.038947,0.00034712316,-7.9654837
3059,0,0,0.06449625,-2.674478,0.5816354751586914,0.00026977426,-8.217655,0.9998745,8.982578
3060,1,1,0.9352597,2.6704404,0.6750322580337524,0.9999927,11.830313,0.00017885989,-8.628729
3061,1,1,0.93522614,2.6698864,0.5738945603370667,0.9999304,9.571868,0.00014991287,-8.805306
3062,1,1,0.9352569,2.6703942,0.5865091681480408,0.9999795,10.7923355,0.00020171033,-8.508476
3063,1,1,0.93368095,2.6446576,0.7511778473854065,0.99663603,5.6912613,0.00031981862,-8.047437
3064,0,1,0.98022,3.9031067,1.0,0.9999758,10.628765,0.5059669,0.02386868
3065,0,0,0.064376496,-2.6764646,0.6770410537719727,2.9813518e-05,-10.420519,0.9998258,8.655094
3066,1,1,0.9352217,2.6698124,0.7721562385559082,0.9998883,9.099821,0.00025460726,-8.275534
3067,0,0,0.06491689,-2.6675277,0.6189584732055664,0.001238339,-6.692745,0.99963295,7.909821
3068,1,1,0.93526036,2.6704512,0.7749302983283997,0.99998474,11.090979,0.00020830274,-8.47631
3069,0,0,0.06437424,-2.6765022,0.474837064743042,8.846288e-06,-11.635504,0.99987733,9.005963
3070,0,1,0.8033011,1.4070555,0.8603509664535522,0.5246491,0.098676205,0.99984133,8.748474
3071,0,1,0.98309237,4.0629377,1.0,0.99993527,9.645153,0.5716739,0.28868383
3072,0,0,0.0643823,-2.6763682,0.7162653803825378,2.6420254e-05,-10.541353,0.999876,8.9951105
3073,0,0,0.06440919,-2.675922,0.7656495571136475,0.00015524312,-8.770363,0.99964786,7.951155
3074,0,0,0.44282812,-0.22969209,1.0,0.6090242,0.44321248,0.05886943,-2.77176
3075,1,1,0.93526083,2.670459,0.7906418442726135,0.9999844,11.066563,0.00021333924,-8.452414
3076,1,1,0.93525356,2.6703389,0.9282811880111694,0.99994767,9.858232,0.0002806639,-8.178072
3077,0,1,0.967101,3.38086,1.0,0.9997696,8.375706,0.2923615,-0.88394237
3078,1,1,0.93526244,2.6704857,0.7619615197181702,0.99999166,11.698742,0.00020012679,-8.516359
3079,0,1,0.94219035,2.7910516,1.0,0.9999639,10.229773,0.04975533,-2.949602
3080,1,1,0.9352576,2.6704059,0.5393849611282349,0.99998367,11.025558,0.00019354267,-8.549819
3081,1,0,0.05719275,-2.8024347,1.0,0.00042456106,-7.76403,0.94688237,2.880667
3082,1,1,0.93523884,2.670096,0.7236021161079407,0.9999448,9.804292,0.00019024202,-8.567023
3083,0,1,0.9704696,3.4923596,1.0,0.99993646,9.66314,0.3375726,-0.67413044
3084,0,0,0.06437445,-2.6764987,0.7479642629623413,1.0349111e-05,-11.4786,0.9998739,8.978718
3085,0,0,0.06440193,-2.6760423,0.7560608983039856,0.000106011255,-9.151859,0.9997557,8.317008
3086,0,0,0.064369015,-2.6765888,0.6711284518241882,1.8288501e-05,-10.90922,0.9998116,8.576672
3087,1,1,0.93526876,2.67059,0.5670701265335083,0.9999827,10.967793,0.00027183307,-8.210051
3088,1,1,0.93376315,2.6459858,0.7733914256095886,0.99683434,5.752231,0.00023173746,-8.369674
3089,1,1,0.9352576,2.6704059,0.6965296864509583,0.99999046,11.558111,0.00017221764,-8.666579
3090,1,1,0.9352611,2.670463,0.6415722966194153,0.99997854,10.748819,0.00023318766,-8.363434
3091,1,1,0.935254,2.6703458,0.49689581990242004,0.9999908,11.593855,0.00014601857,-8.831631
3092,0,0,0.06437435,-2.6765,0.5337520837783813,7.086937e-06,-11.85725,0.9998838,9.0599
3093,1,1,0.9352159,2.669717,0.5661381483078003,0.99988925,9.107897,0.00021231834,-8.4572115
3094,0,0,0.06469221,-2.6712348,0.6157512068748474,0.00067855156,-7.2948713,0.9998996,9.206581
3095,1,1,0.9350538,2.6670454,0.6414121985435486,0.999527,7.6558404,0.0002727172,-8.206802
3096,1,0,0.0071892394,-4.9279547,1.0,1.1639399e-05,-11.361103,0.076147,-2.4958873
3097,0,0,0.0643202,-2.6773996,0.8682773113250732,1.069397e-05,-11.44582,0.99950314,7.60663
3098,1,1,0.9352626,2.6704886,0.8436210751533508,0.9999902,11.541573,0.0002065089,-8.484961
3099,0,1,0.95396954,3.0313284,1.0,0.9991936,7.1221285,0.15079457,-1.7283827
3100,1,1,0.93518454,2.6691997,0.7413358092308044,0.999824,8.644397,0.00020861578,-8.474808
3101,0,0,0.064399414,-2.676084,0.7229883074760437,6.908032e-05,-9.580172,0.9998565,8.848636
3102,1,1,0.93526345,2.6705024,0.7378624677658081,0.9999728,10.5138645,0.00026735608,-8.226662
3103,0,1,0.9861334,4.2643085,1.0,0.9999658,10.281489,0.6541943,0.6375275
3104,1,0,0.122412294,-1.9697821,1.0,0.093525365,-2.2713304,0.9911855,4.7225018
3105,1,1,0.9352597,2.6704404,0.6290934681892395,0.99998665,11.224625,0.00019821103,-8.52598
3106,0,1,0.6791874,0.75004,1.0,0.45078176,-0.1975125,0.96617657,3.3521953
3107,1,0,0.016362553,-4.096262,1.0,2.594498e-05,-10.559506,0.41732645,-0.33375835
3108,0,1,0.9934862,5.0273013,1.0,0.99988914,9.107451,0.96747845,3.3927894
3109,0,1,0.7203039,0.9459696,1.0,0.52225876,0.089093834,0.8183014,1.5048813
3110,1,0,0.020898417,-3.846962,1.0,0.007560983,-4.8771644,0.49554572,-0.017817661
3111,1,1,0.93523884,2.670096,0.5217017531394958,0.9999547,10.001127,0.00015898359,-8.746551
3112,1,1,0.9352692,2.6705968,0.7449241280555725,0.99997437,10.573935,0.00030124868,-8.107273
3113,1,1,0.9352653,2.670533,0.7338129281997681,0.9999769,10.674871,0.00026781173,-8.224958
3114,1,1,0.9901008,4.605353,1.0,0.9382928,2.7216625,0.9910685,4.709194
3115,1,1,0.9352728,2.670657,0.8746423721313477,0.9999769,10.676258,0.0003180844,-8.0528755
3116,1,1,0.93523383,2.6700132,0.5838013887405396,0.9999385,9.696548,0.0001767421,-8.640642
3117,0,0,0.06436554,-2.6766465,0.8664483428001404,1.5961823e-05,-11.045295,0.9997954,8.49386
3118,0,1,0.96414274,3.2916932,1.0,0.9650101,3.317079,0.3667813,-0.5460502
3119,1,1,0.93524164,2.6701422,0.7440159320831299,0.99993896,9.703528,0.00022836098,-8.384355
3120,1,1,0.93212575,2.619811,0.9419351816177368,0.9934325,5.019044,0.0003564889,-7.938851
3121,0,1,0.957114,3.1053767,1.0,0.9996942,8.092099,0.17957628,-1.5192208
3122,0,0,0.064369574,-2.6765795,0.7100676894187927,2.7320004e-05,-10.507864,0.99978656,8.451626
3123,0,0,0.49792287,-0.008308498,1.0,0.65147513,0.6255295,0.014132037,-4.245078
3124,1,1,0.93520707,2.6695714,0.5744015574455261,0.9998772,9.005339,0.00019099393,-8.563078
3125,1,1,0.9352571,2.670397,0.7026500701904297,0.9999838,11.033312,0.00018948007,-8.571037
3126,0,1,0.99359185,5.043755,1.0,0.99998546,11.141263,0.9739193,3.62013
3127,0,0,0.064365596,-2.6766455,0.7646061778068542,2.5849726e-05,-10.563185,0.99976414,8.352047
3128,0,0,0.06437308,-2.6765213,0.583832323551178,1.6600809e-05,-11.0060425,0.9998447,8.770033
3129,1,1,0.9352522,2.6703165,0.6971203088760376,0.9999486,9.876585,0.00026845184,-8.22257
3130,1,1,0.9352366,2.6700585,0.9020212292671204,0.9998933,9.145162,0.00033946242,-7.9878078
3131,1,0,0.030545337,-3.4575217,1.0,0.0004262938,-7.7599554,0.67810905,0.74509513
3132,0,1,0.93750894,2.7082028,1.0,0.9997868,8.453203,0.016329065,-4.098345
3133,0,0,0.064350106,-2.6769028,0.8721559047698975,5.438191e-05,-9.819425,0.99956757,7.7456837
3134,0,1,0.9781636,3.8020988,1.0,0.9999763,10.647079,0.464525,-0.14213899
3135,1,0,0.05498524,-2.8441358,1.0,0.0072336267,-4.921755,0.9080287,2.2897995
3136,0,0,0.06437743,-2.676449,0.6589660048484802,3.2088734e-05,-10.346973,0.9998248,8.649311
3137,0,0,0.064372875,-2.6765246,0.8822937607765198,7.175598e-05,-9.542168,0.99966717,8.007408
3138,0,1,0.9852771,4.20352,1.0,0.9996284,7.897489,0.6303302,0.53363353
3139,1,0,0.0591222,-2.7672067,1.0,8.910319e-05,-9.325626,0.9624069,3.2426176
3140,1,1,0.93526167,2.6704729,0.752398669719696,0.9999862,11.185043,0.00021318714,-8.453127
3141,1,0,0.049233295,-2.9606986,1.0,0.021003507,-3.8418386,0.8162316,1.4910216
3142,1,0,0.03889681,-3.2071695,1.0,0.0022717488,-6.084931,0.77492964,1.2363592
3143,1,1,0.9352657,2.6705399,0.7788500785827637,0.9999931,11.884756,0.00021849274,-8.428539
3144,0,1,0.9934716,5.025047,1.0,0.9999498,9.900391,0.9663544,3.3576496
3145,1,1,0.9352505,2.6702888,0.7219744324684143,0.99995244,9.953939,0.00024487355,-8.314524
3146,1,0,0.025517635,-3.6425366,1.0,3.9782113e-05,-10.132053,0.6034358,0.41980183
3147,1,1,0.9352566,2.6703892,0.5397879481315613,0.99998,10.819089,0.00019791172,-8.527492
3148,0,0,0.06435505,-2.6768208,0.7113326787948608,6.875404e-06,-11.887553,0.99975306,8.3063545
3149,0,0,0.06434239,-2.677031,0.7743370532989502,7.2158596e-06,-11.839222,0.9996655,8.002336
3150,0,1,0.93715525,2.7021816,1.0,0.99961734,7.8679314,0.014400008,-4.226022
3151,0,1,0.9925736,4.8952627,1.0,0.9895195,4.547708,0.94642204,2.8715518
3152,0,0,0.06440327,-2.6760201,0.6565709114074707,6.7577166e-05,-9.602173,0.99988747,9.092607
3153,1,1,0.9345266,2.6583965,0.7474578619003296,0.99844044,6.461768,0.00019425592,-8.54614
3154,1,1,0.9352042,2.6695242,0.6250013709068298,0.99987304,8.971935,0.00018492187,-8.595392
3155,0,1,0.96590334,3.3438644,1.0,0.9999912,11.636758,0.27647564,-0.96201146
3156,1,0,0.05680298,-2.8096864,1.0,1.6012258e-05,-11.04214,0.94521177,2.8479342
3157,0,1,0.95270765,3.0029595,1.0,0.99993265,9.606196,0.1367954,-1.8421654
3158,1,1,0.9351859,2.6692224,0.5868899822235107,0.999843,8.759401,0.00015664802,-8.761353
3159,1,0,0.045444146,-3.0447621,1.0,0.00033118294,-8.012508,0.84775895,1.7171314
3160,1,1,0.93526053,2.670454,0.8348589539527893,0.99998915,11.436557,0.00019554322,-8.539534
3161,0,0,0.064374365,-2.6764998,0.5486215949058533,5.897537e-06,-12.04097,0.9998876,9.093111
3162,0,0,0.06423007,-2.678898,0.8351770639419556,0.00025699098,-8.266212,0.9981019,6.2650137
3163,0,1,0.9812857,3.9595752,1.0,0.9999716,10.468056,0.5291493,0.11672966
3164,1,0,0.044697184,-3.0621178,1.0,2.3319155e-05,-10.666212,0.84162146,1.6703427
3165,1,1,0.9351979,2.66942,0.6565682888031006,0.99985397,8.831282,0.00020334263,-8.500415
3166,0,1,0.98814595,4.4231606,1.0,0.9999373,9.67735,0.719457,0.94176984
3167,0,1,0.9410912,2.7710493,1.0,0.9999789,10.76803,0.04150034,-3.1396675
3168,1,1,0.9352522,2.6703165,0.7223452925682068,0.9999671,10.320392,0.00020973546,-8.469454
3169,0,0,0.06437688,-2.6764581,0.6858962774276733,6.240452e-05,-9.68181,0.9997243,8.196033
3170,1,1,0.9352524,2.6703203,0.583859920501709,0.99997747,10.70023,0.00017824206,-8.63219
3171,1,1,0.93525374,2.670342,0.7391822338104248,0.99996805,10.349932,0.0002169549,-8.435604
3172,0,0,0.064348355,-2.6769319,0.8120266199111938,6.7907426e-06,-11.899943,0.9997075,8.136812
3173,0,0,0.06445848,-2.6751041,0.7553101778030396,0.00025189933,-8.286229,0.9996747,8.030463
3174,1,1,0.9352425,2.670156,0.639794111251831,0.99994934,9.89106,0.00020048661,-8.514563
3175,1,1,0.93525344,2.670337,0.6182634830474854,0.99997485,10.590056,0.00019321723,-8.551502
3176,0,0,0.0643852,-2.67632,0.57742840051651,6.2178675e-05,-9.685436,0.99978167,8.4291115
3177,1,1,0.93521976,2.669781,0.6515530943870544,0.9998869,9.087307,0.00024598974,-8.309975
3178,1,1,0.9350268,2.6666007,0.7296873331069946,0.99949336,7.587194,0.00019822048,-8.525932
3179,0,0,0.06436674,-2.6766264,0.660513699054718,1.3152584e-05,-11.238879,0.99981254,8.581484
3180,0,1,0.9934169,5.0166454,1.0,0.9999831,10.988286,0.9628078,3.2537541
3181,0,0,0.06436555,-2.6766462,0.640364944934845,2.8113573e-05,-10.47923,0.99975663,8.320756
3182,0,0,0.0643561,-2.676803,0.80066978931427,7.5066914e-06,-11.799708,0.99975806,8.326373
3183,0,0,0.06436669,-2.6766274,0.7003726959228516,9.041365e-06,-11.613691,0.9998253,8.65225
3184,0,0,0.06436589,-2.6766407,0.7000648975372314,8.523588e-06,-11.672665,0.9998216,8.631083
3185,0,0,0.06437543,-2.6764822,0.5400377511978149,8.5938145e-06,-11.664459,0.9998863,9.08144
3186,1,1,0.93525577,2.6703753,0.6327542662620544,0.99997675,10.670072,0.00020258054,-8.50417
3187,1,0,0.063612305,-2.6892228,1.0,0.001854586,-6.2882376,0.98876405,4.4773417
3188,1,1,0.9352495,2.670272,0.8062996864318848,0.99994683,9.842728,0.00025629633,-8.26892
3189,1,1,0.93504786,2.6669471,0.6140349507331848,0.9994849,7.5707855,0.000367499,-7.9084225
3190,1,1,0.9352646,2.670521,0.6779280304908752,0.9999865,11.217821,0.00023159652,-8.370282
3191,1,1,0.93457615,2.6592064,0.6031717658042908,0.99854517,6.5314045,0.00019241768,-8.55565
3192,1,1,0.93525624,2.6703832,0.5523139238357544,0.99998605,11.181808,0.00017690532,-8.639719
3193,1,1,0.9352533,2.670335,0.5757432579994202,0.99998,10.817214,0.00017647687,-8.642144
3194,1,1,0.9352782,2.6707456,0.5968286991119385,0.9999778,10.715231,0.00035146155,-7.9530587
3195,1,1,0.93523633,2.6700544,0.6412500143051147,0.99995136,9.932113,0.00015283783,-8.78598
3196,1,1,0.93524396,2.6701806,0.6915841698646545,0.9999397,9.715275,0.00024122429,-8.329542
3197,0,0,0.06439699,-2.6761243,0.5739287734031677,7.045292e-05,-9.560495,0.9998356,8.713566
3198,1,1,0.9352639,2.6705093,0.5828772783279419,0.99998367,11.025384,0.00023578147,-8.352369
3199,1,1,0.93525636,2.6703851,0.7798604965209961,0.99997497,10.595774,0.00021311764,-8.453453
3200,1,0,0.063330084,-2.6939704,1.0,3.3627628e-05,-10.300129,0.9926313,4.903116
3201,0,1,0.9920913,4.8318515,1.0,0.9998111,8.573929,0.88753784,2.0658343
3202,1,1,0.93523467,2.670027,0.8052015900611877,0.9999012,9.221904,0.00030176612,-8.1055565
3203,1,1,0.93494624,2.665275,0.5223025679588318,0.9993186,7.290621,0.00021232502,-8.45718
3204,0,0,0.06438306,-2.6763556,0.6229690909385681,5.3571526e-05,-9.834439,0.99979454,8.49009
3205,0,0,0.06437154,-2.6765468,0.6985419392585754,8.382077e-06,-11.689406,0.9998604,8.876768
3206,0,0,0.06433472,-2.6771584,0.5932308435440063,1.8044024e-05,-10.922678,0.99957865,7.77163
3207,1,1,0.9352608,2.670458,0.6437017321586609,0.9999757,10.623194,0.00024029623,-8.333398
3208,0,0,0.0643771,-2.6764545,0.5175703763961792,8.911462e-06,-11.628163,0.99989665,9.177122
3209,1,1,0.93524325,2.6701686,0.7202510237693787,0.9999349,9.63903,0.0002516727,-8.287129
3210,0,0,0.06437435,-2.6765,0.7672292590141296,1.8425591e-05,-10.9017515,0.99984753,8.78872
3211,1,1,0.93522215,2.6698203,0.5050004720687866,0.99993587,9.654413,0.00010561884,-9.155568
3212,0,1,0.99327034,4.9944777,1.0,0.99997413,10.563511,0.9537423,3.0261664
3213,0,0,0.064419225,-2.6757555,0.5612145662307739,0.0001594191,-8.743814,0.9997029,8.121243
3214,0,0,0.06433674,-2.677125,0.6197878122329712,9.02523e-06,-11.615478,0.9996213,7.878289
3215,1,1,0.93529516,2.6710262,0.4126836955547333,0.999982,10.9248495,0.00045299652,-7.699173
3216,0,0,0.0643684,-2.676599,0.6648286581039429,8.729462e-06,-11.648798,0.9998379,8.726812
3217,1,1,0.93523663,2.6700594,0.8249276876449585,0.99994135,9.743322,0.00018654547,-8.586649
3218,1,1,0.93526024,2.6704493,0.8377033472061157,0.99997485,10.5901375,0.0002393044,-8.337535
3219,0,1,0.9350682,2.6672819,1.0,0.9778367,3.7869043,0.06963795,-2.5922642
3220,0,1,0.9936394,5.0512533,1.0,0.9999782,10.7337265,0.9770209,3.7499266
3221,1,1,0.93525606,2.6703804,0.669133186340332,0.99996245,10.189987,0.00025056416,-8.291545
3222,1,0,0.036472227,-3.2740502,1.0,1.0891147e-05,-11.427549,0.75470996,1.1238922
3223,1,0,0.060912143,-2.7354765,1.0,0.00022466684,-8.400667,0.9749922,3.6632438
3224,0,1,0.98462385,4.159442,1.0,0.98976105,4.571263,0.6437582,0.59171337
3225,1,1,0.93525815,2.670415,0.5733711123466492,0.99998665,11.223387,0.00018739137,-8.582124
3226,1,1,0.93525165,2.6703074,0.46763330698013306,0.9999925,11.804205,0.00012483643,-8.988381
3227,0,0,0.07204024,-2.5557635,0.8735247850418091,0.015763462,-4.1341715,0.99910164,7.013974
3228,0,0,0.06423116,-2.67888,0.7867492437362671,7.037489e-06,-11.864252,0.99890745,6.818148
3229,1,1,0.9352618,2.6704748,0.6943569183349609,0.9999857,11.157848,0.00021518154,-8.443813
3230,1,1,0.9350718,2.6673417,0.7894201874732971,0.99954,7.683648,0.0003533879,-7.947591
3231,1,1,0.9194983,2.4355502,0.854351282119751,0.9697477,3.4674673,0.0003953995,-7.8352184
3232,0,1,0.9827271,4.0411935,1.0,0.96895736,3.4408596,0.6616797,0.6707883
3233,0,0,0.06434383,-2.677007,0.733778178691864,7.7354025e-06,-11.769695,0.9996737,8.027436
3234,1,1,0.9352569,2.6703942,0.620988130569458,0.9999794,10.790232,0.00020212193,-8.506437
3235,0,1,0.98610944,4.2625575,1.0,0.9999448,9.805698,0.65354073,0.6346395
3236,1,1,0.9352473,2.6702356,0.6749107837677002,0.99997365,10.543027,0.00015571991,-8.767296
3237,0,0,0.06433564,-2.677143,0.815173327922821,1.7369766e-05,-10.960762,0.9995871,7.792047
3238,0,0,0.06447533,-2.674825,0.7140754461288452,0.00022516352,-8.3984585,0.9998746,8.983557
3239,0,1,0.9680503,3.4111214,1.0,0.99928504,7.2426147,0.30632332,-0.81736493
3240,1,1,0.93526655,2.6705534,0.6440808773040771,0.99998546,11.136335,0.00024836196,-8.300375
3241,0,0,0.06437861,-2.6764295,0.7207598686218262,6.5551735e-06,-11.935249,0.9999144,9.365522
3242,0,0,0.06437023,-2.6765685,0.5647021532058716,6.0888533e-06,-12.009045,0.99985886,8.865573
3243,0,0,0.06435579,-2.6768084,0.7773011922836304,1.13299875e-05,-11.388046,0.99974376,8.268953
3244,1,1,0.93525356,2.6703389,0.6483825445175171,0.9999645,10.245689,0.00022712609,-8.389778
3245,0,0,0.06436727,-2.6766176,0.7678622603416443,4.7231943e-06,-12.2630205,0.9998431,8.759686
3246,1,0,0.45112,-0.19614647,0.6138519644737244,0.63172084,0.53960645,0.00015102552,-8.797911
3247,0,1,0.961825,3.2266521,1.0,0.9999839,11.035511,0.22840843,-1.2173201
3248,0,0,0.06435257,-2.6768618,0.6650301814079285,1.1476471e-05,-11.3752,0.99972135,8.185321
3249,1,1,0.9352203,2.6697898,0.7067986130714417,0.999861,8.881092,0.0003322157,-8.009394
3250,1,1,0.9352558,2.6703763,0.7298092842102051,0.99996996,10.414589,0.00022541956,-8.397322
3251,1,1,0.9352621,2.6704798,0.7486345767974854,0.99995816,10.082457,0.0003051513,-8.094398
3252,0,1,0.9444606,2.8335207,1.0,0.9999093,9.30744,0.06735304,-2.6280787
3253,0,1,0.98819643,4.4274797,1.0,0.9338799,2.6478744,0.93218493,2.6207461
3254,0,0,0.064403206,-2.6760213,0.7784242630004883,9.2244416e-05,-9.290977,0.99980825,8.559147
3255,0,1,0.9618202,3.2265205,1.0,0.99996734,10.329005,0.22840683,-1.2173291
3256,1,1,0.93431467,2.6549377,0.6823145151138306,0.9979962,6.2107143,0.00019439416,-8.545428
3257,1,1,0.93524814,2.6702495,0.6229789853096008,0.9999628,10.200348,0.00019571258,-8.538668
3258,1,1,0.9351349,2.668381,0.5327877998352051,0.9997235,8.193256,0.00019368833,-8.549067
3259,0,1,0.9893322,4.5298004,1.0,0.94357574,2.8167763,0.9432013,2.809766
3260,1,1,0.93525994,2.6704443,0.8009746074676514,0.9999871,11.263119,0.00019757649,-8.529187
3261,1,1,0.9352616,2.670472,0.7402348518371582,0.9999764,10.652996,0.00024358586,-8.3197975
3262,1,1,0.93525314,2.6703322,0.7488486766815186,0.99994564,9.819311,0.00028420344,-8.165536
3263,0,1,0.99259675,4.8984046,1.0,0.9999207,9.441979,0.9144939,2.3697836
3264,0,1,0.98309904,4.0633397,1.0,0.99914706,7.0659633,0.5743554,0.29964387
3265,0,0,0.06451144,-2.6742263,0.7406113147735596,0.00032976078,-8.016813,0.9997862,8.450182
3266,1,0,0.106408425,-2.127964,1.0,0.15720813,-1.6791495,0.7229172,0.95897824
3267,0,1,0.97313786,3.5898077,1.0,0.9999918,11.706402,0.37737775,-0.5006932
3268,0,0,0.2483369,-1.107502,0.5602934956550598,0.20159191,-1.3763745,0.99985147,8.8146925
3269,1,1,0.9352573,2.670401,0.7493770122528076,0.99997365,10.542341,0.00022297201,-8.408241
3270,1,1,0.9350161,2.666424,0.6178273558616638,0.9994271,7.4640884,0.00033722693,-7.994417
3271,1,1,0.9273321,2.546412,0.7901180982589722,0.9840396,4.121553,0.00023843416,-8.341179
3272,1,1,0.93516773,2.6689224,0.7419102787971497,0.9997769,8.407545,0.00024529602,-8.312799
3273,0,0,0.06443229,-2.6755385,0.6891592741012573,0.000120741264,-9.02174,0.99991524,9.376003
3274,0,0,0.06451952,-2.6740925,0.8623099327087402,0.00032443585,-8.033098,0.999858,8.860129
3275,0,1,0.9820718,4.0032907,1.0,0.9999362,9.660138,0.5471969,0.18935141
3276,1,1,0.93524617,2.670217,0.8253056406974792,0.99994254,9.764702,0.00024731184,-8.304613
3277,1,1,0.9352203,2.6697898,0.6949499845504761,0.9999074,9.286993,0.00018443076,-8.598052
3278,0,1,0.9844306,4.1467566,1.0,0.9970323,5.817005,0.6153337,0.46978864
3279,0,0,0.4350439,-0.261301,0.7711738348007202,0.31034613,-0.7985016,0.99972445,8.19643
3280,1,0,0.057921316,-2.7890034,1.0,0.0015263385,-6.483356,0.9488744,2.920991
3281,0,0,0.06435207,-2.67687,0.5513168573379517,1.3989788e-05,-11.177169,0.9997099,8.145058
3282,0,0,0.0643761,-2.6764712,0.7936581373214722,5.3931206e-05,-9.827747,0.999746,8.278145
3283,1,1,0.93491375,2.664741,0.8349080085754395,0.99922526,7.162216,0.00029157012,-8.139938
3284,1,1,0.9352639,2.6705093,0.6259403824806213,0.99997675,10.66791,0.0002576001,-8.2638445
3285,0,1,0.9578103,3.1224732,1.0,0.9999697,10.405149,0.18571122,-1.4781222
3286,0,1,0.78323036,1.2845917,0.771705150604248,0.5089018,0.03561093,0.99988616,9.080265
3287,1,1,0.9352587,2.6704237,0.6978248953819275,0.9999888,11.399149,0.00018444218,-8.59799
3288,1,1,0.90711594,2.2789183,0.730225145816803,0.94970256,2.9381957,0.00014638243,-8.829142
3289,0,1,0.98053396,3.9194257,1.0,0.9501758,2.9481463,0.6716999,0.7158835
3290,1,1,0.93421406,2.6532993,0.56251460313797,0.9977532,6.0960236,0.00029820146,-8.117443
3291,0,1,0.93523204,2.6699836,1.0,0.99659437,5.678917,0.010843758,-4.5132627
3292,0,0,0.07037661,-2.5809186,0.7059481143951416,0.012312796,-4.384727,0.9998006,8.519726
3293,0,0,0.06435982,-2.6767414,0.6082152128219604,1.210264e-05,-11.322075,0.9997688,8.372059
3294,1,1,0.93451524,2.6582105,0.8851772546768188,0.99837923,6.4232326,0.0003137908,-8.06647
3295,0,1,0.9847253,4.166165,1.0,0.9363016,2.6877785,0.8172393,1.4977539
3296,0,0,0.06438603,-2.6763062,0.6768733263015747,5.733349e-05,-9.766568,0.99980277,8.530996
3297,0,0,0.06438393,-2.676341,0.8701888918876648,5.5248838e-05,-9.803608,0.99979514,8.493166
3298,1,1,0.93476385,2.66228,0.7548263072967529,0.9988691,6.783691,0.00041846407,-7.778501
3299,0,0,0.06435766,-2.6767774,0.8561625480651855,1.8965186e-05,-10.872887,0.9997321,8.224732
3300,1,1,0.9352811,2.6707938,0.7470722794532776,0.9999765,10.658049,0.00037508336,-7.887987
3301,1,1,0.93524915,2.6702662,0.5619581341743469,0.9999876,11.294377,0.00012371373,-8.9974165
3302,0,0,0.06437715,-2.6764538,0.7199438214302063,3.4433233e-05,-10.276454,0.9998155,8.597954
3303,1,1,0.93525285,2.6703272,0.6472312211990356,0.9999796,10.80127,0.00017375674,-8.6576805
3304,0,1,0.99200094,4.8203998,1.0,0.9999398,9.718109,0.88243085,2.0156531
3305,1,1,0.9352916,2.670967,0.7983311414718628,0.9999907,11.589758,0.0004012006,-7.8206477
3306,1,1,0.935289,2.6709247,0.8763983845710754,0.9999467,9.840372,0.0005239507,-7.553589
3307,1,1,0.93525994,2.6704443,0.6637834906578064,0.99998343,11.00939,0.00020942233,-8.470948
3308,0,0,0.06435799,-2.6767719,0.6691864132881165,1.0513548e-05,-11.462835,0.9997613,8.339914
3309,1,1,0.92508596,2.5135453,0.8301482200622559,0.97981024,3.8821802,0.00026033953,-8.253263
3310,1,0,0.008118125,-4.805505,1.0,3.6720205e-05,-10.212147,0.12630528,-1.9340291
3311,0,1,0.9923799,4.869317,1.0,0.99990404,9.251705,0.9026116,2.2265859
3312,0,0,0.06436809,-2.676604,0.7650692462921143,5.4795614e-06,-12.11448,0.9998462,8.779937
3313,0,0,0.0643634,-2.676682,0.5136383175849915,1.6190299e-05,-11.031082,0.99978,8.421549
3314,0,1,0.99165535,4.777755,1.0,0.99998045,10.840054,0.8648058,1.8557931
3315,0,0,0.06928448,-2.5977328,0.7908427715301514,0.0101379845,-4.5812764,0.9998474,8.787964
3316,1,1,0.9352597,2.6704404,0.6433375477790833,0.99998057,10.848536,0.00021771935,-8.432086
3317,0,0,0.06435934,-2.6767495,0.6535589694976807,6.956927e-06,-11.875766,0.9997819,8.430135
3318,1,1,0.9352648,2.670525,0.6143374443054199,0.9999913,11.650041,0.0002180322,-8.43065
3319,0,0,0.06436823,-2.6766016,0.6586866974830627,9.647672e-06,-11.548784,0.99983394,8.702965
3320,1,1,0.9352722,2.6706471,0.81348717212677,0.99998486,11.094725,0.0002882943,-8.15124
3321,1,1,0.934966,2.6656005,0.7497886419296265,0.9993266,7.3025227,0.0003207227,-8.044613
3322,1,1,0.93526345,2.6705024,0.7426244020462036,0.9999927,11.83708,0.00020444706,-8.494997
3323,1,1,0.9352474,2.6702375,0.6322084069252014,0.9999442,9.792905,0.00024994428,-8.294023
3324,1,1,0.93508434,2.667548,0.7427976131439209,0.9996226,7.8818674,0.00017401506,-8.656195
3325,0,0,0.064213455,-2.6791747,0.7908540964126587,4.8370362e-05,-9.936575,0.9986546,6.609705
3326,0,0,0.064372644,-2.6765285,0.554186224937439,7.953337e-06,-11.741911,0.99986935,8.94322
3327,1,0,0.052088186,-2.9013233,1.0,0.011402718,-4.4624352,0.87125194,1.9120739
3328,1,0,0.0597668,-2.7556777,1.0,0.004498115,-5.3995886,0.95305693,3.0107403
3329,0,0,0.0643793,-2.676418,0.8278778791427612,0.00010609306,-9.151088,0.9996012,7.8266683
3330,0,0,0.06436603,-2.6766384,0.5899262428283691,1.483527e-05,-11.118488,0.9998023,8.528709
3331,1,0,0.36511216,-0.55324376,1.0,0.3022923,-0.8364059,0.9056665,2.261834
3332,0,1,0.9402627,2.7562022,1.0,0.99680376,5.742593,0.04554905,-3.0423465
3333,0,0,0.068633564,-2.607871,0.7840391397476196,0.008836365,-4.720004,0.99984455,8.76936
3334,1,1,0.93526804,2.6705782,0.8410673141479492,0.99997675,10.666903,0.00028607898,-8.158957
3335,1,1,0.92500603,2.5123925,0.6297417283058167,0.97969764,3.8765082,0.00014757621,-8.821018
3336,0,1,0.9428433,2.803104,1.0,0.9999844,11.069199,0.054634184,-2.850912
3337,1,1,0.9352608,2.670458,0.6591547131538391,0.9999858,11.159296,0.00020752565,-8.480048
3338,1,1,0.93525994,2.6704443,0.5262319445610046,0.99999034,11.551488,0.00018773814,-8.580275
3339,1,0,0.0063334634,-5.0555544,1.0,0.0015669888,-6.4570312,0.018828494,-3.9533758
3340,0,0,0.0643638,-2.6766753,0.7796443700790405,1.0240508e-05,-11.489149,0.9998018,8.525822
3341,0,1,0.97260755,3.5697134,1.0,0.9998596,8.870856,0.36955664,-0.53411937
3342,1,0,0.05398755,-2.8635023,1.0,0.00062121544,-7.383211,0.9211997,2.4587593
3343,0,1,0.9415703,2.7797244,1.0,0.99941015,7.4351377,0.04687572,-3.0122454
3344,1,1,0.935249,2.6702633,0.7690438032150269,0.9999553,10.014648,0.00022508301,-8.398816
3345,0,1,0.993052,4.96233,1.0,0.9997751,8.399635,0.9411845,2.7727344
3346,0,0,0.06437424,-2.6765022,0.601019024848938,7.6195165e-06,-11.78479,0.99988127,9.038247
3347,1,0,0.054896466,-2.8458455,1.0,1.2374646e-05,-11.299849,0.9303882,2.5926685
3348,0,1,0.99284196,4.9323354,1.0,0.99997544,10.616457,0.9282383,2.5599372
3349,0,1,0.95387536,3.0291858,1.0,0.9980088,6.216981,0.15370022,-1.7058696
3350,0,1,0.9360372,2.6833532,1.0,0.999273,7.2258787,0.0077748317,-4.849058
3351,0,1,0.94423467,2.8292224,1.0,0.9997166,8.168227,0.06620523,-2.6464972
3352,0,0,0.064393066,-2.6761897,0.7037972807884216,4.8222886e-05,-9.939629,0.99987984,9.026508
3353,0,1,0.9926978,4.912247,1.0,0.9999509,9.922405,0.9200795,2.4434283
3354,1,1,0.9657857,3.3402977,1.0,0.7783865,1.2562882,0.98270184,4.0397034
3355,1,1,0.9352695,2.6706018,0.7025420665740967,0.9999869,11.237451,0.00026340602,-8.24155
3356,0,0,0.087265044,-2.3474956,1.0,0.1420887,-1.7980492,0.68113184,0.75897825
3357,0,1,0.9917955,4.7948318,1.0,0.99982893,8.673527,0.8722914,1.9213724
3358,1,1,0.9352032,2.6695075,0.5968849658966064,0.99988127,9.038328,0.00015176217,-8.793044
3359,1,1,0.93527234,2.670649,0.8740298748016357,0.9999896,11.476798,0.00027394254,-8.202318
3360,1,1,0.935252,2.6703134,0.5858047604560852,0.9999939,12.008502,0.00012287444,-9.004225
3361,1,1,0.9352664,2.6705506,0.6423875689506531,0.9999906,11.574763,0.0002309577,-8.373045
3362,0,0,0.06435706,-2.6767874,0.5249531269073486,5.1545244e-06,-12.175631,0.99977213,8.386636
3363,1,1,0.93526244,2.6704857,0.7280799150466919,0.9999777,10.709752,0.0002448565,-8.314593
3364,0,0,0.064367965,-2.6766062,0.7723805904388428,5.434623e-06,-12.122715,0.9998455,8.7753105
3365,0,0,0.065690264,-2.6548574,0.7431850433349609,0.002798564,-5.8758464,0.99984884,8.797251
3366,1,1,0.93507296,2.6673603,0.6442767381668091,0.9995728,7.7578535,0.00025610017,-8.269686
3367,0,1,0.9822238,4.011959,1.0,0.99998736,11.2809725,0.5505925,0.2030648
3368,1,1,0.93522435,2.6698568,0.5331157445907593,0.99992704,9.526171,0.0001492902,-8.809469
3369,0,0,0.06436462,-2.6766617,0.7587085962295532,1.9338679e-05,-10.853384,0.99977833,8.414022
3370,1,1,0.93523705,2.6700664,0.6686043739318848,0.99995196,9.942601,0.00015530738,-8.769949
3371,0,0,0.064691,-2.6712549,0.8114539384841919,0.00075041124,-7.1941385,0.9996619,7.9918156
3372,0,0,0.06434301,-2.6770205,0.6470080018043518,4.6012196e-06,-12.289185,0.99967813,8.041143
3373,0,0,0.06434628,-2.6769662,0.6266829371452332,1.1031724e-05,-11.414724,0.9996799,8.046586
3374,1,0,0.033895228,-3.349998,1.0,5.9275946e-05,-9.733248,0.72339576,0.96136886
3375,1,1,0.9352433,2.6701698,0.5703454613685608,0.9999573,10.060688,0.00018070232,-8.618479
3376,0,1,0.99307126,4.965124,1.0,0.9999809,10.869741,0.94167334,2.7815986
3377,1,1,0.9352622,2.6704817,0.6572394967079163,0.99999344,11.942028,0.00019299996,-8.552628
3378,1,1,0.93525386,2.6703439,0.5823649764060974,0.9999832,10.993739,0.0001697147,-8.681222
3379,1,1,0.93400675,2.6499312,0.7217390537261963,0.9973346,5.924728,0.00025324183,-8.280912
3380,0,0,0.06925432,-2.5982006,0.6353343725204468,0.01007617,-4.587455,0.9998529,8.824058
3381,0,1,0.94161046,2.7804549,1.0,0.99984133,8.748582,0.045798566,-3.036622
3382,1,1,0.9352487,2.6702583,0.726901113986969,0.9999567,10.047264,0.00021876581,-8.42729
3383,1,1,0.9352629,2.6704936,0.619190514087677,0.9999876,11.297699,0.00021647675,-8.437811
3384,0,1,0.93901986,2.7342885,1.0,0.99993813,9.69099,0.026548596,-3.601871
3385,1,1,0.93526167,2.6704729,0.6799709796905518,0.9999863,11.200679,0.00021247445,-8.456476
3386,1,0,0.07029766,-2.582126,1.0,0.015391153,-4.1584516,0.98947465,4.5433865
3387,0,0,0.06436762,-2.676612,0.7073602080345154,6.133765e-06,-12.001696,0.999841,8.746204
3388,1,1,0.935253,2.67033,0.771605372428894,0.9999709,10.445586,0.00020301851,-8.50201
3389,1,1,0.91136074,2.330364,0.6986401081085205,0.9562961,3.0856297,0.00019704198,-8.531897
3390,0,0,0.064364776,-2.676659,0.7539499402046204,1.350279e-05,-11.212601,0.999798,8.506979
3391,0,0,0.06443771,-2.6754487,0.7077732086181641,0.00014316919,-8.85134,0.99988055,9.032191
3392,0,0,0.06436725,-2.676618,0.804445743560791,2.2855354e-05,-10.686302,0.999785,8.444885
3393,0,0,0.06438903,-2.6762564,0.7761841416358948,7.837628e-05,-9.453911,0.99975604,8.31842
3394,1,1,0.93526,2.6704452,0.792023241519928,0.9999882,11.345051,0.00019542876,-8.540119
3395,1,1,0.9352537,2.670341,0.749713122844696,0.99998295,10.976898,0.00016892941,-8.685861
3396,1,1,0.93526024,2.6704493,0.6703395247459412,0.99997866,10.756108,0.0002269293,-8.390645
3397,1,1,0.9352349,2.6700308,0.7664151191711426,0.9999194,9.425763,0.00024468848,-8.31528
3398,0,0,0.06436798,-2.676606,0.7867161631584167,1.5903886e-05,-11.048931,0.9998122,8.579636
3399,1,1,0.9352232,2.669838,0.6966820359230042,0.99991024,9.3182,0.0001944544,-8.545118
3400,0,0,0.064382814,-2.6763597,0.7658111453056335,2.894824e-05,-10.449972,0.9998716,8.960371
3401,0,1,0.99008477,4.6037183,1.0,0.99987864,9.016857,0.793726,1.3475335
3402,1,1,0.93514514,2.6685498,0.5609691739082336,0.9997408,8.257595,0.000207419,-8.480562
3403,1,1,0.93217933,2.6206582,0.7107958197593689,0.9935489,5.0370426,0.00033197575,-8.010117
3404,1,1,0.93524176,2.670144,0.463045597076416,0.9999577,10.069147,0.0001689357,-8.685823
3405,0,0,0.06437391,-2.6765075,0.7010291814804077,1.6042506e-05,-11.040253,0.99985206,8.81902
3406,1,1,0.93514055,2.6684742,0.7582408785820007,0.9997261,8.202376,0.00022370474,-8.40496
3407,1,1,0.93522185,2.6698155,0.5382134318351746,0.9998895,9.110716,0.0002519087,-8.286192
3408,0,0,0.06436367,-2.6766775,0.773182213306427,5.484115e-06,-12.113649,0.9998161,8.600828
3409,1,1,0.9352524,2.6703203,0.6610891222953796,0.9999789,10.765846,0.00017355158,-8.658862
3410,0,0,0.064353794,-2.6768415,0.6920276880264282,7.511374e-06,-11.799085,0.9997423,8.263523
3411,0,0,0.06437016,-2.6765697,0.7119713425636292,2.1687098e-05,-10.738771,0.9998086,8.560757
3412,1,1,0.93526095,2.670461,0.5680249929428101,0.99998844,11.369184,0.00020053671,-8.514313
3413,1,1,0.89812005,2.1765084,1.0,0.6518991,0.6273976,0.90915996,2.3034215
3414,0,1,0.94130796,2.7749662,1.0,0.99994457,9.800363,0.043217395,-3.0973332
3415,0,1,0.9520014,2.9873946,1.0,0.99995494,10.008498,0.13033889,-1.8979657
3416,0,0,0.1294496,-1.905834,0.6876482963562012,0.09906841,-2.2076187,0.9997204,8.181713
3417,1,1,0.9352566,2.6703892,0.43502381443977356,0.99997246,10.500341,0.00022260773,-8.409877
3418,0,0,0.064365625,-2.676645,0.6415529251098633,4.939118e-06,-12.218319,0.9998312,8.686566
3419,0,0,0.064443134,-2.6753588,0.7117067575454712,0.00015189986,-8.792137,0.9998896,9.1118145
3420,1,1,0.93526095,2.670461,0.6790581941604614,0.9999839,11.039811,0.00021510194,-8.444183
3421,1,1,0.9352495,2.670272,0.8901311755180359,0.9999622,10.184383,0.00020723655,-8.481442
3422,1,1,0.935221,2.6698017,0.7836571931838989,0.99989223,9.136056,0.00023763393,-8.344542
3423,1,1,0.9290387,2.5720158,0.6902511119842529,0.9873074,4.3539667,0.00030775744,-8.085891
3424,1,1,0.93232,2.6228855,0.6217774152755737,0.9938744,5.089142,0.00020674236,-8.48383
3425,0,1,0.9385917,2.726836,1.0,0.9999701,10.417515,0.023388866,-3.7318285
3426,1,1,0.93526137,2.6704679,0.592741847038269,0.99998474,11.091545,0.0002154361,-8.442631
3427,0,1,0.96173507,3.2242053,1.0,0.98907673,4.505879,0.26223615,-1.0343784
3428,0,1,0.98917574,4.515082,1.0,0.9998845,9.065713,0.75733984,1.13815
3429,1,1,0.93529046,2.6709485,0.7997264862060547,0.99998486,11.098701,0.0004121566,-7.793695
3430,0,0,0.06459356,-2.6728663,0.740899920463562,0.00074493175,-7.2014728,0.9990183,6.9252405
3431,1,1,0.93526447,2.670519,0.6875922679901123,0.99998355,11.016499,0.00024076061,-8.331467
3432,0,0,0.06438421,-2.6763365,0.6749293208122253,3.5488127e-05,-10.246277,0.99986017,8.875307
3433,0,1,0.9923856,4.870074,1.0,0.9999784,10.746484,0.9026838,2.2274065
3434,0,0,0.06437518,-2.6764865,0.5283296704292297,1.1367412e-05,-11.384748,0.99987566,8.992206
3435,0,1,0.9367538,2.6953857,1.0,0.9998398,8.739134,0.010901803,-4.5078654
3436,0,1,0.99235487,4.866012,1.0,0.97647285,3.725793,0.97608703,3.7091298
3437,0,1,0.99195987,4.8152375,1.0,0.99804026,6.232991,0.88637626,2.0542488
3438,0,1,0.60631233,0.43183744,1.0,0.422685,-0.31176084,0.92535156,2.5173843
3439,0,0,0.06436627,-2.6766343,0.8422667384147644,1.4435627e-05,-11.145797,0.9998053,8.54355
3440,1,0,0.057719965,-2.7926993,1.0,9.837438e-06,-11.529305,0.952201,2.9917707
3441,0,1,0.96252227,3.2458103,1.0,0.999821,8.628017,0.23678942,-1.1703627
3442,0,0,0.06438063,-2.676396,0.7541261315345764,2.265344e-05,-10.695176,0.99987674,9.000739
3443,1,1,0.93527,2.6706107,0.6765967011451721,0.9999908,11.599551,0.00025473427,-8.275035
3444,1,1,0.9351593,2.668784,0.6219298839569092,0.99974793,8.285354,0.00028054457,-8.178497
3445,1,1,0.93526137,2.6704679,0.7552804946899414,0.9999584,10.088318,0.0002995712,-8.112859
3446,1,1,0.93523496,2.6700318,0.4977208375930786,0.999933,9.611479,0.00020234946,-8.505312
3447,0,1,0.99308383,4.9669538,1.0,0.9997458,8.276954,0.9431784,2.809339
3448,1,1,0.9351971,2.6694071,0.634813129901886,0.99983335,8.6995945,0.00026347986,-8.24127
3449,1,1,0.93404543,2.650559,0.8561615347862244,0.99739057,5.9460015,0.0003318188,-8.01059
3450,1,1,0.9352497,2.670275,0.6525605916976929,0.9999751,10.599663,0.00016740848,-8.694906
3451,1,1,0.93527293,2.6706588,0.7202056050300598,0.9999833,10.997765,0.00029834616,-8.116958
3452,0,0,0.06437493,-2.6764905,0.6029210686683655,1.4015924e-05,-11.1753025,0.99986553,8.913806
3453,1,1,0.9352771,2.670728,0.7994191646575928,0.99998105,10.876377,0.0003341661,-8.003538
3454,1,1,0.9352665,2.6705525,0.7066499590873718,0.9999815,10.899616,0.000260569,-8.252382
3455,1,1,0.93504965,2.6669765,0.5091444253921509,0.9995497,7.705141,0.0001721075,-8.667219
3456,1,1,0.93527335,2.6706657,0.6472914218902588,0.99999,11.511343,0.0002799007,-8.180796
3457,0,1,0.97765213,3.778423,1.0,0.99969923,8.1089735,0.45569605,-0.17768179
3458,1,0,0.058201123,-2.7838871,1.0,0.0020880378,-6.1694403,0.9491797,2.9273028
3459,1,1,0.935265,2.670528,0.7341216802597046,0.99999046,11.560539,0.00022189127,-8.413101
3460,0,0,0.06436844,-2.6765983,0.5847384333610535,5.846745e-06,-12.04962,0.9998474,8.787646
3461,0,1,0.97934604,3.8589778,1.0,0.99975234,8.303326,0.48857728,-0.045698896
3462,0,0,0.08907758,-2.32495,1.0,0.3563067,-0.5914304,0.006280309,-5.064036
3463,0,1,0.94497573,2.843385,1.0,0.99998474,11.091219,0.07115932,-2.569016
3464,1,1,0.93524414,2.6701834,0.45439836382865906,0.9999778,10.715671,0.0001212859,-9.017239
3465,0,0,0.06437625,-2.6764686,0.6875241994857788,1.3423086e-05,-11.218521,0.9998765,8.999
3466,1,1,0.9251598,2.5146115,0.7250134348869324,0.97994655,3.8890953,0.0002626081,-8.244585
3467,0,1,0.99194336,4.8131695,1.0,0.9999547,10.002696,0.87941366,1.986889
3468,1,1,0.93523574,2.6700447,0.5855906009674072,0.9999136,9.356553,0.0002691705,-8.219896
3469,1,1,0.9352608,2.670458,0.7425006031990051,0.99995184,9.941564,0.0003164897,-8.057903
3470,0,1,0.9403122,2.7570844,1.0,0.99995506,10.009192,0.035846945,-3.2919917
3471,0,1,0.9779012,3.7898862,1.0,0.8862364,2.0528612,0.82274127,1.535031
3472,1,1,0.9352476,2.6702406,0.6979088187217712,0.9999691,10.386059,0.00017183318,-8.668815
3473,0,0,0.49608296,-0.015668495,0.7035765647888184,0.341862,-0.65500754,0.9998566,8.850092
3474,0,0,0.06437161,-2.6765459,0.7425686717033386,8.869722e-06,-11.632858,0.99985933,8.869389
3475,1,1,0.93524563,2.670208,0.5790123343467712,0.99994874,9.878859,0.00022367318,-8.405101
3476,1,1,0.9352732,2.6706629,0.7596028447151184,0.999964,10.230513,0.0003617509,-7.924193
3477,0,0,0.0644221,-2.6757076,0.6076335906982422,0.00015128523,-8.796192,0.9997484,8.287392
3478,1,1,0.9352674,2.6705673,0.7476797699928284,0.99998057,10.8457985,0.00026940773,-8.219015
3479,0,1,0.946767,2.8783739,1.0,0.9999062,9.273987,0.08576534,-2.3664722
3480,1,1,0.9349337,2.6650693,0.6518814563751221,0.999305,7.2709327,0.00017186577,-8.668625
3481,0,1,0.9928854,4.938468,1.0,0.9999826,10.958475,0.93073577,2.5980463
3482,1,0,0.06250286,-2.7080014,1.0,0.011864815,-4.422242,0.94909203,2.9254863
3483,0,0,0.064350106,-2.6769028,0.6867209672927856,3.909548e-05,-10.149465,0.9996164,7.8656034
3484,0,1,0.90460527,2.2494755,1.0,0.912751,2.3476973,0.10607096,-2.1315181
3485,1,1,0.93525374,2.670342,0.6367071866989136,0.99995804,10.079789,0.00024930452,-8.296586
3486,1,0,0.062001687,-2.7165866,1.0,0.00011981443,-9.029447,0.9830771,4.062021
3487,0,1,0.9912328,4.7279334,1.0,0.9999839,11.039646,0.84434956,1.690954
3488,0,0,0.06437904,-2.6764224,0.6950972676277161,1.7219549e-05,-10.969448,0.9998833,9.056259
3489,1,1,0.9351634,2.6688507,0.5985397696495056,0.99978715,8.454572,0.0001823527,-8.6093855
3490,0,1,0.9915149,4.760925,1.0,0.9993197,7.2923007,0.8600106,1.8153783
3491,1,1,0.93483216,2.663401,0.9062253832817078,0.9990386,6.9460783,0.00033763595,-7.9932046
3492,1,1,0.93523157,2.6699758,0.8719217777252197,0.9998648,8.908781,0.00039610045,-7.8334465
3493,0,0,0.06436739,-2.6766157,0.848416805267334,1.0059569e-05,-11.506976,0.99982685,8.661211
3494,0,1,0.976599,3.7312965,1.0,0.99997354,10.541281,0.43548626,-0.25950158
3495,0,0,0.071962595,-2.5569255,0.6606848835945129,0.015374866,-4.159527,0.9998658,8.915847
3496,0,1,0.9120442,2.3388543,1.0,0.9523088,2.9941413,0.016413884,-4.0930777
3497,0,1,0.9898914,4.58421,1.0,0.9955047,5.4002075,0.7996888,1.384351
3498,0,1,0.98388124,4.1115212,1.0,0.9952285,5.3403273,0.60663664,0.4331963
3499,0,1,0.9414617,2.7777522,1.0,0.99986136,8.883221,0.04462558,-3.063796
3500,0,0,0.0643754,-2.6764827,0.5129355788230896,3.735162e-05,-10.195097,0.9997943,8.489067
3501,1,1,0.93525666,2.6703901,0.636272132396698,0.99998784,11.320025,0.00017365636,-8.658258
3502,1,1,0.93526,2.6704452,0.6101754903793335,0.99998736,11.278324,0.00019794927,-8.527302
3503,0,0,0.0643804,-2.6763997,0.7190172672271729,2.9294968e-05,-10.438066,0.9998541,8.832684
3504,0,1,0.99260604,4.899671,1.0,0.9995907,7.8005943,0.91606975,2.3901062
3505,1,1,0.9352625,2.6704867,0.6252385973930359,0.99997914,10.778773,0.00024107323,-8.330169
3506,0,1,0.9370759,2.7008352,1.0,0.9998989,9.199138,0.012948471,-4.3337445
3507,0,1,0.98348,4.086524,1.0,0.9999752,10.603741,0.58122325,0.32779697
3508,1,1,0.9352522,2.6703165,0.6735198497772217,0.9999864,11.209897,0.00014828544,-8.816223
3509,0,0,0.0643995,-2.6760826,0.5556408166885376,6.338828e-05,-9.666168,0.9998753,8.989309
3510,1,1,0.93525076,2.6702926,0.8176107406616211,0.99995875,10.095862,0.00022606399,-8.394466
3511,0,1,0.93855965,2.7262797,1.0,0.99961156,7.8529124,0.024305955,-3.6924276
3512,1,1,0.93526083,2.670459,0.6316544413566589,0.9999788,10.758086,0.00023060324,-8.374581
3513,1,1,0.93525285,2.6703272,0.5112241506576538,0.9999833,11.000582,0.00016176005,-8.729235
3514,1,1,0.9156269,2.38436,0.649151086807251,0.9632338,3.2657175,0.00019507579,-8.541927
3515,1,0,0.009594578,-4.636916,0.7605155110359192,0.0611778,-2.7308416,0.00022044026,-8.419663
3516,0,1,0.978386,3.8125625,1.0,0.99991345,9.354197,0.46901894,-0.124083385
3517,0,0,0.06440828,-2.675937,0.5867640376091003,7.86485e-05,-9.450443,0.9998863,9.081892
3518,0,1,0.93656266,2.6921637,1.0,0.999741,8.258581,0.009895494,-4.605731
3519,0,1,0.9936783,5.0574207,1.0,0.99946123,7.525731,0.98119766,3.9547932
3520,0,0,0.064399704,-2.6760793,0.8564823269844055,7.703892e-05,-9.471123,0.999833,8.697185
3521,1,0,0.34748912,-0.6300944,1.0,0.26624432,-1.0137618,0.9892547,4.522482
3522,0,1,0.96337134,3.2696078,0.6527611017227173,0.76399887,1.1747296,0.99964666,7.947907
3523,0,0,0.06436096,-2.6767225,0.6126396059989929,1.28487045e-05,-11.262255,0.99977416,8.395288
3524,1,1,0.93524873,2.6702592,0.6702861189842224,0.99996614,10.294069,0.00018956987,-8.570563
3525,0,0,0.064376324,-2.6764674,0.6252416968345642,9.386218e-06,-11.576259,0.99988985,9.113872
3526,1,1,0.9352565,2.6703873,0.58027583360672,0.9999782,10.735048,0.00020309714,-8.501623
3527,1,1,0.92881477,2.568624,0.6051793098449707,0.98691875,4.3234105,0.000156703,-8.761002
3528,0,1,0.9761061,3.7099485,1.0,0.99995625,10.037082,0.42678258,-0.29499033
3529,0,1,0.9350718,2.6673417,1.0,0.99777067,6.1038055,0.006003243,-5.109434
3530,1,1,0.9320554,2.6186998,0.795735239982605,0.99331915,5.0018067,0.00026297168,-8.243201
3531,1,1,0.93526244,2.6704857,0.6528213620185852,0.9999802,10.828096,0.00023668692,-8.348536
3532,1,1,0.9352643,2.6705163,0.7161585688591003,0.9999819,10.921406,0.00024430823,-8.316835
3533,0,1,0.9474834,2.8926804,1.0,0.99989605,9.172041,0.091667965,-2.293437
3534,1,1,0.8875989,2.066446,0.7236924171447754,0.9223648,2.4749198,0.00027645848,-8.193173
3535,0,0,0.06454036,-2.6737473,0.7774164080619812,0.0003554698,-7.941715,0.9999006,9.215981
3536,1,1,0.93524134,2.6701372,0.6690403819084167,0.9999548,10.004701,0.00017540004,-8.648266
3537,0,0,0.46446282,-0.14238879,0.6304093599319458,0.32559162,-0.72819203,0.9998252,8.651503
3538,1,1,0.9352636,2.6705043,0.6069563031196594,0.9999889,11.404724,0.0002169309,-8.435715
3539,0,0,0.064376526,-2.676464,0.8388999700546265,1.5761234e-05,-11.057941,0.9998708,8.95377
3540,0,1,0.97557324,3.687346,1.0,0.89793897,2.174531,0.74329925,1.0631878
3541,1,1,0.93413675,2.6520422,0.5755539536476135,0.9976198,6.038183,0.00020804707,-8.477538
3542,0,0,0.06550125,-2.657941,0.5889273881912231,0.0023904492,-6.0338807,0.9998869,9.087435
3543,0,0,0.064275056,-2.67815,0.6809684038162231,1.656619e-05,-11.00813,0.99917656,7.1011763
3544,1,0,0.05984158,-2.7543478,1.0,2.0847981e-05,-10.778233,0.96790063,3.406293
3545,1,1,0.93525094,2.6702957,0.5595486760139465,0.99996936,10.392399,0.00019366007,-8.549212
3546,0,0,0.06434432,-2.6769989,0.6860628724098206,1.17831605e-05,-11.348827,0.99966407,7.998117
3547,0,0,0.06435658,-2.6767952,0.7967744469642639,3.8327893e-05,-10.169294,0.9996629,7.994799
3548,0,0,0.06701874,-2.6334128,0.6623709797859192,0.0055614137,-5.186326,0.99982387,8.644163
3549,1,1,0.5609614,0.2450649,1.0,0.38306227,-0.47657055,0.97525716,3.6741624
3550,1,1,0.9352714,2.6706333,0.7012470364570618,0.99998903,11.420634,0.00026964876,-8.218121
3551,1,1,0.9352257,2.6698794,0.6872855424880981,0.9999064,9.276379,0.00022407706,-8.403296
3552,1,1,0.9352618,2.6704748,0.6186596155166626,0.9999906,11.577004,0.00019950377,-8.519478
3553,1,0,0.10689878,-2.1228175,1.0,0.078625865,-2.4611654,0.9759798,3.7045465
3554,0,0,0.06436692,-2.6766236,0.8674136400222778,5.8818437e-06,-12.043634,0.9998369,8.721298
3555,0,0,0.08737548,-2.3461099,0.6411117315292358,0.042457,-3.1158788,0.99987257,8.967528
3556,1,1,0.9352555,2.6703715,0.8183748722076416,0.9999211,9.447341,0.00037882422,-7.8780594
3557,1,1,0.93526804,2.6705782,0.6460475921630859,0.99999094,11.606259,0.00024128593,-8.329287
3558,1,1,0.9352664,2.6705506,0.7269498705863953,0.999985,11.109582,0.00024832028,-8.300543
3559,1,1,0.927793,2.553272,0.5718012452125549,0.98494315,4.180749,0.00016751963,-8.6942425
3560,1,1,0.62276375,0.5012956,0.8428421020507812,0.72129977,0.950918,0.0002276056,-8.387669
3561,1,1,0.93526524,2.670532,0.7781246304512024,0.999987,11.251177,0.00023417779,-8.359196
3562,1,1,0.92772126,2.5522013,0.7122551202774048,0.9847899,4.170467,0.00021776232,-8.431889
3563,1,1,0.93526804,2.6705782,0.7650316953659058,0.99998105,10.872499,0.00027229526,-8.208351
3564,0,1,0.96921086,3.4493203,1.0,0.98753893,4.37261,0.35950655,-0.5775064
3565,1,1,0.93524784,2.6702445,0.738670289516449,0.999954,9.986964,0.00022188258,-8.41314
3566,0,0,0.09272224,-2.2808404,0.7015972137451172,0.050963752,-2.9243324,0.999485,7.5709634
3567,0,0,0.06437608,-2.6764715,0.482616662979126,5.989038e-06,-12.025574,0.9998989,9.199664
3568,0,0,0.064430766,-2.6755638,0.5327864289283752,0.00013208354,-8.931944,0.99986875,8.938599
3569,0,1,0.76024777,1.1540383,1.0,0.66973644,0.70699334,0.43269992,-0.27084404
3570,0,0,0.06438497,-2.676324,0.7256457209587097,5.3372096e-05,-9.838169,0.99980825,8.55927
3571,1,1,0.9343538,2.655576,0.6794135570526123,0.99807286,6.2497807,0.00021082656,-8.464264
3572,1,1,0.935303,2.6711552,0.7136541604995728,0.9999938,12.000601,0.00046853322,-7.665435
3573,0,1,0.93900985,2.7341135,1.0,0.9997688,8.37204,0.027017748,-3.5838718
3574,0,0,0.06436182,-2.6767082,0.6504943370819092,9.8794435e-06,-11.525044,0.9997894,8.465232
3575,1,1,0.9352861,2.6708765,0.6978545784950256,0.99998796,11.326225,0.00037278904,-7.894125
3576,0,0,0.06437811,-2.6764376,0.5522624850273132,3.7684214e-05,-10.186232,0.9998117,8.577247
3577,0,0,0.06482558,-2.6690328,0.5744934678077698,0.0009676573,-6.9396644,0.99987984,9.0268135
3578,0,0,0.28114736,-0.93877745,0.7169784903526306,0.22325532,-1.2467957,0.99989367,9.148792
3579,1,1,0.9352644,2.6705182,0.675711989402771,0.9999716,10.468989,0.00027804077,-8.187465
3580,0,1,0.93759435,2.7096617,1.0,0.99992764,9.533367,0.016478498,-4.089083
3581,0,1,0.9433565,2.8126674,1.0,0.9998549,8.838413,0.058971114,-2.769926
3582,1,1,0.73396444,1.0148306,0.7672019600868225,0.78729165,1.3086765,0.00017564891,-8.646848
3583,0,0,0.07347469,-2.5345004,0.6443271040916443,0.018254882,-3.9848993,0.9998691,8.941015
3584,1,0,0.05598474,-2.8250632,1.0,1.1315669e-05,-11.389311,0.9389181,2.7325132
3585,1,1,0.9352571,2.670397,0.6978821158409119,0.9999839,11.033468,0.0001892724,-8.572134
3586,0,0,0.064370565,-2.676563,0.6549720168113708,1.5236031e-05,-11.091832,0.9998319,8.691097
3587,0,0,0.06438021,-2.6764028,0.6626541018486023,1.6843282e-05,-10.991542,0.9998925,9.137361
3588,0,0,0.06442298,-2.675693,0.8204530477523804,0.00012319612,-9.00161,0.9998441,8.765815
3589,1,1,0.92831004,2.561015,0.8412898182868958,0.9858562,4.2442355,0.00042887774,-7.7539096
3590,1,1,0.93526584,2.6705418,0.6117909550666809,0.99996924,10.390446,0.00029564914,-8.126041
3591,0,0,0.064377576,-2.6764467,0.7335544228553772,2.8969422e-05,-10.449241,0.9998357,8.714116
3592,1,1,0.93525493,2.6703615,0.6290940642356873,0.9999709,10.446484,0.00021560893,-8.441829
3593,0,0,0.06429826,-2.6777642,0.8352481722831726,6.8605236e-06,-11.88972,0.99936587,7.362591
3594,1,1,0.9352648,2.670525,0.6535662412643433,0.9999708,10.440073,0.00028361662,-8.1676035
3595,0,0,0.06437925,-2.6764188,0.5857791304588318,1.6142167e-05,-11.03406,0.9998882,9.0988035
3596,0,1,0.9453475,2.8505573,1.0,0.99998605,11.1842785,0.07409795,-2.5253806
3597,0,0,0.06936228,-2.5965269,0.6784820556640625,0.010303767,-4.5648885,0.9998128,8.5827875
3598,0,0,0.064368896,-2.6765907,0.6839897632598877,1.1506168e-05,-11.372616,0.9998324,8.693873
3599,1,1,0.9352601,2.6704473,0.6891248822212219,0.9999826,10.958342,0.0002134239,-8.452017
3600,0,0,0.06437922,-2.6764193,0.5617580413818359,2.8332932e-05,-10.4714575,0.9998491,8.798828
3601,1,1,0.9316392,2.612146,0.7156735062599182,0.99249226,4.884287,0.0002142531,-8.448138
3602,1,1,0.9352502,2.6702838,0.6654561161994934,0.99996805,10.352663,0.00019330863,-8.551029
3603,0,1,0.910166,2.3156638,1.0,0.95014966,2.9475946,0.013794826,-4.269571
3604,0,0,0.06436979,-2.676576,0.5192156434059143,1.7756829e-05,-10.938723,0.9998185,8.61396
3605,1,1,0.73243386,1.0070062,0.6668763756752014,0.7862733,1.3026061,0.00021757078,-8.432769
3606,1,0,0.062933005,-2.700684,1.0,0.00028578864,-8.159972,0.9890716,4.5053997
3607,1,1,0.9352672,2.6705644,0.6982455849647522,0.99999,11.508171,0.0002381908,-8.3422
3608,0,0,0.43611565,-0.25694177,1.0,0.37356472,-0.5169542,0.79962534,1.3839543
3609,0,0,0.18268088,-1.4982889,0.7529498934745789,0.15140325,-1.7236373,0.9997968,8.501056
3610,1,1,0.9352573,2.670401,0.7900042533874512,0.9999821,10.933054,0.0001960796,-8.536794
3611,1,1,0.93481207,2.6630712,0.7325136661529541,0.999005,6.9117465,0.00030912747,-8.081448
3612,1,1,0.935221,2.6698017,0.8023214340209961,0.99988234,9.047977,0.00026944754,-8.218867
3613,0,0,0.064704545,-2.671031,0.48607370257377625,0.00071747333,-7.239057,0.999859,8.866655
3614,1,1,0.93526334,2.6705005,0.7114401459693909,0.99998045,10.843679,0.00024270004,-8.3234415
3615,1,0,0.29338145,-0.87901735,0.6990607380867004,0.5439748,0.17635496,0.00019966286,-8.518681
3616,0,0,0.06436037,-2.6767323,0.8379809856414795,1.0797801e-05,-11.436157,0.99977654,8.406045
3617,1,1,0.9347608,2.6622303,0.567717432975769,0.9989459,6.8539534,0.00015328327,-8.78307
3618,0,0,0.06433038,-2.6772306,0.6050066947937012,1.8228533e-05,-10.912504,0.9995486,7.702864
3619,1,1,0.9352654,2.6705348,0.6664342880249023,0.9999747,10.583789,0.00027477226,-8.199293
3620,0,0,0.06433552,-2.6771452,0.7677781581878662,6.9427238e-06,-11.87781,0.9996196,7.8740463
3621,1,0,0.028563447,-3.526648,1.0,5.713641e-05,-9.770012,0.6509269,0.6231158
3622,1,1,0.93526864,2.670588,0.8066955208778381,0.9999703,10.423626,0.00031102568,-8.075324
3623,1,1,0.93521935,2.669774,0.7572309374809265,0.9999063,9.275107,0.00018144023,-8.614403
3624,0,0,0.0649002,-2.6678026,0.7666450142860413,0.0011710045,-6.7487216,0.9997352,8.236053
3625,0,0,0.06437667,-2.6764617,0.6978172659873962,1.0763155e-05,-11.439371,0.9998878,9.095575
3626,1,1,0.9352424,2.670155,0.6349267363548279,0.9999579,10.075599,0.00017229829,-8.666111
3627,1,1,0.93524075,2.6701274,0.7759119272232056,0.99993634,9.661536,0.00023030328,-8.375883
3628,1,0,0.060526256,-2.7422426,1.0,0.0011950134,-6.728402,0.96911746,3.4461932
3629,1,1,0.93523353,2.6700084,0.5459226369857788,0.99994254,9.764034,0.00016164502,-8.729946
3630,1,1,0.9352616,2.670472,0.8885630965232849,0.99993515,9.64362,0.00037498397,-7.8882523
3631,1,1,0.9352671,2.6705625,0.7460440397262573,0.9999912,11.640961,0.00023404877,-8.359747
3632,0,1,0.9387403,2.7294168,1.0,0.99996674,10.311726,0.024458164,-3.686029
3633,0,1,0.94811696,2.9054859,1.0,0.99997187,10.479119,0.096679226,-2.2346792
3634,0,0,0.07082144,-2.574139,0.6154918670654297,0.013160489,-4.3172884,0.99987507,8.987936
3635,1,1,0.93528277,2.6708214,0.6265729665756226,0.99999213,11.752043,0.0003366266,-7.9961996
3636,1,1,0.9352502,2.6702838,0.5916121006011963,0.99998844,11.369246,0.00012808842,-8.962662
3637,0,0,0.06437402,-2.6765056,0.734433650970459,1.5251486e-05,-11.090818,0.9998554,8.84122
3638,1,1,0.9352441,2.6701825,0.6626086831092834,0.9999585,10.089557,0.00018198202,-8.611421
3639,0,1,0.95539325,3.064238,1.0,0.9998499,8.804445,0.16220196,-1.6419349
3640,0,0,0.064418726,-2.6757636,0.5625777244567871,9.297626e-05,-9.283073,0.99991167,9.334075
3641,1,1,0.93526876,2.67059,0.6585842967033386,0.9999608,10.146797,0.00034185415,-7.9807844
3642,1,0,0.056720145,-2.8112335,1.0,2.7047756e-05,-10.5178795,0.9445418,2.8350701
3643,1,1,0.9352576,2.6704059,0.6372789144515991,0.9999932,11.903806,0.00016332183,-8.7196245
3644,1,1,0.9352597,2.6704404,0.7525392174720764,0.99998,10.816569,0.00021922436,-8.425196
3645,1,1,0.9352568,2.670392,0.7087985277175903,0.9999893,11.437374,0.00016999312,-8.679583
3646,1,1,0.9352636,2.6705043,0.6392462253570557,0.9999819,10.918821,0.00023919281,-8.338001
3647,1,1,0.9345127,2.6581686,0.7669095396995544,0.998384,6.4261518,0.0002806695,-8.178052
3648,0,1,0.9865356,4.294151,1.0,0.9999851,11.117919,0.66637623,0.6918404
3649,1,1,0.9352575,2.670404,0.686019241809845,0.99997914,10.777354,0.00020697035,-8.482728
3650,0,0,0.06435606,-2.6768038,0.8375844955444336,1.2439652e-05,-11.294609,0.9997421,8.262476
3651,1,1,0.93067354,2.597082,0.6943199634552002,0.9905496,4.6522036,0.00023762758,-8.344568
3652,1,1,0.93526363,2.6705053,0.7200106382369995,0.99997556,10.619635,0.00026028545,-8.253471
3653,1,0,0.017783789,-4.011524,0.7465350031852722,0.14143561,-1.8034171,0.00050311687,-7.594185
3654,0,0,0.06438175,-2.6763773,0.6521551012992859,2.3603861e-05,-10.654077,0.9998814,9.039389
3655,0,0,0.06436593,-2.67664,0.8342001438140869,1.972346e-05,-10.833682,0.99978596,8.448814
3656,1,1,0.9352546,2.6703558,0.8541178107261658,0.9999484,9.872208,0.0002856565,-8.160435
3657,0,0,0.06432619,-2.6773,0.8450949192047119,3.5564157e-05,-10.244137,0.9994647,7.532124
3658,0,0,0.0670405,-2.6330647,0.6375783085823059,0.005599972,-5.179378,0.9998435,8.762342
3659,1,0,0.052556735,-2.8918738,1.0,4.629053e-05,-9.980527,0.9113955,2.3307943
3660,1,1,0.9352888,2.6709208,0.7575528621673584,0.9999876,11.299306,0.0003921083,-7.8435802
3661,1,1,0.93527013,2.6706126,0.8146834373474121,0.9999678,10.344528,0.00032857078,-8.02043
3662,1,1,0.9352573,2.670401,0.8383327722549438,0.99997747,10.700741,0.0002112469,-8.462272
3663,0,0,0.07615183,-2.4958186,0.6442897915840149,0.023256734,-3.7376292,0.99976605,8.360037
3664,1,0,0.06591713,-2.651167,1.0,0.1190313,-2.0016356,0.6301756,0.5329701
3665,1,1,0.93507266,2.6673555,0.7024441957473755,0.9995658,7.7416573,0.0002763952,-8.193402
3666,1,1,0.9352522,2.6703165,0.6430136561393738,0.99997795,10.720682,0.00017497408,-8.650698
3667,1,1,0.9351368,2.6684122,0.8384121656417847,0.999708,8.13859,0.00025581464,-8.270802
3668,1,1,0.9352054,2.669544,0.6150121688842773,0.9998777,9.009119,0.00017815083,-8.632702
3669,0,0,0.06438392,-2.6763413,0.5673178434371948,2.9326078e-05,-10.437004,0.9998779,9.01111
3670,0,1,0.9925251,4.8887014,1.0,0.9998821,9.045295,0.91063863,2.3214576
3671,0,0,0.064368956,-2.6765897,0.5746007561683655,1.6749176e-05,-10.997145,0.9998161,8.601116
3672,1,1,0.9352179,2.6697505,0.6799983978271484,0.9998739,8.97836,0.00027506056,-8.198244
3673,1,0,0.08212712,-2.4137907,0.7483080625534058,0.34677026,-0.6332665,0.0002853579,-8.161481
3674,1,1,0.9352673,2.6705663,0.7698006629943848,0.9999896,11.473252,0.00023997934,-8.334718
3675,1,1,0.9349976,2.66612,0.6389153003692627,0.99942905,7.4677677,0.00020657192,-8.484655
3676,0,0,0.06435031,-2.6768994,0.7230779528617859,2.3044167e-05,-10.678075,0.99966896,8.013067
3677,1,1,0.93524814,2.6702495,0.5885056853294373,0.9999863,11.200788,0.00012096355,-9.0199
3678,1,1,0.9352676,2.6705713,0.6230613589286804,0.9999924,11.776097,0.00023331663,-8.362881
3679,0,0,0.064363904,-2.6766737,0.6725348830223083,8.437633e-05,-9.380139,0.99956566,7.741192
3680,1,1,0.9352745,2.6706846,0.7218006253242493,0.9999907,11.581127,0.00028526082,-8.161821
3681,0,0,0.06435842,-2.6767647,0.6454781889915466,1.4729007e-05,-11.125677,0.9997508,8.2971
3682,0,0,0.06438095,-2.6763906,0.5194317102432251,2.4392228e-05,-10.621222,0.9998734,8.974787
3683,1,1,0.93524575,2.6702101,0.5929640531539917,0.9999608,10.147516,0.0001863412,-8.587745
3684,0,0,0.0762783,-2.4940224,0.7151416540145874,0.023527175,-3.7257907,0.9996394,7.9275
3685,0,0,0.06428046,-2.6780603,0.8729052543640137,1.3579574e-05,-11.20693,0.999223,7.159238
3686,0,1,0.98728895,4.3524914,1.0,0.9925966,4.8983994,0.71390706,0.91443634
3687,1,1,0.9352524,2.6703203,0.5876976251602173,0.99997556,10.618904,0.00018428748,-8.598829
3688,1,1,0.93460596,2.6596937,0.7856941819190979,0.9986053,6.573672,0.00019995244,-8.517231
3689,1,0,0.062413245,-2.7095318,1.0,0.00012456924,-8.990524,0.98595643,4.2514453
3690,0,1,0.8833042,2.0240989,1.0,0.87330735,1.9305234,0.13956656,-1.8188946
3691,1,1,0.93494374,2.6652339,0.5398502349853516,0.99929416,7.255391,0.00027326666,-8.204789
3692,0,1,0.94176203,2.783215,1.0,0.9905432,4.651511,0.07662447,-2.4891195
3693,0,1,0.6357931,0.5571511,1.0,0.68846405,0.7929482,0.12800387,-1.9187245
3694,0,0,0.06449474,-2.674503,0.6514532566070557,0.00026699438,-8.228016,0.99987304,8.971322
3695,0,1,0.9408141,2.7660618,1.0,0.9982158,6.327002,0.0450846,-3.053082
3696,0,1,0.992971,4.9506574,1.0,0.99923563,7.175725,0.93812096,2.718697
3697,0,0,0.06437839,-2.676433,0.7797052264213562,6.8303757e-06,-11.894124,0.999912,9.338292
3698,1,1,0.93527263,2.670654,0.7518216371536255,0.9999851,11.115013,0.00029049744,-8.143625
3699,1,1,0.9352547,2.6703577,0.5323212146759033,0.9999839,11.0392475,0.00017302434,-8.661905
3700,0,0,0.06437321,-2.6765192,0.7929136753082275,1.0642794e-05,-11.450617,0.9998646,8.907179
3701,1,0,0.020489914,-3.8671198,1.0,4.8211667e-05,-9.939861,0.51126736,0.045077205
3702,0,0,0.064513244,-2.6741965,0.7088034152984619,0.00030843186,-8.083701,0.9998666,8.922413
3703,1,1,0.9352362,2.6700525,0.6034185886383057,0.9999404,9.727884,0.00018685595,-8.584986
3704,0,0,0.06447134,-2.674891,0.7996441721916199,0.0002586199,-8.259892,0.99974066,8.256973
3705,1,1,0.93526036,2.6704512,0.751102864742279,0.999987,11.248579,0.00020130837,-8.510471
3706,1,1,0.93527097,2.6706264,0.8048619031906128,0.9999875,11.284651,0.00027194398,-8.209642
3707,1,1,0.9352518,2.6703095,0.5811008810997009,0.9999777,10.709718,0.00017272483,-8.663638
3708,1,1,0.9351946,2.669366,0.6099380850791931,0.9998578,8.858377,0.00016857637,-8.687953
3709,0,0,0.06434789,-2.6769395,0.6896181702613831,1.3260809e-05,-11.230684,0.99968374,8.058676
3710,0,0,0.06437565,-2.6764786,0.6061246991157532,1.151785e-05,-11.371601,0.9998784,9.014665
3711,0,1,0.9568332,3.098557,1.0,0.9999615,10.16597,0.17592454,-1.5442069
3712,0,0,0.06430921,-2.6775823,0.8512617945671082,6.3965626e-06,-11.9597435,0.9994419,7.4903936
3713,0,0,0.06450175,-2.674387,0.6898624300956726,0.00029520498,-8.127545,0.9998306,8.683349
3714,1,0,0.054534983,-2.8528345,1.0,2.510753e-05,-10.592318,0.92748004,2.5486093
3715,1,1,0.9352768,2.670723,0.9539415836334229,0.99995494,10.008245,0.00041499716,-7.7868237
3716,1,1,0.93389904,2.6481853,0.7757015228271484,0.99710995,5.8435636,0.0002534469,-8.280103
3717,1,1,0.9352792,2.6707623,0.8096594214439392,0.99998534,11.1289835,0.00033445805,-8.002665
3718,0,0,0.06439184,-2.67621,0.714977502822876,6.8961446e-05,-9.581894,0.9998053,8.543721
3719,0,0,0.06431572,-2.677474,0.7623593211174011,2.3882387e-05,-10.642345,0.9994305,7.4701962
3720,1,1,0.90554357,2.2603967,0.630192220211029,0.9473106,2.8892126,0.00018605927,-8.589259
3721,1,1,0.93526417,2.670514,0.7002632021903992,0.99998796,11.323732,0.0002242412,-8.402564
3722,1,0,0.060972504,-2.7344217,1.0,7.402102e-05,-9.511087,0.975906,3.7014043
3723,1,1,0.93526065,2.6704562,0.6275663375854492,0.99997973,10.804303,0.00022645596,-8.392734
3724,1,1,0.93525535,2.6703684,0.6182257533073425,0.9999876,11.295465,0.00016522733,-8.708023
3725,1,0,0.056269858,-2.8196812,1.0,0.022468193,-3.7729301,0.8694105,1.895757
3726,1,1,0.9351975,2.669413,0.8090494275093079,0.99984574,8.777193,0.00022651535,-8.392471
3727,1,1,0.9352835,2.670833,0.7989747524261475,0.99998975,11.490628,0.00034919902,-7.9595194
3728,0,0,0.06445692,-2.6751301,0.49759653210639954,0.00019395647,-8.547683,0.9998491,8.799053
3729,0,0,0.06437543,-2.6764822,0.6734237670898438,1.6158878e-05,-11.033025,0.9998621,8.888967
3730,1,1,0.93525666,2.6703901,0.7283932566642761,0.99998236,10.944408,0.00019139881,-8.56096
3731,1,1,0.93491834,2.6648164,0.7137686014175415,0.9992163,7.1506815,0.00035084877,-7.9548044
3732,1,1,0.93528306,2.6708264,0.7095916271209717,0.99999034,11.5495205,0.0003444955,-7.973085
3733,1,0,0.22962165,-1.2104487,0.8561527729034424,0.501365,0.005460024,0.0002943054,-8.130598
3734,0,0,0.064383075,-2.6763554,0.734208881855011,2.4592022e-05,-10.613064,0.9998872,9.090414
3735,1,1,0.9352575,2.670404,0.6168678998947144,0.9999875,11.285764,0.00018080261,-8.617924
3736,0,1,0.93739265,2.7062197,1.0,0.998743,6.6777534,0.018849332,-3.9522486
3737,1,1,0.93517923,2.6691122,0.6073241829872131,0.9998271,8.662375,0.00016258657,-8.724137
3738,0,0,0.06437046,-2.676565,0.6395119428634644,2.2408494e-05,-10.706048,0.99980825,8.55912
3739,0,0,0.41049474,-0.36192054,0.5910507440567017,0.29739776,-0.85972035,0.9997929,8.48197
3740,1,1,0.93510467,2.6678827,0.6374855041503906,0.99964845,7.952919,0.00022894677,-8.381792
3741,0,0,0.06437107,-2.6765547,0.7706155180931091,5.827551e-06,-12.052908,0.9998654,8.913551
3742,1,1,0.9352067,2.6695654,0.7451034784317017,0.99984014,8.741049,0.00030686063,-8.08881
3743,0,0,0.1640541,-1.6283677,0.6901199221611023,0.1347393,-1.859689,0.9996444,7.9414034
3744,0,1,0.9200861,2.4435172,1.0,0.9111108,2.3272743,0.19092005,-1.4440429
3745,0,1,0.93043125,2.5933328,1.0,0.9818763,3.9922438,0.026397668,-3.6077273
3746,0,1,0.99087596,4.6876764,1.0,0.99990106,9.220937,0.8280986,1.5722109
3747,0,0,0.06437256,-2.67653,0.6334883570671082,8.281154e-06,-11.70152,0.9998678,8.93078
3748,0,0,0.06436587,-2.676641,0.6924062371253967,1.7892187e-05,-10.9311285,0.99979144,8.474785
3749,0,0,0.06439198,-2.6762075,0.6718721389770508,4.542593e-05,-9.999382,0.9998814,9.039601
3750,1,1,0.93525356,2.6703389,0.7275269627571106,0.99997866,10.756229,0.00018161781,-8.613424
3751,1,0,0.06098312,-2.7342365,1.0,0.0004997546,-7.6008935,0.9746225,3.648188
3752,0,0,0.064371884,-2.676541,0.7637273669242859,5.1442163e-05,-9.875001,0.9997253,8.19955
3753,1,0,0.24715981,-1.1138178,1.0,0.21097574,-1.3190539,0.96729314,3.3869183
3754,1,1,0.9352515,2.6703045,0.5700275301933289,0.9999863,11.199213,0.0001432589,-8.850714
3755,0,0,0.06435376,-2.6768422,0.9224730730056763,7.3937863e-06,-11.814863,0.99974245,8.263952
3756,0,0,0.06435091,-2.6768894,0.7070697546005249,3.1735657e-05,-10.358038,0.99964535,7.94403
3757,1,1,0.9352718,2.6706402,0.4908711314201355,0.99998844,11.369889,0.00027463475,-8.199794
3758,1,1,0.9350441,2.6668854,0.5468152165412903,0.99952114,7.6436687,0.00022587396,-8.395308
3759,0,1,0.98408854,4.124676,1.0,0.9994599,7.5232434,0.598523,0.39931488
3760,1,0,0.06254579,-2.707269,1.0,2.0667958e-05,-10.786905,0.98721653,4.346741
3761,0,1,0.89724296,2.1669593,0.7938814163208008,0.62227845,0.4992305,0.99983513,8.710416
3762,0,0,0.06495852,-2.666842,0.6273596286773682,0.0012852878,-6.6554866,0.9997644,8.353109
3763,1,1,0.9352639,2.6705093,0.8602157831192017,0.9999896,11.479742,0.00021677438,-8.436437
3764,1,0,0.06133623,-2.7280867,1.0,4.9646846e-06,-12.213156,0.9787257,3.8287501
3765,1,0,0.10769906,-2.1144626,1.0,0.10268748,-2.167714,0.90256727,2.226081
3766,1,1,0.9352132,2.6696727,0.625796377658844,0.9998907,9.121107,0.00018956645,-8.570581
3767,1,1,0.9352573,2.670401,0.593718945980072,0.99998057,10.850053,0.00020139744,-8.510029
3768,0,0,0.064795315,-2.669532,0.5450620055198669,0.0009203329,-6.9898543,0.99982613,8.6570635
3769,0,1,0.93900996,2.7341156,1.0,0.99992585,9.508772,0.02651705,-3.6030924
3770,0,0,0.08909631,-2.3247194,0.6789649724960327,0.04521172,-3.0501332,0.99985147,8.814439
3771,1,1,0.9352896,2.6709347,0.8493109941482544,0.9999825,10.953233,0.0004140484,-7.7891135
3772,0,0,0.06433112,-2.6772182,0.4146413207054138,4.428652e-05,-10.024786,0.9994703,7.542652
3773,0,1,0.9468298,2.8796213,1.0,0.99991024,9.318204,0.08626467,-2.3601208
3774,1,1,0.93526083,2.670459,0.6754339933395386,0.99993825,9.691495,0.00036016674,-7.928583
3775,1,1,0.935195,2.6693728,0.7084523439407349,0.99981385,8.588909,0.000312527,-8.070507
3776,0,0,0.064370066,-2.6765714,0.5908651351928711,2.3355833e-05,-10.66464,0.99980253,8.529329
3777,1,1,0.93466747,2.6607008,0.7508096694946289,0.99871945,6.659197,0.00024916648,-8.29714
3778,1,1,0.9352366,2.6700585,0.701018214225769,0.99992466,9.493033,0.00023891067,-8.339182
3779,0,0,0.06436587,-2.676641,0.4051969051361084,3.097452e-05,-10.382315,0.9997497,8.292702
3780,0,0,0.064378984,-2.6764233,0.8924527168273926,3.4695742e-05,-10.268859,0.9998271,8.662701
3781,0,0,0.065360576,-2.6602416,0.7988318204879761,0.002214755,-6.1103964,0.9995041,7.608669
3782,1,1,0.93519837,2.6694279,0.47956255078315735,0.99988186,9.044074,0.00011731301,-9.050548
3783,1,1,0.799616,1.383896,0.6725406646728516,0.83468014,1.6191663,0.00026057818,-8.252347
3784,0,0,0.064374946,-2.6764903,0.6732602715492249,6.4539277e-06,-11.950815,0.99988973,9.112365
3785,1,0,0.39329025,-0.4335026,1.0,0.30118155,-0.8416777,0.95834076,3.1356807
3786,0,0,0.06435533,-2.676816,0.7148774862289429,2.382938e-05,-10.6445675,0.99970067,8.113734
3787,0,1,0.9760951,3.7094758,1.0,0.999907,9.283028,0.42674494,-0.2951442
3788,1,1,0.9319258,2.6166544,0.5937967300415039,0.99308187,4.9666586,0.00018109212,-8.616323
3789,0,1,0.9685896,3.428702,1.0,0.99998236,10.943458,0.31131008,-0.79400164
3790,0,0,0.08111297,-2.4273202,0.5562965869903564,0.0320327,-3.408441,0.9998435,8.762173
3791,0,1,0.963596,3.275993,1.0,0.99805945,6.2428293,0.25479805,-1.073184
3792,1,1,0.9335251,2.6421432,0.6215576529502869,0.99633247,5.604555,0.00025778636,-8.263122
3793,1,0,0.06514223,-2.6638215,1.0,0.006043425,-5.1027226,0.9858086,4.2408237
3794,1,0,0.110209815,-2.0885997,1.0,0.09141014,-2.2965374,0.94919235,2.9275653
3795,0,0,0.12092313,-1.9837172,0.6126453280448914,0.08902585,-2.3255877,0.9998374,8.7238865
3796,1,1,0.9352445,2.6701894,0.6902351379394531,0.9999658,10.284076,0.00016119007,-8.732765
3797,0,0,0.06437691,-2.6764576,0.5655484795570374,2.6844005e-05,-10.525441,0.9998381,8.728668
3798,0,1,0.96452665,3.302856,1.0,0.9988739,6.787829,0.26321772,-1.029311
3799,0,1,0.99313337,4.9741907,1.0,0.99666154,5.6988916,0.9559938,3.078419
3800,1,1,0.9352728,2.670657,0.6213663816452026,0.9999771,10.68531,0.00031745186,-8.054867
3801,1,0,0.056108363,-2.8227265,1.0,0.015033779,-4.1823077,0.8919028,2.110326
3802,0,0,0.0644242,-2.6756728,0.6655063629150391,0.00011882525,-9.037738,0.99986637,8.920286
3803,1,1,0.93525106,2.6702976,0.7680514454841614,0.99997675,10.669838,0.00017083189,-8.67466
3804,0,0,0.06436319,-2.6766856,0.6094292402267456,4.352519e-06,-12.344751,0.99981636,8.602224
3805,1,1,0.93527627,2.6707141,0.7830199003219604,0.9999865,11.211298,0.00031048676,-8.077059
3806,0,0,0.064339496,-2.677079,0.6953730583190918,5.578562e-06,-12.096574,0.9996511,7.96042
3807,1,1,0.9353103,2.6712763,0.9246947169303894,0.9999883,11.353035,0.0005356815,-7.531435
3808,1,1,0.9352555,2.6703715,0.6350837349891663,0.9999809,10.864618,0.00018784846,-8.579687
3809,1,1,0.9352387,2.670094,0.7533320784568787,0.9999087,9.301272,0.00030522028,-8.094172
3810,0,0,0.064396285,-2.676136,0.6493774652481079,7.5033604e-05,-9.497499,0.9998161,8.600952
3811,1,1,0.93519664,2.6693993,0.3322586715221405,0.99984634,8.780662,0.00021883257,-8.426985
3812,1,1,0.9352526,2.6703231,0.7470081448554993,0.9999652,10.267214,0.00021869843,-8.427598
3813,1,1,0.93523884,2.670096,0.7061144113540649,0.999933,9.610216,0.0002279231,-8.386274
3814,1,1,0.8882145,2.0726316,0.6183381080627441,0.9231693,2.4862094,0.00024488007,-8.314497
3815,1,0,0.05627315,-2.8196192,1.0,0.0002080594,-8.477479,0.94052327,2.7608504
3816,0,0,0.06436779,-2.676609,0.7872185707092285,6.733331e-06,-11.908434,0.99984014,8.741485
3817,0,0,0.06437016,-2.6765697,0.7707374095916748,3.091302e-05,-10.384302,0.99977916,8.417707
3818,1,1,0.93472344,2.6616178,0.6127866506576538,0.9988619,6.7772856,0.00017003801,-8.679318
3819,1,1,0.93527126,2.6706314,0.7227210402488708,0.99996436,10.240316,0.0003476577,-7.9639444
3820,1,0,0.014064976,-4.2499027,0.6118908524513245,0.110898964,-2.0815914,0.00021984141,-8.422384
3821,1,1,0.93526244,2.6704857,0.7389966249465942,0.99998105,10.872454,0.00023447853,-8.357912
3822,0,0,0.06470316,-2.671054,0.7752509713172913,0.0007350865,-7.214787,0.99979335,8.4842205
3823,0,0,0.06443949,-2.675419,0.48586350679397583,0.00016772917,-8.692992,0.9998142,8.590771
3824,1,1,0.9352543,2.6703508,0.5923964977264404,0.99998343,11.007196,0.00017184774,-8.66873
3825,1,0,0.05300092,-2.882989,1.0,1.7032837e-05,-10.9803505,0.91513413,2.377998
3826,1,1,0.93515867,2.668773,0.8040275573730469,0.99977666,8.40664,0.00018443374,-8.598036
3827,0,1,0.9884418,4.4487367,1.0,0.9999541,9.989067,0.72989804,0.99410546
3828,0,0,0.064352214,-2.6768677,0.8449757099151611,9.705237e-06,-11.542835,0.99972457,8.196756
3829,0,1,0.9910579,4.707999,1.0,0.99996984,10.409239,0.83621603,1.6303382
3830,1,1,0.93525535,2.6703684,0.7457306385040283,0.99998677,11.228889,0.00016776932,-8.692753
3831,0,0,0.07037979,-2.58087,0.8718606233596802,0.012310123,-4.384947,0.9998292,8.674993
3832,0,0,0.06743829,-2.6267223,0.6627438068389893,0.006403366,-5.0445075,0.9998801,9.028681
3833,1,0,0.026312731,-3.6110373,1.0,0.0002007056,-8.513471,0.6158453,0.47195077
3834,1,1,0.93523616,2.6700516,0.6529858112335205,0.9999368,9.668912,0.00019782853,-8.527912
3835,0,1,0.9938269,5.081366,1.0,0.9999794,10.786324,0.9893749,4.5338545
3836,1,1,0.93528336,2.6708312,0.7859184145927429,0.99998283,10.970946,0.000370613,-7.8999815
3837,0,1,0.93934286,2.739943,1.0,0.9998591,8.867374,0.02912099,-3.5067427
3838,1,1,0.9352697,2.6706057,0.7240299582481384,0.9999832,10.992091,0.00027722522,-8.190403
3839,0,0,0.06436431,-2.676667,0.7025673389434814,1.0830607e-05,-11.433124,0.99980325,8.533212
3840,1,1,0.93520164,2.669482,0.6628575921058655,0.99983084,8.684915,0.00030210058,-8.104448
3841,0,0,0.06437981,-2.6764095,0.6674131155014038,1.3494731e-05,-11.213198,0.99990046,9.214796
3842,0,1,0.9931432,4.975634,1.0,0.9991779,7.10289,0.94855183,2.91436
3843,1,1,0.9347136,2.6614566,0.7639371752738953,0.99881506,6.7368245,0.00025364946,-8.279304
3844,1,1,0.9352611,2.670463,0.6422462463378906,0.9999784,10.743456,0.00023364945,-8.361455
3845,1,0,0.059543937,-2.7596505,1.0,0.0031301738,-5.7635317,0.9557955,3.0737185
3846,1,1,0.9352462,2.670218,0.6580559015274048,0.99994457,9.800662,0.00024104565,-8.330283
3847,1,0,0.05698689,-2.806259,1.0,0.00022253134,-8.41022,0.94595855,2.8624477
3848,1,0,0.115573354,-2.0350342,0.8215394020080566,0.39543203,-0.42453519,0.00028029433,-8.17939
3849,0,0,0.06433852,-2.6770952,0.866508960723877,4.834662e-06,-12.239695,0.9996468,7.94796
3850,1,0,0.021079011,-3.8381732,1.0,0.0002086142,-8.474815,0.5226313,0.09058698
3851,0,0,0.064377286,-2.6764514,0.6207359433174133,3.7242e-05,-10.198036,0.9998074,8.554486
3852,1,1,0.93526137,2.6704679,0.8723220229148865,0.9999348,9.637597,0.0003746445,-7.8891582
3853,1,1,0.9352596,2.6704383,0.7413877248764038,0.99997437,10.572313,0.00023632478,-8.350067
3854,1,1,0.93526125,2.670466,0.7052586674690247,0.9999919,11.720577,0.00019189825,-8.558353
3855,0,0,0.064359814,-2.6767416,0.6545608639717102,1.7863185e-05,-10.932751,0.9997503,8.295165
3856,1,1,0.9352288,2.6699307,0.6337520480155945,0.9999168,9.394241,0.0002122473,-8.457546
3857,1,0,0.044950105,-3.0562105,1.0,0.00077855994,-7.1572857,0.8416332,1.6704307
3858,1,0,0.45159197,-0.19424054,0.7360337972640991,0.6319595,0.54063255,0.00017106709,-8.673284
3859,1,1,0.93526125,2.670466,0.6150971055030823,0.9999896,11.476975,0.00019878433,-8.523091
3860,1,1,0.93524283,2.6701617,0.6737260222434998,0.9999765,10.659182,0.00011603369,-9.061514
3861,0,0,0.06440877,-2.6759288,0.8661139011383057,0.00010480209,-9.163332,0.9998061,8.547809
3862,1,1,0.9352519,2.6703115,0.6694512367248535,0.99998033,10.835583,0.00016508937,-8.7088585
3863,0,0,0.064362265,-2.6767008,0.5996668934822083,1.2786328e-05,-11.267121,0.9997832,8.436157
3864,1,1,0.93523955,2.6701076,0.5042101740837097,0.999954,9.987734,0.0001662658,-8.7017565
3865,0,1,0.9690759,3.4448078,1.0,0.999969,10.383215,0.3179597,-0.76316416
3866,1,1,0.9352619,2.6704767,0.5969130992889404,0.9999802,10.830435,0.0002333391,-8.362784
3867,1,0,0.046329122,-3.0245478,1.0,1.3712639e-05,-11.197179,0.8570663,1.7911338
3868,1,1,0.9352593,2.6704335,0.8158969879150391,0.9999417,9.750225,0.0003386709,-7.990143
3869,0,0,0.06438056,-2.6763973,0.6281920075416565,3.4125846e-05,-10.285421,0.99983966,8.738368
3870,0,0,0.06436869,-2.6765943,0.4810042381286621,1.1402993e-05,-11.381623,0.9998313,8.687771
3871,1,1,0.93509245,2.6676815,0.8813153505325317,0.999605,7.8362455,0.0002849982,-8.162743
3872,0,0,0.06437661,-2.6764627,0.686324417591095,1.0825857e-05,-11.433562,0.9998872,9.090467
3873,1,1,0.93525136,2.6703026,0.49645018577575684,0.9999815,10.897772,0.00015790187,-8.753379
3874,0,0,0.06437743,-2.676449,0.7682019472122192,2.2230532e-05,-10.714022,0.99985635,8.847977
3875,0,1,0.9787174,3.8283525,1.0,0.9985446,6.5310106,0.47986928,-0.080566615
3876,0,0,0.07987492,-2.4440477,0.6720759272575378,0.03009978,-3.4726753,0.9991534,7.0733776
3877,1,1,0.647199,0.60674953,0.6372520327568054,0.73482454,1.0192401,0.00030192206,-8.10504
3878,1,1,0.9352591,2.6704304,0.7591999769210815,0.9999777,10.713769,0.0002225882,-8.409965
3879,0,0,0.064296685,-2.6777904,0.803459644317627,0.00010531753,-9.158425,0.99904066,6.9482765
3880,1,1,0.93523604,2.6700497,0.6878678202629089,0.9999387,9.700598,0.00019053154,-8.565502
3881,1,1,0.55080193,0.2039114,0.644279956817627,0.683095,0.7680318,0.00022361221,-8.405374
3882,0,1,0.8608988,1.8227751,1.0,0.8789972,1.9829682,0.038797352,-3.2098331
3883,0,0,0.06436531,-2.6766503,0.7316662073135376,9.940182e-06,-11.518915,0.999813,8.584133
3884,1,1,0.93525374,2.670342,0.5239700675010681,0.99998045,10.842317,0.00017785652,-8.634356
3885,0,0,0.0643728,-2.676526,0.7617531418800354,1.923929e-05,-10.858537,0.9998344,8.705904
3886,0,0,0.06436035,-2.6767325,0.5995616912841797,8.5341935e-06,-11.671421,0.9997837,8.438702
3887,0,0,0.064367086,-2.6766207,0.6937520503997803,1.2414574e-05,-11.296627,0.9998173,8.607599
3888,0,0,0.06426218,-2.678364,0.7372599840164185,5.9782765e-06,-12.027372,0.99912256,7.0375795
3889,1,1,0.93523175,2.6699789,0.5844922065734863,0.99992704,9.525512,0.00019921408,-8.520931
3890,0,1,0.99172103,4.7857237,1.0,0.9966223,5.687197,0.8787932,1.9810514
3891,1,1,0.9352821,2.6708105,0.7144051194190979,0.9999906,11.573061,0.00033753907,-7.9934916
3892,1,1,0.93525034,2.6702857,0.6214197874069214,0.9999509,9.920214,0.00024844107,-8.300056
3893,0,1,0.9823115,4.016993,1.0,0.98946965,4.542912,0.5862434,0.34845713
3894,0,1,0.99277025,4.9222956,1.0,0.9999856,11.1484585,0.92408836,2.499238
3895,0,1,0.98877084,4.477949,1.0,0.9282312,2.55983,0.9709278,3.5084677
3896,1,0,0.057176616,-2.8027341,1.0,4.99602e-05,-9.904234,0.9479559,2.9022164
3897,0,0,0.064330295,-2.677232,0.6377460956573486,1.1107268e-05,-11.4079,0.99957067,7.75294
3898,1,1,0.93524706,2.6702318,0.6917244791984558,0.9999559,10.028987,0.0002110178,-8.463357
3899,0,1,0.9479469,2.9020343,1.0,0.9767953,3.7399235,0.16927692,-1.5907606
3900,0,0,0.06437013,-2.6765702,0.6845986843109131,9.011504e-06,-11.617,0.99984884,8.796978
3901,1,1,0.9349844,2.6659024,0.5903875827789307,0.9993973,7.4134846,0.0002185044,-8.428486
3902,0,1,0.92210525,2.4713008,1.0,0.9716475,3.53428,0.0089959055,-4.701949
3903,0,0,0.06436231,-2.6767,0.7520611882209778,8.8902825e-06,-11.630543,0.999796,8.497173
3904,1,0,0.24550396,-1.1227369,1.0,0.407941,-0.3724836,0.3346286,-0.68732417
3905,0,0,0.06431983,-2.6774058,0.6887449026107788,1.219556e-05,-11.314426,0.99949586,7.592105
3906,1,1,0.9352474,2.6702375,0.5588558912277222,0.99997914,10.779354,0.00013886766,-8.88185
3907,0,0,0.06437253,-2.6765304,0.6931079626083374,5.2642645e-06,-12.154564,0.9998771,9.003827
3908,1,1,0.9352217,2.6698124,0.5754834413528442,0.99991643,9.390007,0.00016430009,-8.713652
3909,0,0,0.3996979,-0.406724,1.0,0.48370793,-0.06519126,0.3864325,-0.46233305
3910,1,0,0.06260997,-2.7061749,1.0,0.0019776227,-6.2238803,0.981416,3.9666967
3911,0,1,0.97793293,3.7913547,1.0,0.9999691,10.385708,0.46014056,-0.15977691
3912,1,0,0.031884246,-3.4132397,1.0,0.061528668,-2.724749,0.50114757,0.0045903325
3913,1,1,0.9352573,2.670401,0.6940670013427734,0.99998355,11.013149,0.00019158177,-8.560004
3914,0,0,0.06602088,-2.649483,0.7315185070037842,0.0034866666,-5.6553164,0.99985635,8.848119
3915,0,0,0.06438757,-2.6762807,0.7924777269363403,4.046193e-05,-10.1151085,0.9998672,8.926454
3916,0,1,0.9925896,4.897432,1.0,0.99998474,11.093204,0.9138921,2.3621106
3917,1,0,0.04601815,-3.0316088,1.0,5.5821492e-06,-12.095931,0.85419524,1.7678914
3918,0,1,0.94134104,2.7755651,1.0,0.9995994,7.8222036,0.044564806,-3.0652225
3919,1,1,0.9352537,2.670341,0.6739431023597717,0.99998033,10.835035,0.00017693095,-8.639574
3920,0,1,0.9847696,4.169113,1.0,0.998703,6.6464543,0.61916953,0.4860247
3921,1,1,0.935297,2.6710567,0.5057162046432495,0.99998796,11.327543,0.00044660774,-7.713383
3922,0,1,0.97000724,3.4763477,1.0,0.9999273,9.529049,0.33103397,-0.7035123
3923,0,1,0.9761212,3.7105951,1.0,0.9999497,9.897131,0.42706922,-0.29381892
3924,1,0,0.34503534,-0.64093447,0.7644302248954773,0.5745559,0.30046377,0.00021967922,-8.423122
3925,1,1,0.93420166,2.6530976,0.5194851756095886,0.99777275,6.1047635,0.00015315908,-8.78388
3926,0,0,0.06433153,-2.6772113,0.5551369190216064,7.635869e-06,-11.782646,0.9995902,7.799465
3927,1,1,0.9352618,2.6704748,0.8689728379249573,0.9999441,9.7916355,0.00034813266,-7.962579
3928,0,1,0.9799738,3.890484,1.0,0.97548383,3.6836028,0.5790052,0.31869096
3929,1,1,0.93512774,2.668263,0.7824047803878784,0.99967265,8.02402,0.00030743514,-8.086939
3930,0,1,0.9924873,4.8836207,1.0,0.99985266,8.823048,0.9086425,2.2971706
3931,0,0,0.06437713,-2.676454,0.6464587450027466,9.910887e-06,-11.521867,0.99989355,9.148092
3932,0,0,0.06436736,-2.6766162,0.6595900058746338,8.123872e-06,-11.7206955,0.99983287,8.696731
3933,0,0,0.06541563,-2.6593406,0.5046022534370422,0.0022314694,-6.102861,0.9998204,8.624399
3934,1,1,0.93522996,2.6699493,0.668888509273529,0.99992394,9.484614,0.00019721455,-8.531021
3935,0,0,0.06437792,-2.676441,0.7683981657028198,1.4449304e-05,-11.14485,0.9998845,9.065742
3936,1,0,0.040937748,-3.1539035,0.6758224964141846,0.25171837,-1.0894686,0.00017991045,-8.622871
3937,0,0,0.06435216,-2.6768687,0.8754839897155762,1.0795527e-05,-11.436368,0.99972075,8.18322
3938,0,1,0.5077423,0.030971622,0.5147279500961304,0.34785458,-0.62848306,0.9998548,8.837045
3939,1,1,0.9352696,2.6706038,0.6150004863739014,0.99999285,11.849949,0.00024530024,-8.312782
3940,1,1,0.9352448,2.6701944,0.7190141677856445,0.99996185,10.172567,0.00017614837,-8.644008
3941,0,0,0.06439352,-2.676182,0.5069312453269958,5.428103e-05,-9.821281,0.9998635,8.899248
3942,1,1,0.9352498,2.6702769,0.5899330973625183,0.9999807,10.855265,0.00014963138,-8.807186
3943,1,1,0.93525344,2.670337,0.8105846047401428,0.9999523,9.950584,0.00026517897,-8.23484
3944,0,1,0.9379272,2.7153642,1.0,0.9997558,8.317121,0.019366495,-3.9246542
3945,0,0,0.075129375,-2.5104423,0.6827883720397949,0.021362666,-3.8245163,0.9998149,8.594475
3946,0,0,0.064465396,-2.6749895,0.6689011454582214,0.00020205141,-8.506786,0.9998809,9.035149
3947,1,1,0.93523186,2.6699808,0.5453456044197083,0.9999262,9.513819,0.0002025514,-8.504314
3948,1,1,0.93523467,2.670027,0.6128264665603638,0.99993706,9.674146,0.00018673626,-8.585627
3949,0,0,0.0643795,-2.6764147,0.7081271409988403,2.1545433e-05,-10.745325,0.9998727,8.969289
3950,1,0,0.019683212,-3.9081097,1.0,0.000907926,-7.0034394,0.49170464,-0.03318447
3951,0,1,0.98128015,3.9592736,1.0,0.99974984,8.293055,0.5297346,0.11907898
3952,0,0,0.06437122,-2.676552,0.7832359075546265,6.5084614e-06,-11.942401,0.99986434,8.905381
3953,0,0,0.06438851,-2.676265,0.7101891040802002,6.512312e-05,-9.639166,0.9997949,8.491638
3954,0,0,0.064381726,-2.6763778,0.6329964399337769,4.021466e-05,-10.121239,0.9998281,8.668721
3955,1,1,0.9352377,2.6700773,0.5591555833816528,0.99994993,9.90256,0.00016626406,-8.701767
3956,0,0,0.06559307,-2.656442,0.6519443988800049,0.002584787,-5.955524,0.9998814,9.039594
3957,0,0,0.064334154,-2.677168,0.81378173828125,1.513931e-05,-11.098201,0.99958414,7.784729
3958,0,1,0.97648287,3.726228,1.0,0.9993831,7.3901677,0.4352913,-0.26029462
3959,1,1,0.935245,2.6701972,0.6446181535720825,0.99997056,10.431749,0.00014960655,-8.807352
3960,1,1,0.93453085,2.6584656,0.660422146320343,0.9984291,6.454582,0.00025884536,-8.259021
3961,1,1,0.9352558,2.6703763,0.809406042098999,0.99996114,10.155667,0.00025336017,-8.280445
3962,1,1,0.9352671,2.6705625,0.7600222826004028,0.9999914,11.665636,0.00023319967,-8.363382
3963,1,1,0.9352601,2.6704473,0.7211134433746338,0.9999783,10.738825,0.00022758477,-8.38776
3964,1,1,0.92697704,2.5411549,0.45506468415260315,0.9833018,4.075617,0.00043759795,-7.7337723
3965,1,1,0.93523175,2.6699789,0.5548995733261108,0.9999304,9.571796,0.000188494,-8.576256
3966,0,0,0.06439012,-2.6762383,0.6101675033569336,4.1708554e-05,-10.084763,0.99988055,9.032389
3967,1,1,0.9351933,2.6693442,0.6965224742889404,0.9998116,8.576775,0.00030728074,-8.087441
3968,1,0,0.32903758,-0.7125412,0.8020825386047363,0.56534827,0.2628969,0.00024547454,-8.312072
3969,0,0,0.39837146,-0.4122553,0.6514539122581482,0.29266226,-0.882489,0.9942642,5.155267
3970,1,1,0.93526417,2.670514,0.6114189624786377,0.99998343,11.008489,0.00023836098,-8.341486
3971,0,0,0.0643546,-2.6768281,0.6085726022720337,6.5241534e-06,-11.939993,0.9997509,8.297675
3972,1,1,0.86174387,1.8298501,0.6751521229743958,0.89200824,2.1114202,0.00014993774,-8.8051405
3973,0,0,0.064321086,-2.6773849,0.7576279044151306,1.705821e-05,-10.978862,0.99948895,7.578486
3974,0,0,0.066782594,-2.6371958,0.6709646582603455,0.005099678,-5.273465,0.9997465,8.279894
3975,1,1,0.9352601,2.6704473,0.669467031955719,0.9999912,11.6437435,0.00018630373,-8.587946
3976,0,0,0.065987065,-2.6500316,0.6698786020278931,0.003409279,-5.6778393,0.9998784,9.015061
3977,0,0,0.06435361,-2.6768446,0.7275869846343994,8.337233e-06,-11.694771,0.9997384,8.248603
3978,1,1,0.9352664,2.6705506,0.7961239814758301,0.9999802,10.830231,0.00026364118,-8.240658
3979,0,0,0.064531155,-2.6738997,0.6653579473495483,0.0003573198,-7.936522,0.99983215,8.692684
3980,1,0,0.43983543,-0.24182995,0.7379282712936401,0.62582266,0.5143373,0.00024390445,-8.31849
3981,0,1,0.942029,2.788093,1.0,0.99993455,9.634467,0.048634257,-2.9735703
3982,0,0,0.06436524,-2.6766515,0.606695294380188,1.4261221e-05,-11.157952,0.9997987,8.510633
3983,1,1,0.93523824,2.6700861,0.6738800406455994,0.999936,9.655925,0.0002142384,-8.448207
3984,0,0,0.064399585,-2.6760812,0.7029393911361694,6.770527e-05,-9.600279,0.9998621,8.888578
3985,0,0,0.08841761,-2.3331108,0.699599027633667,0.04416771,-3.0745885,0.9997427,8.264987
3986,1,1,0.9352591,2.6704304,0.8271104097366333,0.9999858,11.165382,0.00019687806,-8.532729
3987,0,1,0.9658581,3.3424916,1.0,0.9998474,8.787692,0.27637136,-0.9625329
3988,0,1,0.93620986,2.686241,1.0,0.99986434,8.9051895,0.007071398,-4.9446006
3989,1,1,0.93525875,2.6704247,0.9181950092315674,0.9999349,9.639378,0.00035705284,-7.9372697
3990,1,1,0.99284333,4.932528,1.0,0.9938214,5.0804644,0.9479717,2.9025373
3991,1,1,0.9350977,2.6677678,0.4810269773006439,0.9996463,7.946737,0.00018840292,-8.576739
3992,0,0,0.06436801,-2.6766055,0.5928673148155212,1.275695e-05,-11.269422,0.99982244,8.635977
3993,0,0,0.06436301,-2.6766884,0.7378817796707153,1.2343647e-05,-11.302357,0.99978966,8.4665165
3994,1,1,0.9344371,2.6569343,0.501767635345459,0.9982546,6.3490286,0.00018765405,-8.580723
3995,0,1,0.96285176,3.2549832,1.0,0.9949452,5.2823505,0.25612307,-1.0662175
3996,0,1,0.94786716,2.9004192,1.0,0.99998736,11.276321,0.09455053,-2.2592971
3997,0,0,0.06435816,-2.676769,0.8638792037963867,5.674523e-05,-9.776882,0.99961483,7.861413
3998,1,1,0.934898,2.6644826,0.6654006838798523,0.9992355,7.175498,0.00015220055,-8.790159
3999,1,1,0.93525827,2.6704168,0.688739001750946,0.99997044,10.427398,0.00023977806,-8.335557
4000,0,0,0.0646261,-2.672328,0.7714350819587708,0.0005849532,-7.4433937,0.9997501,8.294166
4001,0,0,0.064362764,-2.6766925,0.708253800868988,1.3470828e-05,-11.214971,0.9997844,8.441877
