index,label,pred,score,logit,ssim,text_score,text_logit,image_score,image_logit
0,1,0,4.2296633e-05,-10.070761,0.730822741985321,4.2296633e-05,-10.070761,4.2296633e-05,-10.070761
1,1,0,5.637146e-05,-9.783491,0.7557893395423889,5.637146e-05,-9.783491,5.637146e-05,-9.783491
2,0,1,0.9994172,7.446933,0.629715085029602,0.9994172,7.446933,0.9994172,7.446933
3,1,0,4.9467628e-05,-9.914143,0.6717502474784851,4.9467628e-05,-9.914143,4.9467628e-05,-9.914143
4,0,1,0.92203754,2.4703586,1.0,0.92203754,2.4703586,0.92203754,2.4703586
5,0,1,0.999524,7.649568,0.7593832015991211,0.999524,7.649568,0.999524,7.649568
6,0,1,0.99195534,4.814668,1.0,0.99195534,4.814668,0.99195534,4.814668
7,1,0,0.46061125,-0.15788203,1.0,0.46061125,-0.15788203,0.46061125,-0.15788203
8,1,0,4.7738107e-05,-9.949733,0.9009529948234558,4.7738107e-05,-9.949733,4.7738107e-05,-9.949733
9,0,1,0.9997069,8.134998,0.6958486437797546,0.9997069,8.134998,0.9997069,8.134998
10,1,0,0.00027004525,-8.216651,0.540854275226593,0.00027004525,-8.216651,0.00027004525,-8.216651
11,1,0,2.744747e-05,-10.503209,0.49257373809814453,2.744747e-05,-10.503209,2.744747e-05,-10.503209
12,1,0,5.0588096e-05,-9.891744,0.7073401212692261,5.0588096e-05,-9.891744,5.0588096e-05,-9.891744
13,0,1,0.9985031,6.50283,0.5337709188461304,0.9985031,6.50283,0.9985031,6.50283
14,0,1,0.9998203,8.623972,0.5450111627578735,0.9998203,8.623972,0.9998203,8.623972
15,1,0,3.3121392e-05,-10.315298,0.5461888313293457,3.3121392e-05,-10.315298,3.3121392e-05,-10.315298
16,0,1,0.8137661,1.4746698,1.0,0.8137661,1.4746698,0.8137661,1.4746698
17,1,0,3.96336e-05,-10.135794,0.6527902483940125,3.96336e-05,-10.135794,3.96336e-05,-10.135794
18,1,0,0.012602316,-4.361192,0.6186730861663818,0.012602316,-4.361192,0.012602316,-4.361192
19,1,0,3.827555e-05,-10.170661,0.6802736520767212,3.827555e-05,-10.170661,3.827555e-05,-10.170661
20,1,0,6.864173e-05,-9.586541,0.8313393592834473,6.864173e-05,-9.586541,6.864173e-05,-9.586541
21,0,1,0.99927765,7.232209,0.7148651480674744,0.99927765,7.232209,0.99927765,7.232209
22,0,1,0.9995327,7.668003,0.7971364855766296,0.9995327,7.668003,0.9995327,7.668003
23,1,0,5.876904e-05,-9.741837,0.527893602848053,5.876904e-05,-9.741837,5.876904e-05,-9.741837
24,0,1,0.9998665,8.920857,0.6716070175170898,0.9998665,8.920857,0.9998665,8.920857
25,0,1,0.99968374,8.058545,0.9075942039489746,0.99968374,8.058545,0.99968374,8.058545
26,0,1,0.99981934,8.6186285,0.7447798252105713,0.99981934,8.6186285,0.99981934,8.6186285
27,0,1,0.99960476,7.835469,0.7079338431358337,0.99960476,7.835469,0.99960476,7.835469
28,0,1,0.9998307,8.684303,0.6280618906021118,0.9998307,8.684303,0.9998307,8.684303
29,1,0,2.4674433e-05,-10.609718,0.7746683359146118,2.4674433e-05,-10.609718,2.4674433e-05,-10.609718
30,1,0,3.3807337e-05,-10.294799,0.6379126906394958,3.3807337e-05,-10.294799,3.3807337e-05,-10.294799
31,0,1,0.96561027,3.335004,1.0,0.96561027,3.335004,0.96561027,3.335004
32,1,0,2.6350152e-05,-10.54401,0.7187358736991882,2.6350152e-05,-10.54401,2.6350152e-05,-10.54401
33,0,1,0.765944,1.1855487,1.0,0.765944,1.1855487,0.765944,1.1855487
34,1,0,5.3274976e-05,-9.839991,0.6371088624000549,5.3274976e-05,-9.839991,5.3274976e-05,-9.839991
35,1,0,0.00010135662,-9.196764,0.8247092962265015,0.00010135662,-9.196764,0.00010135662,-9.196764
36,0,1,0.96657693,3.3645139,1.0,0.96657693,3.3645139,0.96657693,3.3645139
37,1,0,2.4755487e-05,-10.606439,0.726188063621521,2.4755487e-05,-10.606439,2.4755487e-05,-10.606439
38,0,1,0.9985592,6.541088,0.6403355002403259,0.9985592,6.541088,0.9985592,6.541088
39,0,1,0.99984586,8.7775345,0.7039787769317627,0.99984586,8.7775345,0.99984586,8.7775345
40,1,0,3.408506e-05,-10.286617,0.7587723731994629,3.408506e-05,-10.286617,3.408506e-05,-10.286617
41,0,1,0.9997991,8.512392,0.7507351636886597,0.9997991,8.512392,0.9997991,8.512392
42,0,1,0.9997261,8.202519,0.6931951642036438,0.9997261,8.202519,0.9997261,8.202519
43,1,0,3.933756e-05,-10.143291,0.8320096731185913,3.933756e-05,-10.143291,3.933756e-05,-10.143291
44,1,0,3.884778e-05,-10.155821,0.6386354565620422,3.884778e-05,-10.155821,3.884778e-05,-10.155821
45,1,0,0.08160603,-2.4207232,1.0,0.08160603,-2.4207232,0.08160603,-2.4207232
46,0,1,0.9996785,8.042097,0.7847006320953369,0.9996785,8.042097,0.9996785,8.042097
47,1,0,4.3476386e-05,-10.043249,0.9340997338294983,4.3476386e-05,-10.043249,4.3476386e-05,-10.043249
48,0,1,0.9970018,5.806756,0.8466741442680359,0.9970018,5.806756,0.9970018,5.806756
49,0,1,0.9994875,7.575841,0.7685697078704834,0.9994875,7.575841,0.9994875,7.575841
50,1,0,5.3009167e-05,-9.844993,0.6128696203231812,5.3009167e-05,-9.844993,5.3009167e-05,-9.844993
51,1,0,3.235638e-05,-10.338667,0.6984640955924988,3.235638e-05,-10.338667,3.235638e-05,-10.338667
52,1,0,4.1335632e-05,-10.093744,0.7092888951301575,4.1335632e-05,-10.093744,4.1335632e-05,-10.093744
53,1,0,2.711004e-05,-10.515579,0.7767984867095947,2.711004e-05,-10.515579,2.711004e-05,-10.515579
54,0,1,0.99492127,5.2775974,0.8129821419715881,0.99492127,5.2775974,0.99492127,5.2775974
55,0,1,0.99985385,8.830908,0.6684917211532593,0.99985385,8.830908,0.99985385,8.830908
56,0,1,0.5437481,0.17544103,1.0,0.5437481,0.17544103,0.5437481,0.17544103
57,1,0,2.5645091e-05,-10.571133,0.7336105704307556,2.5645091e-05,-10.571133,2.5645091e-05,-10.571133
58,1,0,3.72431e-05,-10.198007,0.6267893314361572,3.72431e-05,-10.198007,3.72431e-05,-10.198007
59,1,0,4.0549152e-05,-10.112955,0.8053247332572937,4.0549152e-05,-10.112955,4.0549152e-05,-10.112955
60,0,1,0.69828033,0.83912235,1.0,0.69828033,0.83912235,0.69828033,0.83912235
61,1,0,4.7090543e-05,-9.963391,0.6000602841377258,4.7090543e-05,-9.963391,4.7090543e-05,-9.963391
62,1,0,3.6523164e-05,-10.217527,0.6503974795341492,3.6523164e-05,-10.217527,3.6523164e-05,-10.217527
63,1,0,3.80929e-05,-10.175445,0.6082656383514404,3.80929e-05,-10.175445,3.80929e-05,-10.175445
64,1,0,4.540921e-05,-9.99975,0.5364609956741333,4.540921e-05,-9.99975,4.540921e-05,-9.99975
65,1,0,0.000107751286,-9.135577,0.7744811177253723,0.000107751286,-9.135577,0.000107751286,-9.135577
66,0,1,0.9991881,7.1153636,0.6043659448623657,0.9991881,7.1153636,0.9991881,7.1153636
67,0,1,0.99976104,8.338826,0.7340688705444336,0.99976104,8.338826,0.99976104,8.338826
68,0,1,0.9993087,7.27623,0.5977867841720581,0.9993087,7.27623,0.9993087,7.27623
69,1,0,2.8690883e-05,-10.458902,0.7338805794715881,2.8690883e-05,-10.458902,2.8690883e-05,-10.458902
70,1,0,3.909507e-05,-10.149475,0.7169246077537537,3.909507e-05,-10.149475,3.909507e-05,-10.149475
71,1,0,6.408921e-05,-9.65517,0.5898972749710083,6.408921e-05,-9.65517,6.408921e-05,-9.65517
72,1,0,0.17263895,-1.5670388,1.0,0.17263895,-1.5670388,0.17263895,-1.5670388
73,0,1,0.9996493,7.955153,0.670567512512207,0.9996493,7.955153,0.9996493,7.955153
74,0,1,0.9997954,8.494231,0.63946533203125,0.9997954,8.494231,0.9997954,8.494231
75,0,1,0.99974865,8.288194,0.846354067325592,0.99974865,8.288194,0.99974865,8.288194
76,1,0,3.3359294e-05,-10.308141,0.4684230089187622,3.3359294e-05,-10.308141,3.3359294e-05,-10.308141
77,0,1,0.99957246,7.757112,0.6157181859016418,0.99957246,7.757112,0.99957246,7.757112
78,0,1,0.9997626,8.345336,0.9502735733985901,0.9997626,8.345336,0.9997626,8.345336
79,0,1,0.9996457,7.9451394,0.5632492303848267,0.9996457,7.9451394,0.9996457,7.9451394
80,0,1,0.99961877,7.871893,0.5807231068611145,0.99961877,7.871893,0.99961877,7.871893
81,0,1,0.8422901,1.6753674,1.0,0.8422901,1.6753674,0.8422901,1.6753674
82,0,1,0.6812406,0.75947887,1.0,0.6812406,0.75947887,0.6812406,0.75947887
83,1,0,0.047415383,-3.0002322,1.0,0.047415383,-3.0002322,0.047415383,-3.0002322
84,1,0,4.3853106e-05,-10.034621,0.6017086505889893,4.3853106e-05,-10.034621,4.3853106e-05,-10.034621
85,0,1,0.93460524,2.659682,1.0,0.93460524,2.659682,0.93460524,2.659682
86,1,0,5.80338e-05,-9.754427,0.8414552807807922,5.80338e-05,-9.754427,5.80338e-05,-9.754427
87,0,1,0.99971324,8.156749,0.6688930988311768,0.99971324,8.156749,0.99971324,8.156749
88,1,0,3.209299e-05,-10.346841,0.5796316862106323,3.209299e-05,-10.346841,3.209299e-05,-10.346841
89,1,0,5.6621666e-05,-9.779062,0.6864427328109741,5.6621666e-05,-9.779062,5.6621666e-05,-9.779062
90,1,0,0.00040576386,-7.8093333,0.7571637034416199,0.00040576386,-7.8093333,0.00040576386,-7.8093333
91,0,1,0.9996697,8.015027,0.7999489307403564,0.9996697,8.015027,0.9996697,8.015027
92,1,0,4.9564336e-05,-9.9121895,0.6831352710723877,4.9564336e-05,-9.9121895,4.9564336e-05,-9.9121895
93,1,0,3.5768095e-05,-10.238419,0.7631523013114929,3.5768095e-05,-10.238419,3.5768095e-05,-10.238419
94,1,0,3.4609326e-05,-10.271353,0.7556169629096985,3.4609326e-05,-10.271353,3.4609326e-05,-10.271353
95,1,0,2.7184653e-05,-10.512831,0.8101827502250671,2.7184653e-05,-10.512831,2.7184653e-05,-10.512831
96,1,0,0.25807995,-1.0559721,1.0,0.25807995,-1.0559721,0.25807995,-1.0559721
97,1,0,4.443441e-05,-10.021452,0.6003965139389038,4.443441e-05,-10.021452,4.443441e-05,-10.021452
98,1,0,2.6616066e-05,-10.533969,0.7654286026954651,2.6616066e-05,-10.533969,2.6616066e-05,-10.533969
99,0,1,0.9995964,7.814719,0.5952783226966858,0.9995964,7.814719,0.9995964,7.814719
100,1,0,2.7837079e-05,-10.489114,0.6635544896125793,2.7837079e-05,-10.489114,2.7837079e-05,-10.489114
101,0,1,0.9997875,8.456267,0.7333781719207764,0.9997875,8.456267,0.9997875,8.456267
102,0,1,0.999863,8.89563,0.6335139274597168,0.999863,8.89563,0.999863,8.89563
103,1,0,3.6082183e-05,-10.229675,0.6660799384117126,3.6082183e-05,-10.229675,3.6082183e-05,-10.229675
104,1,0,3.8404614e-05,-10.1672945,0.5730498433113098,3.8404614e-05,-10.1672945,3.8404614e-05,-10.1672945
105,1,0,3.6510035e-05,-10.217887,0.45252326130867004,3.6510035e-05,-10.217887,3.6510035e-05,-10.217887
106,0,1,0.9997197,8.179165,0.48469147086143494,0.9997197,8.179165,0.9997197,8.179165
107,1,0,9.705023e-05,-9.240185,0.5872852802276611,9.705023e-05,-9.240185,9.705023e-05,-9.240185
108,1,0,3.3997767e-05,-10.289182,0.6164342164993286,3.3997767e-05,-10.289182,3.3997767e-05,-10.289182
109,1,0,5.679699e-05,-9.77597,0.8044782876968384,5.679699e-05,-9.77597,5.679699e-05,-9.77597
110,0,1,0.5120209,0.048092872,1.0,0.5120209,0.048092872,0.5120209,0.048092872
111,1,0,6.197989e-05,-9.688639,0.7555190324783325,6.197989e-05,-9.688639,6.197989e-05,-9.688639
112,0,1,0.9994822,7.565435,0.7048619389533997,0.9994822,7.565435,0.9994822,7.565435
113,1,0,2.0712314e-05,-10.784761,0.6037064790725708,2.0712314e-05,-10.784761,2.0712314e-05,-10.784761
114,0,1,0.52786946,0.111593515,1.0,0.52786946,0.111593515,0.52786946,0.111593515
115,1,0,4.800833e-05,-9.944088,0.6802663803100586,4.800833e-05,-9.944088,4.800833e-05,-9.944088
116,0,1,0.8215116,1.5266229,1.0,0.8215116,1.5266229,0.8215116,1.5266229
117,0,1,0.9996574,7.9786158,0.8099765777587891,0.9996574,7.9786158,0.9996574,7.9786158
118,1,0,2.862857e-05,-10.461077,0.7716615796089172,2.862857e-05,-10.461077,2.862857e-05,-10.461077
119,0,1,0.999713,8.155941,0.7803913354873657,0.999713,8.155941,0.999713,8.155941
120,1,0,2.3839859e-05,-10.644128,0.5407835841178894,2.3839859e-05,-10.644128,2.3839859e-05,-10.644128
121,1,0,2.7940727e-05,-10.485397,0.8280717134475708,2.7940727e-05,-10.485397,2.7940727e-05,-10.485397
122,1,0,3.3696677e-05,-10.298078,0.7553548216819763,3.3696677e-05,-10.298078,3.3696677e-05,-10.298078
123,1,0,2.6648751e-05,-10.532742,0.658217191696167,2.6648751e-05,-10.532742,2.6648751e-05,-10.532742
124,1,0,3.7152466e-05,-10.200443,0.7121520638465881,3.7152466e-05,-10.200443,3.7152466e-05,-10.200443
125,1,0,3.99625e-05,-10.127529,0.6845198273658752,3.99625e-05,-10.127529,3.99625e-05,-10.127529
126,1,0,4.7518053e-05,-9.954353,0.8592774868011475,4.7518053e-05,-9.954353,4.7518053e-05,-9.954353
127,0,1,0.9997266,8.204472,0.5019869804382324,0.9997266,8.204472,0.9997266,8.204472
128,1,0,4.255659e-05,-10.064633,0.697712779045105,4.255659e-05,-10.064633,4.255659e-05,-10.064633
129,1,0,4.2864707e-05,-10.057419,0.6168145537376404,4.2864707e-05,-10.057419,4.2864707e-05,-10.057419
130,1,0,5.1431518e-05,-9.875208,0.6367595791816711,5.1431518e-05,-9.875208,5.1431518e-05,-9.875208
131,1,0,3.315328e-05,-10.314336,0.7728859782218933,3.315328e-05,-10.314336,3.315328e-05,-10.314336
132,0,1,0.99962974,7.90082,0.7303329706192017,0.99962974,7.90082,0.99962974,7.90082
133,1,0,5.4748438e-05,-9.812707,0.6050224900245667,5.4748438e-05,-9.812707,5.4748438e-05,-9.812707
134,0,1,0.99976724,8.365391,0.7044084668159485,0.99976724,8.365391,0.99976724,8.365391
135,0,1,0.9995135,7.627735,0.49595993757247925,0.9995135,7.627735,0.9995135,7.627735
136,1,0,3.0677144e-05,-10.391962,0.7550093531608582,3.0677144e-05,-10.391962,3.0677144e-05,-10.391962
137,0,1,0.98041224,3.9130657,1.0,0.98041224,3.9130657,0.98041224,3.9130657
138,0,1,0.6061761,0.4312666,1.0,0.6061761,0.4312666,0.6061761,0.4312666
139,1,0,3.275864e-05,-10.326311,0.8170029520988464,3.275864e-05,-10.326311,3.275864e-05,-10.326311
140,0,1,0.9996406,7.9307823,0.5745182037353516,0.9996406,7.9307823,0.9996406,7.9307823
141,0,1,0.6967297,0.83177316,1.0,0.6967297,0.83177316,0.6967297,0.83177316
142,1,0,4.1381743e-05,-10.092629,0.675391435623169,4.1381743e-05,-10.092629,4.1381743e-05,-10.092629
143,1,0,5.2989657e-05,-9.845361,0.5592283010482788,5.2989657e-05,-9.845361,5.2989657e-05,-9.845361
144,1,0,5.5380082e-05,-9.801235,0.6395565271377563,5.5380082e-05,-9.801235,5.5380082e-05,-9.801235
145,1,0,4.8212958e-05,-9.939835,0.6827881932258606,4.8212958e-05,-9.939835,4.8212958e-05,-9.939835
146,0,1,0.99883693,6.755559,1.0,0.99883693,6.755559,0.99883693,6.755559
147,0,1,0.9998779,9.011251,0.7034764289855957,0.9998779,9.011251,0.9998779,9.011251
148,1,0,4.363273e-05,-10.0396595,0.8734668493270874,4.363273e-05,-10.0396595,4.363273e-05,-10.0396595
149,0,1,0.9997048,8.127485,0.6158221960067749,0.9997048,8.127485,0.9997048,8.127485
150,1,0,0.37684366,-0.5029669,1.0,0.37684366,-0.5029669,0.37684366,-0.5029669
151,1,0,3.1444044e-05,-10.3672695,0.5660321116447449,3.1444044e-05,-10.3672695,3.1444044e-05,-10.3672695
152,0,1,0.9469898,2.882804,1.0,0.9469898,2.882804,0.9469898,2.882804
153,1,0,2.7581475e-05,-10.498339,0.6557650566101074,2.7581475e-05,-10.498339,2.7581475e-05,-10.498339
154,0,1,0.9993724,7.3729334,0.4556451737880707,0.9993724,7.3729334,0.9993724,7.3729334
155,1,0,3.955325e-05,-10.137823,0.5883510112762451,3.955325e-05,-10.137823,3.955325e-05,-10.137823
156,0,1,0.8833845,2.024879,1.0,0.8833845,2.024879,0.8833845,2.024879
157,1,0,3.4445125e-05,-10.276109,0.7037249803543091,3.4445125e-05,-10.276109,3.4445125e-05,-10.276109
158,1,0,6.871947e-05,-9.585409,0.8903201222419739,6.871947e-05,-9.585409,6.871947e-05,-9.585409
159,0,1,0.99962056,7.8764014,0.5601144433021545,0.99962056,7.8764014,0.99962056,7.8764014
160,0,1,0.5273225,0.1093989,1.0,0.5273225,0.1093989,0.5273225,0.1093989
161,0,1,0.9997129,8.155395,0.623702347278595,0.9997129,8.155395,0.9997129,8.155395
162,1,0,3.844225e-05,-10.166315,0.6139284372329712,3.844225e-05,-10.166315,3.844225e-05,-10.166315
163,1,0,6.4729094e-05,-9.645235,0.7676207423210144,6.4729094e-05,-9.645235,6.4729094e-05,-9.645235
164,1,0,0.031212538,-3.4352255,1.0,0.031212538,-3.4352255,0.031212538,-3.4352255
165,1,0,4.6817895e-05,-9.969198,0.6298260688781738,4.6817895e-05,-9.969198,4.6817895e-05,-9.969198
166,1,0,5.7412446e-05,-9.765192,0.8567295074462891,5.7412446e-05,-9.765192,5.7412446e-05,-9.765192
167,1,0,4.0758663e-05,-10.107801,0.641177237033844,4.0758663e-05,-10.107801,4.0758663e-05,-10.107801
168,0,1,0.99983704,8.721672,0.8081085085868835,0.99983704,8.721672,0.99983704,8.721672
169,1,0,3.8519494e-05,-10.164308,0.675015926361084,3.8519494e-05,-10.164308,3.8519494e-05,-10.164308
170,0,1,0.7619564,1.1634355,1.0,0.7619564,1.1634355,0.7619564,1.1634355
171,1,0,3.755442e-05,-10.189682,0.714731752872467,3.755442e-05,-10.189682,3.755442e-05,-10.189682
172,0,1,0.9615097,3.2180986,1.0,0.9615097,3.2180986,0.9615097,3.2180986
173,0,1,0.99984336,8.76167,0.6088185906410217,0.99984336,8.76167,0.99984336,8.76167
174,1,0,9.6475014e-05,-9.24613,0.6407110691070557,9.6475014e-05,-9.24613,9.6475014e-05,-9.24613
175,1,0,6.4538144e-05,-9.64819,0.5990481376647949,6.4538144e-05,-9.64819,6.4538144e-05,-9.64819
176,0,1,0.98385125,4.1096334,1.0,0.98385125,4.1096334,0.98385125,4.1096334
177,0,1,0.99977726,8.4094925,0.7543648481369019,0.99977726,8.4094925,0.99977726,8.4094925
178,1,0,3.884059e-05,-10.156006,0.6916546821594238,3.884059e-05,-10.156006,3.884059e-05,-10.156006
179,1,0,3.939526e-05,-10.141826,0.8022516965866089,3.939526e-05,-10.141826,3.939526e-05,-10.141826
180,1,0,4.3205007e-05,-10.049511,0.6145622730255127,4.3205007e-05,-10.049511,4.3205007e-05,-10.049511
181,1,0,5.7875735e-05,-9.757154,0.7278435230255127,5.7875735e-05,-9.757154,5.7875735e-05,-9.757154
182,1,0,2.7451055e-05,-10.503078,0.5316170454025269,2.7451055e-05,-10.503078,2.7451055e-05,-10.503078
183,0,1,0.9998957,9.168695,0.7349647283554077,0.9998957,9.168695,0.9998957,9.168695
184,0,1,0.99730206,5.9125605,0.5753993391990662,0.99730206,5.9125605,0.99730206,5.9125605
185,1,0,3.1949316e-05,-10.351328,0.6208781599998474,3.1949316e-05,-10.351328,3.1949316e-05,-10.351328
186,0,1,0.999747,8.281818,0.6655752658843994,0.999747,8.281818,0.999747,8.281818
187,0,1,0.9831759,4.067976,1.0,0.9831759,4.067976,0.9831759,4.067976
188,1,0,4.1995318e-05,-10.07791,0.6217262744903564,4.1995318e-05,-10.07791,4.1995318e-05,-10.07791
189,0,1,0.9944582,5.189885,0.7540531158447266,0.9944582,5.189885,0.9944582,5.189885
190,1,0,3.7969985e-05,-10.178677,0.8032882213592529,3.7969985e-05,-10.178677,3.7969985e-05,-10.178677
191,1,0,3.606629e-05,-10.230116,0.7106159329414368,3.606629e-05,-10.230116,3.606629e-05,-10.230116
192,0,1,0.99989367,9.148588,0.5759062767028809,0.99989367,9.148588,0.99989367,9.148588
193,0,1,0.66386604,0.6805706,1.0,0.66386604,0.6805706,0.66386604,0.6805706
194,1,0,5.647219e-05,-9.781706,0.5495761036872864,5.647219e-05,-9.781706,5.647219e-05,-9.781706
195,1,0,5.8912807e-05,-9.739393,0.745244026184082,5.8912807e-05,-9.739393,5.8912807e-05,-9.739393
196,1,0,3.4810644e-05,-10.2655525,0.6887713074684143,3.4810644e-05,-10.2655525,3.4810644e-05,-10.2655525
197,1,0,4.0014438e-05,-10.12623,0.6614089608192444,4.0014438e-05,-10.12623,4.0014438e-05,-10.12623
198,0,1,0.999589,7.7964797,0.816113293170929,0.999589,7.7964797,0.999589,7.7964797
199,1,0,4.482973e-05,-10.012594,0.6641260385513306,4.482973e-05,-10.012594,4.482973e-05,-10.012594
200,1,0,2.4484707e-05,-10.617437,0.5750149488449097,2.4484707e-05,-10.617437,2.4484707e-05,-10.617437
201,1,0,0.00010807851,-9.1325445,0.5022773742675781,0.00010807851,-9.1325445,0.00010807851,-9.1325445
202,1,0,5.2865093e-05,-9.847714,0.6981386542320251,5.2865093e-05,-9.847714,5.2865093e-05,-9.847714
203,1,0,0.08738837,-2.3459482,1.0,0.08738837,-2.3459482,0.08738837,-2.3459482
204,0,1,0.99991405,9.361307,0.5516440868377686,0.99991405,9.361307,0.99991405,9.361307
205,1,0,3.6401878e-05,-10.220854,0.726799488067627,3.6401878e-05,-10.220854,3.6401878e-05,-10.220854
206,1,0,4.6322097e-05,-9.979845,0.7673881649971008,4.6322097e-05,-9.979845,4.6322097e-05,-9.979845
207,0,1,0.63064927,0.5350033,1.0,0.63064927,0.5350033,0.63064927,0.5350033
208,0,1,0.9997062,8.132625,0.669103741645813,0.9997062,8.132625,0.9997062,8.132625
209,0,1,0.9661316,3.3508205,1.0,0.9661316,3.3508205,0.9661316,3.3508205
210,1,0,2.3997085e-05,-10.637554,0.6326560378074646,2.3997085e-05,-10.637554,2.3997085e-05,-10.637554
211,1,0,6.8383015e-05,-9.590318,0.7561572790145874,6.8383015e-05,-9.590318,6.8383015e-05,-9.590318
212,0,1,0.9998882,9.098967,0.48002344369888306,0.9998882,9.098967,0.9998882,9.098967
213,0,1,0.99886847,6.7829757,0.7208099365234375,0.99886847,6.7829757,0.99886847,6.7829757
214,0,1,0.76621425,1.1870569,1.0,0.76621425,1.1870569,0.76621425,1.1870569
215,0,1,0.9998876,9.093393,0.6256745457649231,0.9998876,9.093393,0.9998876,9.093393
216,0,1,0.9996494,7.9555526,0.7186447381973267,0.9996494,7.9555526,0.9996494,7.9555526
217,0,1,0.9998111,8.574255,0.7964715361595154,0.9998111,8.574255,0.9998111,8.574255
218,0,1,0.93279326,2.6304104,1.0,0.93279326,2.6304104,0.93279326,2.6304104
219,0,1,0.99722373,5.8838415,0.7747616171836853,0.99722373,5.8838415,0.99722373,5.8838415
220,0,1,0.9511177,2.9682236,1.0,0.9511177,2.9682236,0.9511177,2.9682236
221,0,1,0.9995271,7.6560144,0.6973603963851929,0.9995271,7.6560144,0.9995271,7.6560144
222,0,1,0.99910504,7.0178776,0.6254431009292603,0.99910504,7.0178776,0.99910504,7.0178776
223,1,0,4.985055e-05,-9.906431,0.5653224587440491,4.985055e-05,-9.906431,4.985055e-05,-9.906431
224,0,1,0.9993036,7.268903,0.6493570804595947,0.9993036,7.268903,0.9993036,7.268903
225,1,0,5.7316764e-05,-9.76686,0.7422739267349243,5.7316764e-05,-9.76686,5.7316764e-05,-9.76686
226,0,1,0.83761877,1.6406159,1.0,0.83761877,1.6406159,0.83761877,1.6406159
227,1,0,4.927868e-05,-9.91797,0.696677029132843,4.927868e-05,-9.91797,4.927868e-05,-9.91797
228,0,1,0.99990296,9.23991,0.8282162547111511,0.99990296,9.23991,0.99990296,9.23991
229,1,0,2.4665846e-05,-10.610066,0.7341859936714172,2.4665846e-05,-10.610066,2.4665846e-05,-10.610066
230,0,1,0.91152215,2.3323638,1.0,0.91152215,2.3323638,0.91152215,2.3323638
231,0,1,0.99114007,4.717314,1.0,0.99114007,4.717314,0.99114007,4.717314
232,1,0,4.4055265e-05,-10.030022,0.8065086007118225,4.4055265e-05,-10.030022,4.4055265e-05,-10.030022
233,1,0,4.7555317e-05,-9.953569,0.6867086291313171,4.7555317e-05,-9.953569,4.7555317e-05,-9.953569
234,0,1,0.93008906,2.5880585,1.0,0.93008906,2.5880585,0.93008906,2.5880585
235,0,1,0.9998282,8.669102,0.7082273364067078,0.9998282,8.669102,0.9998282,8.669102
236,0,1,0.99947876,7.558733,0.7876522541046143,0.99947876,7.558733,0.99947876,7.558733
237,0,1,0.7610986,1.1587119,1.0,0.7610986,1.1587119,0.7610986,1.1587119
238,0,1,0.9996768,8.037043,0.7932955026626587,0.9996768,8.037043,0.9996768,8.037043
239,0,1,0.70840424,0.88764644,1.0,0.70840424,0.88764644,0.70840424,0.88764644
240,0,1,0.99952877,7.659592,0.6822919249534607,0.99952877,7.659592,0.99952877,7.659592
241,0,1,0.9993832,7.390347,0.6595762372016907,0.9993832,7.390347,0.9993832,7.390347
242,1,0,4.0714607e-05,-10.108883,0.6947101950645447,4.0714607e-05,-10.108883,4.0714607e-05,-10.108883
243,0,1,0.99944955,7.5041666,0.9483140110969543,0.99944955,7.5041666,0.99944955,7.5041666
244,1,0,2.8718585e-05,-10.457937,0.6525981426239014,2.8718585e-05,-10.457937,2.8718585e-05,-10.457937
245,0,1,0.9998247,8.648491,0.6810011863708496,0.9998247,8.648491,0.9998247,8.648491
246,1,0,9.269704e-05,-9.286081,0.8096892833709717,9.269704e-05,-9.286081,9.269704e-05,-9.286081
247,1,0,3.1441105e-05,-10.367363,0.5702627301216125,3.1441105e-05,-10.367363,3.1441105e-05,-10.367363
248,1,0,1.6683241e-05,-11.001089,0.7615987062454224,1.6683241e-05,-11.001089,1.6683241e-05,-11.001089
249,1,0,5.5213874e-05,-9.804241,0.7516754269599915,5.5213874e-05,-9.804241,5.5213874e-05,-9.804241
250,1,0,3.4306224e-05,-10.280149,0.7457824945449829,3.4306224e-05,-10.280149,3.4306224e-05,-10.280149
251,0,1,0.9970873,5.8357677,0.9094483852386475,0.9970873,5.8357677,0.9970873,5.8357677
252,1,0,2.5743007e-05,-10.567322,0.8577975034713745,2.5743007e-05,-10.567322,2.5743007e-05,-10.567322
253,1,0,6.636936e-05,-9.620209,0.7392747402191162,6.636936e-05,-9.620209,6.636936e-05,-9.620209
254,0,1,0.9998185,8.613927,0.8738232851028442,0.9998185,8.613927,0.9998185,8.613927
255,1,0,2.7907437e-05,-10.486589,0.6556615829467773,2.7907437e-05,-10.486589,2.7907437e-05,-10.486589
256,0,1,0.99971133,8.149859,0.5507656931877136,0.99971133,8.149859,0.99971133,8.149859
257,0,1,0.97116256,3.5168195,1.0,0.97116256,3.5168195,0.97116256,3.5168195
258,1,0,4.5058943e-05,-10.007494,0.6359597444534302,4.5058943e-05,-10.007494,4.5058943e-05,-10.007494
259,0,1,0.99975723,8.323225,0.7411929368972778,0.99975723,8.323225,0.99975723,8.323225
260,1,0,3.0351317e-05,-10.40264,0.43486300110816956,3.0351317e-05,-10.40264,3.0351317e-05,-10.40264
261,0,1,0.99979335,8.484052,0.705890953540802,0.99979335,8.484052,0.99979335,8.484052
262,1,0,4.28847e-05,-10.056952,0.724604070186615,4.28847e-05,-10.056952,4.28847e-05,-10.056952
263,0,1,0.9997004,8.112797,0.6940040588378906,0.9997004,8.112797,0.9997004,8.112797
264,1,0,2.8370972e-05,-10.470116,0.6155046820640564,2.8370972e-05,-10.470116,2.8370972e-05,-10.470116
265,0,1,0.9997819,8.430138,0.6450623869895935,0.9997819,8.430138,0.9997819,8.430138
266,1,0,5.5649707e-05,-9.796378,0.654895544052124,5.5649707e-05,-9.796378,5.5649707e-05,-9.796378
267,0,1,0.99988604,9.079901,0.7187849283218384,0.99988604,9.079901,0.99988604,9.079901
268,1,0,7.476113e-05,-9.501138,0.7253046035766602,7.476113e-05,-9.501138,7.476113e-05,-9.501138
269,1,0,4.5330467e-05,-10.001486,0.7236716747283936,4.5330467e-05,-10.001486,4.5330467e-05,-10.001486
270,0,1,0.99982184,8.632406,0.7098518013954163,0.99982184,8.632406,0.99982184,8.632406
271,0,1,0.9996191,7.872635,0.7894203662872314,0.9996191,7.872635,0.9996191,7.872635
272,0,1,0.71717095,0.93047154,1.0,0.71717095,0.93047154,0.71717095,0.93047154
273,0,1,0.99963,7.901695,0.6593468189239502,0.99963,7.901695,0.99963,7.901695
274,1,0,3.7785478e-05,-10.183548,0.6390260457992554,3.7785478e-05,-10.183548,3.7785478e-05,-10.183548
275,1,0,0.040829252,-3.1566703,1.0,0.040829252,-3.1566703,0.040829252,-3.1566703
276,0,1,0.99988556,9.075738,0.7405132055282593,0.99988556,9.075738,0.99988556,9.075738
277,0,1,0.99961936,7.8734756,0.7023206353187561,0.99961936,7.8734756,0.99961936,7.8734756
278,1,0,3.9679813e-05,-10.134628,0.6207889914512634,3.9679813e-05,-10.134628,3.9679813e-05,-10.134628
279,0,1,0.99937916,7.383909,0.7606346607208252,0.99937916,7.383909,0.99937916,7.383909
280,1,0,6.031382e-05,-9.715889,0.7612149119377136,6.031382e-05,-9.715889,6.031382e-05,-9.715889
281,1,0,5.1018014e-05,-9.883281,0.6390079259872437,5.1018014e-05,-9.883281,5.1018014e-05,-9.883281
282,1,0,4.154342e-05,-10.08873,0.6900885701179504,4.154342e-05,-10.08873,4.154342e-05,-10.08873
283,1,0,4.159361e-05,-10.0875225,0.6951085329055786,4.159361e-05,-10.0875225,4.159361e-05,-10.0875225
284,1,0,5.835361e-05,-9.748931,0.6987134218215942,5.835361e-05,-9.748931,5.835361e-05,-9.748931
285,0,1,0.999731,8.22047,0.9425612092018127,0.999731,8.22047,0.999731,8.22047
286,0,1,0.99989414,9.153812,0.6687504649162292,0.99989414,9.153812,0.99989414,9.153812
287,0,1,0.99980634,8.548865,0.45901888608932495,0.99980634,8.548865,0.99980634,8.548865
288,1,0,2.2375161e-05,-10.707537,0.7804722785949707,2.2375161e-05,-10.707537,2.2375161e-05,-10.707537
289,1,0,2.5962332e-05,-10.558838,0.6242234706878662,2.5962332e-05,-10.558838,2.5962332e-05,-10.558838
290,0,1,0.9997422,8.263183,0.6234079599380493,0.9997422,8.263183,0.9997422,8.263183
291,1,0,3.8928178e-05,-10.153753,0.6534477472305298,3.8928178e-05,-10.153753,3.8928178e-05,-10.153753
292,0,1,0.7675528,1.194544,1.0,0.7675528,1.194544,0.7675528,1.194544
293,0,1,0.6602579,0.66444355,1.0,0.6602579,0.66444355,0.6602579,0.66444355
294,1,0,0.0002189839,-8.426293,0.5685563087463379,0.0002189839,-8.426293,0.0002189839,-8.426293
295,0,1,0.99979645,8.499493,0.6047251224517822,0.99979645,8.499493,0.99979645,8.499493
296,1,0,0.22991924,-1.2087673,1.0,0.22991924,-1.2087673,0.22991924,-1.2087673
297,0,1,0.94332427,2.812063,1.0,0.94332427,2.812063,0.94332427,2.812063
298,0,1,0.99972016,8.181211,0.8458648920059204,0.99972016,8.181211,0.99972016,8.181211
299,0,1,0.9994216,7.4545193,0.4906514883041382,0.9994216,7.4545193,0.9994216,7.4545193
300,1,0,4.278328e-05,-10.05932,0.6533787250518799,4.278328e-05,-10.05932,4.278328e-05,-10.05932
301,1,0,0.47017777,-0.11943071,1.0,0.47017777,-0.11943071,0.47017777,-0.11943071
302,1,0,0.00011645336,-9.057903,0.8359054923057556,0.00011645336,-9.057903,0.00011645336,-9.057903
303,1,0,3.3072345e-05,-10.31678,0.6570635437965393,3.3072345e-05,-10.31678,3.3072345e-05,-10.31678
304,1,0,3.848164e-05,-10.165291,0.6534169912338257,3.848164e-05,-10.165291,3.848164e-05,-10.165291
305,1,0,5.8503494e-05,-9.746366,0.7061420679092407,5.8503494e-05,-9.746366,5.8503494e-05,-9.746366
306,1,0,4.252417e-05,-10.065395,0.8219832181930542,4.252417e-05,-10.065395,4.252417e-05,-10.065395
307,0,1,0.6279907,0.5236066,1.0,0.6279907,0.5236066,0.6279907,0.5236066
308,1,0,5.9739108e-05,-9.725464,0.8191479444503784,5.9739108e-05,-9.725464,5.9739108e-05,-9.725464
309,1,0,3.711677e-05,-10.201405,0.43205687403678894,3.711677e-05,-10.201405,3.711677e-05,-10.201405
310,0,1,0.99967515,8.031791,0.7890046834945679,0.99967515,8.031791,0.99967515,8.031791
311,1,0,2.6138168e-05,-10.552088,0.46377256512641907,2.6138168e-05,-10.552088,2.6138168e-05,-10.552088
312,1,0,3.4457178e-05,-10.275759,0.8901396989822388,3.4457178e-05,-10.275759,3.4457178e-05,-10.275759
313,1,0,7.329544e-05,-9.520939,0.7177562117576599,7.329544e-05,-9.520939,7.329544e-05,-9.520939
314,1,0,3.8314407e-05,-10.169646,0.5606972575187683,3.8314407e-05,-10.169646,3.8314407e-05,-10.169646
315,1,0,4.6255976e-05,-9.981274,0.7742890119552612,4.6255976e-05,-9.981274,4.6255976e-05,-9.981274
316,0,1,0.9992914,7.251625,0.6837295889854431,0.9992914,7.251625,0.9992914,7.251625
317,1,0,2.9690806e-05,-10.4246435,0.5757464170455933,2.9690806e-05,-10.4246435,2.9690806e-05,-10.4246435
318,0,1,0.9995871,7.791835,0.5859362483024597,0.9995871,7.791835,0.9995871,7.791835
319,1,0,5.1837847e-05,-9.867338,0.648239016532898,5.1837847e-05,-9.867338,5.1837847e-05,-9.867338
320,1,0,3.6600602e-05,-10.215409,0.6746999621391296,3.6600602e-05,-10.215409,3.6600602e-05,-10.215409
321,0,1,0.99969184,8.084379,0.7165345549583435,0.99969184,8.084379,0.99969184,8.084379
322,0,1,0.9997284,8.210675,0.6872485876083374,0.9997284,8.210675,0.9997284,8.210675
323,0,1,0.9999162,9.386954,0.6392411589622498,0.9999162,9.386954,0.9999162,9.386954
324,0,1,0.9998425,8.75646,0.722521185874939,0.9998425,8.75646,0.9998425,8.75646
325,1,0,0.04703062,-3.0087838,1.0,0.04703062,-3.0087838,0.04703062,-3.0087838
326,0,1,0.98781675,4.3954315,1.0,0.98781675,4.3954315,0.98781675,4.3954315
327,0,1,0.63667065,0.56094253,1.0,0.63667065,0.56094253,0.63667065,0.56094253
328,1,0,3.959216e-05,-10.13684,0.6515359282493591,3.959216e-05,-10.13684,3.959216e-05,-10.13684
329,1,0,0.00018553984,-8.592055,0.7526586651802063,0.00018553984,-8.592055,0.00018553984,-8.592055
330,0,1,0.9995932,7.8068666,0.729357898235321,0.9995932,7.8068666,0.9995932,7.8068666
331,0,0,0.49512815,-0.019487798,1.0,0.49512815,-0.019487798,0.49512815,-0.019487798
332,1,0,3.8472026e-05,-10.165541,0.5767797231674194,3.8472026e-05,-10.165541,3.8472026e-05,-10.165541
333,1,0,3.740987e-05,-10.193539,0.6340742707252502,3.740987e-05,-10.193539,3.740987e-05,-10.193539
334,1,0,4.7806352e-05,-9.948304,0.6848946213722229,4.7806352e-05,-9.948304,4.7806352e-05,-9.948304
335,0,1,0.9998274,8.664784,0.7372124195098877,0.9998274,8.664784,0.9998274,8.664784
336,0,1,0.7858737,1.3002304,1.0,0.7858737,1.3002304,0.7858737,1.3002304
337,1,0,3.7015852e-05,-10.204127,0.8034791946411133,3.7015852e-05,-10.204127,3.7015852e-05,-10.204127
338,0,1,0.9998385,8.73089,0.8583710193634033,0.9998385,8.73089,0.9998385,8.73089
339,0,1,0.99919134,7.119343,0.7940347194671631,0.99919134,7.119343,0.99919134,7.119343
340,0,1,0.79526174,1.3569391,1.0,0.79526174,1.3569391,0.79526174,1.3569391
341,1,0,2.8269234e-05,-10.473708,0.5685743093490601,2.8269234e-05,-10.473708,2.8269234e-05,-10.473708
342,1,0,2.7125869e-05,-10.514996,0.6475807428359985,2.7125869e-05,-10.514996,2.7125869e-05,-10.514996
343,0,1,0.9683641,3.4213145,1.0,0.9683641,3.4213145,0.9683641,3.4213145
344,0,1,0.9997384,8.248394,0.8292744755744934,0.9997384,8.248394,0.9997384,8.248394
345,1,0,2.6833382e-05,-10.525837,0.6675392389297485,2.6833382e-05,-10.525837,2.6833382e-05,-10.525837
346,1,0,5.1012423e-05,-9.88339,0.6238476634025574,5.1012423e-05,-9.88339,5.1012423e-05,-9.88339
347,1,0,2.383656e-05,-10.644266,0.6088790893554688,2.383656e-05,-10.644266,2.383656e-05,-10.644266
348,0,1,0.9997813,8.427694,0.7592912316322327,0.9997813,8.427694,0.9997813,8.427694
349,0,1,0.99969745,8.102699,0.7291190028190613,0.99969745,8.102699,0.99969745,8.102699
350,1,0,2.252056e-05,-10.701059,0.5844477415084839,2.252056e-05,-10.701059,2.252056e-05,-10.701059
351,1,0,9.169235e-05,-9.29698,0.6474994421005249,9.169235e-05,-9.29698,9.169235e-05,-9.29698
352,1,0,3.2016964e-05,-10.349213,0.6859318017959595,3.2016964e-05,-10.349213,3.2016964e-05,-10.349213
353,0,1,0.9996258,7.8904724,0.6820041537284851,0.9996258,7.8904724,0.9996258,7.8904724
354,1,0,0.26536632,-1.0182607,1.0,0.26536632,-1.0182607,0.26536632,-1.0182607
355,0,1,0.9991498,7.069221,0.7153106331825256,0.9991498,7.069221,0.9991498,7.069221
356,0,1,0.9998902,9.117335,0.6706847548484802,0.9998902,9.117335,0.9998902,9.117335
357,0,1,0.9995666,7.7435102,0.634620189666748,0.9995666,7.7435102,0.9995666,7.7435102
358,1,0,0.00015145383,-8.795078,0.78708815574646,0.00015145383,-8.795078,0.00015145383,-8.795078
359,0,1,0.9997008,8.113845,0.527658224105835,0.9997008,8.113845,0.9997008,8.113845
360,1,0,0.00030756212,-8.086526,0.7983455061912537,0.00030756212,-8.086526,0.00030756212,-8.086526
361,1,0,3.7673217e-05,-10.186523,0.5587186813354492,3.7673217e-05,-10.186523,3.7673217e-05,-10.186523
362,1,0,3.87498e-05,-10.158346,0.8306018114089966,3.87498e-05,-10.158346,3.87498e-05,-10.158346
363,1,0,0.28145474,-0.93725705,1.0,0.28145474,-0.93725705,0.28145474,-0.93725705
364,1,0,0.44769365,-0.20999351,1.0,0.44769365,-0.20999351,0.44769365,-0.20999351
365,1,0,3.079377e-05,-10.388167,0.7980352640151978,3.079377e-05,-10.388167,3.079377e-05,-10.388167
366,0,1,0.9997651,8.356196,0.7450342178344727,0.9997651,8.356196,0.9997651,8.356196
367,1,0,4.1159255e-05,-10.098021,0.5652846097946167,4.1159255e-05,-10.098021,4.1159255e-05,-10.098021
368,0,1,0.99981076,8.572327,0.5038812160491943,0.99981076,8.572327,0.99981076,8.572327
369,0,1,0.9998273,8.663522,0.6656211018562317,0.9998273,8.663522,0.9998273,8.663522
370,1,0,3.0099565e-05,-10.41097,0.540318489074707,3.0099565e-05,-10.41097,3.0099565e-05,-10.41097
371,1,0,2.754835e-05,-10.49954,0.7434740662574768,2.754835e-05,-10.49954,2.754835e-05,-10.49954
372,0,1,0.9969409,5.7865973,0.6783103942871094,0.9969409,5.7865973,0.9969409,5.7865973
373,1,0,0.0001837611,-8.60169,0.6507202982902527,0.0001837611,-8.60169,0.0001837611,-8.60169
374,1,0,4.730826e-05,-9.958778,0.7918179631233215,4.730826e-05,-9.958778,4.730826e-05,-9.958778
375,1,0,7.292176e-05,-9.526051,0.8762144446372986,7.292176e-05,-9.526051,7.292176e-05,-9.526051
376,1,0,6.463823e-05,-9.64664,0.5780273079872131,6.463823e-05,-9.64664,6.463823e-05,-9.64664
377,0,1,0.99746287,5.9741707,1.0,0.99746287,5.9741707,0.99746287,5.9741707
378,0,1,0.9996018,7.8280888,0.6364176869392395,0.9996018,7.8280888,0.9996018,7.8280888
379,1,0,3.163413e-05,-10.361242,0.5505491495132446,3.163413e-05,-10.361242,3.163413e-05,-10.361242
380,1,0,1.940474e-05,-10.849974,0.778083324432373,1.940474e-05,-10.849974,1.940474e-05,-10.849974
381,1,0,3.7100563e-05,-10.201841,0.7169150710105896,3.7100563e-05,-10.201841,3.7100563e-05,-10.201841
382,0,1,0.7344171,1.0171499,1.0,0.7344171,1.0171499,0.7344171,1.0171499
383,0,1,0.9998367,8.71959,0.47902554273605347,0.9998367,8.71959,0.9998367,8.71959
384,1,0,3.13062e-05,-10.371663,0.6574954986572266,3.13062e-05,-10.371663,3.13062e-05,-10.371663
385,0,1,0.6681261,0.6997219,1.0,0.6681261,0.6997219,0.6681261,0.6997219
386,0,1,0.8584071,1.8021226,1.0,0.8584071,1.8021226,0.8584071,1.8021226
387,0,1,0.9997712,8.382169,0.7845651507377625,0.9997712,8.382169,0.9997712,8.382169
388,1,0,3.89189e-05,-10.153992,0.5700945258140564,3.89189e-05,-10.153992,3.89189e-05,-10.153992
389,1,0,0.12306312,-1.9637376,1.0,0.12306312,-1.9637376,0.12306312,-1.9637376
390,1,0,4.7824455e-05,-9.947926,0.5662186741828918,4.7824455e-05,-9.947926,4.7824455e-05,-9.947926
391,1,0,4.177973e-05,-10.083057,0.7809913158416748,4.177973e-05,-10.083057,4.177973e-05,-10.083057
392,0,1,0.99981123,8.574388,0.8341603875160217,0.99981123,8.574388,0.99981123,8.574388
393,0,1,0.99908996,7.0010457,0.5408856272697449,0.99908996,7.0010457,0.99908996,7.0010457
394,0,1,0.99565864,5.4352036,1.0,0.99565864,5.4352036,0.99565864,5.4352036
395,1,0,0.41996998,-0.32289654,1.0,0.41996998,-0.32289654,0.41996998,-0.32289654
396,0,1,0.99928814,7.24695,0.6964579224586487,0.99928814,7.24695,0.99928814,7.24695
397,0,1,0.99953115,7.6647787,0.7207775115966797,0.99953115,7.6647787,0.99953115,7.6647787
398,0,1,0.9997509,8.297561,0.7510800361633301,0.9997509,8.297561,0.9997509,8.297561
399,1,0,4.345388e-05,-10.043767,0.700655996799469,4.345388e-05,-10.043767,4.345388e-05,-10.043767
400,0,1,0.9995597,7.72773,0.6289668679237366,0.9995597,7.72773,0.9995597,7.72773
401,1,0,0.0001710242,-8.673534,0.7060945630073547,0.0001710242,-8.673534,0.0001710242,-8.673534
402,1,0,3.0012832e-05,-10.413856,0.6424457430839539,3.0012832e-05,-10.413856,3.0012832e-05,-10.413856
403,0,1,0.90495986,2.2535915,1.0,0.90495986,2.2535915,0.90495986,2.2535915
404,1,0,3.9368595e-05,-10.142503,0.712942361831665,3.9368595e-05,-10.142503,3.9368595e-05,-10.142503
405,0,1,0.99923086,7.1694427,0.725731611251831,0.99923086,7.1694427,0.99923086,7.1694427
406,0,1,0.999778,8.412564,0.7509092688560486,0.999778,8.412564,0.999778,8.412564
407,0,1,0.7996415,1.3840554,1.0,0.7996415,1.3840554,0.7996415,1.3840554
408,1,0,8.674134e-05,-9.352493,0.7066249847412109,8.674134e-05,-9.352493,8.674134e-05,-9.352493
409,0,1,0.999879,9.019943,0.6315365433692932,0.999879,9.019943,0.999879,9.019943
410,1,0,0.0038926026,-5.544777,1.0,0.0038926026,-5.544777,0.0038926026,-5.544777
411,0,1,0.9992144,7.1483574,0.6459993720054626,0.9992144,7.1483574,0.9992144,7.1483574
412,1,0,0.40737882,-0.3748117,1.0,0.40737882,-0.3748117,0.40737882,-0.3748117
413,0,1,0.7060849,0.8764445,1.0,0.7060849,0.8764445,0.7060849,0.8764445
414,1,0,0.3491417,-0.62281424,1.0,0.3491417,-0.62281424,0.3491417,-0.62281424
415,0,1,0.9840313,4.1210303,1.0,0.9840313,4.1210303,0.9840313,4.1210303
416,1,0,3.9645845e-05,-10.135485,0.858781635761261,3.9645845e-05,-10.135485,3.9645845e-05,-10.135485
417,1,0,6.1028222e-05,-9.704113,0.4957035481929779,6.1028222e-05,-9.704113,6.1028222e-05,-9.704113
418,0,1,0.9996624,7.9933357,0.4823853671550751,0.9996624,7.9933357,0.9996624,7.9933357
419,0,1,0.99983084,8.684917,0.6245476007461548,0.99983084,8.684917,0.99983084,8.684917
420,1,0,3.114709e-05,-10.376759,0.5666919350624084,3.114709e-05,-10.376759,3.114709e-05,-10.376759
421,1,0,4.5916775e-05,-9.988634,0.7457707524299622,4.5916775e-05,-9.988634,4.5916775e-05,-9.988634
422,0,1,0.9997595,8.332462,0.7494986057281494,0.9997595,8.332462,0.9997595,8.332462
423,0,1,0.9988599,6.7755256,0.7128675580024719,0.9988599,6.7755256,0.9988599,6.7755256
424,0,1,0.7155629,0.92255723,1.0,0.7155629,0.92255723,0.7155629,0.92255723
425,0,1,0.9993937,7.4074545,0.941252589225769,0.9993937,7.4074545,0.9993937,7.4074545
426,0,1,0.7794556,1.2624967,1.0,0.7794556,1.2624967,0.7794556,1.2624967
427,0,1,0.99951255,7.6257577,0.6462644934654236,0.99951255,7.6257577,0.99951255,7.6257577
428,1,0,2.2123748e-05,-10.718837,0.4707309305667877,2.2123748e-05,-10.718837,2.2123748e-05,-10.718837
429,0,1,0.9996929,8.087876,0.7918436527252197,0.9996929,8.087876,0.9996929,8.087876
430,1,0,3.3866098e-05,-10.293062,0.7177676558494568,3.3866098e-05,-10.293062,3.3866098e-05,-10.293062
431,1,0,0.44754893,-0.21057913,1.0,0.44754893,-0.21057913,0.44754893,-0.21057913
432,1,0,3.5895824e-05,-10.234854,0.7341803312301636,3.5895824e-05,-10.234854,3.5895824e-05,-10.234854
433,1,0,0.37307084,-0.5190654,1.0,0.37307084,-0.5190654,0.37307084,-0.5190654
434,0,1,0.99988556,9.07568,0.6977522373199463,0.99988556,9.07568,0.99988556,9.07568
435,0,1,0.99889356,6.805459,0.7820284962654114,0.99889356,6.805459,0.99889356,6.805459
436,0,1,0.9620322,3.2323084,1.0,0.9620322,3.2323084,0.9620322,3.2323084
437,1,0,3.2586024e-05,-10.331594,0.7103875279426575,3.2586024e-05,-10.331594,3.2586024e-05,-10.331594
438,1,0,6.179993e-05,-9.691546,0.714869499206543,6.179993e-05,-9.691546,6.179993e-05,-9.691546
439,0,1,0.7014808,0.85435927,1.0,0.7014808,0.85435927,0.7014808,0.85435927
440,1,0,0.00045208546,-7.701187,0.6410742402076721,0.00045208546,-7.701187,0.00045208546,-7.701187
441,0,1,0.9997216,8.1860075,0.4416062533855438,0.9997216,8.1860075,0.9997216,8.1860075
442,1,0,4.9049937e-05,-9.922623,0.8572047352790833,4.9049937e-05,-9.922623,4.9049937e-05,-9.922623
443,0,1,0.57698774,0.31041974,1.0,0.57698774,0.31041974,0.57698774,0.31041974
444,1,0,3.59076e-05,-10.234526,0.5911986231803894,3.59076e-05,-10.234526,3.59076e-05,-10.234526
445,1,0,7.930765e-05,-9.442097,0.6221294403076172,7.930765e-05,-9.442097,7.930765e-05,-9.442097
446,0,1,0.9998367,8.719994,0.7831964492797852,0.9998367,8.719994,0.9998367,8.719994
447,0,1,0.99967027,8.016842,0.6386089324951172,0.99967027,8.016842,0.99967027,8.016842
448,0,1,0.9998517,8.81643,0.875085175037384,0.9998517,8.81643,0.9998517,8.81643
449,1,0,3.9971797e-05,-10.127296,0.7978676557540894,3.9971797e-05,-10.127296,3.9971797e-05,-10.127296
450,0,1,0.9997929,8.48177,0.739631712436676,0.9997929,8.48177,0.9997929,8.48177
451,0,1,0.99741083,5.9538307,0.7735751867294312,0.99741083,5.9538307,0.99741083,5.9538307
452,0,1,0.99962056,7.8763347,0.5838838219642639,0.99962056,7.8763347,0.99962056,7.8763347
453,0,1,0.989972,4.5922976,1.0,0.989972,4.5922976,0.989972,4.5922976
454,1,0,0.0001085113,-9.128548,0.6924578547477722,0.0001085113,-9.128548,0.0001085113,-9.128548
455,1,0,2.9801804e-05,-10.420912,0.5508260130882263,2.9801804e-05,-10.420912,2.9801804e-05,-10.420912
456,0,1,0.99989414,9.153211,0.6109459400177002,0.99989414,9.153211,0.99989414,9.153211
457,0,1,0.9998041,8.537767,0.6598519086837769,0.9998041,8.537767,0.9998041,8.537767
458,0,1,0.9989825,6.889407,0.6207708120346069,0.9989825,6.889407,0.9989825,6.889407
459,0,1,0.9997093,8.143209,0.7654989361763,0.9997093,8.143209,0.9997093,8.143209
460,0,1,0.9838144,4.1073194,1.0,0.9838144,4.1073194,0.9838144,4.1073194
461,0,1,0.9996246,7.8872585,0.6682367324829102,0.9996246,7.8872585,0.9996246,7.8872585
462,0,1,0.99962354,7.8842354,0.8475528359413147,0.99962354,7.8842354,0.99962354,7.8842354
463,1,0,4.4334858e-05,-10.023695,0.8295629620552063,4.4334858e-05,-10.023695,4.4334858e-05,-10.023695
464,0,1,0.9998388,8.733284,0.5681741833686829,0.9998388,8.733284,0.9998388,8.733284
465,0,1,0.7744287,1.2334895,1.0,0.7744287,1.2334895,0.7744287,1.2334895
466,0,1,0.7875557,1.3102543,1.0,0.7875557,1.3102543,0.7875557,1.3102543
467,0,1,0.9999043,9.25395,0.6309055685997009,0.9999043,9.25395,0.9999043,9.25395
468,0,1,0.99982554,8.653632,0.7948791980743408,0.99982554,8.653632,0.99982554,8.653632
469,0,1,0.99962306,7.883266,0.7209329605102539,0.99962306,7.883266,0.99962306,7.883266
470,1,0,4.135361e-05,-10.093309,0.6824401617050171,4.135361e-05,-10.093309,4.135361e-05,-10.093309
471,1,0,7.068637e-05,-9.557187,0.8277717232704163,7.068637e-05,-9.557187,7.068637e-05,-9.557187
472,0,1,0.9996238,7.885106,0.630025327205658,0.9996238,7.885106,0.9996238,7.885106
473,1,0,3.2192766e-05,-10.343737,0.6879394054412842,3.2192766e-05,-10.343737,3.2192766e-05,-10.343737
474,1,0,3.0445646e-05,-10.399537,0.6590996384620667,3.0445646e-05,-10.399537,3.0445646e-05,-10.399537
475,0,1,0.9377541,2.7123954,1.0,0.9377541,2.7123954,0.9377541,2.7123954
476,1,0,0.00018021125,-8.621201,0.6613875031471252,0.00018021125,-8.621201,0.00018021125,-8.621201
477,1,0,3.0306572e-05,-10.404116,0.526883065700531,3.0306572e-05,-10.404116,3.0306572e-05,-10.404116
478,0,1,0.9995721,7.756298,0.7041133046150208,0.9995721,7.756298,0.9995721,7.756298
479,1,0,0.07760049,-2.4754047,1.0,0.07760049,-2.4754047,0.07760049,-2.4754047
480,0,1,0.72236305,0.9562137,1.0,0.72236305,0.9562137,0.72236305,0.9562137
481,1,0,2.0511505e-05,-10.794504,0.7399200201034546,2.0511505e-05,-10.794504,2.0511505e-05,-10.794504
482,0,1,0.99974793,8.285561,0.8235415816307068,0.99974793,8.285561,0.99974793,8.285561
483,0,1,0.9998865,9.0842495,0.8069679737091064,0.9998865,9.0842495,0.9998865,9.0842495
484,1,0,0.00014965849,-8.807005,0.8729108572006226,0.00014965849,-8.807005,0.00014965849,-8.807005
485,1,0,0.3625317,-0.56439275,1.0,0.3625317,-0.56439275,0.3625317,-0.56439275
486,0,1,0.99985874,8.865074,0.7477869391441345,0.99985874,8.865074,0.99985874,8.865074
487,1,0,0.00010138078,-9.196526,0.6606559157371521,0.00010138078,-9.196526,0.00010138078,-9.196526
488,0,1,0.9997156,8.165074,0.5791991949081421,0.9997156,8.165074,0.9997156,8.165074
489,1,0,3.7913687e-05,-10.1801605,0.6735422611236572,3.7913687e-05,-10.1801605,3.7913687e-05,-10.1801605
490,1,0,3.4201952e-05,-10.283194,0.6305691599845886,3.4201952e-05,-10.283194,3.4201952e-05,-10.283194
491,0,1,0.9994319,7.4726562,0.774614691734314,0.9994319,7.4726562,0.9994319,7.4726562
492,0,1,0.99233353,4.863193,1.0,0.99233353,4.863193,0.99233353,4.863193
493,1,0,3.087478e-05,-10.38554,0.6674887537956238,3.087478e-05,-10.38554,3.087478e-05,-10.38554
494,0,1,0.8272442,1.566221,1.0,0.8272442,1.566221,0.8272442,1.566221
495,1,0,0.001853767,-6.28868,0.5514165163040161,0.001853767,-6.28868,0.001853767,-6.28868
496,1,0,0.0001444884,-8.842167,0.7352325916290283,0.0001444884,-8.842167,0.0001444884,-8.842167
497,0,1,0.9834148,4.0825233,1.0,0.9834148,4.0825233,0.9834148,4.0825233
498,1,0,2.4778774e-05,-10.605498,0.6124963164329529,2.4778774e-05,-10.605498,2.4778774e-05,-10.605498
499,0,1,0.9997631,8.347631,0.6968015432357788,0.9997631,8.347631,0.9997631,8.347631
500,0,1,0.99913496,7.0518227,0.9470582008361816,0.99913496,7.0518227,0.99913496,7.0518227
501,1,0,3.474753e-05,-10.267367,0.6131801605224609,3.474753e-05,-10.267367,3.474753e-05,-10.267367
502,0,1,0.9993568,7.3483543,0.8412348628044128,0.9993568,7.3483543,0.9993568,7.3483543
503,0,1,0.57408136,0.29852277,1.0,0.57408136,0.29852277,0.57408136,0.29852277
504,1,0,4.614539e-05,-9.983667,0.7460299730300903,4.614539e-05,-9.983667,4.614539e-05,-9.983667
505,1,0,8.9684385e-05,-9.319124,0.6371250152587891,8.9684385e-05,-9.319124,8.9684385e-05,-9.319124
506,0,1,0.54464275,0.1790477,1.0,0.54464275,0.1790477,0.54464275,0.1790477
507,1,0,2.4448496e-05,-10.618917,0.48675188422203064,2.4448496e-05,-10.618917,2.4448496e-05,-10.618917
508,0,1,0.8412525,1.6675768,1.0,0.8412525,1.6675768,0.8412525,1.6675768
509,1,0,3.390326e-05,-10.2919655,0.8614553809165955,3.390326e-05,-10.2919655,3.390326e-05,-10.2919655
510,0,1,0.92028946,2.4462862,1.0,0.92028946,2.4462862,0.92028946,2.4462862
511,0,1,0.99934965,7.3373103,0.5822562575340271,0.99934965,7.3373103,0.99934965,7.3373103
512,1,0,5.969896e-05,-9.726136,0.718971312046051,5.969896e-05,-9.726136,5.969896e-05,-9.726136
513,1,0,3.768486e-05,-10.186214,0.5987780690193176,3.768486e-05,-10.186214,3.768486e-05,-10.186214
514,0,1,0.99987936,9.022711,0.6731159090995789,0.99987936,9.022711,0.99987936,9.022711
515,0,1,0.9734457,3.6016521,1.0,0.9734457,3.6016521,0.9734457,3.6016521
516,0,1,0.99959594,7.8135853,0.8068824410438538,0.99959594,7.8135853,0.99959594,7.8135853
517,0,1,0.999853,8.825413,0.549342691898346,0.999853,8.825413,0.999853,8.825413
518,0,1,0.9005842,2.2037332,1.0,0.9005842,2.2037332,0.9005842,2.2037332
519,0,1,0.9975719,6.0182066,0.7882453799247742,0.9975719,6.0182066,0.9975719,6.0182066
520,0,1,0.9993531,7.3427,0.8236092925071716,0.9993531,7.3427,0.9993531,7.3427
521,0,1,0.99975103,8.297831,0.7547703385353088,0.99975103,8.297831,0.99975103,8.297831
522,1,0,3.6448004e-05,-10.219587,0.5327274203300476,3.6448004e-05,-10.219587,3.6448004e-05,-10.219587
523,0,1,0.9980781,6.252546,0.6522064208984375,0.9980781,6.252546,0.9980781,6.252546
524,0,1,0.99879813,6.722657,0.8343054056167603,0.99879813,6.722657,0.99879813,6.722657
525,0,1,0.9999033,9.244563,0.6900298595428467,0.9999033,9.244563,0.9999033,9.244563
526,1,0,5.394052e-05,-9.827575,0.7517531514167786,5.394052e-05,-9.827575,5.394052e-05,-9.827575
527,0,1,0.9796581,3.8745213,1.0,0.9796581,3.8745213,0.9796581,3.8745213
528,0,1,0.9688566,3.4375126,1.0,0.9688566,3.4375126,0.9688566,3.4375126
529,0,1,0.9996238,7.8849907,0.6831678152084351,0.9996238,7.8849907,0.9996238,7.8849907
530,1,0,2.2589844e-05,-10.697988,0.7550816535949707,2.2589844e-05,-10.697988,2.2589844e-05,-10.697988
531,0,1,0.99989164,9.130582,0.8487945795059204,0.99989164,9.130582,0.99989164,9.130582
532,0,1,0.99977285,8.389732,0.7586543560028076,0.99977285,8.389732,0.99977285,8.389732
533,1,0,4.1139872e-05,-10.098492,0.7109237909317017,4.1139872e-05,-10.098492,4.1139872e-05,-10.098492
534,0,1,0.78221315,1.2786105,1.0,0.78221315,1.2786105,0.78221315,1.2786105
535,1,0,3.9206556e-05,-10.146627,0.6989102363586426,3.9206556e-05,-10.146627,3.9206556e-05,-10.146627
536,1,0,4.2097887e-05,-10.075471,0.6012938618659973,4.2097887e-05,-10.075471,4.2097887e-05,-10.075471
537,0,1,0.9997328,8.227408,0.8129235506057739,0.9997328,8.227408,0.9997328,8.227408
538,0,1,0.6244683,0.5085579,1.0,0.6244683,0.5085579,0.6244683,0.5085579
539,1,0,3.672318e-05,-10.212066,0.684951901435852,3.672318e-05,-10.212066,3.672318e-05,-10.212066
540,0,1,0.99984086,8.745985,0.8099693655967712,0.99984086,8.745985,0.99984086,8.745985
541,0,1,0.99264574,4.9050994,0.7273811101913452,0.99264574,4.9050994,0.99264574,4.9050994
542,0,1,0.9993575,7.349599,0.7133593559265137,0.9993575,7.349599,0.9993575,7.349599
543,0,1,0.99972373,8.194124,0.7248784899711609,0.99972373,8.194124,0.99972373,8.194124
544,1,0,3.3947163e-05,-10.290671,0.7243384122848511,3.3947163e-05,-10.290671,3.3947163e-05,-10.290671
545,0,1,0.9998728,8.969929,0.7966839671134949,0.9998728,8.969929,0.9998728,8.969929
546,0,1,0.980355,3.9100976,1.0,0.980355,3.9100976,0.980355,3.9100976
547,1,0,0.00037556174,-7.886712,0.7634438872337341,0.00037556174,-7.886712,0.00037556174,-7.886712
548,0,1,0.999864,8.902291,0.6280376315116882,0.999864,8.902291,0.999864,8.902291
549,0,1,0.72008604,0.9448887,1.0,0.72008604,0.9448887,0.72008604,0.9448887
550,1,0,6.128577e-05,-9.699902,0.7266641855239868,6.128577e-05,-9.699902,6.128577e-05,-9.699902
551,1,0,0.020112881,-3.886077,1.0,0.020112881,-3.886077,0.020112881,-3.886077
552,0,1,0.9125948,2.3457375,1.0,0.9125948,2.3457375,0.9125948,2.3457375
553,1,0,4.179715e-05,-10.082641,0.6914633512496948,4.179715e-05,-10.082641,4.179715e-05,-10.082641
554,0,1,0.9998435,8.762381,0.807394802570343,0.9998435,8.762381,0.9998435,8.762381
555,1,0,0.22404777,-1.2422317,1.0,0.22404777,-1.2422317,0.22404777,-1.2422317
556,0,1,0.9998404,8.742661,0.5368744730949402,0.9998404,8.742661,0.9998404,8.742661
557,0,1,0.9996275,7.894801,0.7036809325218201,0.9996275,7.894801,0.9996275,7.894801
558,1,0,2.976034e-05,-10.422304,0.6559780240058899,2.976034e-05,-10.422304,2.976034e-05,-10.422304
559,1,0,3.7491223e-05,-10.191366,0.6517869234085083,3.7491223e-05,-10.191366,3.7491223e-05,-10.191366
560,0,1,0.9991559,7.076378,0.4739154577255249,0.9991559,7.076378,0.9991559,7.076378
561,1,0,0.38998866,-0.44735986,1.0,0.38998866,-0.44735986,0.38998866,-0.44735986
562,1,0,0.038616367,-3.2146974,1.0,0.038616367,-3.2146974,0.038616367,-3.2146974
563,0,1,0.89196444,2.1109655,1.0,0.89196444,2.1109655,0.89196444,2.1109655
564,1,0,0.00040392333,-7.8138814,0.7352101802825928,0.00040392333,-7.8138814,0.00040392333,-7.8138814
565,0,1,0.99967885,8.043133,0.640657365322113,0.99967885,8.043133,0.99967885,8.043133
566,1,0,5.546634e-05,-9.799679,0.7267848253250122,5.546634e-05,-9.799679,5.546634e-05,-9.799679
567,0,1,0.9537135,3.0255132,1.0,0.9537135,3.0255132,0.9537135,3.0255132
568,0,1,0.99914503,7.063653,0.608970582485199,0.99914503,7.063653,0.99914503,7.063653
569,1,0,3.290291e-05,-10.321917,0.4832844138145447,3.290291e-05,-10.321917,3.290291e-05,-10.321917
570,0,1,0.9980494,6.2376404,0.7253682613372803,0.9980494,6.2376404,0.9980494,6.2376404
571,0,1,0.5694878,0.2797616,1.0,0.5694878,0.2797616,0.5694878,0.2797616
572,1,0,6.103306e-05,-9.704034,0.6518900394439697,6.103306e-05,-9.704034,6.103306e-05,-9.704034
573,1,0,6.0771534e-05,-9.708328,0.8292752504348755,6.0771534e-05,-9.708328,6.0771534e-05,-9.708328
574,1,0,0.048401587,-2.9786105,1.0,0.048401587,-2.9786105,0.048401587,-2.9786105
575,0,1,0.99984825,8.793181,0.6035091280937195,0.99984825,8.793181,0.99984825,8.793181
576,0,1,0.50465614,0.01862511,1.0,0.50465614,0.01862511,0.50465614,0.01862511
577,0,1,0.9996026,7.8300924,0.7278302907943726,0.9996026,7.8300924,0.9996026,7.8300924
578,1,0,3.4130437e-05,-10.285287,0.7515875697135925,3.4130437e-05,-10.285287,3.4130437e-05,-10.285287
579,1,0,3.673971e-05,-10.211616,0.765470027923584,3.673971e-05,-10.211616,3.673971e-05,-10.211616
580,1,0,3.3546145e-05,-10.302555,0.6353328824043274,3.3546145e-05,-10.302555,3.3546145e-05,-10.302555
581,1,0,5.3688796e-05,-9.8322525,0.803176760673523,5.3688796e-05,-9.8322525,5.3688796e-05,-9.8322525
582,1,0,5.603942e-05,-9.789399,0.66748046875,5.603942e-05,-9.789399,5.603942e-05,-9.789399
583,0,1,0.73238426,1.0067534,1.0,0.73238426,1.0067534,0.73238426,1.0067534
584,0,1,0.73467994,1.0184982,1.0,0.73467994,1.0184982,0.73467994,1.0184982
585,0,1,0.64635295,0.6030464,1.0,0.64635295,0.6030464,0.64635295,0.6030464
586,1,0,2.492712e-05,-10.599529,0.6450620889663696,2.492712e-05,-10.599529,2.492712e-05,-10.599529
587,0,1,0.99978524,8.445559,0.7454187273979187,0.99978524,8.445559,0.99978524,8.445559
588,1,0,6.1017756e-05,-9.704285,0.6497508883476257,6.1017756e-05,-9.704285,6.1017756e-05,-9.704285
589,0,1,0.78534657,1.2971003,1.0,0.78534657,1.2971003,0.78534657,1.2971003
590,0,1,0.5305842,0.12248982,1.0,0.5305842,0.12248982,0.5305842,0.12248982
591,1,0,5.0433046e-05,-9.894814,0.725610613822937,5.0433046e-05,-9.894814,5.0433046e-05,-9.894814
592,0,1,0.8823486,2.0148606,1.0,0.8823486,2.0148606,0.8823486,2.0148606
593,0,1,0.9998591,8.867066,0.720459520816803,0.9998591,8.867066,0.9998591,8.867066
594,0,1,0.9995741,7.7609854,0.6860928535461426,0.9995741,7.7609854,0.9995741,7.7609854
595,1,0,0.13799177,-1.8320708,1.0,0.13799177,-1.8320708,0.13799177,-1.8320708
596,0,1,0.99967015,8.016499,0.8029260635375977,0.99967015,8.016499,0.99967015,8.016499
597,1,0,4.1208037e-05,-10.096836,0.5717616677284241,4.1208037e-05,-10.096836,4.1208037e-05,-10.096836
598,1,0,4.3361444e-05,-10.045897,0.7833789587020874,4.3361444e-05,-10.045897,4.3361444e-05,-10.045897
599,1,0,4.0387917e-05,-10.11694,0.5090651512145996,4.0387917e-05,-10.11694,4.0387917e-05,-10.11694
600,1,0,2.8617978e-05,-10.461447,0.6641087532043457,2.8617978e-05,-10.461447,2.8617978e-05,-10.461447
601,1,0,4.6568588e-05,-9.974538,0.6173309683799744,4.6568588e-05,-9.974538,4.6568588e-05,-9.974538
602,0,1,0.84000015,1.6582291,1.0,0.84000015,1.6582291,0.84000015,1.6582291
603,0,1,0.9998419,8.752138,0.7280674576759338,0.9998419,8.752138,0.9998419,8.752138
604,1,0,4.4962453e-05,-10.009638,0.8849855661392212,4.4962453e-05,-10.009638,4.4962453e-05,-10.009638
605,0,1,0.96947956,3.4583635,1.0,0.96947956,3.4583635,0.96947956,3.4583635
606,0,1,0.9998666,8.921831,0.730482816696167,0.9998666,8.921831,0.9998666,8.921831
607,1,0,0.000118117714,-9.043711,0.8028347492218018,0.000118117714,-9.043711,0.000118117714,-9.043711
608,0,1,0.7980742,1.3743012,1.0,0.7980742,1.3743012,0.7980742,1.3743012
609,0,1,0.9739963,3.6231666,1.0,0.9739963,3.6231666,0.9739963,3.6231666
610,1,0,5.3406056e-05,-9.837533,0.6560943126678467,5.3406056e-05,-9.837533,5.3406056e-05,-9.837533
611,1,0,2.9799445e-05,-10.420991,0.7346155643463135,2.9799445e-05,-10.420991,2.9799445e-05,-10.420991
612,0,1,0.9998653,8.912645,0.848560631275177,0.9998653,8.912645,0.9998653,8.912645
613,0,1,0.999493,7.5865893,0.7158392667770386,0.999493,7.5865893,0.999493,7.5865893
614,1,0,3.9071143e-05,-10.150087,0.7283897399902344,3.9071143e-05,-10.150087,3.9071143e-05,-10.150087
615,0,1,0.999049,6.957112,0.7784144878387451,0.999049,6.957112,0.999049,6.957112
616,0,1,0.98130023,3.9603662,1.0,0.98130023,3.9603662,0.98130023,3.9603662
617,0,1,0.9896853,4.563813,1.0,0.9896853,4.563813,0.9896853,4.563813
618,0,1,0.9996153,7.862689,0.7068402171134949,0.9996153,7.862689,0.9996153,7.862689
619,0,1,0.9995491,7.703841,0.579483151435852,0.9995491,7.703841,0.9995491,7.703841
620,1,0,4.0182e-05,-10.122051,0.6827337145805359,4.0182e-05,-10.122051,4.0182e-05,-10.122051
621,1,0,5.0186925e-05,-9.899706,0.6204535365104675,5.0186925e-05,-9.899706,5.0186925e-05,-9.899706
622,0,1,0.9997378,8.2463665,0.780296802520752,0.9997378,8.2463665,0.9997378,8.2463665
623,0,1,0.9993894,7.400445,0.5914891362190247,0.9993894,7.400445,0.9993894,7.400445
624,1,0,0.013301157,-4.306514,0.45277726650238037,0.013301157,-4.306514,0.013301157,-4.306514
625,0,1,0.99984753,8.788297,0.6235013604164124,0.99984753,8.788297,0.99984753,8.788297
626,0,1,0.99991953,9.428013,0.679370105266571,0.99991953,9.428013,0.99991953,9.428013
627,1,0,4.3569275e-05,-10.041115,0.6610313057899475,4.3569275e-05,-10.041115,4.3569275e-05,-10.041115
628,1,0,2.6600508e-05,-10.534554,0.6776943206787109,2.6600508e-05,-10.534554,2.6600508e-05,-10.534554
629,1,0,3.96274e-05,-10.13595,0.7888475656509399,3.96274e-05,-10.13595,3.96274e-05,-10.13595
630,0,1,0.99963915,7.926631,0.7726715207099915,0.99963915,7.926631,0.99963915,7.926631
631,1,0,3.8722465e-05,-10.159052,0.7160406112670898,3.8722465e-05,-10.159052,3.8722465e-05,-10.159052
632,1,0,3.414824e-05,-10.284765,0.6715907454490662,3.414824e-05,-10.284765,3.414824e-05,-10.284765
633,1,0,5.5260116e-05,-9.803404,0.6903374195098877,5.5260116e-05,-9.803404,5.5260116e-05,-9.803404
634,1,0,6.0053382e-05,-9.720217,0.5946485996246338,6.0053382e-05,-9.720217,6.0053382e-05,-9.720217
635,1,0,4.4760225e-05,-10.014146,0.7452452778816223,4.4760225e-05,-10.014146,4.4760225e-05,-10.014146
636,1,0,0.4135579,-0.3492765,1.0,0.4135579,-0.3492765,0.4135579,-0.3492765
637,0,1,0.9998485,8.794472,0.6331294178962708,0.9998485,8.794472,0.9998485,8.794472
638,1,0,7.4040014e-05,-9.510831,0.7303360104560852,7.4040014e-05,-9.510831,7.4040014e-05,-9.510831
639,1,0,3.4675202e-05,-10.269451,0.6645858287811279,3.4675202e-05,-10.269451,3.4675202e-05,-10.269451
640,1,0,3.800545e-05,-10.177743,0.7039687633514404,3.800545e-05,-10.177743,3.800545e-05,-10.177743
641,0,1,0.9997558,8.317434,0.6420578360557556,0.9997558,8.317434,0.9997558,8.317434
642,0,1,0.99954116,7.686308,0.757953405380249,0.99954116,7.686308,0.99954116,7.686308
643,0,1,0.7682062,1.19821,1.0,0.7682062,1.19821,0.7682062,1.19821
644,0,1,0.99966633,8.005068,0.7627504467964172,0.99966633,8.005068,0.99966633,8.005068
645,1,0,0.28855968,-0.9023897,1.0,0.28855968,-0.9023897,0.28855968,-0.9023897
646,1,0,0.00011421558,-9.077309,0.5388030409812927,0.00011421558,-9.077309,0.00011421558,-9.077309
647,1,0,4.7172296e-05,-9.961657,0.8004123568534851,4.7172296e-05,-9.961657,4.7172296e-05,-9.961657
648,1,0,4.1604475e-05,-10.087261,0.7280067801475525,4.1604475e-05,-10.087261,4.1604475e-05,-10.087261
649,0,1,0.9358311,2.6799173,1.0,0.9358311,2.6799173,0.9358311,2.6799173
650,1,0,2.4853181e-05,-10.6025,0.7379046678543091,2.4853181e-05,-10.6025,2.4853181e-05,-10.6025
651,1,0,3.9286122e-05,-10.1446,0.7448456287384033,3.9286122e-05,-10.1446,3.9286122e-05,-10.1446
652,1,0,6.236758e-05,-9.682403,0.7348093390464783,6.236758e-05,-9.682403,6.236758e-05,-9.682403
653,0,1,0.9998299,8.678934,0.791642427444458,0.9998299,8.678934,0.9998299,8.678934
654,1,0,3.3275668e-05,-10.310651,0.6791735887527466,3.3275668e-05,-10.310651,3.3275668e-05,-10.310651
655,0,1,0.99935645,7.347948,0.7356765270233154,0.99935645,7.347948,0.99935645,7.347948
656,1,0,3.9929015e-05,-10.128367,0.48083335161209106,3.9929015e-05,-10.128367,3.9929015e-05,-10.128367
657,1,0,5.3722186e-05,-9.831631,0.603510856628418,5.3722186e-05,-9.831631,5.3722186e-05,-9.831631
658,1,0,1.9483457e-05,-10.845925,0.7775179147720337,1.9483457e-05,-10.845925,1.9483457e-05,-10.845925
659,1,0,0.20234038,-1.3717306,1.0,0.20234038,-1.3717306,0.20234038,-1.3717306
660,0,1,0.9331934,2.6368098,1.0,0.9331934,2.6368098,0.9331934,2.6368098
661,0,1,0.59003544,0.36411196,1.0,0.59003544,0.36411196,0.59003544,0.36411196
662,1,0,4.7439633e-05,-9.956005,0.5714733600616455,4.7439633e-05,-9.956005,4.7439633e-05,-9.956005
663,0,1,0.9997614,8.340468,0.8683991432189941,0.9997614,8.340468,0.9997614,8.340468
664,0,1,0.9948402,5.2616878,0.8301411271095276,0.9948402,5.2616878,0.9948402,5.2616878
665,1,0,6.66605e-05,-9.615831,0.7727468013763428,6.66605e-05,-9.615831,6.66605e-05,-9.615831
666,0,1,0.5624264,0.25101542,1.0,0.5624264,0.25101542,0.5624264,0.25101542
667,0,1,0.99981254,8.581618,0.7746193408966064,0.99981254,8.581618,0.99981254,8.581618
668,1,0,0.419386,-0.32529446,1.0,0.419386,-0.32529446,0.419386,-0.32529446
669,1,0,4.1387226e-05,-10.092497,0.6074944734573364,4.1387226e-05,-10.092497,4.1387226e-05,-10.092497
670,1,0,1.6433041e-05,-11.0162,0.5676562190055847,1.6433041e-05,-11.0162,1.6433041e-05,-11.0162
671,1,0,0.13331686,-1.8719447,1.0,0.13331686,-1.8719447,0.13331686,-1.8719447
672,0,1,0.9998235,8.642131,0.8237565159797668,0.9998235,8.642131,0.9998235,8.642131
673,0,1,0.99985313,8.825979,0.6163942217826843,0.99985313,8.825979,0.99985313,8.825979
674,0,1,0.9994228,7.456644,0.5927771925926208,0.9994228,7.456644,0.9994228,7.456644
675,0,1,0.99959,7.7989125,0.4152448773384094,0.99959,7.7989125,0.99959,7.7989125
676,1,0,3.0300675e-05,-10.40431,0.6322419047355652,3.0300675e-05,-10.40431,3.0300675e-05,-10.40431
677,0,1,0.9998895,9.109907,0.7837867736816406,0.9998895,9.109907,0.9998895,9.109907
678,0,1,0.9998722,8.964968,0.5943136215209961,0.9998722,8.964968,0.9998722,8.964968
679,1,0,7.777827e-05,-9.461571,0.6548083424568176,7.777827e-05,-9.461571,7.777827e-05,-9.461571
680,0,1,0.9996246,7.8871737,0.8050443530082703,0.9996246,7.8871737,0.9996246,7.8871737
681,1,0,6.212457e-05,-9.686307,0.4605560302734375,6.212457e-05,-9.686307,6.212457e-05,-9.686307
682,0,1,0.9996865,8.06713,0.6220055222511292,0.9996865,8.06713,0.9996865,8.06713
683,0,1,0.9998599,8.873591,0.813526451587677,0.9998599,8.873591,0.9998599,8.873591
684,0,1,0.9997863,8.450794,0.7239468693733215,0.9997863,8.450794,0.9997863,8.450794
685,1,0,4.5277327e-05,-10.002659,0.8538097739219666,4.5277327e-05,-10.002659,4.5277327e-05,-10.002659
686,1,0,4.214649e-05,-10.074317,0.7593191862106323,4.214649e-05,-10.074317,4.214649e-05,-10.074317
687,0,1,0.9984542,6.470686,0.5156828165054321,0.9984542,6.470686,0.9984542,6.470686
688,1,0,3.9657305e-05,-10.135196,0.704855740070343,3.9657305e-05,-10.135196,3.9657305e-05,-10.135196
689,1,0,3.3401666e-05,-10.306871,0.6985607147216797,3.3401666e-05,-10.306871,3.3401666e-05,-10.306871
690,0,1,0.9997503,8.294915,0.6625859141349792,0.9997503,8.294915,0.9997503,8.294915
691,1,0,0.0001844246,-8.598085,0.8246670961380005,0.0001844246,-8.598085,0.0001844246,-8.598085
692,1,0,5.1342435e-05,-9.876942,0.6874898672103882,5.1342435e-05,-9.876942,5.1342435e-05,-9.876942
693,1,0,2.9080611e-05,-10.44541,0.8199264407157898,2.9080611e-05,-10.44541,2.9080611e-05,-10.44541
694,1,0,9.848726e-05,-9.225485,0.6394498944282532,9.848726e-05,-9.225485,9.848726e-05,-9.225485
695,1,0,4.017587e-05,-10.122204,0.730763852596283,4.017587e-05,-10.122204,4.017587e-05,-10.122204
696,1,0,4.619206e-05,-9.9826565,0.7643678188323975,4.619206e-05,-9.9826565,4.619206e-05,-9.9826565
697,1,0,3.862256e-05,-10.161635,0.5818033814430237,3.862256e-05,-10.161635,3.862256e-05,-10.161635
698,0,1,0.99962366,7.8848424,0.8655480742454529,0.99962366,7.8848424,0.99962366,7.8848424
699,1,0,0.022788245,-3.7584586,1.0,0.022788245,-3.7584586,0.022788245,-3.7584586
700,0,1,0.9996463,7.9467936,0.7989706993103027,0.9996463,7.9467936,0.9996463,7.9467936
701,1,0,2.6266081e-05,-10.547206,0.4720291793346405,2.6266081e-05,-10.547206,2.6266081e-05,-10.547206
702,1,0,2.4170005e-05,-10.630374,0.5991092920303345,2.4170005e-05,-10.630374,2.4170005e-05,-10.630374
703,0,1,0.9998635,8.898804,0.6756411790847778,0.9998635,8.898804,0.9998635,8.898804
704,1,0,5.272362e-05,-9.850394,0.7939883470535278,5.272362e-05,-9.850394,5.272362e-05,-9.850394
705,0,1,0.99941766,7.4477625,0.6620100736618042,0.99941766,7.4477625,0.99941766,7.4477625
706,0,1,0.9928167,4.928782,1.0,0.9928167,4.928782,0.9928167,4.928782
707,1,0,6.2968356e-05,-9.672815,0.6057629585266113,6.2968356e-05,-9.672815,6.2968356e-05,-9.672815
708,1,0,5.71744e-05,-9.769347,0.6793004870414734,5.71744e-05,-9.769347,5.71744e-05,-9.769347
709,1,0,4.764756e-05,-9.951632,0.8168371915817261,4.764756e-05,-9.951632,4.764756e-05,-9.951632
710,0,1,0.9997882,8.45992,0.6928708553314209,0.9997882,8.45992,0.9997882,8.45992
711,1,0,4.7629204e-05,-9.952017,0.7078227996826172,4.7629204e-05,-9.952017,4.7629204e-05,-9.952017
712,1,0,4.8996266e-05,-9.9237175,0.7508617043495178,4.8996266e-05,-9.9237175,4.8996266e-05,-9.9237175
713,1,0,3.1264342e-05,-10.373001,0.6126450300216675,3.1264342e-05,-10.373001,3.1264342e-05,-10.373001
714,0,1,0.8884672,2.075179,1.0,0.8884672,2.075179,0.8884672,2.075179
715,1,0,5.1617008e-05,-9.871608,0.6572068929672241,5.1617008e-05,-9.871608,5.1617008e-05,-9.871608
716,1,0,3.1896558e-05,-10.352981,0.7475205659866333,3.1896558e-05,-10.352981,3.1896558e-05,-10.352981
717,1,0,6.151319e-05,-9.6961975,0.8535522818565369,6.151319e-05,-9.6961975,6.151319e-05,-9.6961975
718,0,1,0.9999317,9.591437,0.8198056221008301,0.9999317,9.591437,0.9999317,9.591437
719,1,0,2.623479e-05,-10.548398,0.7579010128974915,2.623479e-05,-10.548398,2.623479e-05,-10.548398
720,0,1,0.99956137,7.73152,0.8206630349159241,0.99956137,7.73152,0.99956137,7.73152
721,1,0,0.3895885,-0.44904226,1.0,0.3895885,-0.44904226,0.3895885,-0.44904226
722,1,0,3.1148902e-05,-10.3767,0.7396951913833618,3.1148902e-05,-10.3767,3.1148902e-05,-10.3767
723,1,0,3.7921967e-05,-10.179942,0.6828606724739075,3.7921967e-05,-10.179942,3.7921967e-05,-10.179942
724,1,0,3.8368704e-05,-10.16823,0.8166235685348511,3.8368704e-05,-10.16823,3.8368704e-05,-10.16823
725,0,1,0.99609166,5.5407352,0.7982540130615234,0.99609166,5.5407352,0.99609166,5.5407352
726,1,0,8.247545e-05,-9.402927,0.5831203460693359,8.247545e-05,-9.402927,8.247545e-05,-9.402927
727,0,1,0.9997032,8.122348,0.4682275056838989,0.9997032,8.122348,0.9997032,8.122348
728,0,1,0.99967897,8.043695,0.6881181001663208,0.99967897,8.043695,0.99967897,8.043695
729,0,1,0.9998388,8.733259,0.8276035785675049,0.9998388,8.733259,0.9998388,8.733259
730,0,1,0.69412124,0.81945795,1.0,0.69412124,0.81945795,0.69412124,0.81945795
731,0,1,0.99783295,6.1322446,0.5213042497634888,0.99783295,6.1322446,0.99783295,6.1322446
732,0,1,0.9996731,8.025434,0.7149766087532043,0.9996731,8.025434,0.9996731,8.025434
733,0,1,0.9998354,8.711937,0.6421123147010803,0.9998354,8.711937,0.9998354,8.711937
734,0,1,0.99993014,9.569469,0.7044938206672668,0.99993014,9.569469,0.99993014,9.569469
735,0,1,0.7325864,1.0077848,1.0,0.7325864,1.0077848,0.7325864,1.0077848
736,0,1,0.99987423,8.980774,0.6273141503334045,0.99987423,8.980774,0.99987423,8.980774
737,0,1,0.9773167,3.7631798,1.0,0.9773167,3.7631798,0.9773167,3.7631798
738,1,0,4.5606193e-05,-9.995421,0.9147675037384033,4.5606193e-05,-9.995421,4.5606193e-05,-9.995421
739,0,1,0.9982291,6.3344927,0.8627745509147644,0.9982291,6.3344927,0.9982291,6.3344927
740,0,1,0.999798,8.507164,0.6985145211219788,0.999798,8.507164,0.999798,8.507164
741,0,1,0.9997948,8.4910755,0.8656082153320312,0.9997948,8.4910755,0.9997948,8.4910755
742,1,0,5.1705338e-05,-9.869898,0.8038647770881653,5.1705338e-05,-9.869898,5.1705338e-05,-9.869898
743,1,0,4.440061e-05,-10.022213,0.7550479173660278,4.440061e-05,-10.022213,4.440061e-05,-10.022213
744,1,0,0.024294162,-3.692925,1.0,0.024294162,-3.692925,0.024294162,-3.692925
745,1,0,3.8356706e-05,-10.168543,0.7690988779067993,3.8356706e-05,-10.168543,3.8356706e-05,-10.168543
746,0,1,0.9998337,8.70163,0.6374231576919556,0.9998337,8.70163,0.9998337,8.70163
747,1,0,6.0785216e-05,-9.708103,0.5962889790534973,6.0785216e-05,-9.708103,6.0785216e-05,-9.708103
748,1,0,4.2407013e-05,-10.068154,0.4460211992263794,4.2407013e-05,-10.068154,4.2407013e-05,-10.068154
749,0,1,0.9996898,8.077791,0.8777493834495544,0.9996898,8.077791,0.9996898,8.077791
750,1,0,4.0170504e-05,-10.122337,0.7594127058982849,4.0170504e-05,-10.122337,4.0170504e-05,-10.122337
751,1,0,0.36066756,-0.572468,1.0,0.36066756,-0.572468,0.36066756,-0.572468
752,0,1,0.99958485,7.786585,0.6994960904121399,0.99958485,7.786585,0.99958485,7.786585
753,1,0,6.249427e-05,-9.680373,0.5981699228286743,6.249427e-05,-9.680373,6.249427e-05,-9.680373
754,1,0,0.037004698,-3.2590036,1.0,0.037004698,-3.2590036,0.037004698,-3.2590036
755,1,0,3.1219683e-05,-10.374431,0.5990526080131531,3.1219683e-05,-10.374431,3.1219683e-05,-10.374431
756,0,1,0.9995171,7.6351385,0.6315818428993225,0.9995171,7.6351385,0.9995171,7.6351385
757,1,0,3.2211865e-05,-10.343143,0.717868447303772,3.2211865e-05,-10.343143,3.2211865e-05,-10.343143
758,0,1,0.9727683,3.5757651,1.0,0.9727683,3.5757651,0.9727683,3.5757651
759,0,1,0.99966073,7.9884977,0.6314104795455933,0.99966073,7.9884977,0.99966073,7.9884977
760,1,0,5.4184216e-05,-9.823067,0.697021484375,5.4184216e-05,-9.823067,5.4184216e-05,-9.823067
761,1,0,3.35867e-05,-10.301347,0.6611668467521667,3.35867e-05,-10.301347,3.35867e-05,-10.301347
762,0,1,0.99969625,8.098974,0.6286918520927429,0.99969625,8.098974,0.99969625,8.098974
763,0,1,0.9991177,7.0321083,0.46176671981811523,0.9991177,7.0321083,0.9991177,7.0321083
764,0,1,0.99507314,5.308128,1.0,0.99507314,5.308128,0.99507314,5.308128
765,1,0,3.1992822e-05,-10.349967,0.6192863583564758,3.1992822e-05,-10.349967,3.1992822e-05,-10.349967
766,0,1,0.96541315,3.3290825,1.0,0.96541315,3.3290825,0.96541315,3.3290825
767,1,0,0.48644704,-0.054225013,1.0,0.48644704,-0.054225013,0.48644704,-0.054225013
768,1,0,5.22175e-05,-9.860041,0.7218035459518433,5.22175e-05,-9.860041,5.22175e-05,-9.860041
769,0,1,0.9997032,8.122302,0.6460857391357422,0.9997032,8.122302,0.9997032,8.122302
770,0,1,0.9996617,7.991048,0.8025631904602051,0.9996617,7.991048,0.9996617,7.991048
771,1,0,2.932384e-05,-10.43708,0.7048846483230591,2.932384e-05,-10.43708,2.932384e-05,-10.43708
772,0,1,0.999864,8.902465,0.6246652007102966,0.999864,8.902465,0.999864,8.902465
773,0,1,0.99968004,8.046988,0.5390422344207764,0.99968004,8.046988,0.99968004,8.046988
774,1,0,5.8630776e-05,-9.744192,0.5859150290489197,5.8630776e-05,-9.744192,5.8630776e-05,-9.744192
775,0,1,0.9969199,5.779707,0.6239709258079529,0.9969199,5.779707,0.9969199,5.779707
776,0,1,0.9998337,8.701479,0.7376038432121277,0.9998337,8.701479,0.9998337,8.701479
777,0,1,0.99956006,7.728366,0.8335827589035034,0.99956006,7.728366,0.99956006,7.728366
778,0,1,0.9998512,8.813264,0.6941015124320984,0.9998512,8.813264,0.9998512,8.813264
779,0,1,0.793747,1.3476613,1.0,0.793747,1.3476613,0.793747,1.3476613
780,1,0,4.954647e-05,-9.91255,0.6709888577461243,4.954647e-05,-9.91255,4.954647e-05,-9.91255
781,1,0,2.792016e-05,-10.486134,0.5704805254936218,2.792016e-05,-10.486134,2.792016e-05,-10.486134
782,0,1,0.86111265,1.8245621,1.0,0.86111265,1.8245621,0.86111265,1.8245621
783,0,1,0.9997545,8.311684,0.7853550314903259,0.9997545,8.311684,0.9997545,8.311684
784,0,1,0.99977344,8.39205,0.6714402437210083,0.99977344,8.39205,0.99977344,8.39205
785,0,1,0.5987943,0.40044382,1.0,0.5987943,0.40044382,0.5987943,0.40044382
786,1,0,2.9819032e-05,-10.420334,0.6801440119743347,2.9819032e-05,-10.420334,2.9819032e-05,-10.420334
787,1,0,2.6910417e-05,-10.52297,0.641714334487915,2.6910417e-05,-10.52297,2.6910417e-05,-10.52297
788,0,1,0.9996654,8.002335,0.7473964095115662,0.9996654,8.002335,0.9996654,8.002335
789,1,0,7.324136e-05,-9.521677,0.6760652661323547,7.324136e-05,-9.521677,7.324136e-05,-9.521677
790,0,1,0.9997911,8.473087,0.7187005877494812,0.9997911,8.473087,0.9997911,8.473087
791,1,0,5.8423433e-05,-9.747735,0.8102413415908813,5.8423433e-05,-9.747735,5.8423433e-05,-9.747735
792,0,1,0.99946445,7.531749,0.6059752106666565,0.99946445,7.531749,0.99946445,7.531749
793,0,1,0.7195693,0.94232607,1.0,0.7195693,0.94232607,0.7195693,0.94232607
794,1,0,8.369925e-05,-9.388197,0.806609034538269,8.369925e-05,-9.388197,8.369925e-05,-9.388197
795,1,0,2.9510284e-05,-10.430742,0.5013779401779175,2.9510284e-05,-10.430742,2.9510284e-05,-10.430742
796,1,0,5.4909477e-05,-9.80977,0.7990546822547913,5.4909477e-05,-9.80977,5.4909477e-05,-9.80977
797,0,1,0.9906749,4.665675,1.0,0.9906749,4.665675,0.9906749,4.665675
798,0,1,0.9337167,2.645236,1.0,0.9337167,2.645236,0.9337167,2.645236
799,0,1,0.9998691,8.941267,0.7592460513114929,0.9998691,8.941267,0.9998691,8.941267
800,0,1,0.99954826,7.70199,0.7116909027099609,0.99954826,7.70199,0.99954826,7.70199
801,0,1,0.9996761,8.034755,0.6316607594490051,0.9996761,8.034755,0.9996761,8.034755
802,0,1,0.9998753,8.989402,0.6731175780296326,0.9998753,8.989402,0.9998753,8.989402
803,0,1,0.99979275,8.481304,0.7692773342132568,0.99979275,8.481304,0.99979275,8.481304
804,1,0,2.8446831e-05,-10.467445,0.596145749092102,2.8446831e-05,-10.467445,2.8446831e-05,-10.467445
805,1,0,0.0009918148,-6.914982,0.5743435621261597,0.0009918148,-6.914982,0.0009918148,-6.914982
806,0,1,0.9347653,2.662303,1.0,0.9347653,2.662303,0.9347653,2.662303
807,1,0,0.044963926,-3.0558887,1.0,0.044963926,-3.0558887,0.044963926,-3.0558887
808,0,1,0.99970526,8.129349,0.7371454238891602,0.99970526,8.129349,0.99970526,8.129349
809,1,0,6.006414e-05,-9.720037,0.640060544013977,6.006414e-05,-9.720037,6.006414e-05,-9.720037
810,1,0,2.7908582e-05,-10.486548,0.6697399616241455,2.7908582e-05,-10.486548,2.7908582e-05,-10.486548
811,1,0,3.6220776e-05,-10.2258415,0.7779173254966736,3.6220776e-05,-10.2258415,3.6220776e-05,-10.2258415
812,0,1,0.99720156,5.875891,0.5378409028053284,0.99720156,5.875891,0.99720156,5.875891
813,1,0,9.0198984e-05,-9.313402,0.6231896877288818,9.0198984e-05,-9.313402,9.0198984e-05,-9.313402
814,1,0,2.520837e-05,-10.588309,0.773873507976532,2.520837e-05,-10.588309,2.520837e-05,-10.588309
815,1,0,5.429936e-05,-9.820944,0.7553168535232544,5.429936e-05,-9.820944,5.429936e-05,-9.820944
816,1,0,3.862816e-05,-10.16149,0.7327041029930115,3.862816e-05,-10.16149,3.862816e-05,-10.16149
817,0,1,0.9990889,6.9999704,0.8014315962791443,0.9990889,6.9999704,0.9990889,6.9999704
818,1,0,5.2157582e-05,-9.861189,0.8178378343582153,5.2157582e-05,-9.861189,5.2157582e-05,-9.861189
819,0,1,0.99991953,9.427112,0.6957823634147644,0.99991953,9.427112,0.99991953,9.427112
820,0,1,0.62052864,0.49179274,1.0,0.62052864,0.49179274,0.62052864,0.49179274
821,1,0,2.5689249e-05,-10.569412,0.7313701510429382,2.5689249e-05,-10.569412,2.5689249e-05,-10.569412
822,1,0,3.320273e-05,-10.312845,0.6459935903549194,3.320273e-05,-10.312845,3.320273e-05,-10.312845
823,0,1,0.9995235,7.648551,0.8476964831352234,0.9995235,7.648551,0.9995235,7.648551
824,0,1,0.9996081,7.8440666,0.7611757516860962,0.9996081,7.8440666,0.9996081,7.8440666
825,0,1,0.7578636,1.1410023,1.0,0.7578636,1.1410023,0.7578636,1.1410023
826,0,1,0.99980885,8.562313,0.6884081363677979,0.99980885,8.562313,0.99980885,8.562313
827,1,0,2.9227323e-05,-10.440377,0.5833008289337158,2.9227323e-05,-10.440377,2.9227323e-05,-10.440377
828,1,0,5.287714e-05,-9.8474865,0.7061077356338501,5.287714e-05,-9.8474865,5.287714e-05,-9.8474865
829,1,0,3.8545768e-05,-10.163626,0.6413137316703796,3.8545768e-05,-10.163626,3.8545768e-05,-10.163626
830,1,0,5.195207e-05,-9.865137,0.7456867098808289,5.195207e-05,-9.865137,5.195207e-05,-9.865137
831,1,0,0.1257538,-1.9390359,1.0,0.1257538,-1.9390359,0.1257538,-1.9390359
832,1,0,4.703942e-05,-9.964478,0.7966257333755493,4.703942e-05,-9.964478,4.703942e-05,-9.964478
833,1,0,5.648339e-05,-9.7815075,0.8588775396347046,5.648339e-05,-9.7815075,5.648339e-05,-9.7815075
834,1,0,6.9082824e-05,-9.580135,0.8520440459251404,6.9082824e-05,-9.580135,6.9082824e-05,-9.580135
835,0,1,0.9997105,8.147202,0.8082134127616882,0.9997105,8.147202,0.9997105,8.147202
836,0,1,0.9991918,7.1198835,0.7207068800926208,0.9991918,7.1198835,0.9991918,7.1198835
837,0,1,0.99974173,8.261354,0.7792819142341614,0.99974173,8.261354,0.99974173,8.261354
838,0,1,0.9997782,8.413706,0.7139638662338257,0.9997782,8.413706,0.9997782,8.413706
839,0,1,0.8337722,1.612601,1.0,0.8337722,1.612601,0.8337722,1.612601
840,0,1,0.9994191,7.450212,0.7802602052688599,0.9994191,7.450212,0.9994191,7.450212
841,1,0,4.054498e-05,-10.113058,0.6982353329658508,4.054498e-05,-10.113058,4.054498e-05,-10.113058
842,1,0,4.728336e-05,-9.959305,0.6774005889892578,4.728336e-05,-9.959305,4.728336e-05,-9.959305
843,0,1,0.999796,8.49703,0.7520263195037842,0.999796,8.49703,0.999796,8.49703
844,1,0,0.11619037,-2.0290117,1.0,0.11619037,-2.0290117,0.11619037,-2.0290117
845,1,0,4.0399857e-05,-10.116644,0.7219085097312927,4.0399857e-05,-10.116644,4.0399857e-05,-10.116644
846,0,1,0.9996069,7.8410788,0.7439268827438354,0.9996069,7.8410788,0.9996069,7.8410788
847,1,0,2.917717e-05,-10.442095,0.5974064469337463,2.917717e-05,-10.442095,2.917717e-05,-10.442095
848,1,0,3.9013692e-05,-10.151559,0.7448370456695557,3.9013692e-05,-10.151559,3.9013692e-05,-10.151559
849,0,1,0.99972934,8.214281,0.650222897529602,0.99972934,8.214281,0.99972934,8.214281
850,0,1,0.99978286,8.434463,0.6825221180915833,0.99978286,8.434463,0.99978286,8.434463
851,0,1,0.9995683,7.7473392,0.7801885008811951,0.9995683,7.7473392,0.9995683,7.7473392
852,0,1,0.9992291,7.1671925,0.607970118522644,0.9992291,7.1671925,0.9992291,7.1671925
853,1,0,2.9641662e-05,-10.4263,0.634680449962616,2.9641662e-05,-10.4263,2.9641662e-05,-10.4263
854,0,1,0.9998332,8.698808,0.7218019366264343,0.9998332,8.698808,0.9998332,8.698808
855,1,0,3.4568293e-05,-10.272539,0.771049439907074,3.4568293e-05,-10.272539,3.4568293e-05,-10.272539
856,1,0,6.789471e-05,-9.597485,0.7329860925674438,6.789471e-05,-9.597485,6.789471e-05,-9.597485
857,1,0,0.18663685,-1.472013,1.0,0.18663685,-1.472013,0.18663685,-1.472013
858,1,0,4.1896437e-05,-10.080268,0.5342713594436646,4.1896437e-05,-10.080268,4.1896437e-05,-10.080268
859,0,1,0.9633628,3.2693675,1.0,0.9633628,3.2693675,0.9633628,3.2693675
860,0,1,0.9638576,3.2834783,0.6403060555458069,0.9638576,3.2834783,0.9638576,3.2834783
861,1,0,4.797602e-05,-9.944761,0.7341537475585938,4.797602e-05,-9.944761,4.797602e-05,-9.944761
862,1,0,2.0146383e-05,-10.812466,0.5253357887268066,2.0146383e-05,-10.812466,2.0146383e-05,-10.812466
863,0,1,0.99948007,7.561273,0.7985772490501404,0.99948007,7.561273,0.99948007,7.561273
864,1,0,4.8613227e-05,-9.931566,0.7204569578170776,4.8613227e-05,-9.931566,4.8613227e-05,-9.931566
865,0,1,0.9997727,8.389043,0.8548519611358643,0.9997727,8.389043,0.9997727,8.389043
866,1,0,3.7677422e-05,-10.186412,0.6867327094078064,3.7677422e-05,-10.186412,3.7677422e-05,-10.186412
867,1,0,7.917601e-05,-9.443758,0.8197521567344666,7.917601e-05,-9.443758,7.917601e-05,-9.443758
868,1,0,3.327402e-05,-10.3107,0.6573265790939331,3.327402e-05,-10.3107,3.327402e-05,-10.3107
869,1,0,7.004456e-05,-9.566309,0.7229729890823364,7.004456e-05,-9.566309,7.004456e-05,-9.566309
870,0,1,0.82648927,1.5609475,1.0,0.82648927,1.5609475,0.82648927,1.5609475
871,0,1,0.99981135,8.575065,0.7301475405693054,0.99981135,8.575065,0.99981135,8.575065
872,1,0,4.8435726e-05,-9.935225,0.7841593623161316,4.8435726e-05,-9.935225,4.8435726e-05,-9.935225
873,0,1,0.9997056,8.130568,0.7614171504974365,0.9997056,8.130568,0.9997056,8.130568
874,1,0,5.495474e-05,-9.808946,0.674917459487915,5.495474e-05,-9.808946,5.495474e-05,-9.808946
875,0,1,0.9998435,8.762646,0.7174685001373291,0.9998435,8.762646,0.9998435,8.762646
876,1,0,6.165318e-05,-9.693924,0.8703097701072693,6.165318e-05,-9.693924,6.165318e-05,-9.693924
877,1,0,0.1363688,-1.8457829,1.0,0.1363688,-1.8457829,0.1363688,-1.8457829
878,0,1,0.99988246,9.048294,0.731816828250885,0.99988246,9.048294,0.99988246,9.048294
879,1,0,0.00856073,-4.751972,1.0,0.00856073,-4.751972,0.00856073,-4.751972
880,0,1,0.9998895,9.110387,0.714508056640625,0.9998895,9.110387,0.9998895,9.110387
881,1,0,4.1586467e-05,-10.087694,0.9047834873199463,4.1586467e-05,-10.087694,4.1586467e-05,-10.087694
882,1,0,2.9590909e-05,-10.428014,0.7308654189109802,2.9590909e-05,-10.428014,2.9590909e-05,-10.428014
883,1,0,2.8002129e-05,-10.483202,0.7085716724395752,2.8002129e-05,-10.483202,2.8002129e-05,-10.483202
884,0,1,0.9942754,5.1572313,0.6754456758499146,0.9942754,5.1572313,0.9942754,5.1572313
885,0,1,0.9997913,8.474613,0.6453317403793335,0.9997913,8.474613,0.9997913,8.474613
886,0,1,0.6204207,0.49133435,1.0,0.6204207,0.49133435,0.6204207,0.49133435
887,1,0,0.044114947,-3.075839,1.0,0.044114947,-3.075839,0.044114947,-3.075839
888,0,1,0.84339285,1.6836922,1.0,0.84339285,1.6836922,0.84339285,1.6836922
889,1,0,2.7092621e-05,-10.516222,0.7760596871376038,2.7092621e-05,-10.516222,2.7092621e-05,-10.516222
890,1,0,3.72818e-05,-10.196968,0.7413415908813477,3.72818e-05,-10.196968,3.72818e-05,-10.196968
891,1,0,3.0380304e-05,-10.401686,0.7060219049453735,3.0380304e-05,-10.401686,3.0380304e-05,-10.401686
892,0,1,0.9992041,7.1352053,0.6401364803314209,0.9992041,7.1352053,0.9992041,7.1352053
893,0,1,0.9998815,9.040394,0.7437947392463684,0.9998815,9.040394,0.9998815,9.040394
894,1,0,3.5043366e-05,-10.258889,0.5966396927833557,3.5043366e-05,-10.258889,3.5043366e-05,-10.258889
895,1,0,6.03064e-05,-9.716012,0.8108587861061096,6.03064e-05,-9.716012,6.03064e-05,-9.716012
896,0,1,0.9986172,6.5822225,0.8740929961204529,0.9986172,6.5822225,0.9986172,6.5822225
897,0,1,0.99973303,8.228071,0.6390882730484009,0.99973303,8.228071,0.99973303,8.228071
898,0,1,0.9995858,7.7887373,0.5547500848770142,0.9995858,7.7887373,0.9995858,7.7887373
899,1,0,4.198134e-05,-10.078243,0.7095938324928284,4.198134e-05,-10.078243,4.198134e-05,-10.078243
900,0,1,0.8340002,1.6142467,1.0,0.8340002,1.6142467,0.8340002,1.6142467
901,1,0,4.2291475e-05,-10.070883,0.6159318089485168,4.2291475e-05,-10.070883,4.2291475e-05,-10.070883
902,0,1,0.99864167,6.6001287,0.7214114665985107,0.99864167,6.6001287,0.99864167,6.6001287
903,0,1,0.9998281,8.668826,0.7160762548446655,0.9998281,8.668826,0.9998281,8.668826
904,1,0,4.5548866e-05,-9.996679,0.6644496321678162,4.5548866e-05,-9.996679,4.5548866e-05,-9.996679
905,0,1,0.5820726,0.33128747,1.0,0.5820726,0.33128747,0.5820726,0.33128747
906,0,1,0.9997547,8.312943,0.774597704410553,0.9997547,8.312943,0.9997547,8.312943
907,1,0,3.3696615e-05,-10.2980795,0.5941939353942871,3.3696615e-05,-10.2980795,3.3696615e-05,-10.2980795
908,1,0,3.0094803e-05,-10.411128,0.7823109030723572,3.0094803e-05,-10.411128,3.0094803e-05,-10.411128
909,0,1,0.9999038,9.248827,0.7181926965713501,0.9999038,9.248827,0.9999038,9.248827
910,1,0,5.1795403e-05,-9.868157,0.7536789178848267,5.1795403e-05,-9.868157,5.1795403e-05,-9.868157
911,1,0,3.3053428e-05,-10.317352,0.6653127074241638,3.3053428e-05,-10.317352,3.3053428e-05,-10.317352
912,1,0,5.0076964e-05,-9.901899,0.611648678779602,5.0076964e-05,-9.901899,5.0076964e-05,-9.901899
913,1,0,5.1576902e-05,-9.872385,0.7167713642120361,5.1576902e-05,-9.872385,5.1576902e-05,-9.872385
914,0,1,0.9997228,8.190469,0.9427042603492737,0.9997228,8.190469,0.9997228,8.190469
915,1,0,2.6648371e-05,-10.532756,0.7402679920196533,2.6648371e-05,-10.532756,2.6648371e-05,-10.532756
916,1,0,4.27308e-05,-10.060548,0.7715153098106384,4.27308e-05,-10.060548,4.27308e-05,-10.060548
917,1,0,3.0869774e-05,-10.385702,0.585486650466919,3.0869774e-05,-10.385702,3.0869774e-05,-10.385702
918,1,0,4.5785164e-05,-9.991505,0.6957857608795166,4.5785164e-05,-9.991505,4.5785164e-05,-9.991505
919,0,1,0.99982435,8.646844,0.7530985474586487,0.99982435,8.646844,0.99982435,8.646844
920,1,0,7.2284456e-05,-9.534829,0.7337363362312317,7.2284456e-05,-9.534829,7.2284456e-05,-9.534829
921,0,1,0.9908818,4.688325,1.0,0.9908818,4.688325,0.9908818,4.688325
922,0,1,0.9995454,7.695612,0.7762316465377808,0.9995454,7.695612,0.9995454,7.695612
923,1,0,3.7018854e-05,-10.204046,0.49751976132392883,3.7018854e-05,-10.204046,3.7018854e-05,-10.204046
924,1,0,4.4627883e-05,-10.017107,0.7311564683914185,4.4627883e-05,-10.017107,4.4627883e-05,-10.017107
925,1,0,4.4923454e-05,-10.010506,0.6557803153991699,4.4923454e-05,-10.010506,4.4923454e-05,-10.010506
926,1,0,0.018824726,-3.95358,1.0,0.018824726,-3.95358,0.018824726,-3.95358
927,0,1,0.9032734,2.234137,1.0,0.9032734,2.234137,0.9032734,2.234137
928,1,0,7.8449404e-05,-9.452978,0.5636425614356995,7.8449404e-05,-9.452978,7.8449404e-05,-9.452978
929,0,1,0.8468122,1.7098144,1.0,0.8468122,1.7098144,0.8468122,1.7098144
930,0,1,0.9990087,6.915477,0.8059504628181458,0.9990087,6.915477,0.9990087,6.915477
931,0,1,0.75392425,1.1196524,1.0,0.75392425,1.1196524,0.75392425,1.1196524
932,1,0,0.4543885,-0.18295461,1.0,0.4543885,-0.18295461,0.4543885,-0.18295461
933,0,1,0.99946135,7.52592,0.7164908647537231,0.99946135,7.52592,0.99946135,7.52592
934,1,0,2.7473945e-05,-10.502245,0.7513235807418823,2.7473945e-05,-10.502245,2.7473945e-05,-10.502245
935,0,1,0.86589944,1.8651793,1.0,0.86589944,1.8651793,0.86589944,1.8651793
936,0,1,0.99993956,9.71295,0.7047635912895203,0.99993956,9.71295,0.99993956,9.71295
937,1,0,0.04088961,-3.1551301,1.0,0.04088961,-3.1551301,0.04088961,-3.1551301
938,1,0,3.0547115e-05,-10.39621,0.7410545945167542,3.0547115e-05,-10.39621,3.0547115e-05,-10.39621
939,1,0,4.173159e-05,-10.08421,0.7247826457023621,4.173159e-05,-10.08421,4.173159e-05,-10.08421
940,0,1,0.94866145,2.9166088,1.0,0.94866145,2.9166088,0.94866145,2.9166088
941,1,0,7.918749e-05,-9.443613,0.6931716799736023,7.918749e-05,-9.443613,7.918749e-05,-9.443613
942,1,0,3.8976174e-05,-10.152521,0.7127816081047058,3.8976174e-05,-10.152521,3.8976174e-05,-10.152521
943,1,0,0.21934593,-1.2694821,1.0,0.21934593,-1.2694821,0.21934593,-1.2694821
944,1,0,4.137152e-05,-10.092876,0.7461531162261963,4.137152e-05,-10.092876,4.137152e-05,-10.092876
945,0,1,0.91449195,2.3697581,1.0,0.91449195,2.3697581,0.91449195,2.3697581
946,1,0,2.9910225e-05,-10.41728,0.6449617147445679,2.9910225e-05,-10.41728,2.9910225e-05,-10.41728
947,1,0,4.3358385e-05,-10.045967,0.7722247838973999,4.3358385e-05,-10.045967,4.3358385e-05,-10.045967
948,0,1,0.9988205,6.7414603,0.837765634059906,0.9988205,6.7414603,0.9988205,6.7414603
949,1,0,0.22254878,-1.2508745,1.0,0.22254878,-1.2508745,0.22254878,-1.2508745
950,0,1,0.9211248,2.457728,1.0,0.9211248,2.457728,0.9211248,2.457728
951,0,1,0.8276157,1.5688224,1.0,0.8276157,1.5688224,0.8276157,1.5688224
952,1,0,4.375477e-05,-10.036866,0.8423545956611633,4.375477e-05,-10.036866,4.375477e-05,-10.036866
953,1,0,2.0010222e-05,-10.819247,0.6545501351356506,2.0010222e-05,-10.819247,2.0010222e-05,-10.819247
954,0,1,0.9997687,8.3716345,0.6086568832397461,0.9997687,8.3716345,0.9997687,8.3716345
955,0,1,0.99972814,8.210037,0.7547975182533264,0.99972814,8.210037,0.99972814,8.210037
956,0,1,0.9792317,3.8533397,1.0,0.9792317,3.8533397,0.9792317,3.8533397
957,1,0,8.3274586e-05,-9.393284,0.7751333713531494,8.3274586e-05,-9.393284,8.3274586e-05,-9.393284
958,1,0,3.1332424e-05,-10.370826,0.7958838939666748,3.1332424e-05,-10.370826,3.1332424e-05,-10.370826
959,1,0,3.2978554e-05,-10.31962,0.6934107542037964,3.2978554e-05,-10.31962,3.2978554e-05,-10.31962
960,0,1,0.6386873,0.56967115,1.0,0.6386873,0.56967115,0.6386873,0.56967115
961,1,0,5.315637e-05,-9.842219,0.7949751615524292,5.315637e-05,-9.842219,5.315637e-05,-9.842219
962,0,1,0.84067094,1.6632283,1.0,0.84067094,1.6632283,0.84067094,1.6632283
963,0,1,0.9999151,9.374651,0.8676966428756714,0.9999151,9.374651,0.9999151,9.374651
964,0,1,0.9919742,4.817034,1.0,0.9919742,4.817034,0.9919742,4.817034
965,1,0,4.512736e-05,-10.005977,0.5097215175628662,4.512736e-05,-10.005977,4.512736e-05,-10.005977
966,0,1,0.9582316,3.1329503,1.0,0.9582316,3.1329503,0.9582316,3.1329503
967,0,1,0.99974483,8.273504,0.8274039626121521,0.99974483,8.273504,0.99974483,8.273504
968,0,1,0.99778914,6.1121683,0.8294287323951721,0.99778914,6.1121683,0.99778914,6.1121683
969,1,0,6.0536637e-05,-9.712201,0.5847625732421875,6.0536637e-05,-9.712201,6.0536637e-05,-9.712201
970,1,0,4.794684e-05,-9.94537,0.7780641913414001,4.794684e-05,-9.94537,4.794684e-05,-9.94537
971,0,1,0.70699835,0.8808499,1.0,0.70699835,0.8808499,0.70699835,0.8808499
972,0,1,0.9883306,4.439043,1.0,0.9883306,4.439043,0.9883306,4.439043
973,1,0,0.00020324455,-8.500897,0.8539969325065613,0.00020324455,-8.500897,0.00020324455,-8.500897
974,0,1,0.9998572,8.854274,0.7385606169700623,0.9998572,8.854274,0.9998572,8.854274
975,1,0,0.000103471364,-9.176112,0.8192905783653259,0.000103471364,-9.176112,0.000103471364,-9.176112
976,1,0,3.7092883e-05,-10.202048,0.7461576461791992,3.7092883e-05,-10.202048,3.7092883e-05,-10.202048
977,0,1,0.9851097,4.192045,1.0,0.9851097,4.192045,0.9851097,4.192045
978,1,0,3.7167418e-05,-10.200041,0.7783703804016113,3.7167418e-05,-10.200041,3.7167418e-05,-10.200041
979,0,1,0.99985766,8.856939,0.7102928757667542,0.99985766,8.856939,0.99985766,8.856939
980,0,1,0.99993324,9.61475,0.7777827978134155,0.99993324,9.61475,0.99993324,9.61475
981,0,1,0.9996468,7.9481797,0.7040836215019226,0.9996468,7.9481797,0.9996468,7.9481797
982,0,1,0.90720767,2.280007,1.0,0.90720767,2.280007,0.90720767,2.280007
983,1,0,3.1128267e-05,-10.377363,0.5915220975875854,3.1128267e-05,-10.377363,3.1128267e-05,-10.377363
984,0,1,0.9997495,8.291817,0.46696892380714417,0.9997495,8.291817,0.9997495,8.291817
985,1,0,4.5716493e-05,-9.993006,0.5608822107315063,4.5716493e-05,-9.993006,4.5716493e-05,-9.993006
986,1,0,0.47249308,-0.11013911,1.0,0.47249308,-0.11013911,0.47249308,-0.11013911
987,0,1,0.999858,8.860124,0.7328125834465027,0.999858,8.860124,0.999858,8.860124
988,0,1,0.99066633,4.6647496,0.6364811658859253,0.99066633,4.6647496,0.99066633,4.6647496
989,0,1,0.93783695,2.7138157,1.0,0.93783695,2.7138157,0.93783695,2.7138157
990,0,1,0.9990778,6.9879007,0.7028754949569702,0.9990778,6.9879007,0.9990778,6.9879007
991,1,0,3.219387e-05,-10.343702,0.5768911838531494,3.219387e-05,-10.343702,3.219387e-05,-10.343702
992,1,0,4.3439584e-05,-10.044096,0.6759517788887024,4.3439584e-05,-10.044096,4.3439584e-05,-10.044096
993,1,0,2.657034e-05,-10.535688,0.6403915882110596,2.657034e-05,-10.535688,2.657034e-05,-10.535688
994,1,0,3.5260287e-05,-10.252718,0.5664475560188293,3.5260287e-05,-10.252718,3.5260287e-05,-10.252718
995,1,0,0.1958928,-1.4121652,1.0,0.1958928,-1.4121652,0.1958928,-1.4121652
996,0,1,0.99952877,7.6595917,0.6887584924697876,0.99952877,7.6595917,0.99952877,7.6595917
997,0,1,0.99916506,7.0872455,0.6581153869628906,0.99916506,7.0872455,0.99916506,7.0872455
998,1,0,2.8039596e-05,-10.481865,0.7492173910140991,2.8039596e-05,-10.481865,2.8039596e-05,-10.481865
999,1,0,6.9644004e-05,-9.572044,0.8843709826469421,6.9644004e-05,-9.572044,6.9644004e-05,-9.572044
1000,1,0,2.5940653e-05,-10.559673,0.7097465991973877,2.5940653e-05,-10.559673,2.5940653e-05,-10.559673
1001,1,0,4.4327673e-05,-10.023857,0.6415002942085266,4.4327673e-05,-10.023857,4.4327673e-05,-10.023857
1002,1,0,5.494913e-05,-9.809048,0.7956549525260925,5.494913e-05,-9.809048,5.494913e-05,-9.809048
1003,1,0,3.0370627e-05,-10.402004,0.7118057012557983,3.0370627e-05,-10.402004,3.0370627e-05,-10.402004
1004,0,1,0.9997242,8.195683,0.5665501356124878,0.9997242,8.195683,0.9997242,8.195683
1005,0,1,0.99981636,8.60201,0.7746396660804749,0.99981636,8.60201,0.99981636,8.60201
1006,1,0,0.4379694,-0.24940723,1.0,0.4379694,-0.24940723,0.4379694,-0.24940723
1007,0,1,0.99956936,7.749758,0.758477509021759,0.99956936,7.749758,0.99956936,7.749758
1008,0,1,0.84988636,1.7337098,1.0,0.84988636,1.7337098,0.84988636,1.7337098
1009,0,1,0.99972874,8.212122,0.9432368874549866,0.99972874,8.212122,0.99972874,8.212122
1010,1,0,3.739453e-05,-10.193949,0.7682983875274658,3.739453e-05,-10.193949,3.739453e-05,-10.193949
1011,1,0,5.103709e-05,-9.882907,0.7576650381088257,5.103709e-05,-9.882907,5.103709e-05,-9.882907
1012,1,0,6.795754e-05,-9.59656,0.7640755772590637,6.795754e-05,-9.59656,6.795754e-05,-9.59656
1013,1,0,3.3875887e-05,-10.292773,0.7276608347892761,3.3875887e-05,-10.292773,3.3875887e-05,-10.292773
1014,0,1,0.9998869,9.086634,0.7564453482627869,0.9998869,9.086634,0.9998869,9.086634
1015,0,1,0.9974496,5.968961,1.0,0.9974496,5.968961,0.9974496,5.968961
1016,0,1,0.99992704,9.526393,0.5810045599937439,0.99992704,9.526393,0.99992704,9.526393
1017,1,0,4.66167e-05,-9.973505,0.6685791611671448,4.66167e-05,-9.973505,4.66167e-05,-9.973505
1018,1,0,5.048068e-05,-9.893869,0.5937034487724304,5.048068e-05,-9.893869,5.048068e-05,-9.893869
1019,1,0,3.5582947e-05,-10.243608,0.6550063490867615,3.5582947e-05,-10.243608,3.5582947e-05,-10.243608
1020,0,1,0.7458773,1.0767442,1.0,0.7458773,1.0767442,0.7458773,1.0767442
1021,1,0,3.880194e-05,-10.1570015,0.5918906927108765,3.880194e-05,-10.1570015,3.880194e-05,-10.1570015
1022,0,1,0.8625452,1.8365924,1.0,0.8625452,1.8365924,0.8625452,1.8365924
1023,0,1,0.99971074,8.148097,0.548340916633606,0.99971074,8.148097,0.99971074,8.148097
1024,1,0,3.418441e-05,-10.283707,0.8589717745780945,3.418441e-05,-10.283707,3.418441e-05,-10.283707
1025,1,0,3.977756e-05,-10.132168,0.6338183879852295,3.977756e-05,-10.132168,3.977756e-05,-10.132168
1026,1,0,2.2544908e-05,-10.699979,0.6659284234046936,2.2544908e-05,-10.699979,2.2544908e-05,-10.699979
1027,1,0,0.3731888,-0.5185609,1.0,0.3731888,-0.5185609,0.3731888,-0.5185609
1028,0,1,0.8353158,1.6237801,1.0,0.8353158,1.6237801,0.8353158,1.6237801
1029,1,0,3.7362806e-05,-10.1947975,0.7908735871315002,3.7362806e-05,-10.1947975,3.7362806e-05,-10.1947975
1030,1,0,2.5702973e-05,-10.568878,0.7352641224861145,2.5702973e-05,-10.568878,2.5702973e-05,-10.568878
1031,1,0,6.6134904e-05,-9.623748,0.8777530193328857,6.6134904e-05,-9.623748,6.6134904e-05,-9.623748
1032,0,1,0.99240005,4.8719845,0.7351669669151306,0.99240005,4.8719845,0.99240005,4.8719845
1033,1,0,0.2925722,-0.882924,1.0,0.2925722,-0.882924,0.2925722,-0.882924
1034,0,1,0.99981433,8.59096,0.7306713461875916,0.99981433,8.59096,0.99981433,8.59096
1035,0,1,0.9896522,4.560579,1.0,0.9896522,4.560579,0.9896522,4.560579
1036,1,0,6.0271046e-05,-9.7165985,0.8697288632392883,6.0271046e-05,-9.7165985,6.0271046e-05,-9.7165985
1037,1,0,0.000111961315,-9.097245,0.9049021005630493,0.000111961315,-9.097245,0.000111961315,-9.097245
1038,1,0,5.238069e-05,-9.85692,0.6362898349761963,5.238069e-05,-9.85692,5.238069e-05,-9.85692
1039,1,0,8.745244e-05,-9.344328,0.7351682782173157,8.745244e-05,-9.344328,8.745244e-05,-9.344328
1040,1,0,3.4602792e-05,-10.271542,0.558031439781189,3.4602792e-05,-10.271542,3.4602792e-05,-10.271542
1041,0,1,0.863148,1.8416858,1.0,0.863148,1.8416858,0.863148,1.8416858
1042,0,1,0.9996861,8.066304,0.732970654964447,0.9996861,8.066304,0.9996861,8.066304
1043,1,0,2.4264928e-05,-10.626454,0.7394952178001404,2.4264928e-05,-10.626454,2.4264928e-05,-10.626454
1044,0,1,0.9998342,8.704403,0.6659807562828064,0.9998342,8.704403,0.9998342,8.704403
1045,0,1,0.9998411,8.7470455,0.8081226348876953,0.9998411,8.7470455,0.9998411,8.7470455
1046,0,1,0.70193446,0.85652673,1.0,0.70193446,0.85652673,0.70193446,0.85652673
1047,1,0,3.633352e-05,-10.2227335,0.8401903510093689,3.633352e-05,-10.2227335,3.633352e-05,-10.2227335
1048,1,0,0.0001499855,-8.804822,0.5891162753105164,0.0001499855,-8.804822,0.0001499855,-8.804822
1049,1,0,4.999318e-05,-9.903574,0.8318238258361816,4.999318e-05,-9.903574,4.999318e-05,-9.903574
1050,0,1,0.9996117,7.8533115,0.7883835434913635,0.9996117,7.8533115,0.9996117,7.8533115
1051,1,0,2.8636432e-05,-10.460802,0.6383624076843262,2.8636432e-05,-10.460802,2.8636432e-05,-10.460802
1052,1,0,5.0557526e-05,-9.892348,0.6138899326324463,5.0557526e-05,-9.892348,5.0557526e-05,-9.892348
1053,0,1,0.9997141,8.159752,0.7004984617233276,0.9997141,8.159752,0.9997141,8.159752
1054,0,1,0.9998374,8.724508,0.6647796630859375,0.9998374,8.724508,0.9998374,8.724508
1055,0,1,0.9926972,4.9121656,1.0,0.9926972,4.9121656,0.9926972,4.9121656
1056,1,0,0.31103712,-0.7952751,1.0,0.31103712,-0.7952751,0.31103712,-0.7952751
1057,1,0,4.3695727e-05,-10.038217,0.6139941811561584,4.3695727e-05,-10.038217,4.3695727e-05,-10.038217
1058,1,0,4.4726985e-05,-10.014889,0.7715717554092407,4.4726985e-05,-10.014889,4.4726985e-05,-10.014889
1059,0,1,0.5493623,0.19809453,1.0,0.5493623,0.19809453,0.5493623,0.19809453
1060,1,0,2.2304857e-05,-10.710684,0.8552099466323853,2.2304857e-05,-10.710684,2.2304857e-05,-10.710684
1061,1,0,4.4900327e-05,-10.011021,0.6438972353935242,4.4900327e-05,-10.011021,4.4900327e-05,-10.011021
1062,0,1,0.8642324,1.8508971,1.0,0.8642324,1.8508971,0.8642324,1.8508971
1063,0,1,0.99431795,5.164732,0.5723538398742676,0.99431795,5.164732,0.99431795,5.164732
1064,0,1,0.9996489,7.9542184,0.8867883682250977,0.9996489,7.9542184,0.9996489,7.9542184
1065,0,1,0.99978036,8.4234495,0.7421388030052185,0.99978036,8.4234495,0.99978036,8.4234495
1066,0,1,0.9994703,7.542667,0.9377367496490479,0.9994703,7.542667,0.9994703,7.542667
1067,1,0,4.2772754e-05,-10.0595665,0.7847270965576172,4.2772754e-05,-10.0595665,4.2772754e-05,-10.0595665
1068,1,0,0.007195665,-4.927055,1.0,0.007195665,-4.927055,0.007195665,-4.927055
1069,0,1,0.9983407,6.3997555,0.8238239884376526,0.9983407,6.3997555,0.9983407,6.3997555
1070,1,0,2.8980667e-05,-10.448853,0.7658047080039978,2.8980667e-05,-10.448853,2.8980667e-05,-10.448853
1071,0,1,0.9998642,8.904605,0.8406733870506287,0.9998642,8.904605,0.9998642,8.904605
1072,1,0,0.00010080893,-9.202183,0.7727068066596985,0.00010080893,-9.202183,0.00010080893,-9.202183
1073,1,0,0.00015799298,-8.752802,0.7037678360939026,0.00015799298,-8.752802,0.00015799298,-8.752802
1074,1,0,3.6127287e-05,-10.228426,0.6681571006774902,3.6127287e-05,-10.228426,3.6127287e-05,-10.228426
1075,0,1,0.999819,8.616436,0.7148823738098145,0.999819,8.616436,0.999819,8.616436
1076,1,0,3.508453e-05,-10.257715,0.7945690155029297,3.508453e-05,-10.257715,3.508453e-05,-10.257715
1077,0,1,0.99987996,9.027615,0.651013970375061,0.99987996,9.027615,0.99987996,9.027615
1078,0,1,0.9998122,8.579729,0.8570521473884583,0.9998122,8.579729,0.9998122,8.579729
1079,0,1,0.99981004,8.568609,0.6168814301490784,0.99981004,8.568609,0.99981004,8.568609
1080,0,1,0.9997614,8.3402815,0.5442278981208801,0.9997614,8.3402815,0.9997614,8.3402815
1081,1,0,3.7291007e-05,-10.196721,0.5263835191726685,3.7291007e-05,-10.196721,3.7291007e-05,-10.196721
1082,1,0,0.00032137707,-8.042574,0.7530320286750793,0.00032137707,-8.042574,0.00032137707,-8.042574
1083,1,0,6.670367e-05,-9.615184,0.7747675180435181,6.670367e-05,-9.615184,6.670367e-05,-9.615184
1084,0,1,0.99975437,8.311271,0.7208771705627441,0.99975437,8.311271,0.99975437,8.311271
1085,0,1,0.9998342,8.704856,0.512451171875,0.9998342,8.704856,0.9998342,8.704856
1086,1,0,4.5107572e-05,-10.006415,0.8223478198051453,4.5107572e-05,-10.006415,4.5107572e-05,-10.006415
1087,1,0,2.6613932e-05,-10.534049,0.5767054557800293,2.6613932e-05,-10.534049,2.6613932e-05,-10.534049
1088,0,1,0.9997067,8.134216,0.712963342666626,0.9997067,8.134216,0.9997067,8.134216
1089,1,0,0.32356063,-0.7374563,1.0,0.32356063,-0.7374563,0.32356063,-0.7374563
1090,1,0,3.261565e-05,-10.330686,0.5577703714370728,3.261565e-05,-10.330686,3.261565e-05,-10.330686
1091,1,0,0.17473693,-1.5524206,1.0,0.17473693,-1.5524206,0.17473693,-1.5524206
1092,1,0,0.08324871,-2.3990035,1.0,0.08324871,-2.3990035,0.08324871,-2.3990035
1093,1,0,2.8134653e-05,-10.47848,0.5259584188461304,2.8134653e-05,-10.47848,2.8134653e-05,-10.47848
1094,1,0,3.828654e-05,-10.170374,0.8086280226707458,3.828654e-05,-10.170374,3.828654e-05,-10.170374
1095,1,0,4.0175295e-05,-10.122218,0.5431867241859436,4.0175295e-05,-10.122218,4.0175295e-05,-10.122218
1096,0,1,0.9999336,9.620352,0.5746700167655945,0.9999336,9.620352,0.9999336,9.620352
1097,0,1,0.99960047,7.824755,0.6938832402229309,0.99960047,7.824755,0.99960047,7.824755
1098,1,0,2.7705928e-05,-10.493836,0.6931949257850647,2.7705928e-05,-10.493836,2.7705928e-05,-10.493836
1099,0,1,0.995593,5.420164,1.0,0.995593,5.420164,0.995593,5.420164
1100,0,1,0.99966776,8.009357,0.7033483386039734,0.99966776,8.009357,0.99966776,8.009357
1101,0,1,0.9539849,3.031679,1.0,0.9539849,3.031679,0.9539849,3.031679
1102,1,0,4.6627683e-05,-9.973269,0.6215700507164001,4.6627683e-05,-9.973269,4.6627683e-05,-9.973269
1103,1,0,4.2786338e-05,-10.059249,0.7583458423614502,4.2786338e-05,-10.059249,4.2786338e-05,-10.059249
1104,0,1,0.99966407,7.9981604,0.8274624943733215,0.99966407,7.9981604,0.99966407,7.9981604
1105,1,0,3.3710534e-05,-10.297667,0.699553906917572,3.3710534e-05,-10.297667,3.3710534e-05,-10.297667
1106,0,1,0.801751,1.3972745,1.0,0.801751,1.3972745,0.801751,1.3972745
1107,0,1,0.8683994,1.8868806,1.0,0.8683994,1.8868806,0.8683994,1.8868806
1108,1,0,4.2810498e-05,-10.058684,0.6127392053604126,4.2810498e-05,-10.058684,4.2810498e-05,-10.058684
1109,0,1,0.9828006,4.0455317,1.0,0.9828006,4.0455317,0.9828006,4.0455317
1110,0,1,0.99921167,7.1448145,0.6429587602615356,0.99921167,7.1448145,0.99921167,7.1448145
1111,1,0,3.676074e-05,-10.211043,0.6489034295082092,3.676074e-05,-10.211043,3.676074e-05,-10.211043
1112,0,1,0.99712175,5.8476925,0.8220146894454956,0.99712175,5.8476925,0.99712175,5.8476925
1113,0,1,0.99986863,8.937802,0.6991564631462097,0.99986863,8.937802,0.99986863,8.937802
1114,0,1,0.99991953,9.427292,0.7320447564125061,0.99991953,9.427292,0.99991953,9.427292
1115,1,0,3.4114e-05,-10.2857685,0.7107720971107483,3.4114e-05,-10.2857685,3.4114e-05,-10.2857685
1116,0,1,0.9980457,6.235744,0.7524057626724243,0.9980457,6.235744,0.9980457,6.235744
1117,1,0,1.86186e-05,-10.891331,0.6566408276557922,1.86186e-05,-10.891331,1.86186e-05,-10.891331
1118,1,0,3.8088645e-05,-10.175556,0.7721172571182251,3.8088645e-05,-10.175556,3.8088645e-05,-10.175556
1119,1,0,3.0324352e-05,-10.403529,0.8172165155410767,3.0324352e-05,-10.403529,3.0324352e-05,-10.403529
1120,1,0,5.6334167e-05,-9.784153,0.619784414768219,5.6334167e-05,-9.784153,5.6334167e-05,-9.784153
1121,0,1,0.9988556,6.771736,0.8485601544380188,0.9988556,6.771736,0.9988556,6.771736
1122,1,0,4.1872274e-05,-10.080845,0.8645257949829102,4.1872274e-05,-10.080845,4.1872274e-05,-10.080845
1123,1,0,2.1764896e-05,-10.73519,0.7409279346466064,2.1764896e-05,-10.73519,2.1764896e-05,-10.73519
1124,1,0,2.9217514e-05,-10.440713,0.5271221995353699,2.9217514e-05,-10.440713,2.9217514e-05,-10.440713
1125,1,0,2.3160515e-05,-10.6730385,0.6232239603996277,2.3160515e-05,-10.6730385,2.3160515e-05,-10.6730385
1126,0,1,0.99058425,4.655907,1.0,0.99058425,4.655907,0.99058425,4.655907
1127,0,1,0.99984586,8.777748,0.7640010118484497,0.99984586,8.777748,0.99984586,8.777748
1128,0,1,0.9998529,8.824192,0.7416212558746338,0.9998529,8.824192,0.9998529,8.824192
1129,1,0,3.403063e-05,-10.288216,0.4611525535583496,3.403063e-05,-10.288216,3.403063e-05,-10.288216
1130,1,0,3.6092406e-05,-10.229392,0.751602828502655,3.6092406e-05,-10.229392,3.6092406e-05,-10.229392
1131,1,0,6.746796e-05,-9.60379,0.7433168888092041,6.746796e-05,-9.60379,6.746796e-05,-9.60379
1132,1,0,5.5564116e-05,-9.797917,0.6250284314155579,5.5564116e-05,-9.797917,5.5564116e-05,-9.797917
1133,0,1,0.99951804,7.637122,0.566699206829071,0.99951804,7.637122,0.99951804,7.637122
1134,1,0,4.659293e-05,-9.974015,0.5718418955802917,4.659293e-05,-9.974015,4.659293e-05,-9.974015
1135,0,1,0.99980587,8.546448,0.6399361491203308,0.99980587,8.546448,0.99980587,8.546448
1136,1,0,5.770825e-05,-9.760053,0.5165566802024841,5.770825e-05,-9.760053,5.770825e-05,-9.760053
1137,0,1,0.99951375,7.6282115,0.8597696423530579,0.99951375,7.6282115,0.99951375,7.6282115
1138,1,0,7.4118776e-05,-9.509768,0.7291829586029053,7.4118776e-05,-9.509768,7.4118776e-05,-9.509768
1139,0,1,0.99976426,8.3526745,0.7471466660499573,0.99976426,8.3526745,0.99976426,8.3526745
1140,1,0,4.7399706e-05,-9.956847,0.6236532330513,4.7399706e-05,-9.956847,4.7399706e-05,-9.956847
1141,0,1,0.999008,6.9147315,0.5492876172065735,0.999008,6.9147315,0.999008,6.9147315
1142,0,1,0.99880207,6.726003,0.6613999605178833,0.99880207,6.726003,0.99880207,6.726003
1143,0,1,0.9998461,8.77949,0.6753554940223694,0.9998461,8.77949,0.9998461,8.77949
1144,1,0,2.6650532e-05,-10.532675,0.5893930196762085,2.6650532e-05,-10.532675,2.6650532e-05,-10.532675
1145,1,0,2.6354677e-05,-10.5438385,0.7811508774757385,2.6354677e-05,-10.5438385,2.6354677e-05,-10.5438385
1146,1,0,0.21757762,-1.279839,1.0,0.21757762,-1.279839,0.21757762,-1.279839
1147,0,1,0.61669666,0.47555053,1.0,0.61669666,0.47555053,0.61669666,0.47555053
1148,0,1,0.8128368,1.4685498,0.9168002605438232,0.8128368,1.4685498,0.8128368,1.4685498
1149,0,1,0.99979264,8.480641,0.6668842434883118,0.99979264,8.480641,0.99979264,8.480641
1150,1,0,4.5356668e-05,-10.000908,0.6902716755867004,4.5356668e-05,-10.000908,4.5356668e-05,-10.000908
1151,1,0,0.37176788,-0.52464014,1.0,0.37176788,-0.52464014,0.37176788,-0.52464014
1152,1,0,4.5929126e-05,-9.988365,0.7571913599967957,4.5929126e-05,-9.988365,4.5929126e-05,-9.988365
1153,0,1,0.99969566,8.097044,0.6480130553245544,0.99969566,8.097044,0.99969566,8.097044
1154,1,0,3.063943e-05,-10.393192,0.7417182922363281,3.063943e-05,-10.393192,3.063943e-05,-10.393192
1155,1,0,2.7776168e-05,-10.491304,0.7022451758384705,2.7776168e-05,-10.491304,2.7776168e-05,-10.491304
1156,1,0,2.3143071e-05,-10.673792,0.5242738723754883,2.3143071e-05,-10.673792,2.3143071e-05,-10.673792
1157,0,1,0.99956053,7.729457,0.7747785449028015,0.99956053,7.729457,0.99956053,7.729457
1158,1,0,2.7151516e-05,-10.5140505,0.7022178769111633,2.7151516e-05,-10.5140505,2.7151516e-05,-10.5140505
1159,1,0,0.0003604287,-7.927856,0.7138776779174805,0.0003604287,-7.927856,0.0003604287,-7.927856
1160,0,1,0.99971277,8.154884,0.7253118753433228,0.99971277,8.154884,0.99971277,8.154884
1161,0,1,0.9997608,8.337915,0.6121999621391296,0.9997608,8.337915,0.9997608,8.337915
1162,0,1,0.9995628,7.734684,0.8662444353103638,0.9995628,7.734684,0.9995628,7.734684
1163,0,1,0.9998117,8.57711,0.9208742380142212,0.9998117,8.57711,0.9998117,8.57711
1164,1,0,6.3536245e-05,-9.6638365,0.7395743131637573,6.3536245e-05,-9.6638365,6.3536245e-05,-9.6638365
1165,0,1,0.68170106,0.7616,1.0,0.68170106,0.7616,0.68170106,0.7616
1166,1,0,4.0570274e-05,-10.112434,0.7371039390563965,4.0570274e-05,-10.112434,4.0570274e-05,-10.112434
1167,1,0,5.4916025e-05,-9.80965,0.7149946689605713,5.4916025e-05,-9.80965,5.4916025e-05,-9.80965
1168,1,0,4.5692435e-05,-9.993532,0.7172351479530334,4.5692435e-05,-9.993532,4.5692435e-05,-9.993532
1169,1,0,2.6274021e-05,-10.546904,0.6959776878356934,2.6274021e-05,-10.546904,2.6274021e-05,-10.546904
1170,1,0,3.682326e-05,-10.209344,0.6017879843711853,3.682326e-05,-10.209344,3.682326e-05,-10.209344
1171,1,0,5.387672e-05,-9.828758,0.7732340097427368,5.387672e-05,-9.828758,5.387672e-05,-9.828758
1172,1,0,2.3321692e-05,-10.666103,0.8044564127922058,2.3321692e-05,-10.666103,2.3321692e-05,-10.666103
1173,0,1,0.9996505,7.958626,0.6452184915542603,0.9996505,7.958626,0.9996505,7.958626
1174,1,0,3.1636064e-05,-10.361181,0.5825014710426331,3.1636064e-05,-10.361181,3.1636064e-05,-10.361181
1175,0,1,0.99986947,8.94362,0.6448970437049866,0.99986947,8.94362,0.99986947,8.94362
1176,0,1,0.99988735,9.090982,0.6818667650222778,0.99988735,9.090982,0.99988735,9.090982
1177,0,1,0.999689,8.075115,0.7607800960540771,0.999689,8.075115,0.999689,8.075115
1178,0,1,0.608815,0.44233418,1.0,0.608815,0.44233418,0.608815,0.44233418
1179,0,1,0.99963784,7.9231677,0.8252159357070923,0.99963784,7.9231677,0.99963784,7.9231677
1180,1,0,2.4996772e-05,-10.596739,0.6835888624191284,2.4996772e-05,-10.596739,2.4996772e-05,-10.596739
1181,0,1,0.99938715,7.3967414,0.7039800882339478,0.99938715,7.3967414,0.99938715,7.3967414
1182,0,1,0.99919087,7.1186686,0.560881495475769,0.99919087,7.1186686,0.99919087,7.1186686
1183,0,1,0.9997385,8.248989,0.7504507303237915,0.9997385,8.248989,0.9997385,8.248989
1184,1,0,6.962906e-05,-9.572259,0.5991857051849365,6.962906e-05,-9.572259,6.962906e-05,-9.572259
1185,1,0,2.8885011e-05,-10.452159,0.6276171207427979,2.8885011e-05,-10.452159,2.8885011e-05,-10.452159
1186,0,1,0.9288739,2.5695183,1.0,0.9288739,2.5695183,0.9288739,2.5695183
1187,1,0,4.426722e-05,-10.025222,0.7777860164642334,4.426722e-05,-10.025222,4.426722e-05,-10.025222
1188,0,1,0.59832084,0.39847344,1.0,0.59832084,0.39847344,0.59832084,0.39847344
1189,0,1,0.9997968,8.501159,0.6481146216392517,0.9997968,8.501159,0.9997968,8.501159
1190,1,0,4.0961437e-05,-10.1028385,0.6696320176124573,4.0961437e-05,-10.1028385,4.0961437e-05,-10.1028385
1191,0,1,0.76736844,1.193511,1.0,0.76736844,1.193511,0.76736844,1.193511
1192,0,1,0.9997844,8.442118,0.6495559215545654,0.9997844,8.442118,0.9997844,8.442118
1193,0,1,0.9998969,9.179472,0.7232692837715149,0.9998969,9.179472,0.9998969,9.179472
1194,1,0,5.433624e-05,-9.820265,0.6676959991455078,5.433624e-05,-9.820265,5.433624e-05,-9.820265
1195,0,1,0.99948186,7.564634,0.5326597094535828,0.99948186,7.564634,0.99948186,7.564634
1196,1,0,6.232662e-05,-9.68306,0.6347084641456604,6.232662e-05,-9.68306,6.232662e-05,-9.68306
1197,0,1,0.9995572,7.721877,0.6564633250236511,0.9995572,7.721877,0.9995572,7.721877
1198,0,1,0.9996196,7.874031,0.6046064496040344,0.9996196,7.874031,0.9996196,7.874031
1199,1,0,7.0102884e-05,-9.565476,0.7729288935661316,7.0102884e-05,-9.565476,7.0102884e-05,-9.565476
1200,0,1,0.72107166,0.94978356,1.0,0.72107166,0.94978356,0.72107166,0.94978356
1201,1,0,4.2195836e-05,-10.073147,0.6098544001579285,4.2195836e-05,-10.073147,4.2195836e-05,-10.073147
1202,0,1,0.99971575,8.16537,0.8855366706848145,0.99971575,8.16537,0.99971575,8.16537
1203,0,1,0.99975795,8.326125,0.7267709970474243,0.99975795,8.326125,0.99975795,8.326125
1204,0,1,0.9996307,7.9036627,0.8975375294685364,0.9996307,7.9036627,0.9996307,7.9036627
1205,0,1,0.99986684,8.924372,0.7446054220199585,0.99986684,8.924372,0.99986684,8.924372
1206,1,0,4.1758463e-05,-10.083567,0.8863086104393005,4.1758463e-05,-10.083567,4.1758463e-05,-10.083567
1207,0,1,0.50126827,0.0050730407,1.0,0.50126827,0.0050730407,0.50126827,0.0050730407
1208,1,0,0.28542128,-0.9177269,1.0,0.28542128,-0.9177269,0.28542128,-0.9177269
1209,1,0,3.7971615e-05,-10.178634,0.5581536889076233,3.7971615e-05,-10.178634,3.7971615e-05,-10.178634
1210,0,1,0.99957556,7.764392,0.8650729656219482,0.99957556,7.764392,0.99957556,7.764392
1211,0,1,0.9997893,8.46484,0.5924723148345947,0.9997893,8.46484,0.9997893,8.46484
1212,1,0,3.7504953e-05,-10.191,0.8155241012573242,3.7504953e-05,-10.191,3.7504953e-05,-10.191
1213,1,0,4.5822948e-05,-9.99068,0.721638560295105,4.5822948e-05,-9.99068,4.5822948e-05,-9.99068
1214,0,1,0.9996928,8.087664,0.80841064453125,0.9996928,8.087664,0.9996928,8.087664
1215,0,1,0.6017121,0.41260397,1.0,0.6017121,0.41260397,0.6017121,0.41260397
1216,1,0,4.279299e-05,-10.059093,0.562254786491394,4.279299e-05,-10.059093,4.279299e-05,-10.059093
1217,0,1,0.9997166,8.168511,0.811998188495636,0.9997166,8.168511,0.9997166,8.168511
1218,0,1,0.9991148,7.028879,0.6880666613578796,0.9991148,7.028879,0.9991148,7.028879
1219,0,1,0.99900323,6.910009,0.6115957498550415,0.99900323,6.910009,0.99900323,6.910009
1220,1,0,2.9469564e-05,-10.432123,0.6772681474685669,2.9469564e-05,-10.432123,2.9469564e-05,-10.432123
1221,0,1,0.9303532,2.592127,1.0,0.9303532,2.592127,0.9303532,2.592127
1222,1,0,4.0301966e-05,-10.11907,0.8497442007064819,4.0301966e-05,-10.11907,4.0301966e-05,-10.11907
1223,1,0,0.2083292,-1.3350261,1.0,0.2083292,-1.3350261,0.2083292,-1.3350261
1224,1,0,3.5614044e-05,-10.242735,0.5675680637359619,3.5614044e-05,-10.242735,3.5614044e-05,-10.242735
1225,1,0,3.1518437e-05,-10.364906,0.6224812269210815,3.1518437e-05,-10.364906,3.1518437e-05,-10.364906
1226,1,0,4.4590535e-05,-10.017944,0.6486184000968933,4.4590535e-05,-10.017944,4.4590535e-05,-10.017944
1227,0,1,0.9998592,8.867875,0.812707245349884,0.9998592,8.867875,0.9998592,8.867875
1228,0,1,0.74067456,1.0494775,1.0,0.74067456,1.0494775,0.74067456,1.0494775
1229,0,1,0.9758247,3.697951,1.0,0.9758247,3.697951,0.9758247,3.697951
1230,1,0,4.187259e-05,-10.080837,0.7969721555709839,4.187259e-05,-10.080837,4.187259e-05,-10.080837
1231,1,0,2.8168937e-05,-10.4772625,0.7018378376960754,2.8168937e-05,-10.4772625,2.8168937e-05,-10.4772625
1232,1,0,2.348054e-05,-10.659315,0.7505433559417725,2.348054e-05,-10.659315,2.348054e-05,-10.659315
1233,1,0,4.153577e-05,-10.088914,0.6732856035232544,4.153577e-05,-10.088914,4.153577e-05,-10.088914
1234,1,0,3.8815855e-05,-10.156643,0.5227329134941101,3.8815855e-05,-10.156643,3.8815855e-05,-10.156643
1235,1,0,9.3318056e-05,-9.279404,0.8078740239143372,9.3318056e-05,-9.279404,9.3318056e-05,-9.279404
1236,1,0,2.7831373e-05,-10.489319,0.6710470914840698,2.7831373e-05,-10.489319,2.7831373e-05,-10.489319
1237,1,0,4.6894664e-05,-9.96756,0.6622533202171326,4.6894664e-05,-9.96756,4.6894664e-05,-9.96756
1238,1,0,4.83592e-05,-9.936806,0.6853640675544739,4.83592e-05,-9.936806,4.83592e-05,-9.936806
1239,1,0,3.4555735e-05,-10.2729025,0.7187061905860901,3.4555735e-05,-10.2729025,3.4555735e-05,-10.2729025
1240,0,1,0.99962175,7.8796344,0.844731867313385,0.99962175,7.8796344,0.99962175,7.8796344
1241,1,0,3.6435355e-05,-10.219934,0.5638123750686646,3.6435355e-05,-10.219934,3.6435355e-05,-10.219934
1242,1,0,6.753239e-05,-9.602836,0.8174342513084412,6.753239e-05,-9.602836,6.753239e-05,-9.602836
1243,0,1,0.99987185,8.96191,0.6009601950645447,0.99987185,8.96191,0.99987185,8.96191
1244,0,1,0.9997365,8.241365,0.651524543762207,0.9997365,8.241365,0.9997365,8.241365
1245,0,1,0.99939835,7.415155,0.6616036295890808,0.99939835,7.415155,0.99939835,7.415155
1246,1,0,0.00010936041,-9.120752,0.8539062142372131,0.00010936041,-9.120752,0.00010936041,-9.120752
1247,0,1,0.7481868,1.0889655,1.0,0.7481868,1.0889655,0.7481868,1.0889655
1248,0,1,0.99450135,5.1977434,1.0,0.99450135,5.1977434,0.99450135,5.1977434
1249,1,0,0.028556747,-3.5268896,1.0,0.028556747,-3.5268896,0.028556747,-3.5268896
1250,0,1,0.9997782,8.413536,0.7857814431190491,0.9997782,8.413536,0.9997782,8.413536
1251,0,1,0.99979943,8.514179,0.6492013335227966,0.99979943,8.514179,0.99979943,8.514179
1252,0,1,0.94378155,2.8206496,1.0,0.94378155,2.8206496,0.94378155,2.8206496
1253,0,1,0.9999286,9.5464,0.5458229780197144,0.9999286,9.5464,0.9999286,9.5464
1254,1,0,0.04649146,-3.0208797,1.0,0.04649146,-3.0208797,0.04649146,-3.0208797
1255,0,1,0.99971694,8.169589,0.5252779126167297,0.99971694,8.169589,0.99971694,8.169589
1256,0,1,0.99972385,8.194332,0.7881589531898499,0.99972385,8.194332,0.99972385,8.194332
1257,0,1,0.8278696,1.5706034,1.0,0.8278696,1.5706034,0.8278696,1.5706034
1258,0,1,0.99943656,7.4809093,0.7904974818229675,0.99943656,7.4809093,0.99943656,7.4809093
1259,1,0,0.24622622,-1.1188416,1.0,0.24622622,-1.1188416,0.24622622,-1.1188416
1260,1,0,3.1314292e-05,-10.371405,0.6139889359474182,3.1314292e-05,-10.371405,3.1314292e-05,-10.371405
1261,1,0,5.67573e-05,-9.7766695,0.8873288631439209,5.67573e-05,-9.7766695,5.67573e-05,-9.7766695
1262,1,0,0.32773364,-0.71845347,1.0,0.32773364,-0.71845347,0.32773364,-0.71845347
1263,0,1,0.9885626,4.459363,1.0,0.9885626,4.459363,0.9885626,4.459363
1264,0,1,0.9952402,5.3427873,1.0,0.9952402,5.3427873,0.9952402,5.3427873
1265,0,1,0.9998135,8.586716,0.7643606066703796,0.9998135,8.586716,0.9998135,8.586716
1266,0,1,0.99964345,7.9385924,0.6998971104621887,0.99964345,7.9385924,0.99964345,7.9385924
1267,0,1,0.9990363,6.9438114,0.7919209599494934,0.9990363,6.9438114,0.9990363,6.9438114
1268,0,1,0.99983776,8.726679,0.7954487204551697,0.99983776,8.726679,0.99983776,8.726679
1269,0,1,0.5702653,0.28293365,1.0,0.5702653,0.28293365,0.5702653,0.28293365
1270,0,1,0.90890205,2.3003027,1.0,0.90890205,2.3003027,0.90890205,2.3003027
1271,1,0,5.1544648e-05,-9.873011,0.8602243661880493,5.1544648e-05,-9.873011,5.1544648e-05,-9.873011
1272,1,0,0.0001656065,-8.70573,0.8699991703033447,0.0001656065,-8.70573,0.0001656065,-8.70573
1273,0,1,0.9763632,3.7210279,1.0,0.9763632,3.7210279,0.9763632,3.7210279
1274,0,1,0.9758219,3.697834,1.0,0.9758219,3.697834,0.9758219,3.697834
1275,1,0,0.0005924216,-7.4306993,0.5612956285476685,0.0005924216,-7.4306993,0.0005924216,-7.4306993
1276,1,0,9.060138e-05,-9.30895,0.5735179781913757,9.060138e-05,-9.30895,9.060138e-05,-9.30895
1277,1,0,1.8199768e-05,-10.9140835,0.6239303350448608,1.8199768e-05,-10.9140835,1.8199768e-05,-10.9140835
1278,0,1,0.9997476,8.284241,0.6754172444343567,0.9997476,8.284241,0.9997476,8.284241
1279,1,0,3.4584617e-05,-10.272067,0.5026339888572693,3.4584617e-05,-10.272067,3.4584617e-05,-10.272067
1280,1,0,5.824726e-05,-9.750755,0.7202411890029907,5.824726e-05,-9.750755,5.824726e-05,-9.750755
1281,0,1,0.9994375,7.4825616,0.6971834897994995,0.9994375,7.4825616,0.9994375,7.4825616
1282,0,1,0.55571675,0.2237966,1.0,0.55571675,0.2237966,0.55571675,0.2237966
1283,1,0,4.704786e-05,-9.964298,0.6983580589294434,4.704786e-05,-9.964298,4.704786e-05,-9.964298
1284,0,1,0.9978776,6.1530685,0.7384556531906128,0.9978776,6.1530685,0.9978776,6.1530685
1285,1,0,0.2892996,-0.8987881,1.0,0.2892996,-0.8987881,0.2892996,-0.8987881
1286,1,0,4.9049937e-05,-9.922623,0.6323287487030029,4.9049937e-05,-9.922623,4.9049937e-05,-9.922623
1287,0,1,0.99973005,8.217179,0.8229511380195618,0.99973005,8.217179,0.99973005,8.217179
1288,0,1,0.9997944,8.489345,0.6753528714179993,0.9997944,8.489345,0.9997944,8.489345
1289,1,0,4.2774387e-05,-10.059528,0.6385148763656616,4.2774387e-05,-10.059528,4.2774387e-05,-10.059528
1290,0,1,0.99958605,7.789412,0.7120699286460876,0.99958605,7.789412,0.99958605,7.789412
1291,0,1,0.9994479,7.501255,0.6070813536643982,0.9994479,7.501255,0.9994479,7.501255
1292,0,1,0.99855906,6.54099,0.8464188575744629,0.99855906,6.54099,0.99855906,6.54099
1293,1,0,3.109041e-05,-10.37858,0.6255544424057007,3.109041e-05,-10.37858,3.109041e-05,-10.37858
1294,1,0,0.21481992,-1.2961129,0.718046247959137,0.21481992,-1.2961129,0.21481992,-1.2961129
1295,1,0,3.4548353e-05,-10.273116,0.882175862789154,3.4548353e-05,-10.273116,3.4548353e-05,-10.273116
1296,0,1,0.99965465,7.9705124,0.8570991158485413,0.99965465,7.9705124,0.99965465,7.9705124
1297,1,0,0.2701229,-0.99399924,1.0,0.2701229,-0.99399924,0.2701229,-0.99399924
1298,1,0,6.4546766e-05,-9.648056,0.8049457669258118,6.4546766e-05,-9.648056,6.4546766e-05,-9.648056
1299,1,0,6.512995e-05,-9.639061,0.7759531736373901,6.512995e-05,-9.639061,6.512995e-05,-9.639061
1300,1,0,3.1675852e-05,-10.359924,0.47660931944847107,3.1675852e-05,-10.359924,3.1675852e-05,-10.359924
1301,0,1,0.97376287,3.6139913,1.0,0.97376287,3.6139913,0.97376287,3.6139913
1302,1,0,5.3491734e-05,-9.83593,0.6802073121070862,5.3491734e-05,-9.83593,5.3491734e-05,-9.83593
1303,0,1,0.92908776,2.5727596,1.0,0.92908776,2.5727596,0.92908776,2.5727596
1304,0,1,0.99977785,8.412004,0.6244158744812012,0.99977785,8.412004,0.99977785,8.412004
1305,1,0,0.31436014,-0.7798132,1.0,0.31436014,-0.7798132,0.31436014,-0.7798132
1306,0,1,0.99932337,7.2976117,0.7123674750328064,0.99932337,7.2976117,0.99932337,7.2976117
1307,0,1,0.9993319,7.310464,0.8608140349388123,0.9993319,7.310464,0.9993319,7.310464
1308,0,1,0.62600476,0.5151151,1.0,0.62600476,0.5151151,0.62600476,0.5151151
1309,1,0,5.3937023e-05,-9.82764,0.7373414039611816,5.3937023e-05,-9.82764,5.3937023e-05,-9.82764
1310,1,0,6.958638e-05,-9.572872,0.6215291023254395,6.958638e-05,-9.572872,6.958638e-05,-9.572872
1311,1,0,0.00027079886,-8.213863,0.7756146192550659,0.00027079886,-8.213863,0.00027079886,-8.213863
1312,0,1,0.60588485,0.43004698,1.0,0.60588485,0.43004698,0.60588485,0.43004698
1313,0,1,0.99974555,8.27606,0.5458287000656128,0.99974555,8.27606,0.99974555,8.27606
1314,0,1,0.9456477,2.8563838,1.0,0.9456477,2.8563838,0.9456477,2.8563838
1315,1,0,7.009199e-05,-9.565632,0.6087609529495239,7.009199e-05,-9.565632,7.009199e-05,-9.565632
1316,1,0,0.33520824,-0.684722,1.0,0.33520824,-0.684722,0.33520824,-0.684722
1317,0,1,0.9997161,8.166581,0.8558641076087952,0.9997161,8.166581,0.9997161,8.166581
1318,0,1,0.99966013,7.9865847,0.7135967016220093,0.99966013,7.9865847,0.99966013,7.9865847
1319,1,0,3.9195264e-05,-10.146915,0.7579694390296936,3.9195264e-05,-10.146915,3.9195264e-05,-10.146915
1320,1,0,0.1343108,-1.8633695,1.0,0.1343108,-1.8633695,0.1343108,-1.8633695
1321,0,1,0.99973744,8.244712,0.749648928642273,0.99973744,8.244712,0.99973744,8.244712
1322,0,1,0.9993111,7.2796397,0.7884815335273743,0.9993111,7.2796397,0.9993111,7.2796397
1323,1,0,8.4364015e-05,-9.380285,0.7310951948165894,8.4364015e-05,-9.380285,8.4364015e-05,-9.380285
1324,0,1,0.9997429,8.265683,0.5513322949409485,0.9997429,8.265683,0.9997429,8.265683
1325,1,0,0.35962355,-0.5769984,1.0,0.35962355,-0.5769984,0.35962355,-0.5769984
1326,1,0,3.6839e-05,-10.208917,0.6744205951690674,3.6839e-05,-10.208917,3.6839e-05,-10.208917
1327,1,0,4.1911022e-05,-10.07992,0.6950333118438721,4.1911022e-05,-10.07992,4.1911022e-05,-10.07992
1328,1,0,3.7607275e-05,-10.188275,0.795443594455719,3.7607275e-05,-10.188275,3.7607275e-05,-10.188275
1329,1,0,4.4555854e-05,-10.018723,0.5944198966026306,4.4555854e-05,-10.018723,4.4555854e-05,-10.018723
1330,0,1,0.9997197,8.179513,0.7703649997711182,0.9997197,8.179513,0.9997197,8.179513
1331,0,1,0.99984455,8.768998,0.5369382500648499,0.99984455,8.768998,0.99984455,8.768998
1332,0,1,0.99898547,6.892379,0.8385809659957886,0.99898547,6.892379,0.99898547,6.892379
1333,0,1,0.9995596,7.7274942,0.6629685759544373,0.9995596,7.7274942,0.9995596,7.7274942
1334,1,0,2.829076e-05,-10.472947,0.7400786280632019,2.829076e-05,-10.472947,2.829076e-05,-10.472947
1335,1,0,3.9519095e-05,-10.138687,0.6093276143074036,3.9519095e-05,-10.138687,3.9519095e-05,-10.138687
1336,1,0,6.077611e-05,-9.708253,0.8575162887573242,6.077611e-05,-9.708253,6.077611e-05,-9.708253
1337,1,0,2.8819606e-05,-10.454426,0.5761444568634033,2.8819606e-05,-10.454426,2.8819606e-05,-10.454426
1338,1,0,4.2738262e-05,-10.060373,0.7657561898231506,4.2738262e-05,-10.060373,4.2738262e-05,-10.060373
1339,0,1,0.99921227,7.1455936,0.5429741740226746,0.99921227,7.1455936,0.99921227,7.1455936
1340,0,1,0.9995597,7.7277517,0.673854649066925,0.9995597,7.7277517,0.9995597,7.7277517
1341,1,0,4.8093927e-05,-9.9423065,0.6088790893554688,4.8093927e-05,-9.9423065,4.8093927e-05,-9.9423065
1342,1,0,7.2612966e-05,-9.530294,0.7499300837516785,7.2612966e-05,-9.530294,7.2612966e-05,-9.530294
1343,0,1,0.99966896,8.012795,0.6871573328971863,0.99966896,8.012795,0.99966896,8.012795
1344,1,0,6.129378e-05,-9.699771,0.7447128295898438,6.129378e-05,-9.699771,6.129378e-05,-9.699771
1345,1,0,0.16365562,-1.6312761,1.0,0.16365562,-1.6312761,0.16365562,-1.6312761
1346,0,1,0.9997609,8.338614,0.669362485408783,0.9997609,8.338614,0.9997609,8.338614
1347,1,0,3.5217203e-05,-10.253941,0.7830324172973633,3.5217203e-05,-10.253941,3.5217203e-05,-10.253941
1348,1,0,2.3384004e-05,-10.663435,0.685853898525238,2.3384004e-05,-10.663435,2.3384004e-05,-10.663435
1349,1,0,0.0001778806,-8.63422,0.6364530324935913,0.0001778806,-8.63422,0.0001778806,-8.63422
1350,0,1,0.9997068,8.134426,0.811180830001831,0.9997068,8.134426,0.9997068,8.134426
1351,1,0,6.559793e-05,-9.631901,0.5765469074249268,6.559793e-05,-9.631901,6.559793e-05,-9.631901
1352,1,0,5.006073e-05,-9.902224,0.6103053689002991,5.006073e-05,-9.902224,5.006073e-05,-9.902224
1353,0,1,0.9995939,7.808385,0.7265796661376953,0.9995939,7.808385,0.9995939,7.808385
1354,1,0,0.040562037,-3.163515,1.0,0.040562037,-3.163515,0.040562037,-3.163515
1355,0,1,0.99718946,5.8715506,0.7214250564575195,0.99718946,5.8715506,0.99718946,5.8715506
1356,0,1,0.99981505,8.595011,0.6746875047683716,0.99981505,8.595011,0.99981505,8.595011
1357,0,1,0.99007857,4.6030874,1.0,0.99007857,4.6030874,0.99007857,4.6030874
1358,1,0,3.4164987e-05,-10.284275,0.7178252339363098,3.4164987e-05,-10.284275,3.4164987e-05,-10.284275
1359,1,0,6.7028675e-05,-9.610323,0.8275758028030396,6.7028675e-05,-9.610323,6.7028675e-05,-9.610323
1360,0,1,0.9995079,7.6164308,0.7916182279586792,0.9995079,7.6164308,0.9995079,7.6164308
1361,0,1,0.99985933,8.869245,0.6796555519104004,0.99985933,8.869245,0.99985933,8.869245
1362,1,0,3.550187e-05,-10.24589,0.7404292225837708,3.550187e-05,-10.24589,3.550187e-05,-10.24589
1363,0,1,0.79362565,1.3469203,1.0,0.79362565,1.3469203,0.79362565,1.3469203
1364,0,1,0.9997266,8.204309,0.7607060074806213,0.9997266,8.204309,0.9997266,8.204309
1365,0,1,0.74969,1.0969594,1.0,0.74969,1.0969594,0.74969,1.0969594
1366,0,1,0.9995235,7.6486063,0.7806390523910522,0.9995235,7.6486063,0.9995235,7.6486063
1367,1,0,3.9322815e-05,-10.143666,0.7480161190032959,3.9322815e-05,-10.143666,3.9322815e-05,-10.143666
1368,0,1,0.99982965,8.677609,0.808037519454956,0.99982965,8.677609,0.99982965,8.677609
1369,1,0,2.85973e-05,-10.46217,0.7448452115058899,2.85973e-05,-10.46217,2.85973e-05,-10.46217
1370,0,1,0.99989533,9.16469,0.625859797000885,0.99989533,9.16469,0.99989533,9.16469
1371,0,1,0.99988425,9.064539,0.7299525141716003,0.99988425,9.064539,0.99988425,9.064539
1372,1,0,3.514896e-05,-10.25588,0.7650352716445923,3.514896e-05,-10.25588,3.514896e-05,-10.25588
1373,1,0,3.686476e-05,-10.208218,0.6376181840896606,3.686476e-05,-10.208218,3.686476e-05,-10.208218
1374,1,0,4.0020233e-05,-10.126085,0.8920155167579651,4.0020233e-05,-10.126085,4.0020233e-05,-10.126085
1375,1,0,0.34343946,-0.64800406,1.0,0.34343946,-0.64800406,0.34343946,-0.64800406
1376,0,1,0.9623764,3.2417738,1.0,0.9623764,3.2417738,0.9623764,3.2417738
1377,1,0,2.9219495e-05,-10.440645,0.6995290517807007,2.9219495e-05,-10.440645,2.9219495e-05,-10.440645
1378,0,1,0.9994079,7.4312553,0.7374609708786011,0.9994079,7.4312553,0.9994079,7.4312553
1379,1,0,7.385484e-05,-9.513335,0.6161509156227112,7.385484e-05,-9.513335,7.385484e-05,-9.513335
1380,0,1,0.9998704,8.950863,0.6496020555496216,0.9998704,8.950863,0.9998704,8.950863
1381,0,1,0.99967754,8.039257,0.8392332792282104,0.99967754,8.039257,0.99967754,8.039257
1382,1,0,3.091373e-05,-10.384279,0.7031324505805969,3.091373e-05,-10.384279,3.091373e-05,-10.384279
1383,1,0,3.757767e-05,-10.189063,0.5446822643280029,3.757767e-05,-10.189063,3.757767e-05,-10.189063
1384,1,0,0.40528417,-0.38349527,1.0,0.40528417,-0.38349527,0.40528417,-0.38349527
1385,1,0,3.9180613e-05,-10.147289,0.7977228760719299,3.9180613e-05,-10.147289,3.9180613e-05,-10.147289
1386,0,1,0.99955827,7.7244425,0.763742208480835,0.99955827,7.7244425,0.99955827,7.7244425
1387,1,0,4.5810146e-05,-9.990959,0.6529389023780823,4.5810146e-05,-9.990959,4.5810146e-05,-9.990959
1388,0,1,0.9997942,8.487995,0.5688028931617737,0.9997942,8.487995,0.9997942,8.487995
1389,1,0,4.0421284e-05,-10.116114,0.586841344833374,4.0421284e-05,-10.116114,4.0421284e-05,-10.116114
1390,1,0,3.746217e-05,-10.192142,0.6329905986785889,3.746217e-05,-10.192142,3.746217e-05,-10.192142
1391,1,0,3.2484568e-05,-10.334713,0.750710666179657,3.2484568e-05,-10.334713,3.2484568e-05,-10.334713
1392,1,0,3.1476775e-05,-10.366229,0.689597487449646,3.1476775e-05,-10.366229,3.1476775e-05,-10.366229
1393,0,1,0.99945015,7.5052357,0.7475780844688416,0.99945015,7.5052357,0.99945015,7.5052357
1394,0,1,0.9998994,9.2045765,0.7872990965843201,0.9998994,9.2045765,0.9998994,9.2045765
1395,1,0,3.2818643e-05,-10.324481,0.5615980625152588,3.2818643e-05,-10.324481,3.2818643e-05,-10.324481
1396,0,1,0.5107548,0.043026105,1.0,0.5107548,0.043026105,0.5107548,0.043026105
1397,0,1,0.8707017,1.9071773,1.0,0.8707017,1.9071773,0.8707017,1.9071773
1398,0,1,0.921566,2.4638166,1.0,0.921566,2.4638166,0.921566,2.4638166
1399,0,1,0.99934167,7.3252153,0.8472931981086731,0.99934167,7.3252153,0.99934167,7.3252153
1400,0,1,0.99961215,7.8543825,0.733204185962677,0.99961215,7.8543825,0.99961215,7.8543825
1401,1,0,4.605891e-05,-9.985543,0.6035090684890747,4.605891e-05,-9.985543,4.605891e-05,-9.985543
1402,1,0,3.435874e-05,-10.27862,0.6274304389953613,3.435874e-05,-10.27862,3.435874e-05,-10.27862
1403,0,1,0.7783947,1.256336,1.0,0.7783947,1.256336,0.7783947,1.256336
1404,1,0,2.5609239e-05,-10.572532,0.5724726319313049,2.5609239e-05,-10.572532,2.5609239e-05,-10.572532
1405,0,1,0.9782462,3.8059723,1.0,0.9782462,3.8059723,0.9782462,3.8059723
1406,0,1,0.99991846,9.414078,0.5898879766464233,0.99991846,9.414078,0.99991846,9.414078
1407,1,0,3.731228e-05,-10.196151,0.7641782760620117,3.731228e-05,-10.196151,3.731228e-05,-10.196151
1408,1,0,0.00015086633,-8.798965,0.818878710269928,0.00015086633,-8.798965,0.00015086633,-8.798965
1409,1,0,0.00012861604,-8.95855,0.7989727258682251,0.00012861604,-8.95855,0.00012861604,-8.95855
1410,0,1,0.9963754,5.6163836,1.0,0.9963754,5.6163836,0.9963754,5.6163836
1411,0,1,0.99981827,8.612551,0.6966861486434937,0.99981827,8.612551,0.99981827,8.612551
1412,1,0,4.457438e-05,-10.018307,0.7967509627342224,4.457438e-05,-10.018307,4.457438e-05,-10.018307
1413,0,1,0.99957544,7.763957,0.8059011697769165,0.99957544,7.763957,0.99957544,7.763957
1414,1,0,4.3735163e-05,-10.037314,0.841069221496582,4.3735163e-05,-10.037314,4.3735163e-05,-10.037314
1415,0,1,0.88437295,2.034509,1.0,0.88437295,2.034509,0.88437295,2.034509
1416,1,0,3.926646e-05,-10.145101,0.6931676864624023,3.926646e-05,-10.145101,3.926646e-05,-10.145101
1417,0,1,0.99982494,8.649881,0.6918351650238037,0.99982494,8.649881,0.99982494,8.649881
1418,0,1,0.8943598,2.1360695,1.0,0.8943598,2.1360695,0.8943598,2.1360695
1419,0,1,0.9995915,7.8026195,0.7724049687385559,0.9995915,7.8026195,0.9995915,7.8026195
1420,0,1,0.9700229,3.4768853,1.0,0.9700229,3.4768853,0.9700229,3.4768853
1421,0,1,0.7545707,1.1231402,1.0,0.7545707,1.1231402,0.7545707,1.1231402
1422,1,0,8.7466295e-05,-9.34417,0.9274957180023193,8.7466295e-05,-9.34417,8.7466295e-05,-9.34417
1423,0,1,0.99978036,8.423049,0.8077743649482727,0.99978036,8.423049,0.99978036,8.423049
1424,1,0,5.8159505e-05,-9.752263,0.7846115231513977,5.8159505e-05,-9.752263,5.8159505e-05,-9.752263
1425,1,0,0.04841444,-2.9783316,1.0,0.04841444,-2.9783316,0.04841444,-2.9783316
1426,1,0,4.4941706e-05,-10.010099,0.7596743702888489,4.4941706e-05,-10.010099,4.4941706e-05,-10.010099
1427,0,1,0.9994734,7.5484285,0.6138809323310852,0.9994734,7.5484285,0.9994734,7.5484285
1428,0,1,0.9995321,7.6668396,0.8108024001121521,0.9995321,7.6668396,0.9995321,7.6668396
1429,0,1,0.998453,6.4699125,0.719902515411377,0.998453,6.4699125,0.998453,6.4699125
1430,1,0,0.14914496,-1.741323,1.0,0.14914496,-1.741323,0.14914496,-1.741323
1431,1,0,0.010156179,-4.579465,1.0,0.010156179,-4.579465,0.010156179,-4.579465
1432,0,1,0.99867815,6.6274567,0.7292014360427856,0.99867815,6.6274567,0.99867815,6.6274567
1433,1,0,9.587112e-05,-9.25241,0.7871010899543762,9.587112e-05,-9.25241,9.587112e-05,-9.25241
1434,0,1,0.9992269,7.164291,0.8313158750534058,0.9992269,7.164291,0.9992269,7.164291
1435,1,0,2.6430786e-05,-10.540955,0.7624273896217346,2.6430786e-05,-10.540955,2.6430786e-05,-10.540955
1436,0,1,0.69576126,0.8271939,1.0,0.69576126,0.8271939,0.69576126,0.8271939
1437,0,1,0.81498724,1.4827477,1.0,0.81498724,1.4827477,0.81498724,1.4827477
1438,1,0,3.4021054e-05,-10.288497,0.6522278785705566,3.4021054e-05,-10.288497,3.4021054e-05,-10.288497
1439,0,1,0.87171197,1.916181,1.0,0.87171197,1.916181,0.87171197,1.916181
1440,1,0,3.550864e-05,-10.245699,0.7636353373527527,3.550864e-05,-10.245699,3.550864e-05,-10.245699
1441,1,0,4.3534386e-05,-10.041916,0.788186252117157,4.3534386e-05,-10.041916,4.3534386e-05,-10.041916
1442,1,0,2.8437013e-05,-10.467791,0.6933385729789734,2.8437013e-05,-10.467791,2.8437013e-05,-10.467791
1443,0,1,0.99960274,7.830474,0.5620207190513611,0.99960274,7.830474,0.99960274,7.830474
1444,0,1,0.99957365,7.759884,0.8146976232528687,0.99957365,7.759884,0.99957365,7.759884
1445,1,0,2.4087283e-05,-10.633802,0.6806737780570984,2.4087283e-05,-10.633802,2.4087283e-05,-10.633802
1446,1,0,3.5936955e-05,-10.233708,0.8358504772186279,3.5936955e-05,-10.233708,3.5936955e-05,-10.233708
1447,1,0,5.4134744e-05,-9.82398,0.7188094854354858,5.4134744e-05,-9.82398,5.4134744e-05,-9.82398
1448,1,0,3.4837412e-05,-10.264784,0.8798187375068665,3.4837412e-05,-10.264784,3.4837412e-05,-10.264784
1449,1,0,6.4950946e-05,-9.641813,0.7454208731651306,6.4950946e-05,-9.641813,6.4950946e-05,-9.641813
1450,0,1,0.99829644,6.373351,0.5438292622566223,0.99829644,6.373351,0.99829644,6.373351
1451,1,0,2.9593477e-05,-10.427927,0.6458781361579895,2.9593477e-05,-10.427927,2.9593477e-05,-10.427927
1452,0,1,0.9995184,7.6378994,0.871332049369812,0.9995184,7.6378994,0.9995184,7.6378994
1453,0,1,0.99969554,8.096433,0.8009290099143982,0.99969554,8.096433,0.99969554,8.096433
1454,1,0,4.3891716e-05,-10.033741,0.6484155058860779,4.3891716e-05,-10.033741,4.3891716e-05,-10.033741
1455,1,0,3.763056e-05,-10.187656,0.6523279547691345,3.763056e-05,-10.187656,3.763056e-05,-10.187656
1456,1,0,4.286013e-05,-10.057526,0.6890266537666321,4.286013e-05,-10.057526,4.286013e-05,-10.057526
1457,1,0,8.872436e-05,-9.329887,0.2910741865634918,8.872436e-05,-9.329887,8.872436e-05,-9.329887
1458,0,1,0.9998259,8.655823,0.8982015252113342,0.9998259,8.655823,0.9998259,8.655823
1459,0,1,0.9975048,5.990852,0.7691165804862976,0.9975048,5.990852,0.9975048,5.990852
1460,1,0,3.6187903e-05,-10.226749,0.628465473651886,3.6187903e-05,-10.226749,3.6187903e-05,-10.226749
1461,0,1,0.99985445,8.83519,0.7269142270088196,0.99985445,8.83519,0.99985445,8.83519
1462,0,1,0.9361729,2.6856215,1.0,0.9361729,2.6856215,0.9361729,2.6856215
1463,0,1,0.9967096,5.7134533,1.0,0.9967096,5.7134533,0.9967096,5.7134533
1464,0,1,0.99890554,6.816367,0.7861871123313904,0.99890554,6.816367,0.99890554,6.816367
1465,0,1,0.9998436,8.76334,0.5963311195373535,0.9998436,8.76334,0.9998436,8.76334
1466,0,1,0.8460516,1.7039623,1.0,0.8460516,1.7039623,0.8460516,1.7039623
1467,0,1,0.76694036,1.1911144,1.0,0.76694036,1.1911144,0.76694036,1.1911144
1468,1,0,2.5051351e-05,-10.594558,0.663845956325531,2.5051351e-05,-10.594558,2.5051351e-05,-10.594558
1469,1,0,4.9594404e-05,-9.911583,0.5763288736343384,4.9594404e-05,-9.911583,4.9594404e-05,-9.911583
1470,1,0,4.1620744e-05,-10.08687,0.6244446635246277,4.1620744e-05,-10.08687,4.1620744e-05,-10.08687
1471,1,0,7.905516e-05,-9.445286,0.7033458948135376,7.905516e-05,-9.445286,7.905516e-05,-9.445286
1472,1,0,0.00013193914,-8.933038,0.6756869554519653,0.00013193914,-8.933038,0.00013193914,-8.933038
1473,0,1,0.9987124,6.6537,0.8886725902557373,0.9987124,6.6537,0.9987124,6.6537
1474,0,1,0.82420796,1.545121,1.0,0.82420796,1.545121,0.82420796,1.545121
1475,1,0,4.3281794e-05,-10.047735,0.6659933924674988,4.3281794e-05,-10.047735,4.3281794e-05,-10.047735
1476,0,1,0.99978346,8.437529,0.6635209321975708,0.99978346,8.437529,0.99978346,8.437529
1477,0,1,0.99951744,7.6358595,0.7733308672904968,0.99951744,7.6358595,0.99951744,7.6358595
1478,0,1,0.9841436,4.128197,1.0,0.9841436,4.128197,0.9841436,4.128197
1479,1,0,4.483858e-05,-10.012397,0.899128258228302,4.483858e-05,-10.012397,4.483858e-05,-10.012397
1480,1,0,8.716563e-05,-9.347613,0.6735306978225708,8.716563e-05,-9.347613,8.716563e-05,-9.347613
1481,0,1,0.99975425,8.31077,0.7981942296028137,0.99975425,8.31077,0.99975425,8.31077
1482,1,0,6.0608556e-05,-9.711014,0.7662995457649231,6.0608556e-05,-9.711014,6.0608556e-05,-9.711014
1483,1,0,4.608048e-05,-9.985075,0.6801581978797913,4.608048e-05,-9.985075,4.608048e-05,-9.985075
1484,1,0,3.709246e-05,-10.20206,0.7931413054466248,3.709246e-05,-10.20206,3.709246e-05,-10.20206
1485,1,0,0.07026773,-2.582584,1.0,0.07026773,-2.582584,0.07026773,-2.582584
1486,1,0,2.6397965e-05,-10.542197,0.8448924422264099,2.6397965e-05,-10.542197,2.6397965e-05,-10.542197
1487,1,0,4.35429e-05,-10.04172,0.7580781579017639,4.35429e-05,-10.04172,4.35429e-05,-10.04172
1488,0,1,0.9994729,7.5475883,0.8193186521530151,0.9994729,7.5475883,0.9994729,7.5475883
1489,1,0,0.00028804457,-8.152107,0.7383449673652649,0.00028804457,-8.152107,0.00028804457,-8.152107
1490,0,1,0.83883405,1.6495783,1.0,0.83883405,1.6495783,0.83883405,1.6495783
1491,0,1,0.53602284,0.14434138,1.0,0.53602284,0.14434138,0.53602284,0.14434138
1492,0,1,0.9997683,8.369915,0.5779687166213989,0.9997683,8.369915,0.9997683,8.369915
1493,1,0,3.4438322e-05,-10.276306,0.8020132780075073,3.4438322e-05,-10.276306,3.4438322e-05,-10.276306
1494,0,1,0.85180724,1.7488463,1.0,0.85180724,1.7488463,0.85180724,1.7488463
1495,1,0,4.4625718e-05,-10.017156,0.7388849258422852,4.4625718e-05,-10.017156,4.4625718e-05,-10.017156
1496,1,0,3.1114225e-05,-10.377814,0.5886271595954895,3.1114225e-05,-10.377814,3.1114225e-05,-10.377814
1497,0,1,0.9998062,8.54875,0.6436882615089417,0.9998062,8.54875,0.9998062,8.54875
1498,1,0,3.5801368e-05,-10.237489,0.8217207193374634,3.5801368e-05,-10.237489,3.5801368e-05,-10.237489
1499,0,1,0.98136085,3.963678,1.0,0.98136085,3.963678,0.98136085,3.963678
1500,0,1,0.9997693,8.374259,0.5481575131416321,0.9997693,8.374259,0.9997693,8.374259
1501,0,1,0.99957603,7.7653294,0.6070024967193604,0.99957603,7.7653294,0.99957603,7.7653294
1502,1,0,3.376526e-05,-10.296044,0.636227548122406,3.376526e-05,-10.296044,3.376526e-05,-10.296044
1503,1,0,3.718114e-05,-10.199672,0.5943286418914795,3.718114e-05,-10.199672,3.718114e-05,-10.199672
1504,0,1,0.99981254,8.581632,0.6986613273620605,0.99981254,8.581632,0.99981254,8.581632
1505,1,0,0.34042442,-0.6614034,1.0,0.34042442,-0.6614034,0.34042442,-0.6614034
1506,0,1,0.99345857,5.023035,1.0,0.99345857,5.023035,0.99345857,5.023035
1507,1,0,3.309973e-05,-10.315952,0.6898570656776428,3.309973e-05,-10.315952,3.309973e-05,-10.315952
1508,1,0,3.484452e-05,-10.26458,0.7115313410758972,3.484452e-05,-10.26458,3.484452e-05,-10.26458
1509,1,0,3.178433e-05,-10.356505,0.6118080615997314,3.178433e-05,-10.356505,3.178433e-05,-10.356505
1510,0,1,0.9998927,9.139637,0.708487868309021,0.9998927,9.139637,0.9998927,9.139637
1511,1,0,4.5226407e-05,-10.003784,0.7132388353347778,4.5226407e-05,-10.003784,4.5226407e-05,-10.003784
1512,0,1,0.6857493,0.7803209,1.0,0.6857493,0.7803209,0.6857493,0.7803209
1513,1,0,3.0933872e-05,-10.383628,0.782869815826416,3.0933872e-05,-10.383628,3.0933872e-05,-10.383628
1514,0,1,0.999548,7.7013683,0.6310314536094666,0.999548,7.7013683,0.999548,7.7013683
1515,0,1,0.99989533,9.165282,0.5850061774253845,0.99989533,9.165282,0.99989533,9.165282
1516,1,0,0.4122998,-0.35446614,1.0,0.4122998,-0.35446614,0.4122998,-0.35446614
1517,0,1,0.90079176,2.206053,1.0,0.90079176,2.206053,0.90079176,2.206053
1518,1,0,0.0750082,-2.5121875,1.0,0.0750082,-2.5121875,0.0750082,-2.5121875
1519,1,0,3.1675667e-05,-10.35993,0.6702435612678528,3.1675667e-05,-10.35993,3.1675667e-05,-10.35993
1520,0,1,0.9932554,4.992247,1.0,0.9932554,4.992247,0.9932554,4.992247
1521,1,0,4.1129515e-05,-10.098743,0.7183195948600769,4.1129515e-05,-10.098743,4.1129515e-05,-10.098743
1522,1,0,5.957595e-05,-9.728199,0.796417236328125,5.957595e-05,-9.728199,5.957595e-05,-9.728199
1523,1,0,6.5431625e-05,-9.634439,0.766628086566925,6.5431625e-05,-9.634439,6.5431625e-05,-9.634439
1524,1,0,0.45591053,-0.17681721,1.0,0.45591053,-0.17681721,0.45591053,-0.17681721
1525,1,0,3.16395e-05,-10.361073,0.6164770722389221,3.16395e-05,-10.361073,3.16395e-05,-10.361073
1526,0,1,0.937752,2.7123592,1.0,0.937752,2.7123592,0.937752,2.7123592
1527,0,1,0.99471754,5.238056,1.0,0.99471754,5.238056,0.99471754,5.238056
1528,0,1,0.9065999,2.2728078,1.0,0.9065999,2.2728078,0.9065999,2.2728078
1529,1,0,0.27085006,-0.99031395,1.0,0.27085006,-0.99031395,0.27085006,-0.99031395
1530,1,0,7.758847e-05,-9.464014,0.7857586145401001,7.758847e-05,-9.464014,7.758847e-05,-9.464014
1531,1,0,5.6245164e-05,-9.785734,0.6451613306999207,5.6245164e-05,-9.785734,5.6245164e-05,-9.785734
1532,0,1,0.99986875,8.938808,0.7604233622550964,0.99986875,8.938808,0.99986875,8.938808
1533,1,0,8.07773e-05,-9.423734,0.6634818315505981,8.07773e-05,-9.423734,8.07773e-05,-9.423734
1534,0,1,0.9998301,8.680354,0.6800878643989563,0.9998301,8.680354,0.9998301,8.680354
1535,0,1,0.9911538,4.718874,0.5618857145309448,0.9911538,4.718874,0.9911538,4.718874
1536,1,0,4.828077e-05,-9.938429,0.7239230871200562,4.828077e-05,-9.938429,4.828077e-05,-9.938429
1537,0,1,0.9996489,7.95422,0.726036548614502,0.9996489,7.95422,0.9996489,7.95422
1538,1,0,3.8346683e-05,-10.168804,0.6473521590232849,3.8346683e-05,-10.168804,3.8346683e-05,-10.168804
1539,0,1,0.9998448,8.770576,0.6569272875785828,0.9998448,8.770576,0.9998448,8.770576
1540,1,0,9.656447e-05,-9.245203,0.7193182706832886,9.656447e-05,-9.245203,9.656447e-05,-9.245203
1541,0,1,0.9999372,9.675002,0.629745602607727,0.9999372,9.675002,0.9999372,9.675002
1542,1,0,3.3036977e-05,-10.31785,0.6003811359405518,3.3036977e-05,-10.31785,3.3036977e-05,-10.31785
1543,1,0,3.913278e-05,-10.148511,0.6204384565353394,3.913278e-05,-10.148511,3.913278e-05,-10.148511
1544,1,0,3.1072595e-05,-10.379153,0.736531138420105,3.1072595e-05,-10.379153,3.1072595e-05,-10.379153
1545,1,0,6.589298e-05,-9.627413,0.5059729218482971,6.589298e-05,-9.627413,6.589298e-05,-9.627413
1546,1,0,3.081877e-05,-10.387356,0.559039294719696,3.081877e-05,-10.387356,3.081877e-05,-10.387356
1547,0,1,0.99965096,7.9600134,0.8928701281547546,0.99965096,7.9600134,0.99965096,7.9600134
1548,0,1,0.9998155,8.597744,0.6240435838699341,0.9998155,8.597744,0.9998155,8.597744
1549,1,0,3.455056e-05,-10.273052,0.6193768382072449,3.455056e-05,-10.273052,3.455056e-05,-10.273052
1550,1,0,3.5104942e-05,-10.2571335,0.8818477392196655,3.5104942e-05,-10.2571335,3.5104942e-05,-10.2571335
1551,1,0,0.015995257,-4.1193385,1.0,0.015995257,-4.1193385,0.015995257,-4.1193385
1552,1,0,2.9772147e-05,-10.421907,0.6155027747154236,2.9772147e-05,-10.421907,2.9772147e-05,-10.421907
1553,1,0,3.3606277e-05,-10.300764,0.6090494394302368,3.3606277e-05,-10.300764,3.3606277e-05,-10.300764
1554,0,1,0.9996226,7.881822,0.8252294659614563,0.9996226,7.881822,0.9996226,7.881822
1555,0,1,0.7092728,0.8918549,1.0,0.7092728,0.8918549,0.7092728,0.8918549
1556,0,1,0.999845,8.772165,0.598689079284668,0.999845,8.772165,0.999845,8.772165
1557,0,1,0.999816,8.600502,0.6310489177703857,0.999816,8.600502,0.999816,8.600502
1558,0,1,0.9998896,9.111544,0.5376110672950745,0.9998896,9.111544,0.9998896,9.111544
1559,0,1,0.99984133,8.748347,0.7811790108680725,0.99984133,8.748347,0.99984133,8.748347
1560,0,1,0.9997942,8.488237,0.7517156004905701,0.9997942,8.488237,0.9997942,8.488237
1561,0,1,0.99685365,5.758337,0.7202293276786804,0.99685365,5.758337,0.99685365,5.758337
1562,1,0,3.1693435e-05,-10.359369,0.7065597176551819,3.1693435e-05,-10.359369,3.1693435e-05,-10.359369
1563,1,0,0.00010120306,-9.19828,0.5601596832275391,0.00010120306,-9.19828,0.00010120306,-9.19828
1564,1,0,4.713111e-05,-9.96253,0.6272038221359253,4.713111e-05,-9.96253,4.713111e-05,-9.96253
1565,0,1,0.9998368,8.720531,0.5787069797515869,0.9998368,8.720531,0.9998368,8.720531
1566,1,0,0.29686105,-0.8622904,1.0,0.29686105,-0.8622904,0.29686105,-0.8622904
1567,1,0,2.9103252e-05,-10.444632,0.6902735233306885,2.9103252e-05,-10.444632,2.9103252e-05,-10.444632
1568,0,1,0.9995758,7.7648582,0.617559015750885,0.9995758,7.7648582,0.9995758,7.7648582
1569,0,1,0.9993326,7.3114195,0.6505409479141235,0.9993326,7.3114195,0.9993326,7.3114195
1570,1,0,5.679948e-05,-9.775927,0.7140893936157227,5.679948e-05,-9.775927,5.679948e-05,-9.775927
1571,1,0,4.1704257e-05,-10.084866,0.587088942527771,4.1704257e-05,-10.084866,4.1704257e-05,-10.084866
1572,0,1,0.9997701,8.377623,0.729300856590271,0.9997701,8.377623,0.9997701,8.377623
1573,1,0,2.7394517e-05,-10.50514,0.6748353242874146,2.7394517e-05,-10.50514,2.7394517e-05,-10.50514
1574,1,0,0.00012960723,-8.950872,0.7858818173408508,0.00012960723,-8.950872,0.00012960723,-8.950872
1575,0,1,0.9802659,3.9054785,1.0,0.9802659,3.9054785,0.9802659,3.9054785
1576,0,1,0.9997273,8.206884,0.46990787982940674,0.9997273,8.206884,0.9997273,8.206884
1577,1,0,4.648291e-05,-9.976379,0.6433106660842896,4.648291e-05,-9.976379,4.648291e-05,-9.976379
1578,1,0,8.6075306e-05,-9.360202,0.8398170471191406,8.6075306e-05,-9.360202,8.6075306e-05,-9.360202
1579,0,1,0.7721829,1.2206783,1.0,0.7721829,1.2206783,0.7721829,1.2206783
1580,1,0,4.5369045e-05,-10.000635,0.6068109273910522,4.5369045e-05,-10.000635,4.5369045e-05,-10.000635
1581,1,0,4.023979e-05,-10.120614,0.6937633752822876,4.023979e-05,-10.120614,4.023979e-05,-10.120614
1582,0,1,0.99899465,6.901452,0.7028648853302002,0.99899465,6.901452,0.99899465,6.901452
1583,0,1,0.99894553,6.8536158,0.6326684951782227,0.99894553,6.8536158,0.99894553,6.8536158
1584,1,0,5.2317588e-05,-9.858126,0.6066408157348633,5.2317588e-05,-9.858126,5.2317588e-05,-9.858126
1585,0,1,0.999861,8.881462,0.5710818767547607,0.999861,8.881462,0.999861,8.881462
1586,0,1,0.54662585,0.1870469,1.0,0.54662585,0.1870469,0.54662585,0.1870469
1587,0,1,0.9995757,7.7645426,0.7483001351356506,0.9995757,7.7645426,0.9995757,7.7645426
1588,0,1,0.9989008,6.812104,0.7745770812034607,0.9989008,6.812104,0.9989008,6.812104
1589,1,0,5.0934595e-05,-9.884917,0.6636132001876831,5.0934595e-05,-9.884917,5.0934595e-05,-9.884917
1590,1,0,4.820316e-05,-9.940038,0.7850818634033203,4.820316e-05,-9.940038,4.820316e-05,-9.940038
1591,1,0,3.101179e-05,-10.381112,0.6942552924156189,3.101179e-05,-10.381112,3.101179e-05,-10.381112
1592,0,1,0.77911144,1.2604959,1.0,0.77911144,1.2604959,0.77911144,1.2604959
1593,0,1,0.99981624,8.601814,0.7735269069671631,0.99981624,8.601814,0.99981624,8.601814
1594,1,0,4.1632695e-05,-10.086583,0.697699248790741,4.1632695e-05,-10.086583,4.1632695e-05,-10.086583
1595,1,0,6.1266954e-05,-9.700209,0.7531106472015381,6.1266954e-05,-9.700209,6.1266954e-05,-9.700209
1596,1,0,5.2745392e-05,-9.849981,0.8225504755973816,5.2745392e-05,-9.849981,5.2745392e-05,-9.849981
1597,1,0,3.625993e-05,-10.224761,0.6546644568443298,3.625993e-05,-10.224761,3.625993e-05,-10.224761
1598,0,1,0.99991345,9.35504,0.7649713754653931,0.99991345,9.35504,0.99991345,9.35504
1599,0,1,0.9993487,7.3359823,0.6532728672027588,0.9993487,7.3359823,0.9993487,7.3359823
1600,0,1,0.99983776,8.726501,0.49312129616737366,0.99983776,8.726501,0.99983776,8.726501
1601,0,1,0.650239,0.6200899,1.0,0.650239,0.6200899,0.650239,0.6200899
1602,0,1,0.9996302,7.9021616,0.6954253315925598,0.9996302,7.9021616,0.9996302,7.9021616
1603,0,1,0.999877,9.003372,0.8998644351959229,0.999877,9.003372,0.999877,9.003372
1604,0,1,0.99976975,8.375822,0.5889320373535156,0.99976975,8.375822,0.99976975,8.375822
1605,1,0,3.7337875e-05,-10.195465,0.6100950837135315,3.7337875e-05,-10.195465,3.7337875e-05,-10.195465
1606,1,0,4.7870268e-05,-9.946968,0.7271050810813904,4.7870268e-05,-9.946968,4.7870268e-05,-9.946968
1607,1,0,2.3057157e-05,-10.677511,0.689167857170105,2.3057157e-05,-10.677511,2.3057157e-05,-10.677511
1608,0,1,0.9997371,8.243581,0.8523297905921936,0.9997371,8.243581,0.9997371,8.243581
1609,1,0,3.40206e-05,-10.28851,0.5105799436569214,3.40206e-05,-10.28851,3.40206e-05,-10.28851
1610,0,1,0.8741905,1.9385293,1.0,0.8741905,1.9385293,0.8741905,1.9385293
1611,0,1,0.9727685,3.5757725,0.6149728894233704,0.9727685,3.5757725,0.9727685,3.5757725
1612,0,1,0.9236724,2.4933228,1.0,0.9236724,2.4933228,0.9236724,2.4933228
1613,1,0,4.17593e-05,-10.083547,0.6264907121658325,4.17593e-05,-10.083547,4.17593e-05,-10.083547
1614,1,0,4.2617627e-05,-10.0632,0.564750075340271,4.2617627e-05,-10.0632,4.2617627e-05,-10.0632
1615,0,1,0.9996275,7.8949885,0.45575079321861267,0.9996275,7.8949885,0.9996275,7.8949885
1616,0,1,0.99960417,7.8342085,0.6101155281066895,0.99960417,7.8342085,0.99960417,7.8342085
1617,1,0,0.00015221172,-8.790086,0.6169018745422363,0.00015221172,-8.790086,0.00015221172,-8.790086
1618,1,0,5.7106994e-05,-9.770527,0.7641825675964355,5.7106994e-05,-9.770527,5.7106994e-05,-9.770527
1619,1,0,4.2458527e-05,-10.06694,0.5599024891853333,4.2458527e-05,-10.06694,4.2458527e-05,-10.06694
1620,0,1,0.9996147,7.861087,0.7001593708992004,0.9996147,7.861087,0.9996147,7.861087
1621,1,0,0.10725841,-2.1190562,1.0,0.10725841,-2.1190562,0.10725841,-2.1190562
1622,1,0,2.8677343e-05,-10.459374,0.6593226790428162,2.8677343e-05,-10.459374,2.8677343e-05,-10.459374
1623,0,1,0.99976164,8.341614,0.6876161098480225,0.99976164,8.341614,0.99976164,8.341614
1624,1,0,0.44135,-0.23568487,1.0,0.44135,-0.23568487,0.44135,-0.23568487
1625,0,1,0.99973243,8.225873,0.5406185984611511,0.99973243,8.225873,0.99973243,8.225873
1626,0,1,0.9986959,6.640882,0.6260812878608704,0.9986959,6.640882,0.9986959,6.640882
1627,0,1,0.99974066,8.256954,0.5520799160003662,0.99974066,8.256954,0.99974066,8.256954
1628,1,0,5.20508e-05,-9.863238,0.8250814080238342,5.20508e-05,-9.863238,5.20508e-05,-9.863238
1629,0,1,0.9997687,8.371297,0.7076217532157898,0.9997687,8.371297,0.9997687,8.371297
1630,1,0,4.9065377e-05,-9.922308,0.6636130213737488,4.9065377e-05,-9.922308,4.9065377e-05,-9.922308
1631,1,0,2.5353216e-05,-10.58258,0.8421961069107056,2.5353216e-05,-10.58258,2.5353216e-05,-10.58258
1632,1,0,0.00012568387,-8.981615,0.5890333652496338,0.00012568387,-8.981615,0.00012568387,-8.981615
1633,1,0,5.564307e-05,-9.796497,0.7130312919616699,5.564307e-05,-9.796497,5.564307e-05,-9.796497
1634,1,0,4.0283947e-05,-10.119517,0.6531416773796082,4.0283947e-05,-10.119517,4.0283947e-05,-10.119517
1635,0,1,0.9997224,8.18912,0.5437948703765869,0.9997224,8.18912,0.9997224,8.18912
1636,1,0,4.7534006e-05,-9.954018,0.6731635332107544,4.7534006e-05,-9.954018,4.7534006e-05,-9.954018
1637,1,0,9.5047944e-05,-9.261034,0.549168050289154,9.5047944e-05,-9.261034,9.5047944e-05,-9.261034
1638,0,1,0.9999193,9.424796,0.7939236760139465,0.9999193,9.424796,0.9999193,9.424796
1639,1,0,0.099668965,-2.2009082,1.0,0.099668965,-2.2009082,0.099668965,-2.2009082
1640,1,0,5.5488345e-05,-9.799282,0.6731296181678772,5.5488345e-05,-9.799282,5.5488345e-05,-9.799282
1641,0,1,0.9963127,5.5991626,1.0,0.9963127,5.5991626,0.9963127,5.5991626
1642,1,0,4.46004e-05,-10.017723,0.6855008602142334,4.46004e-05,-10.017723,4.46004e-05,-10.017723
1643,0,1,0.9996176,7.8685765,0.6827898025512695,0.9996176,7.8685765,0.9996176,7.8685765
1644,0,1,0.95853,3.1404314,1.0,0.95853,3.1404314,0.95853,3.1404314
1645,0,1,0.8446303,1.6930916,1.0,0.8446303,1.6930916,0.8446303,1.6930916
1646,1,0,4.9125956e-05,-9.921074,0.6912787556648254,4.9125956e-05,-9.921074,4.9125956e-05,-9.921074
1647,1,0,3.5326626e-05,-10.250838,0.6422004699707031,3.5326626e-05,-10.250838,3.5326626e-05,-10.250838
1648,1,0,2.6254835e-05,-10.547634,0.793128252029419,2.6254835e-05,-10.547634,2.6254835e-05,-10.547634
1649,0,1,0.9996673,8.007824,0.6784735321998596,0.9996673,8.007824,0.9996673,8.007824
1650,1,0,3.350158e-05,-10.3038845,0.7529062032699585,3.350158e-05,-10.3038845,3.350158e-05,-10.3038845
1651,1,0,3.7661077e-05,-10.186846,0.7239803671836853,3.7661077e-05,-10.186846,3.7661077e-05,-10.186846
1652,0,1,0.99906784,6.9770527,0.6043053269386292,0.99906784,6.9770527,0.99906784,6.9770527
1653,1,0,4.4041066e-05,-10.030344,0.8314052224159241,4.4041066e-05,-10.030344,4.4041066e-05,-10.030344
1654,0,1,0.999345,7.330222,0.926942765712738,0.999345,7.330222,0.999345,7.330222
1655,0,1,0.7340153,1.0150912,1.0,0.7340153,1.0150912,0.7340153,1.0150912
1656,0,1,0.99989367,9.149048,0.7418774962425232,0.99989367,9.149048,0.99989367,9.149048
1657,0,1,0.9313284,2.6072764,1.0,0.9313284,2.6072764,0.9313284,2.6072764
1658,0,1,0.9998739,8.977848,0.6748157739639282,0.9998739,8.977848,0.9998739,8.977848
1659,1,0,4.308684e-05,-10.05225,0.6207677125930786,4.308684e-05,-10.05225,4.308684e-05,-10.05225
1660,0,1,0.9989868,6.8936777,0.7354426383972168,0.9989868,6.8936777,0.9989868,6.8936777
1661,1,0,3.72716e-05,-10.197242,0.6975520253181458,3.72716e-05,-10.197242,3.72716e-05,-10.197242
1662,1,0,4.329983e-05,-10.047318,0.6952903866767883,4.329983e-05,-10.047318,4.329983e-05,-10.047318
1663,0,1,0.9998553,8.840335,0.6943220496177673,0.9998553,8.840335,0.9998553,8.840335
1664,0,1,0.9988462,6.763531,0.790246844291687,0.9988462,6.763531,0.9988462,6.763531
1665,0,1,0.9995783,7.770767,0.7673569321632385,0.9995783,7.770767,0.9995783,7.770767
1666,1,0,0.15898903,-1.6657696,1.0,0.15898903,-1.6657696,0.15898903,-1.6657696
1667,0,1,0.97697246,3.7477689,1.0,0.97697246,3.7477689,0.97697246,3.7477689
1668,1,0,3.2694097e-05,-10.328283,0.7315884232521057,3.2694097e-05,-10.328283,3.2694097e-05,-10.328283
1669,0,1,0.86288136,1.8394303,1.0,0.86288136,1.8394303,0.86288136,1.8394303
1670,0,1,0.999913,9.34985,0.7526093125343323,0.999913,9.34985,0.999913,9.34985
1671,1,0,0.3332685,-0.693439,1.0,0.3332685,-0.693439,0.3332685,-0.693439
1672,0,1,0.5431566,0.17305732,1.0,0.5431566,0.17305732,0.5431566,0.17305732
1673,0,1,0.9786133,3.823367,1.0,0.9786133,3.823367,0.9786133,3.823367
1674,1,0,3.471537e-05,-10.268293,0.7878795266151428,3.471537e-05,-10.268293,3.471537e-05,-10.268293
1675,1,0,3.631568e-05,-10.223225,0.7203048467636108,3.631568e-05,-10.223225,3.631568e-05,-10.223225
1676,0,1,0.9996469,7.9484653,0.801571249961853,0.9996469,7.9484653,0.9996469,7.9484653
1677,1,0,0.0038854987,-5.546611,1.0,0.0038854987,-5.546611,0.0038854987,-5.546611
1678,0,1,0.9911136,4.714302,0.8458461761474609,0.9911136,4.714302,0.9911136,4.714302
1679,0,1,0.9997427,8.265133,0.6921678185462952,0.9997427,8.265133,0.9997427,8.265133
1680,0,1,0.9996151,7.8622108,0.8563161492347717,0.9996151,7.8622108,0.9996151,7.8622108
1681,1,0,6.2040854e-05,-9.687655,0.7445065975189209,6.2040854e-05,-9.687655,6.2040854e-05,-9.687655
1682,0,1,0.8875586,2.0660422,1.0,0.8875586,2.0660422,0.8875586,2.0660422
1683,0,1,0.9998659,8.916523,0.784017026424408,0.9998659,8.916523,0.9998659,8.916523
1684,1,0,0.18061906,-1.512159,1.0,0.18061906,-1.512159,0.18061906,-1.512159
1685,1,0,4.7424615e-05,-9.956322,0.6563084721565247,4.7424615e-05,-9.956322,4.7424615e-05,-9.956322
1686,0,1,0.9998486,8.795673,0.590034544467926,0.9998486,8.795673,0.9998486,8.795673
1687,1,0,3.831934e-05,-10.1695175,0.7282726764678955,3.831934e-05,-10.1695175,3.831934e-05,-10.1695175
1688,1,0,3.016002e-05,-10.408963,0.7885392308235168,3.016002e-05,-10.408963,3.016002e-05,-10.408963
1689,0,1,0.93529797,2.671073,1.0,0.93529797,2.671073,0.93529797,2.671073
1690,1,0,0.36009985,-0.5749307,1.0,0.36009985,-0.5749307,0.36009985,-0.5749307
1691,0,1,0.99979216,8.47859,0.7095821499824524,0.99979216,8.47859,0.99979216,8.47859
1692,0,1,0.55689305,0.22856191,1.0,0.55689305,0.22856191,0.55689305,0.22856191
1693,1,0,3.149191e-05,-10.365748,0.6206312775611877,3.149191e-05,-10.365748,3.149191e-05,-10.365748
1694,0,1,0.9998354,8.711662,0.6541153192520142,0.9998354,8.711662,0.9998354,8.711662
1695,1,0,3.8114336e-05,-10.174882,0.6719551682472229,3.8114336e-05,-10.174882,3.8114336e-05,-10.174882
1696,0,1,0.999597,7.8161955,0.63480144739151,0.999597,7.8161955,0.999597,7.8161955
1697,1,0,0.07640609,-2.4922101,1.0,0.07640609,-2.4922101,0.07640609,-2.4922101
1698,1,0,3.4640925e-05,-10.27044,0.591471791267395,3.4640925e-05,-10.27044,3.4640925e-05,-10.27044
1699,1,0,3.208326e-05,-10.347144,0.6975292563438416,3.208326e-05,-10.347144,3.208326e-05,-10.347144
1700,1,0,2.458541e-05,-10.613333,0.6568030118942261,2.458541e-05,-10.613333,2.458541e-05,-10.613333
1701,0,1,0.8818443,2.0100121,1.0,0.8818443,2.0100121,0.8818443,2.0100121
1702,1,0,4.0256327e-05,-10.120203,0.5746684074401855,4.0256327e-05,-10.120203,4.0256327e-05,-10.120203
1703,1,0,7.6739474e-05,-9.475018,0.7346758246421814,7.6739474e-05,-9.475018,7.6739474e-05,-9.475018
1704,0,1,0.99929154,7.2517366,0.7817875742912292,0.99929154,7.2517366,0.99929154,7.2517366
1705,1,0,4.285449e-05,-10.057657,0.6032013297080994,4.285449e-05,-10.057657,4.285449e-05,-10.057657
1706,1,0,0.000116147276,-9.060535,0.7239941358566284,0.000116147276,-9.060535,0.000116147276,-9.060535
1707,1,0,4.0397354e-05,-10.116706,0.8184596300125122,4.0397354e-05,-10.116706,4.0397354e-05,-10.116706
1708,1,0,0.15810697,-1.6723812,1.0,0.15810697,-1.6723812,0.15810697,-1.6723812
1709,0,1,0.99105257,4.7074,1.0,0.99105257,4.7074,0.99105257,4.7074
1710,1,0,3.5649588e-05,-10.241737,0.6418509483337402,3.5649588e-05,-10.241737,3.5649588e-05,-10.241737
1711,0,1,0.9996166,7.8662243,0.6987501382827759,0.9996166,7.8662243,0.9996166,7.8662243
1712,0,1,0.75595385,1.1306229,1.0,0.75595385,1.1306229,0.75595385,1.1306229
1713,0,1,0.999608,7.8438854,0.6036947965621948,0.999608,7.8438854,0.999608,7.8438854
1714,1,0,3.579601e-05,-10.237638,0.6589534282684326,3.579601e-05,-10.237638,3.579601e-05,-10.237638
1715,0,1,0.9996922,8.085608,0.7136974334716797,0.9996922,8.085608,0.9996922,8.085608
1716,0,1,0.99594927,5.504798,1.0,0.99594927,5.504798,0.99594927,5.504798
1717,0,1,0.9995834,7.7831206,0.8131229281425476,0.9995834,7.7831206,0.9995834,7.7831206
1718,0,1,0.99420965,5.145751,1.0,0.99420965,5.145751,0.99420965,5.145751
1719,0,1,0.9507577,2.9605043,1.0,0.9507577,2.9605043,0.9507577,2.9605043
1720,0,1,0.9995809,7.7769394,0.7756150364875793,0.9995809,7.7769394,0.9995809,7.7769394
1721,0,1,0.8477534,1.717088,1.0,0.8477534,1.717088,0.8477534,1.717088
1722,0,1,0.99974877,8.289061,0.6089430451393127,0.99974877,8.289061,0.99974877,8.289061
1723,1,0,5.645861e-05,-9.781946,0.9254290461540222,5.645861e-05,-9.781946,5.645861e-05,-9.781946
1724,1,0,4.4519158e-05,-10.0195465,0.8355841636657715,4.4519158e-05,-10.0195465,4.4519158e-05,-10.0195465
1725,0,1,0.90317684,2.233032,1.0,0.90317684,2.233032,0.90317684,2.233032
1726,0,1,0.9794587,3.864562,0.7250241637229919,0.9794587,3.864562,0.9794587,3.864562
1727,0,1,0.9987155,6.6560946,0.685442328453064,0.9987155,6.6560946,0.9987155,6.6560946
1728,1,0,3.2192333e-05,-10.34375,0.611630916595459,3.2192333e-05,-10.34375,3.2192333e-05,-10.34375
1729,1,0,2.5844403e-05,-10.563391,0.597818911075592,2.5844403e-05,-10.563391,2.5844403e-05,-10.563391
1730,1,0,5.27931e-05,-9.849077,0.7854630947113037,5.27931e-05,-9.849077,5.27931e-05,-9.849077
1731,0,1,0.7780528,1.2543548,1.0,0.7780528,1.2543548,0.7780528,1.2543548
1732,1,0,3.073571e-05,-10.390055,0.5252282619476318,3.073571e-05,-10.390055,3.073571e-05,-10.390055
1733,0,1,0.9386518,2.7278776,1.0,0.9386518,2.7278776,0.9386518,2.7278776
1734,0,1,0.9997768,8.407262,0.6748347878456116,0.9997768,8.407262,0.9997768,8.407262
1735,1,0,3.9062907e-05,-10.150298,0.7362436056137085,3.9062907e-05,-10.150298,3.9062907e-05,-10.150298
1736,0,1,0.9231741,2.4862769,1.0,0.9231741,2.4862769,0.9231741,2.4862769
1737,0,1,0.9488705,2.9209096,1.0,0.9488705,2.9209096,0.9488705,2.9209096
1738,0,1,0.99981934,8.618877,0.7792680859565735,0.99981934,8.618877,0.99981934,8.618877
1739,0,1,0.96626496,3.3548996,1.0,0.96626496,3.3548996,0.96626496,3.3548996
1740,1,0,3.565455e-05,-10.241598,0.7341988682746887,3.565455e-05,-10.241598,3.565455e-05,-10.241598
1741,0,1,0.99700433,5.807585,0.5097237825393677,0.99700433,5.807585,0.99700433,5.807585
1742,0,1,0.6289476,0.5277046,1.0,0.6289476,0.5277046,0.6289476,0.5277046
1743,1,0,3.504313e-05,-10.258896,0.7652146816253662,3.504313e-05,-10.258896,3.504313e-05,-10.258896
1744,1,0,3.1663407e-05,-10.360317,0.8274897336959839,3.1663407e-05,-10.360317,3.1663407e-05,-10.360317
1745,1,0,3.461187e-05,-10.271279,0.7458426356315613,3.461187e-05,-10.271279,3.461187e-05,-10.271279
1746,1,0,3.5003017e-05,-10.260041,0.7149239182472229,3.5003017e-05,-10.260041,3.5003017e-05,-10.260041
1747,1,0,7.070046e-05,-9.556988,0.6191486120223999,7.070046e-05,-9.556988,7.070046e-05,-9.556988
1748,1,0,6.0480153e-05,-9.713135,0.8512046337127686,6.0480153e-05,-9.713135,6.0480153e-05,-9.713135
1749,1,0,5.609668e-05,-9.788378,0.6468763947486877,5.609668e-05,-9.788378,5.609668e-05,-9.788378
1750,1,0,2.803291e-05,-10.482103,0.8054109215736389,2.803291e-05,-10.482103,2.803291e-05,-10.482103
1751,0,1,0.5845839,0.3416195,1.0,0.5845839,0.3416195,0.5845839,0.3416195
1752,1,0,3.508607e-05,-10.257671,0.5969387292861938,3.508607e-05,-10.257671,3.508607e-05,-10.257671
1753,1,0,4.203823e-05,-10.076889,0.6528408527374268,4.203823e-05,-10.076889,4.203823e-05,-10.076889
1754,1,0,6.715612e-05,-9.608423,0.8571709990501404,6.715612e-05,-9.608423,6.715612e-05,-9.608423
1755,0,1,0.9974458,5.967449,1.0,0.9974458,5.967449,0.9974458,5.967449
1756,0,1,0.8612409,1.8256353,1.0,0.8612409,1.8256353,0.8612409,1.8256353
1757,0,1,0.9894749,4.543413,1.0,0.9894749,4.543413,0.9894749,4.543413
1758,1,0,2.641698e-05,-10.541477,0.7859926223754883,2.641698e-05,-10.541477,2.641698e-05,-10.541477
1759,0,1,0.9998356,8.713087,0.5084924697875977,0.9998356,8.713087,0.9998356,8.713087
1760,1,0,4.481387e-05,-10.012948,0.7430697083473206,4.481387e-05,-10.012948,4.481387e-05,-10.012948
1761,1,0,3.628058e-05,-10.224192,0.803895115852356,3.628058e-05,-10.224192,3.628058e-05,-10.224192
1762,0,1,0.79514515,1.356223,1.0,0.79514515,1.356223,0.79514515,1.356223
1763,0,1,0.944666,2.8374453,1.0,0.944666,2.8374453,0.944666,2.8374453
1764,0,1,0.99961925,7.873025,0.620195209980011,0.99961925,7.873025,0.99961925,7.873025
1765,0,1,0.99395776,5.1029243,1.0,0.99395776,5.1029243,0.99395776,5.1029243
1766,0,1,0.995237,5.342118,0.6253939867019653,0.995237,5.342118,0.995237,5.342118
1767,0,1,0.99957806,7.7702394,0.6094462871551514,0.99957806,7.7702394,0.99957806,7.7702394
1768,1,0,5.687688e-05,-9.774565,0.6633020639419556,5.687688e-05,-9.774565,5.687688e-05,-9.774565
1769,1,0,3.6582005e-05,-10.215918,0.8762879371643066,3.6582005e-05,-10.215918,3.6582005e-05,-10.215918
1770,1,0,2.3613431e-05,-10.653671,0.7626429796218872,2.3613431e-05,-10.653671,2.3613431e-05,-10.653671
1771,0,1,0.9892301,4.520178,1.0,0.9892301,4.520178,0.9892301,4.520178
1772,1,0,4.646819e-05,-9.976696,0.6311849355697632,4.646819e-05,-9.976696,4.646819e-05,-9.976696
1773,0,1,0.999848,8.791903,0.7575498819351196,0.999848,8.791903,0.999848,8.791903
1774,0,1,0.9991068,7.0198145,0.5979355573654175,0.9991068,7.0198145,0.9991068,7.0198145
1775,1,0,2.7652477e-05,-10.495768,0.5965328216552734,2.7652477e-05,-10.495768,2.7652477e-05,-10.495768
1776,0,1,0.99958414,7.7848125,0.6276305913925171,0.99958414,7.7848125,0.99958414,7.7848125
1777,1,0,2.5796264e-05,-10.565255,0.702781617641449,2.5796264e-05,-10.565255,2.5796264e-05,-10.565255
1778,0,1,0.9997098,8.144792,0.673180103302002,0.9997098,8.144792,0.9997098,8.144792
1779,1,0,3.5854016e-05,-10.236019,0.6047154664993286,3.5854016e-05,-10.236019,3.5854016e-05,-10.236019
1780,1,0,4.5362773e-05,-10.000773,0.7891663312911987,4.5362773e-05,-10.000773,4.5362773e-05,-10.000773
1781,1,0,4.4588243e-05,-10.017996,0.6671336889266968,4.4588243e-05,-10.017996,4.4588243e-05,-10.017996
1782,1,0,0.21718065,-1.2821724,1.0,0.21718065,-1.2821724,0.21718065,-1.2821724
1783,0,1,0.8319968,1.5998459,1.0,0.8319968,1.5998459,0.8319968,1.5998459
1784,1,0,3.070568e-05,-10.391032,0.6630006432533264,3.070568e-05,-10.391032,3.070568e-05,-10.391032
1785,1,0,3.8422895e-05,-10.166819,0.7709291577339172,3.8422895e-05,-10.166819,3.8422895e-05,-10.166819
1786,1,0,0.3902256,-0.44636393,1.0,0.3902256,-0.44636393,0.3902256,-0.44636393
1787,0,1,0.999134,7.050672,0.6272402405738831,0.999134,7.050672,0.999134,7.050672
1788,1,0,7.326951e-05,-9.521293,0.72945636510849,7.326951e-05,-9.521293,7.326951e-05,-9.521293
1789,0,1,0.9996772,8.037906,0.8081067204475403,0.9996772,8.037906,0.9996772,8.037906
1790,1,0,2.7323784e-05,-10.507726,0.523021936416626,2.7323784e-05,-10.507726,2.7323784e-05,-10.507726
1791,1,0,4.353389e-05,-10.041927,0.7947137355804443,4.353389e-05,-10.041927,4.353389e-05,-10.041927
1792,0,1,0.9996748,8.030731,0.5376258492469788,0.9996748,8.030731,0.9996748,8.030731
1793,1,0,2.8232245e-05,-10.475018,0.78608238697052,2.8232245e-05,-10.475018,2.8232245e-05,-10.475018
1794,1,0,3.320102e-05,-10.312897,0.8208655118942261,3.320102e-05,-10.312897,3.320102e-05,-10.312897
1795,1,0,2.773477e-05,-10.492796,0.7214322686195374,2.773477e-05,-10.492796,2.773477e-05,-10.492796
1796,1,0,4.159876e-05,-10.087399,0.750049889087677,4.159876e-05,-10.087399,4.159876e-05,-10.087399
1797,1,0,0.4522382,-0.19163162,1.0,0.4522382,-0.19163162,0.4522382,-0.19163162
1798,1,0,3.2917596e-05,-10.32147,0.6844397187232971,3.2917596e-05,-10.32147,3.2917596e-05,-10.32147
1799,1,0,4.9956005e-05,-9.904318,0.7431154251098633,4.9956005e-05,-9.904318,4.9956005e-05,-9.904318
1800,1,0,2.8971273e-05,-10.449177,0.6936126351356506,2.8971273e-05,-10.449177,2.8971273e-05,-10.449177
1801,1,0,3.172525e-05,-10.358366,0.6863605976104736,3.172525e-05,-10.358366,3.172525e-05,-10.358366
1802,0,1,0.578427,0.31631947,1.0,0.578427,0.31631947,0.578427,0.31631947
1803,0,1,0.9996319,7.9067774,0.7980205416679382,0.9996319,7.9067774,0.9996319,7.9067774
1804,1,0,0.01029825,-4.5654297,1.0,0.01029825,-4.5654297,0.01029825,-4.5654297
1805,1,0,3.2624986e-05,-10.3303995,0.778907060623169,3.2624986e-05,-10.3303995,3.2624986e-05,-10.3303995
1806,0,1,0.9996457,7.945005,0.7183744311332703,0.9996457,7.945005,0.9996457,7.945005
1807,1,0,4.979595e-05,-9.907527,0.9122570753097534,4.979595e-05,-9.907527,4.979595e-05,-9.907527
1808,0,1,0.99316734,4.9791765,1.0,0.99316734,4.9791765,0.99316734,4.9791765
1809,0,1,0.85944027,1.8106489,1.0,0.85944027,1.8106489,0.85944027,1.8106489
1810,1,0,5.244476e-05,-9.855698,0.5289034843444824,5.244476e-05,-9.855698,5.244476e-05,-9.855698
1811,1,0,3.33662e-05,-10.307934,0.6538970470428467,3.33662e-05,-10.307934,3.33662e-05,-10.307934
1812,0,1,0.9998677,8.930453,0.8063687682151794,0.9998677,8.930453,0.9998677,8.930453
1813,0,1,0.9665241,3.3628802,1.0,0.9665241,3.3628802,0.9665241,3.3628802
1814,1,0,4.152045e-05,-10.089283,0.7635279297828674,4.152045e-05,-10.089283,4.152045e-05,-10.089283
1815,1,0,0.33237073,-0.69748193,1.0,0.33237073,-0.69748193,0.33237073,-0.69748193
1816,1,0,3.7255533e-05,-10.197673,0.6059741973876953,3.7255533e-05,-10.197673,3.7255533e-05,-10.197673
1817,1,0,7.249327e-05,-9.531944,0.7634145021438599,7.249327e-05,-9.531944,7.249327e-05,-9.531944
1818,1,0,3.1702926e-05,-10.35907,0.8169392347335815,3.1702926e-05,-10.35907,3.1702926e-05,-10.35907
1819,1,0,3.9427166e-05,-10.141016,0.6429052948951721,3.9427166e-05,-10.141016,3.9427166e-05,-10.141016
1820,1,0,0.25907284,-1.050793,1.0,0.25907284,-1.050793,0.25907284,-1.050793
1821,1,0,3.074553e-05,-10.389735,0.6546342372894287,3.074553e-05,-10.389735,3.074553e-05,-10.389735
1822,0,1,0.91738623,2.407352,1.0,0.91738623,2.407352,0.91738623,2.407352
1823,0,1,0.6064454,0.4323948,1.0,0.6064454,0.4323948,0.6064454,0.4323948
1824,0,1,0.6163487,0.47407877,1.0,0.6163487,0.47407877,0.6163487,0.47407877
1825,0,1,0.5816468,0.32953733,1.0,0.5816468,0.32953733,0.5816468,0.32953733
1826,1,0,2.7830283e-05,-10.489358,0.7488865852355957,2.7830283e-05,-10.489358,2.7830283e-05,-10.489358
1827,1,0,4.9897826e-05,-9.905483,0.7512656450271606,4.9897826e-05,-9.905483,4.9897826e-05,-9.905483
1828,1,0,0.0002713483,-8.211836,0.7889887094497681,0.0002713483,-8.211836,0.0002713483,-8.211836
1829,1,0,5.0336082e-05,-9.896738,0.5991101264953613,5.0336082e-05,-9.896738,5.0336082e-05,-9.896738
1830,0,1,0.99923027,7.1686864,0.668143093585968,0.99923027,7.1686864,0.99923027,7.1686864
1831,1,0,0.057823885,-2.7907903,1.0,0.057823885,-2.7907903,0.057823885,-2.7907903
1832,0,1,0.528364,0.11357799,1.0,0.528364,0.11357799,0.528364,0.11357799
1833,1,0,3.2408912e-05,-10.337045,0.7235563397407532,3.2408912e-05,-10.337045,3.2408912e-05,-10.337045
1834,1,0,4.0020543e-05,-10.126078,0.748841404914856,4.0020543e-05,-10.126078,4.0020543e-05,-10.126078
1835,1,0,0.017050534,-4.054376,1.0,0.017050534,-4.054376,0.017050534,-4.054376
1836,1,0,3.5277473e-05,-10.252231,0.8108916878700256,3.5277473e-05,-10.252231,3.5277473e-05,-10.252231
1837,1,0,2.9852037e-05,-10.419228,0.8168375492095947,2.9852037e-05,-10.419228,2.9852037e-05,-10.419228
1838,0,1,0.9991486,7.0677423,0.6253805756568909,0.9991486,7.0677423,0.9991486,7.0677423
1839,1,0,5.3176856e-05,-9.841834,0.8536813259124756,5.3176856e-05,-9.841834,5.3176856e-05,-9.841834
1840,0,1,0.999038,6.9454722,0.6617242693901062,0.999038,6.9454722,0.999038,6.9454722
1841,1,0,4.31182e-05,-10.051522,0.6868773102760315,4.31182e-05,-10.051522,4.31182e-05,-10.051522
1842,0,1,0.99068916,4.667222,1.0,0.99068916,4.667222,0.99068916,4.667222
1843,1,0,5.4364693e-05,-9.819741,0.7079219222068787,5.4364693e-05,-9.819741,5.4364693e-05,-9.819741
1844,1,0,7.567594e-05,-9.488975,0.588172197341919,7.567594e-05,-9.488975,7.567594e-05,-9.488975
1845,0,1,0.9807342,3.9299703,1.0,0.9807342,3.9299703,0.9807342,3.9299703
1846,0,1,0.9997578,8.325852,0.7670997381210327,0.9997578,8.325852,0.9997578,8.325852
1847,1,0,3.2791642e-05,-10.325304,0.660142183303833,3.2791642e-05,-10.325304,3.2791642e-05,-10.325304
1848,0,1,0.9997211,8.184614,0.71024489402771,0.9997211,8.184614,0.9997211,8.184614
1849,1,0,5.8693884e-05,-9.743116,0.692180871963501,5.8693884e-05,-9.743116,5.8693884e-05,-9.743116
1850,0,1,0.8866224,2.0566957,1.0,0.8866224,2.0566957,0.8866224,2.0566957
1851,0,1,0.9993998,7.4175816,0.6800089478492737,0.9993998,7.4175816,0.9993998,7.4175816
1852,0,1,0.99960524,7.836811,0.7057126760482788,0.99960524,7.836811,0.99960524,7.836811
1853,1,0,3.800868e-05,-10.177658,0.7738913893699646,3.800868e-05,-10.177658,3.800868e-05,-10.177658
1854,0,1,0.99965155,7.961511,0.6430231928825378,0.99965155,7.961511,0.99965155,7.961511
1855,1,0,4.224391e-05,-10.072008,0.6482560038566589,4.224391e-05,-10.072008,4.224391e-05,-10.072008
1856,1,0,5.448723e-05,-9.81749,0.8759179711341858,5.448723e-05,-9.81749,5.448723e-05,-9.81749
1857,0,1,0.98180455,3.9882216,1.0,0.98180455,3.9882216,0.98180455,3.9882216
1858,1,0,0.0006169001,-7.3901863,0.7446284294128418,0.0006169001,-7.3901863,0.0006169001,-7.3901863
1859,0,1,0.9981059,6.2671285,0.7544888854026794,0.9981059,6.2671285,0.9981059,6.2671285
1860,1,0,2.4691992e-05,-10.609007,0.6435286402702332,2.4691992e-05,-10.609007,2.4691992e-05,-10.609007
1861,1,0,3.5938363e-05,-10.233669,0.7462921738624573,3.5938363e-05,-10.233669,3.5938363e-05,-10.233669
1862,0,1,0.9994623,7.527569,0.5699256658554077,0.9994623,7.527569,0.9994623,7.527569
1863,1,0,2.2738242e-05,-10.69144,0.8172310590744019,2.2738242e-05,-10.69144,2.2738242e-05,-10.69144
1864,0,1,0.99982697,8.661531,0.7262567281723022,0.99982697,8.661531,0.99982697,8.661531
1865,0,1,0.64571387,0.6002513,1.0,0.64571387,0.6002513,0.64571387,0.6002513
1866,0,1,0.9575208,3.1153336,1.0,0.9575208,3.1153336,0.9575208,3.1153336
1867,1,0,3.659338e-05,-10.215607,0.6038588881492615,3.659338e-05,-10.215607,3.659338e-05,-10.215607
1868,1,0,4.9428207e-05,-9.91494,0.6948639750480652,4.9428207e-05,-9.91494,4.9428207e-05,-9.91494
1869,1,0,6.360893e-05,-9.662693,0.6343019604682922,6.360893e-05,-9.662693,6.360893e-05,-9.662693
1870,0,1,0.9993606,7.35439,0.6237409710884094,0.9993606,7.35439,0.9993606,7.35439
1871,0,1,0.9996754,8.032681,0.6797571778297424,0.9996754,8.032681,0.9996754,8.032681
1872,1,0,4.342567e-05,-10.044416,0.6411780714988708,4.342567e-05,-10.044416,4.342567e-05,-10.044416
1873,1,0,0.11445305,-2.0460408,1.0,0.11445305,-2.0460408,0.11445305,-2.0460408
1874,0,1,0.9845525,4.1547384,1.0,0.9845525,4.1547384,0.9845525,4.1547384
1875,0,1,0.9988728,6.7868786,0.61202472448349,0.9988728,6.7868786,0.9988728,6.7868786
1876,1,0,0.00013626146,-8.900799,0.7082793116569519,0.00013626146,-8.900799,0.00013626146,-8.900799
1877,1,0,3.717093e-05,-10.199946,0.6607472896575928,3.717093e-05,-10.199946,3.717093e-05,-10.199946
1878,1,0,4.4815366e-05,-10.012915,0.6994306445121765,4.4815366e-05,-10.012915,4.4815366e-05,-10.012915
1879,1,0,0.2649557,-1.0203682,1.0,0.2649557,-1.0203682,0.2649557,-1.0203682
1880,0,1,0.99974257,8.264609,0.7806132435798645,0.99974257,8.264609,0.99974257,8.264609
1881,0,1,0.99974984,8.293282,0.7359151244163513,0.99974984,8.293282,0.99974984,8.293282
1882,0,1,0.999747,8.281977,0.4539531171321869,0.999747,8.281977,0.999747,8.281977
1883,1,0,0.000100607744,-9.204181,0.7562183141708374,0.000100607744,-9.204181,0.000100607744,-9.204181
1884,1,0,2.4220422e-05,-10.62829,0.7646197080612183,2.4220422e-05,-10.62829,2.4220422e-05,-10.62829
1885,0,1,0.99977535,8.400786,0.5520814657211304,0.99977535,8.400786,0.99977535,8.400786
1886,1,0,4.2945314e-05,-10.05554,0.5604752898216248,4.2945314e-05,-10.05554,4.2945314e-05,-10.05554
1887,1,0,2.917884e-05,-10.442038,0.7160540819168091,2.917884e-05,-10.442038,2.917884e-05,-10.442038
1888,1,0,0.040213697,-3.172503,1.0,0.040213697,-3.172503,0.040213697,-3.172503
1889,0,1,0.99987197,8.963466,0.5757766366004944,0.99987197,8.963466,0.99987197,8.963466
1890,1,0,3.9761402e-05,-10.132574,0.7728675603866577,3.9761402e-05,-10.132574,3.9761402e-05,-10.132574
1891,1,0,2.9498467e-05,-10.431143,0.632317304611206,2.9498467e-05,-10.431143,2.9498467e-05,-10.431143
1892,1,0,3.72978e-05,-10.196539,0.6982566118240356,3.72978e-05,-10.196539,3.72978e-05,-10.196539
1893,0,1,0.9995957,7.8129754,0.654171347618103,0.9995957,7.8129754,0.9995957,7.8129754
1894,0,1,0.9995334,7.6696563,0.5784029364585876,0.9995334,7.6696563,0.9995334,7.6696563
1895,1,0,8.640517e-05,-9.356377,0.5136940479278564,8.640517e-05,-9.356377,8.640517e-05,-9.356377
1896,1,0,6.3896376e-05,-9.658184,0.8786821365356445,6.3896376e-05,-9.658184,6.3896376e-05,-9.658184
1897,0,1,0.999453,7.510536,0.6268044114112854,0.999453,7.510536,0.999453,7.510536
1898,0,1,0.99985576,8.844335,0.7857000827789307,0.99985576,8.844335,0.99985576,8.844335
1899,0,1,0.99940646,7.4287667,0.7393393516540527,0.99940646,7.4287667,0.99940646,7.4287667
1900,0,1,0.7300918,0.99508846,1.0,0.7300918,0.99508846,0.7300918,0.99508846
1901,0,1,0.7607132,1.1565937,1.0,0.7607132,1.1565937,0.7607132,1.1565937
1902,0,1,0.994701,5.2349358,1.0,0.994701,5.2349358,0.994701,5.2349358
1903,1,0,4.8473892e-05,-9.934437,0.4467207193374634,4.8473892e-05,-9.934437,4.8473892e-05,-9.934437
1904,1,0,3.466042e-05,-10.269877,0.6828023791313171,3.466042e-05,-10.269877,3.466042e-05,-10.269877
1905,1,0,0.00029063455,-8.143153,0.7553693652153015,0.00029063455,-8.143153,0.00029063455,-8.143153
1906,0,1,0.9967368,5.721797,1.0,0.9967368,5.721797,0.9967368,5.721797
1907,0,1,0.9996989,8.107689,0.5238829851150513,0.9996989,8.107689,0.9996989,8.107689
1908,1,0,0.0016817485,-6.386238,0.583804190158844,0.0016817485,-6.386238,0.0016817485,-6.386238
1909,0,1,0.9993691,7.3676014,0.6397621035575867,0.9993691,7.3676014,0.9993691,7.3676014
1910,0,1,0.9993104,7.278691,0.6380655765533447,0.9993104,7.278691,0.9993104,7.278691
1911,1,0,4.8116497e-05,-9.941837,0.8352978825569153,4.8116497e-05,-9.941837,4.8116497e-05,-9.941837
1912,0,1,0.99975723,8.323317,0.7621595859527588,0.99975723,8.323317,0.99975723,8.323317
1913,1,0,2.3295195e-05,-10.66724,0.7846274375915527,2.3295195e-05,-10.66724,2.3295195e-05,-10.66724
1914,0,1,0.99991035,9.319146,0.7774492502212524,0.99991035,9.319146,0.99991035,9.319146
1915,0,1,0.9998733,8.97381,0.6547125577926636,0.9998733,8.97381,0.9998733,8.97381
1916,0,1,0.999723,8.19144,0.6167066097259521,0.999723,8.19144,0.999723,8.19144
1917,0,1,0.9995202,7.6416874,0.7478930354118347,0.9995202,7.6416874,0.9995202,7.6416874
1918,0,1,0.99932766,7.304032,0.8467409014701843,0.99932766,7.304032,0.99932766,7.304032
1919,1,0,6.604994e-05,-9.625033,0.7667602300643921,6.604994e-05,-9.625033,6.604994e-05,-9.625033
1920,1,0,3.6525253e-05,-10.21747,0.6971204280853271,3.6525253e-05,-10.21747,3.6525253e-05,-10.21747
1921,0,1,0.9995346,7.6720753,0.7908056378364563,0.9995346,7.6720753,0.9995346,7.6720753
1922,0,1,0.9981976,6.316837,0.612076997756958,0.9981976,6.316837,0.9981976,6.316837
1923,1,0,3.8439568e-05,-10.166385,0.7373738288879395,3.8439568e-05,-10.166385,3.8439568e-05,-10.166385
1924,0,1,0.9995369,7.6769195,0.8741046190261841,0.9995369,7.6769195,0.9995369,7.6769195
1925,1,0,5.1219587e-05,-9.879337,0.7635470628738403,5.1219587e-05,-9.879337,5.1219587e-05,-9.879337
1926,1,0,2.4498862e-05,-10.616859,0.7451211214065552,2.4498862e-05,-10.616859,2.4498862e-05,-10.616859
1927,1,0,3.8740414e-05,-10.158588,0.7736499905586243,3.8740414e-05,-10.158588,3.8740414e-05,-10.158588
1928,1,0,0.00021824478,-8.429675,0.6674280762672424,0.00021824478,-8.429675,0.00021824478,-8.429675
1929,0,1,0.894002,2.1322882,1.0,0.894002,2.1322882,0.894002,2.1322882
1930,1,0,3.0496354e-05,-10.397873,0.6336373686790466,3.0496354e-05,-10.397873,3.0496354e-05,-10.397873
1931,1,0,4.7459544e-05,-9.9555855,0.6076860427856445,4.7459544e-05,-9.9555855,4.7459544e-05,-9.9555855
1932,1,0,0.048705287,-2.9720364,1.0,0.048705287,-2.9720364,0.048705287,-2.9720364
1933,0,1,0.99989045,9.119037,0.5299230217933655,0.99989045,9.119037,0.99989045,9.119037
1934,0,1,0.9995072,7.6149344,0.7437054514884949,0.9995072,7.6149344,0.9995072,7.6149344
1935,0,1,0.99955684,7.7210793,0.7396844029426575,0.99955684,7.7210793,0.99955684,7.7210793
1936,1,0,3.767897e-05,-10.186371,0.7737278342247009,3.767897e-05,-10.186371,3.767897e-05,-10.186371
1937,0,1,0.9997141,8.15969,0.555834949016571,0.9997141,8.15969,0.9997141,8.15969
1938,1,0,3.261973e-05,-10.330561,0.6410385370254517,3.261973e-05,-10.330561,3.261973e-05,-10.330561
1939,1,0,2.8184577e-05,-10.476707,0.6525733470916748,2.8184577e-05,-10.476707,2.8184577e-05,-10.476707
1940,1,0,7.655689e-05,-9.4774,0.892984926700592,7.655689e-05,-9.4774,7.655689e-05,-9.4774
1941,0,1,0.9997911,8.473417,0.5686962604522705,0.9997911,8.473417,0.9997911,8.473417
1942,1,0,6.382634e-05,-9.659281,0.8365835547447205,6.382634e-05,-9.659281,6.382634e-05,-9.659281
1943,1,0,6.7242254e-05,-9.6071415,0.718921959400177,6.7242254e-05,-9.6071415,6.7242254e-05,-9.6071415
1944,1,0,7.520524e-05,-9.495214,0.7420254945755005,7.520524e-05,-9.495214,7.520524e-05,-9.495214
1945,0,1,0.9997048,8.127727,0.8197348117828369,0.9997048,8.127727,0.9997048,8.127727
1946,0,1,0.9998317,8.689795,0.7719347476959229,0.9998317,8.689795,0.9998317,8.689795
1947,1,0,3.5464785e-05,-10.246935,0.6214328408241272,3.5464785e-05,-10.246935,3.5464785e-05,-10.246935
1948,0,1,0.6504241,0.62090397,1.0,0.6504241,0.62090397,0.6504241,0.62090397
1949,1,0,4.8181882e-05,-9.940479,0.804585337638855,4.8181882e-05,-9.940479,4.8181882e-05,-9.940479
1950,1,0,3.3065597e-05,-10.316984,0.7336254119873047,3.3065597e-05,-10.316984,3.3065597e-05,-10.316984
1951,1,0,3.5368997e-05,-10.2496395,0.8396724462509155,3.5368997e-05,-10.2496395,3.5368997e-05,-10.2496395
1952,0,1,0.9993986,7.415639,0.6581032276153564,0.9993986,7.415639,0.9993986,7.415639
1953,0,1,0.99990785,9.291608,0.7766723036766052,0.99990785,9.291608,0.99990785,9.291608
1954,0,1,0.99974674,8.2807255,0.7196740508079529,0.99974674,8.2807255,0.99974674,8.2807255
1955,1,0,4.651958e-05,-9.975591,0.6732874512672424,4.651958e-05,-9.975591,4.651958e-05,-9.975591
1956,0,1,0.99957734,7.768543,0.7591772079467773,0.99957734,7.768543,0.99957734,7.768543
1957,1,0,0.00030174022,-8.105642,0.5574294328689575,0.00030174022,-8.105642,0.00030174022,-8.105642
1958,1,0,2.4602885e-05,-10.612622,0.7175969481468201,2.4602885e-05,-10.612622,2.4602885e-05,-10.612622
1959,1,0,2.8561706e-05,-10.463415,0.5667483806610107,2.8561706e-05,-10.463415,2.8561706e-05,-10.463415
1960,0,1,0.540116,0.1608099,1.0,0.540116,0.1608099,0.540116,0.1608099
1961,0,1,0.99963427,7.9133797,0.6172084212303162,0.99963427,7.9133797,0.99963427,7.9133797
1962,1,0,5.5746317e-05,-9.794643,0.7163887619972229,5.5746317e-05,-9.794643,5.5746317e-05,-9.794643
1963,0,1,0.99876416,6.694702,0.811326801776886,0.99876416,6.694702,0.99876416,6.694702
1964,1,0,3.468532e-05,-10.269159,0.6708135604858398,3.468532e-05,-10.269159,3.468532e-05,-10.269159
1965,1,0,3.6034693e-05,-10.230992,0.7473863959312439,3.6034693e-05,-10.230992,3.6034693e-05,-10.230992
1966,0,1,0.9881478,4.4233155,0.6671902537345886,0.9881478,4.4233155,0.9881478,4.4233155
1967,1,0,3.1808104e-05,-10.355758,0.6696596145629883,3.1808104e-05,-10.355758,3.1808104e-05,-10.355758
1968,1,0,3.520827e-05,-10.254194,0.7278005480766296,3.520827e-05,-10.254194,3.520827e-05,-10.254194
1969,1,0,4.6102592e-05,-9.984595,0.8087934255599976,4.6102592e-05,-9.984595,4.6102592e-05,-9.984595
1970,1,0,0.15734234,-1.6781368,1.0,0.15734234,-1.6781368,0.15734234,-1.6781368
1971,1,0,2.842763e-05,-10.468121,0.6946521997451782,2.842763e-05,-10.468121,2.842763e-05,-10.468121
1972,1,0,0.0013455631,-6.6095963,0.5795160531997681,0.0013455631,-6.6095963,0.0013455631,-6.6095963
1973,0,1,0.9996743,8.029371,0.7579236626625061,0.9996743,8.029371,0.9996743,8.029371
1974,0,1,0.99935323,7.3427863,0.791069746017456,0.99935323,7.3427863,0.99935323,7.3427863
1975,1,0,9.00704e-05,-9.314829,0.8532143831253052,9.00704e-05,-9.314829,9.00704e-05,-9.314829
1976,0,1,0.99869007,6.63645,0.7176851630210876,0.99869007,6.63645,0.99869007,6.63645
1977,0,1,0.99980205,8.527235,0.5669448375701904,0.99980205,8.527235,0.99980205,8.527235
1978,1,0,2.9728088e-05,-10.4233885,0.628020167350769,2.9728088e-05,-10.4233885,2.9728088e-05,-10.4233885
1979,1,0,7.802535e-05,-9.458399,0.6472564339637756,7.802535e-05,-9.458399,7.802535e-05,-9.458399
1980,1,0,8.969362e-05,-9.319021,0.652184009552002,8.969362e-05,-9.319021,8.969362e-05,-9.319021
1981,1,0,3.474521e-05,-10.267434,0.7256472706794739,3.474521e-05,-10.267434,3.474521e-05,-10.267434
1982,0,1,0.96457714,3.3043332,1.0,0.96457714,3.3043332,0.96457714,3.3043332
1983,0,1,0.80622405,1.425659,1.0,0.80622405,1.425659,0.80622405,1.425659
1984,1,0,5.000238e-05,-9.90339,0.7072919011116028,5.000238e-05,-9.90339,5.000238e-05,-9.90339
1985,1,0,2.6370262e-05,-10.543247,0.5263572335243225,2.6370262e-05,-10.543247,2.6370262e-05,-10.543247
1986,1,0,3.2350395e-05,-10.338852,0.7101335525512695,3.2350395e-05,-10.338852,3.2350395e-05,-10.338852
1987,1,0,4.4396715e-05,-10.022301,0.7419773936271667,4.4396715e-05,-10.022301,4.4396715e-05,-10.022301
1988,0,1,0.99962175,7.879731,0.7579112648963928,0.99962175,7.879731,0.99962175,7.879731
1989,0,1,0.99984,8.7407255,0.7489986419677734,0.99984,8.7407255,0.99984,8.7407255
1990,0,1,0.9993247,7.299648,0.8037895560264587,0.9993247,7.299648,0.9993247,7.299648
1991,1,0,5.0743965e-05,-9.888667,0.7209577560424805,5.0743965e-05,-9.888667,5.0743965e-05,-9.888667
1992,0,1,0.999691,8.081806,0.7168048620223999,0.999691,8.081806,0.999691,8.081806
1993,0,1,0.99948907,7.5786934,0.8284052610397339,0.99948907,7.5786934,0.99948907,7.5786934
1994,1,0,2.4464867e-05,-10.618248,0.7190355658531189,2.4464867e-05,-10.618248,2.4464867e-05,-10.618248
1995,0,1,0.99985325,8.826613,0.6976523995399475,0.99985325,8.826613,0.99985325,8.826613
1996,1,0,4.4287237e-05,-10.02477,0.5909846425056458,4.4287237e-05,-10.02477,4.4287237e-05,-10.02477
1997,0,1,0.99992585,9.508952,0.7800135612487793,0.99992585,9.508952,0.99992585,9.508952
1998,0,1,0.98249775,4.027768,1.0,0.98249775,4.027768,0.98249775,4.027768
1999,1,0,4.3322798e-05,-10.046788,0.7592428922653198,4.3322798e-05,-10.046788,4.3322798e-05,-10.046788
2000,0,1,0.9998087,8.56164,0.6761640310287476,0.9998087,8.56164,0.9998087,8.56164
2001,0,1,0.90867484,2.2975612,1.0,0.90867484,2.2975612,0.90867484,2.2975612
2002,0,1,0.99960905,7.8463483,0.7087178826332092,0.99960905,7.8463483,0.99960905,7.8463483
2003,1,0,3.7456168e-05,-10.192302,0.6710475087165833,3.7456168e-05,-10.192302,3.7456168e-05,-10.192302
2004,1,0,0.061858423,-2.7190526,1.0,0.061858423,-2.7190526,0.061858423,-2.7190526
2005,1,0,5.8335532e-05,-9.749241,0.7471194267272949,5.8335532e-05,-9.749241,5.8335532e-05,-9.749241
2006,1,0,3.914398e-05,-10.148225,0.7197937369346619,3.914398e-05,-10.148225,3.914398e-05,-10.148225
2007,1,0,3.9684506e-05,-10.13451,0.6250258684158325,3.9684506e-05,-10.13451,3.9684506e-05,-10.13451
2008,1,0,4.400089e-05,-10.031257,0.7268627285957336,4.400089e-05,-10.031257,4.400089e-05,-10.031257
2009,0,1,0.9767631,3.7385068,1.0,0.9767631,3.7385068,0.9767631,3.7385068
2010,1,0,4.9494192e-05,-9.913606,0.8793795704841614,4.9494192e-05,-9.913606,4.9494192e-05,-9.913606
2011,1,0,9.372418e-05,-9.275061,0.882484495639801,9.372418e-05,-9.275061,9.372418e-05,-9.275061
2012,0,1,0.99970835,8.139932,0.7483602166175842,0.99970835,8.139932,0.99970835,8.139932
2013,1,0,5.071576e-05,-9.889223,0.7828980088233948,5.071576e-05,-9.889223,5.071576e-05,-9.889223
2014,0,1,0.5833679,0.33661452,1.0,0.5833679,0.33661452,0.5833679,0.33661452
2015,0,1,0.9223062,2.474102,1.0,0.9223062,2.474102,0.9223062,2.474102
2016,1,0,5.785135e-05,-9.757576,0.7877955436706543,5.785135e-05,-9.757576,5.785135e-05,-9.757576
2017,1,0,6.303215e-05,-9.6718025,0.7760816216468811,6.303215e-05,-9.6718025,6.303215e-05,-9.6718025
2018,0,1,0.99931955,7.2920084,0.6586260795593262,0.99931955,7.2920084,0.99931955,7.2920084
2019,1,0,5.356851e-05,-9.834496,0.84336918592453,5.356851e-05,-9.834496,5.356851e-05,-9.834496
2020,1,0,0.0001285746,-8.958873,0.7078677415847778,0.0001285746,-8.958873,0.0001285746,-8.958873
2021,0,1,0.56708515,0.26996848,1.0,0.56708515,0.26996848,0.56708515,0.26996848
2022,1,0,3.877671e-05,-10.157652,0.7221043109893799,3.877671e-05,-10.157652,3.877671e-05,-10.157652
2023,0,1,0.9987305,6.6678147,0.8237251043319702,0.9987305,6.6678147,0.9987305,6.6678147
2024,0,1,0.9990501,6.9581585,0.8283573389053345,0.9990501,6.9581585,0.9990501,6.9581585
2025,0,1,0.9222358,2.4731193,1.0,0.9222358,2.4731193,0.9222358,2.4731193
2026,0,1,0.6517303,0.6266536,1.0,0.6517303,0.6266536,0.6517303,0.6266536
2027,1,0,7.000248e-05,-9.56691,0.6234877109527588,7.000248e-05,-9.56691,7.000248e-05,-9.56691
2028,0,1,0.9996252,7.8887796,0.71918785572052,0.9996252,7.8887796,0.9996252,7.8887796
2029,1,0,5.679254e-05,-9.776049,0.7551984190940857,5.679254e-05,-9.776049,5.679254e-05,-9.776049
2030,1,0,5.3422562e-05,-9.837224,0.6146926283836365,5.3422562e-05,-9.837224,5.3422562e-05,-9.837224
2031,1,0,0.44701222,-0.21274993,1.0,0.44701222,-0.21274993,0.44701222,-0.21274993
2032,0,1,0.9993104,7.2787113,0.6476978659629822,0.9993104,7.2787113,0.9993104,7.2787113
2033,1,0,0.00015300055,-8.784916,0.5821180939674377,0.00015300055,-8.784916,0.00015300055,-8.784916
2034,0,1,0.983194,4.0690703,1.0,0.983194,4.0690703,0.983194,4.0690703
2035,0,1,0.99962986,7.901229,0.8438408374786377,0.99962986,7.901229,0.99962986,7.901229
2036,0,1,0.99979514,8.492643,0.6359436511993408,0.99979514,8.492643,0.99979514,8.492643
2037,0,1,0.99949276,7.586089,0.5862740874290466,0.99949276,7.586089,0.99949276,7.586089
2038,1,0,0.00046306796,-7.6771736,0.7097181081771851,0.00046306796,-7.6771736,0.00046306796,-7.6771736
2039,1,0,4.9485607e-05,-9.913779,0.8840834498405457,4.9485607e-05,-9.913779,4.9485607e-05,-9.913779
2040,0,1,0.9996939,8.090973,0.6787220239639282,0.9996939,8.090973,0.9996939,8.090973
2041,0,1,0.9964545,5.6385,1.0,0.9964545,5.6385,0.9964545,5.6385
2042,1,0,3.0688643e-05,-10.391587,0.8406679034233093,3.0688643e-05,-10.391587,3.0688643e-05,-10.391587
2043,1,0,2.3041355e-05,-10.678197,0.6204583048820496,2.3041355e-05,-10.678197,2.3041355e-05,-10.678197
2044,0,1,0.999824,8.644693,0.6362491250038147,0.999824,8.644693,0.999824,8.644693
2045,0,1,0.9997787,8.415412,0.6799584627151489,0.9997787,8.415412,0.9997787,8.415412
2046,0,1,0.9998388,8.733389,0.6986626982688904,0.9998388,8.733389,0.9998388,8.733389
2047,1,0,2.7986593e-05,-10.483757,0.6995118856430054,2.7986593e-05,-10.483757,2.7986593e-05,-10.483757
2048,0,1,0.9998017,8.525436,0.5988711714744568,0.9998017,8.525436,0.9998017,8.525436
2049,1,0,4.9392867e-05,-9.915655,0.8538723587989807,4.9392867e-05,-9.915655,4.9392867e-05,-9.915655
2050,1,0,0.1966537,-1.4073416,1.0,0.1966537,-1.4073416,0.1966537,-1.4073416
2051,0,1,0.9998161,8.600764,0.8212947249412537,0.9998161,8.600764,0.9998161,8.600764
2052,1,0,2.9640927e-05,-10.426325,0.677524745464325,2.9640927e-05,-10.426325,2.9640927e-05,-10.426325
2053,0,1,0.9993369,7.31795,0.5082278251647949,0.9993369,7.31795,0.9993369,7.31795
2054,1,0,4.240196e-05,-10.068274,0.6315722465515137,4.240196e-05,-10.068274,4.240196e-05,-10.068274
2055,0,1,0.8358614,1.6277517,1.0,0.8358614,1.6277517,0.8358614,1.6277517
2056,0,1,0.999772,8.385835,0.6886005401611328,0.999772,8.385835,0.999772,8.385835
2057,1,0,0.43039462,-0.28024128,1.0,0.43039462,-0.28024128,0.43039462,-0.28024128
2058,0,1,0.6772436,0.7411332,1.0,0.6772436,0.7411332,0.6772436,0.7411332
2059,1,0,2.9972814e-05,-10.41519,0.5536026954650879,2.9972814e-05,-10.41519,2.9972814e-05,-10.41519
2060,1,0,2.7538264e-05,-10.499907,0.5026510953903198,2.7538264e-05,-10.499907,2.7538264e-05,-10.499907
2061,1,0,4.0641524e-05,-10.11068,0.6914213299751282,4.0641524e-05,-10.11068,4.0641524e-05,-10.11068
2062,0,1,0.5839284,0.33892116,1.0,0.5839284,0.33892116,0.5839284,0.33892116
2063,0,1,0.79261214,1.3407433,1.0,0.79261214,1.3407433,0.79261214,1.3407433
2064,0,1,0.91905105,2.4295223,1.0,0.91905105,2.4295223,0.91905105,2.4295223
2065,1,0,5.0695402e-05,-9.889625,0.7546569108963013,5.0695402e-05,-9.889625,5.0695402e-05,-9.889625
2066,0,1,0.6724858,0.71944976,1.0,0.6724858,0.71944976,0.6724858,0.71944976
2067,1,0,0.03817293,-3.226708,1.0,0.03817293,-3.226708,0.03817293,-3.226708
2068,0,1,0.9365028,2.6911564,1.0,0.9365028,2.6911564,0.9365028,2.6911564
2069,0,1,0.99886787,6.7825155,0.6457488536834717,0.99886787,6.7825155,0.99886787,6.7825155
2070,0,1,0.62774837,0.52256924,1.0,0.62774837,0.52256924,0.62774837,0.52256924
2071,0,1,0.83224356,1.6016116,1.0,0.83224356,1.6016116,0.83224356,1.6016116
2072,1,0,0.000103678576,-9.174111,0.4685748815536499,0.000103678576,-9.174111,0.000103678576,-9.174111
2073,1,0,0.00025487976,-8.274464,0.7339130640029907,0.00025487976,-8.274464,0.00025487976,-8.274464
2074,0,1,0.99802846,6.226974,0.5730202198028564,0.99802846,6.226974,0.99802846,6.226974
2075,0,1,0.99962795,7.896069,0.5807401537895203,0.99962795,7.896069,0.99962795,7.896069
2076,1,0,0.2642701,-1.0238913,1.0,0.2642701,-1.0238913,0.2642701,-1.0238913
2077,0,1,0.999864,8.902821,0.5102214217185974,0.999864,8.902821,0.999864,8.902821
2078,1,0,5.10095e-05,-9.883448,0.6279627084732056,5.10095e-05,-9.883448,5.10095e-05,-9.883448
2079,0,1,0.98651737,4.292781,1.0,0.98651737,4.292781,0.98651737,4.292781
2080,1,0,2.9376515e-05,-10.435286,0.5882389545440674,2.9376515e-05,-10.435286,2.9376515e-05,-10.435286
2081,0,1,0.999435,7.4781837,0.6163890361785889,0.999435,7.4781837,0.999435,7.4781837
2082,1,0,2.9841136e-05,-10.419593,0.5030199885368347,2.9841136e-05,-10.419593,2.9841136e-05,-10.419593
2083,0,1,0.9996176,7.868782,0.5281314253807068,0.9996176,7.868782,0.9996176,7.868782
2084,1,0,3.456994e-05,-10.272491,0.6017431616783142,3.456994e-05,-10.272491,3.456994e-05,-10.272491
2085,1,0,3.692549e-05,-10.206572,0.6752493381500244,3.692549e-05,-10.206572,3.692549e-05,-10.206572
2086,0,1,0.99799913,6.212198,0.495067298412323,0.99799913,6.212198,0.99799913,6.212198
2087,1,0,3.598888e-05,-10.2322645,0.5873672366142273,3.598888e-05,-10.2322645,3.598888e-05,-10.2322645
2088,1,0,4.0521823e-05,-10.113629,0.6459893584251404,4.0521823e-05,-10.113629,4.0521823e-05,-10.113629
2089,0,1,0.9998648,8.909048,0.5793550610542297,0.9998648,8.909048,0.9998648,8.909048
2090,1,0,2.7582551e-05,-10.4983,0.7501410245895386,2.7582551e-05,-10.4983,2.7582551e-05,-10.4983
2091,0,1,0.73170304,1.0032803,1.0,0.73170304,1.0032803,0.73170304,1.0032803
2092,0,1,0.99981374,8.587704,0.48704761266708374,0.99981374,8.587704,0.99981374,8.587704
2093,0,1,0.999537,7.677369,0.6461729407310486,0.999537,7.677369,0.999537,7.677369
2094,1,0,4.060596e-05,-10.111555,0.7357496619224548,4.060596e-05,-10.111555,4.060596e-05,-10.111555
2095,0,1,0.99965656,7.976083,0.694280743598938,0.99965656,7.976083,0.99965656,7.976083
2096,1,0,4.2673015e-05,-10.061901,0.6793006658554077,4.2673015e-05,-10.061901,4.2673015e-05,-10.061901
2097,0,1,0.9998166,8.603739,0.5434370040893555,0.9998166,8.603739,0.9998166,8.603739
2098,0,1,0.82333434,1.5391033,1.0,0.82333434,1.5391033,0.82333434,1.5391033
2099,1,0,4.749744e-05,-9.954787,0.7261224985122681,4.749744e-05,-9.954787,4.749744e-05,-9.954787
2100,1,0,0.055330034,-2.8375196,1.0,0.055330034,-2.8375196,0.055330034,-2.8375196
2101,1,0,3.17074e-05,-10.358929,0.6398453116416931,3.17074e-05,-10.358929,3.17074e-05,-10.358929
2102,1,0,2.8082757e-05,-10.480327,0.5350726246833801,2.8082757e-05,-10.480327,2.8082757e-05,-10.480327
2103,0,1,0.99915814,7.0790815,0.7955756783485413,0.99915814,7.0790815,0.99915814,7.0790815
2104,0,1,0.65933204,0.66031885,1.0,0.65933204,0.66031885,0.65933204,0.66031885
2105,0,1,0.95947814,3.164547,1.0,0.95947814,3.164547,0.95947814,3.164547
2106,0,1,0.99960035,7.8245,0.7710358500480652,0.99960035,7.8245,0.99960035,7.8245
2107,1,0,4.4009914e-05,-10.031052,0.8337922692298889,4.4009914e-05,-10.031052,4.4009914e-05,-10.031052
2108,0,1,0.9976618,6.0560303,0.6598933339118958,0.9976618,6.0560303,0.9976618,6.0560303
2109,0,1,0.9997032,8.122289,0.5764564871788025,0.9997032,8.122289,0.9997032,8.122289
2110,0,1,0.95801497,3.1275492,1.0,0.95801497,3.1275492,0.95801497,3.1275492
2111,1,0,3.312114e-05,-10.315306,0.6871795654296875,3.312114e-05,-10.315306,3.312114e-05,-10.315306
2112,1,0,4.7494e-05,-9.95486,0.7942874431610107,4.7494e-05,-9.95486,4.7494e-05,-9.95486
2113,0,1,0.99981755,8.608576,0.7482901215553284,0.99981755,8.608576,0.99981755,8.608576
2114,0,1,0.999843,8.759354,0.7201804518699646,0.999843,8.759354,0.999843,8.759354
2115,0,1,0.83414155,1.6152685,1.0,0.83414155,1.6152685,0.83414155,1.6152685
2116,0,1,0.87196815,1.9184732,1.0,0.87196815,1.9184732,0.87196815,1.9184732
2117,0,1,0.94258934,2.798402,1.0,0.94258934,2.798402,0.94258934,2.798402
2118,0,1,0.9997353,8.236669,0.7659968137741089,0.9997353,8.236669,0.9997353,8.236669
2119,1,0,5.725782e-05,-9.767889,0.7048320770263672,5.725782e-05,-9.767889,5.725782e-05,-9.767889
2120,0,1,0.9996698,8.015311,0.5856980681419373,0.9996698,8.015311,0.9996698,8.015311
2121,1,0,0.00019812374,-8.526421,0.6679314970970154,0.00019812374,-8.526421,0.00019812374,-8.526421
2122,1,0,2.756906e-05,-10.498789,0.5271449685096741,2.756906e-05,-10.498789,2.756906e-05,-10.498789
2123,0,1,0.9995982,7.819143,0.6478449106216431,0.9995982,7.819143,0.9995982,7.819143
2124,1,0,0.28805327,-0.90485764,1.0,0.28805327,-0.90485764,0.28805327,-0.90485764
2125,0,1,0.89467835,2.1394448,1.0,0.89467835,2.1394448,0.89467835,2.1394448
2126,0,1,0.9837669,4.1043386,1.0,0.9837669,4.1043386,0.9837669,4.1043386
2127,1,0,3.9966384e-05,-10.127432,0.5775655508041382,3.9966384e-05,-10.127432,3.9966384e-05,-10.127432
2128,1,0,7.5222095e-05,-9.49499,0.6613538861274719,7.5222095e-05,-9.49499,7.5222095e-05,-9.49499
2129,1,0,7.661159e-05,-9.476686,0.8032537698745728,7.661159e-05,-9.476686,7.661159e-05,-9.476686
2130,0,1,0.8557333,1.780295,1.0,0.8557333,1.780295,0.8557333,1.780295
2131,0,1,0.9987508,6.684031,0.8504689335823059,0.9987508,6.684031,0.9987508,6.684031
2132,1,0,6.148374e-05,-9.696676,0.6340407729148865,6.148374e-05,-9.696676,6.148374e-05,-9.696676
2133,1,0,3.1371652e-05,-10.369575,0.7235574126243591,3.1371652e-05,-10.369575,3.1371652e-05,-10.369575
2134,0,1,0.97701037,3.749455,1.0,0.97701037,3.749455,0.97701037,3.749455
2135,1,0,4.261604e-05,-10.063237,0.7595669627189636,4.261604e-05,-10.063237,4.261604e-05,-10.063237
2136,1,0,0.00011491694,-9.071186,0.682072639465332,0.00011491694,-9.071186,0.00011491694,-9.071186
2137,1,0,5.171155e-05,-9.869778,0.5793596506118774,5.171155e-05,-9.869778,5.171155e-05,-9.869778
2138,0,1,0.99993587,9.653917,0.610477089881897,0.99993587,9.653917,0.99993587,9.653917
2139,0,1,0.99990356,9.247013,0.6840922832489014,0.99990356,9.247013,0.99990356,9.247013
2140,1,0,6.0470345e-05,-9.713297,0.8178169131278992,6.0470345e-05,-9.713297,6.0470345e-05,-9.713297
2141,0,1,0.99982256,8.636723,0.6594721078872681,0.99982256,8.636723,0.99982256,8.636723
2142,1,0,0.3897747,-0.4482595,1.0,0.3897747,-0.4482595,0.3897747,-0.4482595
2143,1,0,4.6702582e-05,-9.971664,0.6798986196517944,4.6702582e-05,-9.971664,4.6702582e-05,-9.971664
2144,0,1,0.9998024,8.529085,0.6172365546226501,0.9998024,8.529085,0.9998024,8.529085
2145,0,1,0.99985707,8.853018,0.7725962996482849,0.99985707,8.853018,0.99985707,8.853018
2146,0,1,0.9995158,7.6323633,0.5872003436088562,0.9995158,7.6323633,0.9995158,7.6323633
2147,0,1,0.9996635,7.996476,0.6209398508071899,0.9996635,7.996476,0.9996635,7.996476
2148,1,0,4.212684e-05,-10.074783,0.6477431058883667,4.212684e-05,-10.074783,4.212684e-05,-10.074783
2149,0,1,0.9953166,5.3590336,1.0,0.9953166,5.3590336,0.9953166,5.3590336
2150,1,0,0.42965627,-0.2832538,1.0,0.42965627,-0.2832538,0.42965627,-0.2832538
2151,0,1,0.53042585,0.12185374,1.0,0.53042585,0.12185374,0.53042585,0.12185374
2152,1,0,0.20353222,-1.3643625,1.0,0.20353222,-1.3643625,0.20353222,-1.3643625
2153,0,1,0.9998981,9.191347,0.7705968618392944,0.9998981,9.191347,0.9998981,9.191347
2154,0,1,0.9997025,8.119856,0.7425518035888672,0.9997025,8.119856,0.9997025,8.119856
2155,0,1,0.9995536,7.7140684,0.47807830572128296,0.9995536,7.7140684,0.9995536,7.7140684
2156,0,1,0.99900913,6.91601,0.7293067574501038,0.99900913,6.91601,0.99900913,6.91601
2157,1,0,3.0229588e-05,-10.406659,0.5647820830345154,3.0229588e-05,-10.406659,3.0229588e-05,-10.406659
2158,1,0,3.616255e-05,-10.22745,0.8152283430099487,3.616255e-05,-10.22745,3.616255e-05,-10.22745
2159,1,0,5.4511973e-05,-9.817036,0.900327205657959,5.4511973e-05,-9.817036,5.4511973e-05,-9.817036
2160,0,1,0.9994242,7.459197,0.6570903062820435,0.9994242,7.459197,0.9994242,7.459197
2161,1,0,3.9239392e-05,-10.14579,0.7631579041481018,3.9239392e-05,-10.14579,3.9239392e-05,-10.14579
2162,0,1,0.99963284,7.909422,0.628490149974823,0.99963284,7.909422,0.99963284,7.909422
2163,1,0,2.7816726e-05,-10.489845,0.7031367421150208,2.7816726e-05,-10.489845,2.7816726e-05,-10.489845
2164,0,1,0.98904806,4.5032277,0.7704750299453735,0.98904806,4.5032277,0.98904806,4.5032277
2165,1,0,5.0104863e-05,-9.901342,0.7221724987030029,5.0104863e-05,-9.901342,5.0104863e-05,-9.901342
2166,1,0,3.2532746e-05,-10.333231,0.7010109424591064,3.2532746e-05,-10.333231,3.2532746e-05,-10.333231
2167,0,1,0.816659,1.4938737,1.0,0.816659,1.4938737,0.816659,1.4938737
2168,1,0,4.4096792e-05,-10.029079,0.6356274485588074,4.4096792e-05,-10.029079,4.4096792e-05,-10.029079
2169,1,0,4.430468e-05,-10.024376,0.7141651511192322,4.430468e-05,-10.024376,4.430468e-05,-10.024376
2170,0,1,0.9996512,7.9605427,0.8093267679214478,0.9996512,7.9605427,0.9996512,7.9605427
2171,1,0,3.6145208e-05,-10.22793,0.8359746932983398,3.6145208e-05,-10.22793,3.6145208e-05,-10.22793
2172,0,1,0.9996798,8.046071,0.6109776496887207,0.9996798,8.046071,0.9996798,8.046071
2173,1,0,0.22217429,-1.2530404,1.0,0.22217429,-1.2530404,0.22217429,-1.2530404
2174,1,0,0.17285848,-1.5655026,1.0,0.17285848,-1.5655026,0.17285848,-1.5655026
2175,1,0,4.668735e-05,-9.971991,0.6651683449745178,4.668735e-05,-9.971991,4.668735e-05,-9.971991
2176,0,1,0.99900705,6.913864,0.74864262342453,0.99900705,6.913864,0.99900705,6.913864
2177,0,1,0.999627,7.8934917,0.5852506756782532,0.999627,7.8934917,0.999627,7.8934917
2178,1,0,3.8013426e-05,-10.177533,0.6994827389717102,3.8013426e-05,-10.177533,3.8013426e-05,-10.177533
2179,0,1,0.6879405,0.79050845,1.0,0.6879405,0.79050845,0.6879405,0.79050845
2180,1,0,3.8955957e-05,-10.15304,0.6768290996551514,3.8955957e-05,-10.15304,3.8955957e-05,-10.15304
2181,1,0,3.027878e-05,-10.405033,0.7100513577461243,3.027878e-05,-10.405033,3.027878e-05,-10.405033
2182,1,0,4.568594e-05,-9.993674,0.75400310754776,4.568594e-05,-9.993674,4.568594e-05,-9.993674
2183,0,1,0.99916875,7.0916696,0.5740598440170288,0.99916875,7.0916696,0.99916875,7.0916696
2184,0,1,0.99965847,7.9817166,0.5825417041778564,0.99965847,7.9817166,0.99965847,7.9817166
2185,0,1,0.60296214,0.4178229,1.0,0.60296214,0.4178229,0.60296214,0.4178229
2186,0,1,0.9995383,7.680135,0.7615631818771362,0.9995383,7.680135,0.9995383,7.680135
2187,1,0,6.358606e-05,-9.663053,0.7505416870117188,6.358606e-05,-9.663053,6.358606e-05,-9.663053
2188,0,1,0.9997868,8.452799,0.7698787450790405,0.9997868,8.452799,0.9997868,8.452799
2189,1,0,4.7244055e-05,-9.960136,0.6000776886940002,4.7244055e-05,-9.960136,4.7244055e-05,-9.960136
2190,1,0,5.219609e-05,-9.860451,0.5842856168746948,5.219609e-05,-9.860451,5.219609e-05,-9.860451
2191,0,1,0.9998964,9.175037,0.7293781042098999,0.9998964,9.175037,0.9998964,9.175037
2192,0,1,0.99975127,8.299006,0.816030740737915,0.99975127,8.299006,0.99975127,8.299006
2193,0,1,0.9998416,8.7500515,0.6480213403701782,0.9998416,8.7500515,0.9998416,8.7500515
2194,1,0,4.173816e-05,-10.084053,0.6461726427078247,4.173816e-05,-10.084053,4.173816e-05,-10.084053
2195,0,1,0.99956685,7.744025,0.6909649968147278,0.99956685,7.744025,0.99956685,7.744025
2196,1,0,4.2559062e-05,-10.064575,0.7016411423683167,4.2559062e-05,-10.064575,4.2559062e-05,-10.064575
2197,0,1,0.57689524,0.31004092,1.0,0.57689524,0.31004092,0.57689524,0.31004092
2198,0,1,0.9929542,4.948245,1.0,0.9929542,4.948245,0.9929542,4.948245
2199,1,0,4.2646898e-05,-10.062513,0.6414206624031067,4.2646898e-05,-10.062513,4.2646898e-05,-10.062513
2200,0,1,0.9995714,7.7544365,0.7093066573143005,0.9995714,7.7544365,0.9995714,7.7544365
2201,0,1,0.58839697,0.35734254,1.0,0.58839697,0.35734254,0.58839697,0.35734254
2202,1,0,4.2145362e-05,-10.074344,0.7385134696960449,4.2145362e-05,-10.074344,4.2145362e-05,-10.074344
2203,0,1,0.9996977,8.103688,0.7537891268730164,0.9996977,8.103688,0.9996977,8.103688
2204,1,0,9.669772e-05,-9.243824,0.5829222202301025,9.669772e-05,-9.243824,9.669772e-05,-9.243824
2205,0,1,0.9980313,6.2284164,0.6268002390861511,0.9980313,6.2284164,0.9980313,6.2284164
2206,0,1,0.9997483,8.287142,0.6475875377655029,0.9997483,8.287142,0.9997483,8.287142
2207,0,1,0.9745917,3.646941,1.0,0.9745917,3.646941,0.9745917,3.646941
2208,1,0,4.31416e-05,-10.05098,0.6759814023971558,4.31416e-05,-10.05098,4.31416e-05,-10.05098
2209,1,0,6.392898e-05,-9.657674,0.6506239175796509,6.392898e-05,-9.657674,6.392898e-05,-9.657674
2210,1,0,2.449461e-05,-10.617033,0.7571528553962708,2.449461e-05,-10.617033,2.449461e-05,-10.617033
2211,0,1,0.99980587,8.5464115,0.5999772548675537,0.99980587,8.5464115,0.99980587,8.5464115
2212,0,1,0.605523,0.4285317,1.0,0.605523,0.4285317,0.605523,0.4285317
2213,1,0,3.3601726e-05,-10.3008995,0.7507535219192505,3.3601726e-05,-10.3008995,3.3601726e-05,-10.3008995
2214,1,0,7.089991e-05,-9.554171,0.6542578935623169,7.089991e-05,-9.554171,7.089991e-05,-9.554171
2215,1,0,5.257606e-05,-9.853197,0.7262397408485413,5.257606e-05,-9.853197,5.257606e-05,-9.853197
2216,0,1,0.92586577,2.5248518,1.0,0.92586577,2.5248518,0.92586577,2.5248518
2217,0,1,0.9998086,8.561041,0.8345708250999451,0.9998086,8.561041,0.9998086,8.561041
2218,1,0,7.2272334e-05,-9.534997,0.6057425141334534,7.2272334e-05,-9.534997,7.2272334e-05,-9.534997
2219,0,1,0.99980503,8.542681,0.6320175528526306,0.99980503,8.542681,0.99980503,8.542681
2220,0,1,0.9972671,5.899654,1.0,0.9972671,5.899654,0.9972671,5.899654
2221,1,0,4.9781094e-05,-9.907825,0.6709586381912231,4.9781094e-05,-9.907825,4.9781094e-05,-9.907825
2222,0,1,0.999529,7.660121,0.5627370476722717,0.999529,7.660121,0.999529,7.660121
2223,1,0,2.9784076e-05,-10.421507,0.7525029182434082,2.9784076e-05,-10.421507,2.9784076e-05,-10.421507
2224,1,0,0.33428335,-0.6888751,1.0,0.33428335,-0.6888751,0.33428335,-0.6888751
2225,0,1,0.9981243,6.2768774,0.9231774806976318,0.9981243,6.2768774,0.9981243,6.2768774
2226,1,0,3.8806676e-05,-10.156879,0.7578509449958801,3.8806676e-05,-10.156879,3.8806676e-05,-10.156879
2227,1,0,4.106947e-05,-10.100204,0.5473619103431702,4.106947e-05,-10.100204,4.106947e-05,-10.100204
2228,0,1,0.9866409,4.302103,0.5586451292037964,0.9866409,4.302103,0.9866409,4.302103
2229,1,0,2.7276788e-05,-10.509447,0.5889050364494324,2.7276788e-05,-10.509447,2.7276788e-05,-10.509447
2230,0,1,0.9998491,8.798718,0.7347878813743591,0.9998491,8.798718,0.9998491,8.798718
2231,1,0,3.560542e-05,-10.242977,0.6859272122383118,3.560542e-05,-10.242977,3.560542e-05,-10.242977
2232,1,0,3.9206105e-05,-10.146639,0.6191853880882263,3.9206105e-05,-10.146639,3.9206105e-05,-10.146639
2233,0,1,0.98428565,4.137344,1.0,0.98428565,4.137344,0.98428565,4.137344
2234,0,1,0.7178583,0.933863,1.0,0.7178583,0.933863,0.7178583,0.933863
2235,1,0,2.7790504e-05,-10.490788,0.6293790936470032,2.7790504e-05,-10.490788,2.7790504e-05,-10.490788
2236,0,1,0.9996276,7.8953476,0.8117026090621948,0.9996276,7.8953476,0.9996276,7.8953476
2237,0,1,0.9995548,7.7165904,0.6802409291267395,0.9995548,7.7165904,0.9995548,7.7165904
2238,0,1,0.99939907,7.416366,0.7099495530128479,0.99939907,7.416366,0.99939907,7.416366
2239,1,0,9.6429125e-05,-9.246606,0.7863874435424805,9.6429125e-05,-9.246606,9.6429125e-05,-9.246606
2240,1,0,5.468713e-05,-9.8138275,0.5942813754081726,5.468713e-05,-9.8138275,5.468713e-05,-9.8138275
2241,0,1,0.9994541,7.512389,0.574709951877594,0.9994541,7.512389,0.9994541,7.512389
2242,1,0,8.583507e-05,-9.362997,0.7065277099609375,8.583507e-05,-9.362997,8.583507e-05,-9.362997
2243,0,1,0.93656355,2.6921792,1.0,0.93656355,2.6921792,0.93656355,2.6921792
2244,1,0,5.1737497e-05,-9.869276,0.8381428718566895,5.1737497e-05,-9.869276,5.1737497e-05,-9.869276
2245,0,1,0.99988973,9.112482,0.5570990443229675,0.99988973,9.112482,0.99988973,9.112482
2246,1,0,0.07607559,-2.4969027,1.0,0.07607559,-2.4969027,0.07607559,-2.4969027
2247,1,0,5.6585497e-05,-9.779701,0.7484566569328308,5.6585497e-05,-9.779701,5.6585497e-05,-9.779701
2248,0,1,0.9988508,6.7675967,1.0,0.9988508,6.7675967,0.9988508,6.7675967
2249,0,1,0.99940217,7.421549,0.7753586173057556,0.99940217,7.421549,0.99940217,7.421549
2250,1,0,6.516673e-05,-9.638496,0.8449112772941589,6.516673e-05,-9.638496,6.516673e-05,-9.638496
2251,0,1,0.8280705,1.5720139,1.0,0.8280705,1.5720139,0.8280705,1.5720139
2252,0,1,0.99953675,7.6767883,0.5705441236495972,0.99953675,7.6767883,0.99953675,7.6767883
2253,0,1,0.99944824,7.5019035,0.6222507357597351,0.99944824,7.5019035,0.99944824,7.5019035
2254,1,0,0.00012512472,-8.986074,0.754570484161377,0.00012512472,-8.986074,0.00012512472,-8.986074
2255,1,0,5.2644587e-05,-9.851894,0.7062105536460876,5.2644587e-05,-9.851894,5.2644587e-05,-9.851894
2256,1,0,3.0526528e-05,-10.396884,0.7167712450027466,3.0526528e-05,-10.396884,3.0526528e-05,-10.396884
2257,1,0,0.27461526,-0.9713311,1.0,0.27461526,-0.9713311,0.27461526,-0.9713311
2258,0,1,0.67771465,0.7432889,1.0,0.67771465,0.7432889,0.67771465,0.7432889
2259,0,1,0.9997969,8.501814,0.7580696940422058,0.9997969,8.501814,0.9997969,8.501814
2260,0,1,0.9979809,6.203065,0.6857178211212158,0.9979809,6.203065,0.9979809,6.203065
2261,0,1,0.9998393,8.735872,0.8123289942741394,0.9998393,8.735872,0.9998393,8.735872
2262,1,0,3.9936207e-05,-10.128187,0.7205894589424133,3.9936207e-05,-10.128187,3.9936207e-05,-10.128187
2263,1,0,0.052926436,-2.8844738,1.0,0.052926436,-2.8844738,0.052926436,-2.8844738
2264,1,0,4.9126193e-05,-9.921069,0.8253856897354126,4.9126193e-05,-9.921069,4.9126193e-05,-9.921069
2265,0,1,0.9994097,7.434181,0.5476911067962646,0.9994097,7.434181,0.9994097,7.434181
2266,0,1,0.9997873,8.455426,0.7779802680015564,0.9997873,8.455426,0.9997873,8.455426
2267,0,1,0.9998642,8.904637,0.7135486006736755,0.9998642,8.904637,0.9998642,8.904637
2268,0,1,0.9995907,7.800517,0.5679568648338318,0.9995907,7.800517,0.9995907,7.800517
2269,0,1,0.9998512,8.813481,0.5728384852409363,0.9998512,8.813481,0.9998512,8.813481
2270,0,1,0.9997826,8.433464,0.6455101370811462,0.9997826,8.433464,0.9997826,8.433464
2271,0,1,0.99885595,6.772005,0.7484622597694397,0.99885595,6.772005,0.99885595,6.772005
2272,0,1,0.9997093,8.142968,0.628803551197052,0.9997093,8.142968,0.9997093,8.142968
2273,1,0,0.17571336,-1.5456643,1.0,0.17571336,-1.5456643,0.17571336,-1.5456643
2274,1,0,7.7585515e-05,-9.464052,0.6558650135993958,7.7585515e-05,-9.464052,7.7585515e-05,-9.464052
2275,1,0,2.9834904e-05,-10.419802,0.7644018530845642,2.9834904e-05,-10.419802,2.9834904e-05,-10.419802
2276,0,1,0.99983,8.6799,0.8175594210624695,0.99983,8.6799,0.99983,8.6799
2277,1,0,2.8331822e-05,-10.471497,0.5620877742767334,2.8331822e-05,-10.471497,2.8331822e-05,-10.471497
2278,0,1,0.9987331,6.6698837,0.840657651424408,0.9987331,6.6698837,0.9987331,6.6698837
2279,0,1,0.876848,1.9629142,1.0,0.876848,1.9629142,0.876848,1.9629142
2280,1,0,4.433317e-05,-10.023733,0.8692600727081299,4.433317e-05,-10.023733,4.433317e-05,-10.023733
2281,0,1,0.9998853,9.073795,0.5044987797737122,0.9998853,9.073795,0.9998853,9.073795
2282,1,0,2.6088463e-05,-10.553991,0.6795593500137329,2.6088463e-05,-10.553991,2.6088463e-05,-10.553991
2283,0,1,0.9996431,7.937847,0.5333333015441895,0.9996431,7.937847,0.9996431,7.937847
2284,1,0,4.812421e-05,-9.941677,0.7721617221832275,4.812421e-05,-9.941677,4.812421e-05,-9.941677
2285,0,1,0.6062839,0.4317181,1.0,0.6062839,0.4317181,0.6062839,0.4317181
2286,1,0,3.0928415e-05,-10.383804,0.7311751246452332,3.0928415e-05,-10.383804,3.0928415e-05,-10.383804
2287,1,0,3.9036247e-05,-10.150981,0.6923521757125854,3.9036247e-05,-10.150981,3.9036247e-05,-10.150981
2288,0,1,0.82193327,1.5295005,1.0,0.82193327,1.5295005,0.82193327,1.5295005
2289,1,0,2.831621e-05,-10.472048,0.6961342692375183,2.831621e-05,-10.472048,2.831621e-05,-10.472048
2290,0,1,0.91037625,2.3182378,1.0,0.91037625,2.3182378,0.91037625,2.3182378
2291,1,0,4.4563458e-05,-10.018552,0.8929480314254761,4.4563458e-05,-10.018552,4.4563458e-05,-10.018552
2292,1,0,7.508728e-05,-9.496784,0.6727068424224854,7.508728e-05,-9.496784,7.508728e-05,-9.496784
2293,1,0,5.5292276e-05,-9.802822,0.5033385753631592,5.5292276e-05,-9.802822,5.5292276e-05,-9.802822
2294,0,1,0.99981195,8.578562,0.5774788856506348,0.99981195,8.578562,0.99981195,8.578562
2295,1,0,6.9789596e-05,-9.569956,0.7144386172294617,6.9789596e-05,-9.569956,6.9789596e-05,-9.569956
2296,1,0,0.11136445,-2.076879,1.0,0.11136445,-2.076879,0.11136445,-2.076879
2297,1,0,6.984912e-05,-9.569103,0.635337233543396,6.984912e-05,-9.569103,6.984912e-05,-9.569103
2298,0,1,0.5903672,0.3654834,1.0,0.5903672,0.3654834,0.5903672,0.3654834
2299,1,0,3.1750824e-05,-10.35756,0.7704503536224365,3.1750824e-05,-10.35756,3.1750824e-05,-10.35756
2300,1,0,4.4329954e-05,-10.023806,0.4611094892024994,4.4329954e-05,-10.023806,4.4329954e-05,-10.023806
2301,0,1,0.98346925,4.0858626,1.0,0.98346925,4.0858626,0.98346925,4.0858626
2302,0,1,0.9991904,7.1181116,0.8662052750587463,0.9991904,7.1181116,0.9991904,7.1181116
2303,0,1,0.9986125,6.578897,0.6753167510032654,0.9986125,6.578897,0.9986125,6.578897
2304,1,0,8.166147e-05,-9.412847,0.747748076915741,8.166147e-05,-9.412847,8.166147e-05,-9.412847
2305,1,0,5.201716e-05,-9.863885,0.7103602886199951,5.201716e-05,-9.863885,5.201716e-05,-9.863885
2306,1,0,2.8627943e-05,-10.461099,0.5579388737678528,2.8627943e-05,-10.461099,2.8627943e-05,-10.461099
2307,0,1,0.99992275,9.468728,0.7487021088600159,0.99992275,9.468728,0.99992275,9.468728
2308,1,0,5.2038395e-05,-9.863477,0.5771399140357971,5.2038395e-05,-9.863477,5.2038395e-05,-9.863477
2309,0,1,0.9990025,6.909293,0.5306760668754578,0.9990025,6.909293,0.9990025,6.909293
2310,1,0,0.16213073,-1.6424592,1.0,0.16213073,-1.6424592,0.16213073,-1.6424592
2311,1,0,2.9687038e-05,-10.42477,0.5798057317733765,2.9687038e-05,-10.42477,2.9687038e-05,-10.42477
2312,0,1,0.9983948,6.4329143,0.5349511504173279,0.9983948,6.4329143,0.9983948,6.4329143
2313,0,1,0.9998505,8.808449,0.6551755666732788,0.9998505,8.808449,0.9998505,8.808449
2314,1,0,2.751737e-05,-10.500666,0.767589807510376,2.751737e-05,-10.500666,2.751737e-05,-10.500666
2315,1,0,8.2586885e-05,-9.401577,0.6491125822067261,8.2586885e-05,-9.401577,8.2586885e-05,-9.401577
2316,1,0,3.3560606e-05,-10.302124,0.5364644527435303,3.3560606e-05,-10.302124,3.3560606e-05,-10.302124
2317,1,0,3.952271e-05,-10.138596,0.7337936162948608,3.952271e-05,-10.138596,3.952271e-05,-10.138596
2318,1,0,4.1726933e-05,-10.084322,0.5595830678939819,4.1726933e-05,-10.084322,4.1726933e-05,-10.084322
2319,1,0,0.000119073295,-9.035652,0.703730046749115,0.000119073295,-9.035652,0.000119073295,-9.035652
2320,1,0,2.5836813e-05,-10.563684,0.7496960759162903,2.5836813e-05,-10.563684,2.5836813e-05,-10.563684
2321,1,0,3.2061635e-05,-10.347818,0.7277517318725586,3.2061635e-05,-10.347818,3.2061635e-05,-10.347818
2322,0,1,0.99906284,6.9716825,0.6094503998756409,0.99906284,6.9716825,0.99906284,6.9716825
2323,0,1,0.9997205,8.182479,0.7664731740951538,0.9997205,8.182479,0.9997205,8.182479
2324,0,1,0.99972075,8.183104,0.4409291744232178,0.99972075,8.183104,0.99972075,8.183104
2325,0,1,0.99979717,8.502612,0.7238070964813232,0.99979717,8.502612,0.99979717,8.502612
2326,0,1,0.9999387,9.701036,0.6111699938774109,0.9999387,9.701036,0.9999387,9.701036
2327,0,1,0.98210484,4.0051665,1.0,0.98210484,4.0051665,0.98210484,4.0051665
2328,0,1,0.5599678,0.24103135,1.0,0.5599678,0.24103135,0.5599678,0.24103135
2329,0,1,0.99970716,8.135793,0.8117479085922241,0.99970716,8.135793,0.99970716,8.135793
2330,1,0,4.6545545e-05,-9.975033,0.6884307861328125,4.6545545e-05,-9.975033,4.6545545e-05,-9.975033
2331,0,1,0.99991953,9.426941,0.5720508098602295,0.99991953,9.426941,0.99991953,9.426941
2332,0,1,0.99964905,7.954448,0.7682284116744995,0.99964905,7.954448,0.99964905,7.954448
2333,0,1,0.9714668,3.52774,1.0,0.9714668,3.52774,0.9714668,3.52774
2334,0,1,0.9600081,3.1782622,1.0,0.9600081,3.1782622,0.9600081,3.1782622
2335,0,1,0.9995455,7.6960726,0.5612179636955261,0.9995455,7.6960726,0.9995455,7.6960726
2336,1,0,2.7979146e-05,-10.484023,0.809928297996521,2.7979146e-05,-10.484023,2.7979146e-05,-10.484023
2337,0,1,0.99648285,5.6465816,1.0,0.99648285,5.6465816,0.99648285,5.6465816
2338,1,0,7.2948955e-05,-9.525678,0.7175524830818176,7.2948955e-05,-9.525678,7.2948955e-05,-9.525678
2339,0,1,0.97428304,3.634552,1.0,0.97428304,3.634552,0.97428304,3.634552
2340,1,0,0.00012365276,-8.99791,0.7277575731277466,0.00012365276,-8.99791,0.00012365276,-8.99791
2341,0,1,0.99969935,8.109179,0.8045496940612793,0.99969935,8.109179,0.99969935,8.109179
2342,1,0,2.0275751e-05,-10.806065,0.5189148783683777,2.0275751e-05,-10.806065,2.0275751e-05,-10.806065
2343,0,1,0.8923892,2.1153805,1.0,0.8923892,2.1153805,0.8923892,2.1153805
2344,1,0,3.673877e-05,-10.211641,0.5855657458305359,3.673877e-05,-10.211641,3.673877e-05,-10.211641
2345,0,1,0.99967813,8.040908,0.8062760233879089,0.99967813,8.040908,0.99967813,8.040908
2346,0,1,0.9281765,2.5590105,1.0,0.9281765,2.5590105,0.9281765,2.5590105
2347,0,1,0.84896183,1.7264819,1.0,0.84896183,1.7264819,0.84896183,1.7264819
2348,0,1,0.9998325,8.69483,0.6289870142936707,0.9998325,8.69483,0.9998325,8.69483
2349,1,0,5.4468066e-05,-9.817842,0.7745994925498962,5.4468066e-05,-9.817842,5.4468066e-05,-9.817842
2350,1,0,3.3604225e-05,-10.300825,0.729395866394043,3.3604225e-05,-10.300825,3.3604225e-05,-10.300825
2351,0,1,0.9797538,3.879333,1.0,0.9797538,3.879333,0.9797538,3.879333
2352,0,1,0.99898523,6.892055,0.737138032913208,0.99898523,6.892055,0.99898523,6.892055
2353,0,1,0.9980229,6.224161,0.7485176920890808,0.9980229,6.224161,0.9980229,6.224161
2354,0,1,0.9315581,2.6108737,1.0,0.9315581,2.6108737,0.9315581,2.6108737
2355,1,0,4.2007774e-05,-10.077614,0.7808839082717896,4.2007774e-05,-10.077614,4.2007774e-05,-10.077614
2356,1,0,0.3591236,-0.5791699,1.0,0.3591236,-0.5791699,0.3591236,-0.5791699
2357,1,0,2.463143e-05,-10.611463,0.7258101105690002,2.463143e-05,-10.611463,2.463143e-05,-10.611463
2358,0,1,0.99970007,8.111673,0.5673294067382812,0.99970007,8.111673,0.99970007,8.111673
2359,0,1,0.72983485,0.993785,1.0,0.72983485,0.993785,0.72983485,0.993785
2360,1,0,5.0990922e-05,-9.883812,0.6995337009429932,5.0990922e-05,-9.883812,5.0990922e-05,-9.883812
2361,1,0,2.5200943e-05,-10.588604,0.7271751165390015,2.5200943e-05,-10.588604,2.5200943e-05,-10.588604
2362,0,1,0.9998356,8.713506,0.7445502877235413,0.9998356,8.713506,0.9998356,8.713506
2363,1,0,2.659587e-05,-10.534728,0.5211721062660217,2.659587e-05,-10.534728,2.659587e-05,-10.534728
2364,1,0,4.4500604e-05,-10.019963,0.7350854277610779,4.4500604e-05,-10.019963,4.4500604e-05,-10.019963
2365,1,0,4.1584404e-05,-10.087744,0.7855153679847717,4.1584404e-05,-10.087744,4.1584404e-05,-10.087744
2366,0,1,0.9687609,3.434348,1.0,0.9687609,3.434348,0.9687609,3.434348
2367,1,0,0.000102956124,-9.181105,0.7673354744911194,0.000102956124,-9.181105,0.000102956124,-9.181105
2368,0,1,0.9998704,8.95154,0.7309516668319702,0.9998704,8.95154,0.9998704,8.95154
2369,1,0,0.018534929,-3.9693894,1.0,0.018534929,-3.9693894,0.018534929,-3.9693894
2370,1,0,5.102395e-05,-9.883164,0.5506595373153687,5.102395e-05,-9.883164,5.102395e-05,-9.883164
2371,1,0,2.225815e-05,-10.71278,0.5438405871391296,2.225815e-05,-10.71278,2.225815e-05,-10.71278
2372,1,0,9.5445575e-05,-9.256859,0.7863126993179321,9.5445575e-05,-9.256859,9.5445575e-05,-9.256859
2373,1,0,6.820034e-05,-9.592993,0.5752755999565125,6.820034e-05,-9.592993,6.820034e-05,-9.592993
2374,1,0,2.2149865e-05,-10.717657,0.7476140856742859,2.2149865e-05,-10.717657,2.2149865e-05,-10.717657
2375,0,1,0.9998343,8.705538,0.7837503552436829,0.9998343,8.705538,0.9998343,8.705538
2376,1,0,0.16731365,-1.6047869,1.0,0.16731365,-1.6047869,0.16731365,-1.6047869
2377,1,0,9.489454e-05,-9.26265,0.6031403541564941,9.489454e-05,-9.26265,9.489454e-05,-9.26265
2378,1,0,0.00015294587,-8.785274,0.7102459073066711,0.00015294587,-8.785274,0.00015294587,-8.785274
2379,0,1,0.99850166,6.501893,0.7051030397415161,0.99850166,6.501893,0.99850166,6.501893
2380,0,1,0.92777914,2.5530643,1.0,0.92777914,2.5530643,0.92777914,2.5530643
2381,1,0,2.9485696e-05,-10.431576,0.7855514287948608,2.9485696e-05,-10.431576,2.9485696e-05,-10.431576
2382,1,0,0.44601256,-0.21679476,1.0,0.44601256,-0.21679476,0.44601256,-0.21679476
2383,1,0,4.942274e-05,-9.9150505,0.7424014210700989,4.942274e-05,-9.9150505,4.942274e-05,-9.9150505
2384,0,1,0.99906355,6.9724374,0.7072911858558655,0.99906355,6.9724374,0.99906355,6.9724374
2385,1,0,4.2154006e-05,-10.074139,0.8599862456321716,4.2154006e-05,-10.074139,4.2154006e-05,-10.074139
2386,0,1,0.9942092,5.145678,0.5820344686508179,0.9942092,5.145678,0.9942092,5.145678
2387,0,1,0.91035604,2.31799,1.0,0.91035604,2.31799,0.91035604,2.31799
2388,0,1,0.9588091,3.1474738,1.0,0.9588091,3.1474738,0.9588091,3.1474738
2389,1,0,3.349107e-05,-10.304198,0.7532426714897156,3.349107e-05,-10.304198,3.349107e-05,-10.304198
2390,1,0,3.183514e-05,-10.354908,0.5825274586677551,3.183514e-05,-10.354908,3.183514e-05,-10.354908
2391,1,0,6.369245e-05,-9.661381,0.6748688220977783,6.369245e-05,-9.661381,6.369245e-05,-9.661381
2392,1,0,3.2219396e-05,-10.34291,0.6293215751647949,3.2219396e-05,-10.34291,3.2219396e-05,-10.34291
2393,1,0,3.657869e-05,-10.216008,0.747061014175415,3.657869e-05,-10.216008,3.657869e-05,-10.216008
2394,0,1,0.9993754,7.3777866,0.6899506449699402,0.9993754,7.3777866,0.9993754,7.3777866
2395,1,0,0.37421474,-0.5141775,1.0,0.37421474,-0.5141775,0.37421474,-0.5141775
2396,0,1,0.99979645,8.499314,0.6493142247200012,0.99979645,8.499314,0.99979645,8.499314
2397,1,0,0.3911986,-0.4422766,1.0,0.3911986,-0.4422766,0.3911986,-0.4422766
2398,0,1,0.99892384,6.8333015,0.469058632850647,0.99892384,6.8333015,0.99892384,6.8333015
2399,1,0,3.0845233e-05,-10.3864975,0.6328456401824951,3.0845233e-05,-10.3864975,3.0845233e-05,-10.3864975
2400,0,1,0.9815716,3.9752603,1.0,0.9815716,3.9752603,0.9815716,3.9752603
2401,0,1,0.7192641,0.9408141,1.0,0.7192641,0.9408141,0.7192641,0.9408141
2402,0,1,0.9153809,2.3811803,1.0,0.9153809,2.3811803,0.9153809,2.3811803
2403,0,1,0.9998276,8.665505,0.6058434247970581,0.9998276,8.665505,0.9998276,8.665505
2404,1,0,2.9203338e-05,-10.441198,0.6716210842132568,2.9203338e-05,-10.441198,2.9203338e-05,-10.441198
2405,0,1,0.99973434,8.232967,0.6349554657936096,0.99973434,8.232967,0.99973434,8.232967
2406,1,0,0.000105147345,-9.160043,0.6293278932571411,0.000105147345,-9.160043,0.000105147345,-9.160043
2407,0,1,0.95006603,2.9458308,1.0,0.95006603,2.9458308,0.95006603,2.9458308
2408,1,0,0.00012352997,-8.998903,0.5994715690612793,0.00012352997,-8.998903,0.00012352997,-8.998903
2409,0,1,0.7560136,1.1309468,1.0,0.7560136,1.1309468,0.7560136,1.1309468
2410,0,1,0.99981326,8.585748,0.6733118295669556,0.99981326,8.585748,0.99981326,8.585748
2411,1,0,3.9840732e-05,-10.130581,0.7765997648239136,3.9840732e-05,-10.130581,3.9840732e-05,-10.130581
2412,0,1,0.9998357,8.713821,0.6730517745018005,0.9998357,8.713821,0.9998357,8.713821
2413,1,0,4.936471e-05,-9.916225,0.6577195525169373,4.936471e-05,-9.916225,4.936471e-05,-9.916225
2414,0,1,0.9999143,9.36422,0.5765998363494873,0.9999143,9.36422,0.9999143,9.36422
2415,1,0,0.009694398,-4.6264653,1.0,0.009694398,-4.6264653,0.009694398,-4.6264653
2416,1,0,2.730081e-05,-10.508567,0.6120469570159912,2.730081e-05,-10.508567,2.730081e-05,-10.508567
2417,1,0,4.2227035e-05,-10.072408,0.744152843952179,4.2227035e-05,-10.072408,4.2227035e-05,-10.072408
2418,1,0,0.00011173766,-9.099245,0.7373402714729309,0.00011173766,-9.099245,0.00011173766,-9.099245
2419,1,0,0.1762231,-1.542149,1.0,0.1762231,-1.542149,0.1762231,-1.542149
2420,0,1,0.99980253,8.529686,0.8002207279205322,0.99980253,8.529686,0.99980253,8.529686
2421,0,1,0.8762372,1.9572698,1.0,0.8762372,1.9572698,0.8762372,1.9572698
2422,1,0,0.44639128,-0.21526241,1.0,0.44639128,-0.21526241,0.44639128,-0.21526241
2423,0,1,0.9817346,3.9843118,1.0,0.9817346,3.9843118,0.9817346,3.9843118
2424,0,1,0.6370593,0.56262326,1.0,0.6370593,0.56262326,0.6370593,0.56262326
2425,1,0,2.5922645e-05,-10.560368,0.7028066515922546,2.5922645e-05,-10.560368,2.5922645e-05,-10.560368
2426,0,1,0.99971265,8.154647,0.580318033695221,0.99971265,8.154647,0.99971265,8.154647
2427,0,1,0.9996892,8.076082,0.529138445854187,0.9996892,8.076082,0.9996892,8.076082
2428,1,0,3.0563784e-05,-10.395664,0.7076644897460938,3.0563784e-05,-10.395664,3.0563784e-05,-10.395664
2429,1,0,6.34176e-05,-9.665706,0.7922086715698242,6.34176e-05,-9.665706,6.34176e-05,-9.665706
2430,0,1,0.9998603,8.876028,0.719014048576355,0.9998603,8.876028,0.9998603,8.876028
2431,1,0,0.33415073,-0.6894711,1.0,0.33415073,-0.6894711,0.33415073,-0.6894711
2432,1,0,5.582969e-05,-9.793149,0.7522567510604858,5.582969e-05,-9.793149,5.582969e-05,-9.793149
2433,0,1,0.9241075,2.4995108,1.0,0.9241075,2.4995108,0.9241075,2.4995108
2434,0,1,0.5813114,0.32815927,1.0,0.5813114,0.32815927,0.5813114,0.32815927
2435,1,0,2.421645e-05,-10.628454,0.7373276352882385,2.421645e-05,-10.628454,2.421645e-05,-10.628454
2436,1,0,4.4434073e-05,-10.02146,0.706914484500885,4.4434073e-05,-10.02146,4.4434073e-05,-10.02146
2437,0,1,0.9594439,3.1636667,1.0,0.9594439,3.1636667,0.9594439,3.1636667
2438,0,1,0.99989665,9.177591,0.6250899434089661,0.99989665,9.177591,0.99989665,9.177591
2439,1,0,0.35714057,-0.5877966,1.0,0.35714057,-0.5877966,0.35714057,-0.5877966
2440,1,0,4.821139e-05,-9.939867,0.6719759106636047,4.821139e-05,-9.939867,4.821139e-05,-9.939867
2441,0,1,0.9998184,8.61331,0.6843060851097107,0.9998184,8.61331,0.9998184,8.61331
2442,0,1,0.9995832,7.782405,0.7768928408622742,0.9995832,7.782405,0.9995832,7.782405
2443,0,1,0.99931633,7.2872925,0.6877268552780151,0.99931633,7.2872925,0.99931633,7.2872925
2444,1,0,0.042237617,-3.1212885,1.0,0.042237617,-3.1212885,0.042237617,-3.1212885
2445,0,1,0.8233318,1.5390856,1.0,0.8233318,1.5390856,0.8233318,1.5390856
2446,0,1,0.93664324,2.693522,1.0,0.93664324,2.693522,0.93664324,2.693522
2447,1,0,3.5640274e-05,-10.241999,0.713713526725769,3.5640274e-05,-10.241999,3.5640274e-05,-10.241999
2448,0,1,0.9995809,7.776969,0.6524807810783386,0.9995809,7.776969,0.9995809,7.776969
2449,0,1,0.9990306,6.9378314,0.5513381958007812,0.9990306,6.9378314,0.9990306,6.9378314
2450,1,0,5.3416752e-05,-9.837333,0.6953266263008118,5.3416752e-05,-9.837333,5.3416752e-05,-9.837333
2451,0,1,0.99988055,9.032219,0.845710813999176,0.99988055,9.032219,0.99988055,9.032219
2452,1,0,6.435992e-05,-9.650955,0.7535874843597412,6.435992e-05,-9.650955,6.435992e-05,-9.650955
2453,1,0,0.058598455,-2.7766614,1.0,0.058598455,-2.7766614,0.058598455,-2.7766614
2454,1,0,3.431375e-05,-10.27993,0.6118122339248657,3.431375e-05,-10.27993,3.431375e-05,-10.27993
2455,0,1,0.96639556,3.3589158,1.0,0.96639556,3.3589158,0.96639556,3.3589158
2456,1,0,0.44855383,-0.20651554,1.0,0.44855383,-0.20651554,0.44855383,-0.20651554
2457,1,0,3.8345883e-05,-10.168825,0.6486842632293701,3.8345883e-05,-10.168825,3.8345883e-05,-10.168825
2458,1,0,4.351131e-05,-10.042446,0.6690411567687988,4.351131e-05,-10.042446,4.351131e-05,-10.042446
2459,1,0,3.1521413e-05,-10.364812,0.6355323195457458,3.1521413e-05,-10.364812,3.1521413e-05,-10.364812
2460,1,0,0.20982347,-1.3259897,1.0,0.20982347,-1.3259897,0.20982347,-1.3259897
2461,1,0,4.2061813e-05,-10.076328,0.6205363273620605,4.2061813e-05,-10.076328,4.2061813e-05,-10.076328
2462,0,1,0.99974674,8.280886,0.5391813516616821,0.99974674,8.280886,0.99974674,8.280886
2463,0,1,0.9998945,9.156751,0.5986199975013733,0.9998945,9.156751,0.9998945,9.156751
2464,0,1,0.99971324,8.156723,0.8870707154273987,0.99971324,8.156723,0.99971324,8.156723
2465,1,0,3.426382e-05,-10.281386,0.676528811454773,3.426382e-05,-10.281386,3.426382e-05,-10.281386
2466,1,0,7.284315e-05,-9.527129,0.6776731014251709,7.284315e-05,-9.527129,7.284315e-05,-9.527129
2467,1,0,4.108455e-05,-10.099837,0.68722003698349,4.108455e-05,-10.099837,4.108455e-05,-10.099837
2468,1,0,2.9028935e-05,-10.447188,0.7972504496574402,2.9028935e-05,-10.447188,2.9028935e-05,-10.447188
2469,0,1,0.9997234,8.192535,0.4774714410305023,0.9997234,8.192535,0.9997234,8.192535
2470,0,1,0.99965036,7.958417,0.7562512159347534,0.99965036,7.958417,0.99965036,7.958417
2471,0,1,0.5800529,0.32299054,1.0,0.5800529,0.32299054,0.5800529,0.32299054
2472,1,0,2.7214743e-05,-10.511724,0.8147104382514954,2.7214743e-05,-10.511724,2.7214743e-05,-10.511724
2473,0,1,0.9813556,3.9633908,1.0,0.9813556,3.9633908,0.9813556,3.9633908
2474,0,1,0.9993611,7.3551855,0.728477418422699,0.9993611,7.3551855,0.9993611,7.3551855
2475,0,1,0.8414801,1.6692821,1.0,0.8414801,1.6692821,0.8414801,1.6692821
2476,0,1,0.9993024,7.267117,0.6178484559059143,0.9993024,7.267117,0.9993024,7.267117
2477,1,0,2.4545912e-05,-10.614941,0.804611086845398,2.4545912e-05,-10.614941,2.4545912e-05,-10.614941
2478,0,1,0.9176675,2.41107,1.0,0.9176675,2.41107,0.9176675,2.41107
2479,1,0,3.0361824e-05,-10.402294,0.5695840716362,3.0361824e-05,-10.402294,3.0361824e-05,-10.402294
2480,0,1,0.9996184,7.870924,0.8143091201782227,0.9996184,7.870924,0.9996184,7.870924
2481,1,0,4.0000166e-05,-10.126587,0.6933957934379578,4.0000166e-05,-10.126587,4.0000166e-05,-10.126587
2482,1,0,4.5950375e-05,-9.987903,0.6441329717636108,4.5950375e-05,-9.987903,4.5950375e-05,-9.987903
2483,0,1,0.6623319,0.6737032,1.0,0.6623319,0.6737032,0.6623319,0.6737032
2484,1,0,5.281989e-05,-9.84857,0.5936926603317261,5.281989e-05,-9.84857,5.281989e-05,-9.84857
2485,1,0,4.246618e-05,-10.06676,0.814431369304657,4.246618e-05,-10.06676,4.246618e-05,-10.06676
2486,1,0,3.473497e-05,-10.267729,0.6788640022277832,3.473497e-05,-10.267729,3.473497e-05,-10.267729
2487,1,0,3.964343e-05,-10.135546,0.742497980594635,3.964343e-05,-10.135546,3.964343e-05,-10.135546
2488,1,0,2.767263e-05,-10.495039,0.5818973183631897,2.767263e-05,-10.495039,2.767263e-05,-10.495039
2489,1,0,4.0876763e-05,-10.104908,0.6733505725860596,4.0876763e-05,-10.104908,4.0876763e-05,-10.104908
2490,1,0,2.2278497e-05,-10.711866,0.7498185634613037,2.2278497e-05,-10.711866,2.2278497e-05,-10.711866
2491,1,0,2.9999326e-05,-10.414306,0.7488664388656616,2.9999326e-05,-10.414306,2.9999326e-05,-10.414306
2492,0,1,0.9998503,8.806484,0.4331427216529846,0.9998503,8.806484,0.9998503,8.806484
2493,1,0,3.228931e-05,-10.340742,0.8034543991088867,3.228931e-05,-10.340742,3.228931e-05,-10.340742
2494,0,1,0.9987048,6.6478157,0.7869431972503662,0.9987048,6.6478157,0.9987048,6.6478157
2495,0,1,0.99968684,8.068399,0.6507751941680908,0.99968684,8.068399,0.99968684,8.068399
2496,1,0,3.8096492e-05,-10.17535,0.7000693082809448,3.8096492e-05,-10.17535,3.8096492e-05,-10.17535
2497,1,0,2.7357106e-05,-10.506507,0.6177348494529724,2.7357106e-05,-10.506507,2.7357106e-05,-10.506507
2498,1,0,3.6257752e-05,-10.224821,0.6357500553131104,3.6257752e-05,-10.224821,3.6257752e-05,-10.224821
2499,0,1,0.61866224,0.4838738,1.0,0.61866224,0.4838738,0.61866224,0.4838738
2500,1,0,0.24381879,-1.1318557,1.0,0.24381879,-1.1318557,0.24381879,-1.1318557
2501,1,0,3.5017176e-05,-10.259637,0.7140185236930847,3.5017176e-05,-10.259637,3.5017176e-05,-10.259637
2502,0,1,0.71912795,0.94014,1.0,0.71912795,0.94014,0.71912795,0.94014
2503,1,0,5.6429173e-05,-9.782468,0.699662983417511,5.6429173e-05,-9.782468,5.6429173e-05,-9.782468
2504,1,0,8.076991e-05,-9.423825,0.6213012337684631,8.076991e-05,-9.423825,8.076991e-05,-9.423825
2505,1,0,0.00012623878,-8.977209,0.7453425526618958,0.00012623878,-8.977209,0.00012623878,-8.977209
2506,1,0,4.105522e-05,-10.100552,0.6170918345451355,4.105522e-05,-10.100552,4.105522e-05,-10.100552
2507,0,1,0.99974114,8.259161,0.5697368383407593,0.99974114,8.259161,0.99974114,8.259161
2508,1,0,5.550703e-05,-9.798945,0.893402099609375,5.550703e-05,-9.798945,5.550703e-05,-9.798945
2509,1,0,2.4904593e-05,-10.600433,0.5114474892616272,2.4904593e-05,-10.600433,2.4904593e-05,-10.600433
2510,0,1,0.9895253,4.5482693,1.0,0.9895253,4.5482693,0.9895253,4.5482693
2511,1,0,3.7128484e-05,-10.201089,0.617058277130127,3.7128484e-05,-10.201089,3.7128484e-05,-10.201089
2512,1,0,6.260032e-05,-9.678678,0.5248624682426453,6.260032e-05,-9.678678,6.260032e-05,-9.678678
2513,1,0,3.8846e-05,-10.155867,0.6793757677078247,3.8846e-05,-10.155867,3.8846e-05,-10.155867
2514,0,1,0.99415034,5.1355057,1.0,0.99415034,5.1355057,0.99415034,5.1355057
2515,1,0,0.19767578,-1.4008846,1.0,0.19767578,-1.4008846,0.19767578,-1.4008846
2516,0,1,0.9997485,8.287939,0.6841105222702026,0.9997485,8.287939,0.9997485,8.287939
2517,0,1,0.9996698,8.01542,0.7267385125160217,0.9996698,8.01542,0.9996698,8.01542
2518,1,0,3.382901e-05,-10.294158,0.7601975798606873,3.382901e-05,-10.294158,3.382901e-05,-10.294158
2519,1,0,6.655347e-05,-9.617438,0.8639281392097473,6.655347e-05,-9.617438,6.655347e-05,-9.617438
2520,1,0,3.96053e-05,-10.136508,0.8466803431510925,3.96053e-05,-10.136508,3.96053e-05,-10.136508
2521,0,1,0.62216306,0.4987393,1.0,0.62216306,0.4987393,0.62216306,0.4987393
2522,1,0,3.87995e-05,-10.157064,0.7811452746391296,3.87995e-05,-10.157064,3.87995e-05,-10.157064
2523,0,1,0.5346425,0.1387924,1.0,0.5346425,0.1387924,0.5346425,0.1387924
2524,1,0,5.757945e-05,-9.762287,0.7095891833305359,5.757945e-05,-9.762287,5.757945e-05,-9.762287
2525,0,1,0.99670947,5.713401,1.0,0.99670947,5.713401,0.99670947,5.713401
2526,1,0,6.389588e-05,-9.658192,0.5486645102500916,6.389588e-05,-9.658192,6.389588e-05,-9.658192
2527,0,1,0.9997002,8.111844,0.6807345151901245,0.9997002,8.111844,0.9997002,8.111844
2528,1,0,4.937455e-05,-9.916026,0.6156995296478271,4.937455e-05,-9.916026,4.937455e-05,-9.916026
2529,1,0,0.3986964,-0.4108998,1.0,0.3986964,-0.4108998,0.3986964,-0.4108998
2530,0,1,0.99972135,8.185245,0.6730703115463257,0.99972135,8.185245,0.99972135,8.185245
2531,0,1,0.977191,3.757524,1.0,0.977191,3.757524,0.977191,3.757524
2532,0,1,0.9234618,2.4903395,1.0,0.9234618,2.4903395,0.9234618,2.4903395
2533,1,0,5.761988e-05,-9.761585,0.7920315861701965,5.761988e-05,-9.761585,5.761988e-05,-9.761585
2534,1,0,2.0243717e-05,-10.807646,0.6264115571975708,2.0243717e-05,-10.807646,2.0243717e-05,-10.807646
2535,0,1,0.6276389,0.5221008,1.0,0.6276389,0.5221008,0.6276389,0.5221008
2536,1,0,0.00010393723,-9.171619,0.8708765506744385,0.00010393723,-9.171619,0.00010393723,-9.171619
2537,0,1,0.9994609,7.525073,0.6594107747077942,0.9994609,7.525073,0.9994609,7.525073
2538,1,0,3.7705744e-05,-10.18566,0.7912805080413818,3.7705744e-05,-10.18566,3.7705744e-05,-10.18566
2539,0,1,0.9719263,3.5444465,1.0,0.9719263,3.5444465,0.9719263,3.5444465
2540,0,1,0.55102444,0.20481077,1.0,0.55102444,0.20481077,0.55102444,0.20481077
2541,1,0,2.1136819e-05,-10.764473,0.6896196603775024,2.1136819e-05,-10.764473,2.1136819e-05,-10.764473
2542,1,0,1.8989127e-05,-10.871625,0.5417641401290894,1.8989127e-05,-10.871625,1.8989127e-05,-10.871625
2543,1,0,3.1613443e-05,-10.3618965,0.501063883304596,3.1613443e-05,-10.3618965,3.1613443e-05,-10.3618965
2544,1,0,0.4136981,-0.34869838,1.0,0.4136981,-0.34869838,0.4136981,-0.34869838
2545,1,0,5.581265e-05,-9.793454,0.6661970019340515,5.581265e-05,-9.793454,5.581265e-05,-9.793454
2546,0,1,0.98934746,4.5312433,1.0,0.98934746,4.5312433,0.98934746,4.5312433
2547,1,0,0.36453876,-0.5557182,1.0,0.36453876,-0.5557182,0.36453876,-0.5557182
2548,1,0,3.553727e-05,-10.244893,0.6397467255592346,3.553727e-05,-10.244893,3.553727e-05,-10.244893
2549,1,0,3.2539472e-05,-10.333024,0.6238858103752136,3.2539472e-05,-10.333024,3.2539472e-05,-10.333024
2550,1,0,3.981122e-05,-10.131322,0.5818972587585449,3.981122e-05,-10.131322,3.981122e-05,-10.131322
2551,1,0,6.0065515e-05,-9.720015,0.7893099188804626,6.0065515e-05,-9.720015,6.0065515e-05,-9.720015
2552,1,0,4.1024887e-05,-10.101291,0.8105551600456238,4.1024887e-05,-10.101291,4.1024887e-05,-10.101291
2553,0,1,0.999765,8.355829,0.612410843372345,0.999765,8.355829,0.999765,8.355829
2554,0,1,0.9996549,7.971372,0.6865562200546265,0.9996549,7.971372,0.9996549,7.971372
2555,1,0,2.1167358e-05,-10.763029,0.7546600103378296,2.1167358e-05,-10.763029,2.1167358e-05,-10.763029
2556,1,0,3.33578e-05,-10.308186,0.6982136964797974,3.33578e-05,-10.308186,3.33578e-05,-10.308186
2557,0,1,0.99961555,7.863498,0.6897640824317932,0.99961555,7.863498,0.99961555,7.863498
2558,0,1,0.8849116,2.0397868,1.0,0.8849116,2.0397868,0.8849116,2.0397868
2559,1,0,4.1795913e-05,-10.08267,0.6680726408958435,4.1795913e-05,-10.08267,4.1795913e-05,-10.08267
2560,0,1,0.99987566,8.992142,0.7056096792221069,0.99987566,8.992142,0.99987566,8.992142
2561,0,1,0.99890256,6.8137364,0.6651651859283447,0.99890256,6.8137364,0.99890256,6.8137364
2562,0,1,0.7385536,1.0384641,1.0,0.7385536,1.0384641,0.7385536,1.0384641
2563,1,0,2.6426704e-05,-10.541109,0.650226891040802,2.6426704e-05,-10.541109,2.6426704e-05,-10.541109
2564,0,1,0.9980292,6.2273593,0.6155516505241394,0.9980292,6.2273593,0.9980292,6.2273593
2565,1,0,4.2014828e-05,-10.077446,0.7076942920684814,4.2014828e-05,-10.077446,4.2014828e-05,-10.077446
2566,0,1,0.9998079,8.557048,0.6773943305015564,0.9998079,8.557048,0.9998079,8.557048
2567,1,0,7.3663585e-05,-9.515928,0.7425307035446167,7.3663585e-05,-9.515928,7.3663585e-05,-9.515928
2568,1,0,3.1529293e-05,-10.364562,0.5665304660797119,3.1529293e-05,-10.364562,3.1529293e-05,-10.364562
2569,0,1,0.9935801,5.0419135,1.0,0.9935801,5.0419135,0.9935801,5.0419135
2570,1,0,4.7270198e-05,-9.959583,0.781061053276062,4.7270198e-05,-9.959583,4.7270198e-05,-9.959583
2571,0,1,0.9868803,4.3204308,1.0,0.9868803,4.3204308,0.9868803,4.3204308
2572,1,0,0.0015448257,-6.471298,0.7814465761184692,0.0015448257,-6.471298,0.0015448257,-6.471298
2573,0,1,0.89626503,2.156397,1.0,0.89626503,2.156397,0.89626503,2.156397
2574,1,0,2.7570191e-05,-10.498748,0.6379067301750183,2.7570191e-05,-10.498748,2.7570191e-05,-10.498748
2575,1,0,4.868514e-05,-9.930088,0.8787986040115356,4.868514e-05,-9.930088,4.868514e-05,-9.930088
2576,1,0,3.4904184e-05,-10.262869,0.7445642948150635,3.4904184e-05,-10.262869,3.4904184e-05,-10.262869
2577,0,1,0.9995728,7.757994,0.6634888052940369,0.9995728,7.757994,0.9995728,7.757994
2578,0,1,0.9973363,5.9253864,0.8077564835548401,0.9973363,5.9253864,0.9973363,5.9253864
2579,1,0,2.4487601e-05,-10.617319,0.7217444181442261,2.4487601e-05,-10.617319,2.4487601e-05,-10.617319
2580,0,1,0.99987245,8.96707,0.6646507978439331,0.99987245,8.96707,0.99987245,8.96707
2581,1,0,4.0509767e-05,-10.113927,0.8381363153457642,4.0509767e-05,-10.113927,4.0509767e-05,-10.113927
2582,1,0,3.8386308e-05,-10.167771,0.7569583058357239,3.8386308e-05,-10.167771,3.8386308e-05,-10.167771
2583,0,1,0.999663,7.995056,0.8538718819618225,0.999663,7.995056,0.999663,7.995056
2584,1,0,4.0469382e-05,-10.114924,0.631180465221405,4.0469382e-05,-10.114924,4.0469382e-05,-10.114924
2585,1,0,3.9708277e-05,-10.133911,0.6950075626373291,3.9708277e-05,-10.133911,3.9708277e-05,-10.133911
2586,0,1,0.9498852,2.9420254,1.0,0.9498852,2.9420254,0.9498852,2.9420254
2587,0,1,0.99964654,7.947421,0.7644475698471069,0.99964654,7.947421,0.99964654,7.947421
2588,0,1,0.9908015,4.679467,1.0,0.9908015,4.679467,0.9908015,4.679467
2589,0,1,0.8218998,1.5292716,1.0,0.8218998,1.5292716,0.8218998,1.5292716
2590,0,1,0.75147825,1.1065118,1.0,0.75147825,1.1065118,0.75147825,1.1065118
2591,1,0,2.976335e-05,-10.422203,0.6155082583427429,2.976335e-05,-10.422203,2.976335e-05,-10.422203
2592,0,1,0.9871711,4.343145,1.0,0.9871711,4.343145,0.9871711,4.343145
2593,0,1,0.9998211,8.628429,0.8382033705711365,0.9998211,8.628429,0.9998211,8.628429
2594,0,1,0.9997162,8.167131,0.6961471438407898,0.9997162,8.167131,0.9997162,8.167131
2595,0,1,0.9994418,7.4903336,0.649889349937439,0.9994418,7.4903336,0.9994418,7.4903336
2596,1,0,5.6879864e-05,-9.774512,0.6975089311599731,5.6879864e-05,-9.774512,5.6879864e-05,-9.774512
2597,1,0,2.3084242e-05,-10.676337,0.662079393863678,2.3084242e-05,-10.676337,2.3084242e-05,-10.676337
2598,1,0,0.00036268702,-7.9216075,0.8290306329727173,0.00036268702,-7.9216075,0.00036268702,-7.9216075
2599,0,1,0.9998816,9.041977,0.7281853556632996,0.9998816,9.041977,0.9998816,9.041977
2600,1,0,3.0201692e-05,-10.407582,0.5614240765571594,3.0201692e-05,-10.407582,3.0201692e-05,-10.407582
2601,1,0,3.375467e-05,-10.296358,0.625411331653595,3.375467e-05,-10.296358,3.375467e-05,-10.296358
2602,1,0,5.450158e-05,-9.817226,0.6568490266799927,5.450158e-05,-9.817226,5.450158e-05,-9.817226
2603,0,1,0.9995104,7.621518,0.7181217074394226,0.9995104,7.621518,0.9995104,7.621518
2604,0,1,0.98411673,4.126475,1.0,0.98411673,4.126475,0.98411673,4.126475
2605,1,0,2.7850037e-05,-10.488648,0.7544386386871338,2.7850037e-05,-10.488648,2.7850037e-05,-10.488648
2606,0,1,0.99970514,8.128828,0.7479784488677979,0.99970514,8.128828,0.99970514,8.128828
2607,1,0,3.557569e-05,-10.243813,0.6445351839065552,3.557569e-05,-10.243813,3.557569e-05,-10.243813
2608,0,1,0.99789375,6.1607485,0.5767052173614502,0.99789375,6.1607485,0.99789375,6.1607485
2609,1,0,3.2383297e-05,-10.337835,0.5408514738082886,3.2383297e-05,-10.337835,3.2383297e-05,-10.337835
2610,0,1,0.9991289,7.044877,0.5828015804290771,0.9991289,7.044877,0.9991289,7.044877
2611,1,0,6.125527e-05,-9.700399,0.6352865099906921,6.125527e-05,-9.700399,6.125527e-05,-9.700399
2612,1,0,4.2702814e-05,-10.061203,0.6234814524650574,4.2702814e-05,-10.061203,4.2702814e-05,-10.061203
2613,1,0,6.248063e-05,-9.680592,0.8287973999977112,6.248063e-05,-9.680592,6.248063e-05,-9.680592
2614,1,0,3.448098e-05,-10.275068,0.586463451385498,3.448098e-05,-10.275068,3.448098e-05,-10.275068
2615,1,0,4.7143425e-05,-9.962269,0.7694159746170044,4.7143425e-05,-9.962269,4.7143425e-05,-9.962269
2616,0,1,0.962661,3.2496626,1.0,0.962661,3.2496626,0.962661,3.2496626
2617,0,1,0.55072516,0.203601,1.0,0.55072516,0.203601,0.55072516,0.203601
2618,1,0,4.3426084e-05,-10.044407,0.6900466084480286,4.3426084e-05,-10.044407,4.3426084e-05,-10.044407
2619,1,0,4.446332e-05,-10.020802,0.5334343910217285,4.446332e-05,-10.020802,4.446332e-05,-10.020802
2620,1,0,0.00075502024,-7.1880107,0.6703272461891174,0.00075502024,-7.1880107,0.00075502024,-7.1880107
2621,1,0,4.4350843e-05,-10.0233345,0.5430819988250732,4.4350843e-05,-10.0233345,4.4350843e-05,-10.0233345
2622,1,0,3.8807306e-05,-10.156863,0.7090796232223511,3.8807306e-05,-10.156863,3.8807306e-05,-10.156863
2623,1,0,4.5745972e-05,-9.992361,0.7712449431419373,4.5745972e-05,-9.992361,4.5745972e-05,-9.992361
2624,1,0,3.23367e-05,-10.339275,0.5636987090110779,3.23367e-05,-10.339275,3.23367e-05,-10.339275
2625,0,1,0.9994254,7.4612923,0.7390566468238831,0.9994254,7.4612923,0.9994254,7.4612923
2626,1,0,2.294667e-05,-10.682315,0.5765401124954224,2.294667e-05,-10.682315,2.294667e-05,-10.682315
2627,0,1,0.99142754,4.7505937,1.0,0.99142754,4.7505937,0.99142754,4.7505937
2628,0,1,0.9972357,5.8881845,0.8764171004295349,0.9972357,5.8881845,0.9972357,5.8881845
2629,0,1,0.55557954,0.2232408,1.0,0.55557954,0.2232408,0.55557954,0.2232408
2630,0,1,0.9995845,7.785598,0.6339821815490723,0.9995845,7.785598,0.9995845,7.785598
2631,1,0,3.6781887e-05,-10.210468,0.6940553188323975,3.6781887e-05,-10.210468,3.6781887e-05,-10.210468
2632,1,0,3.669283e-05,-10.212893,0.700127899646759,3.669283e-05,-10.212893,3.669283e-05,-10.212893
2633,0,1,0.89309984,2.1228025,1.0,0.89309984,2.1228025,0.89309984,2.1228025
2634,1,0,9.351046e-05,-9.277344,0.5844323635101318,9.351046e-05,-9.277344,9.351046e-05,-9.277344
2635,1,0,5.5845077e-05,-9.792873,0.745155930519104,5.5845077e-05,-9.792873,5.5845077e-05,-9.792873
2636,1,0,2.349194e-05,-10.65883,0.6744939684867859,2.349194e-05,-10.65883,2.349194e-05,-10.65883
2637,1,0,3.4452252e-05,-10.275902,0.6915175318717957,3.4452252e-05,-10.275902,3.4452252e-05,-10.275902
2638,1,0,2.3068023e-05,-10.67704,0.7296605706214905,2.3068023e-05,-10.67704,2.3068023e-05,-10.67704
2639,0,1,0.98957527,4.553093,1.0,0.98957527,4.553093,0.98957527,4.553093
2640,0,1,0.9985056,6.5045214,0.869289219379425,0.9985056,6.5045214,0.9985056,6.5045214
2641,0,1,0.9093628,2.305879,1.0,0.9093628,2.305879,0.9093628,2.305879
2642,0,1,0.9996747,8.030398,0.884550929069519,0.9996747,8.030398,0.9996747,8.030398
2643,0,1,0.99813277,6.2814407,0.7592064142227173,0.99813277,6.2814407,0.99813277,6.2814407
2644,1,0,3.3276367e-05,-10.31063,0.6402813792228699,3.3276367e-05,-10.31063,3.3276367e-05,-10.31063
2645,1,0,4.3773343e-05,-10.036442,0.7624431848526001,4.3773343e-05,-10.036442,4.3773343e-05,-10.036442
2646,0,1,0.99964833,7.9523783,0.6521127223968506,0.99964833,7.9523783,0.99964833,7.9523783
2647,0,1,0.999181,7.1066103,0.7743886709213257,0.999181,7.1066103,0.999181,7.1066103
2648,0,1,0.9996549,7.9711294,0.3394480049610138,0.9996549,7.9711294,0.9996549,7.9711294
2649,1,0,3.4494693e-05,-10.274671,0.6548911333084106,3.4494693e-05,-10.274671,3.4494693e-05,-10.274671
2650,1,0,1.9536632e-05,-10.8432,0.6863431930541992,1.9536632e-05,-10.8432,1.9536632e-05,-10.8432
2651,1,0,3.371799e-05,-10.297445,0.7924885749816895,3.371799e-05,-10.297445,3.371799e-05,-10.297445
2652,1,0,6.178833e-05,-9.691734,0.8345606327056885,6.178833e-05,-9.691734,6.178833e-05,-9.691734
2653,1,0,4.9792776e-05,-9.907591,0.8252053260803223,4.9792776e-05,-9.907591,4.9792776e-05,-9.907591
2654,0,1,0.7626756,1.1674048,1.0,0.7626756,1.1674048,0.7626756,1.1674048
2655,0,1,0.99823725,6.3391447,0.7371200323104858,0.99823725,6.3391447,0.99823725,6.3391447
2656,0,1,0.9997929,8.4817915,0.5052219033241272,0.9997929,8.4817915,0.9997929,8.4817915
2657,0,1,0.99966955,8.014798,0.6127055883407593,0.99966955,8.014798,0.99966955,8.014798
2658,1,0,3.36016e-05,-10.300903,0.6615332365036011,3.36016e-05,-10.300903,3.36016e-05,-10.300903
2659,0,1,0.99909365,7.0051155,0.7217971086502075,0.99909365,7.0051155,0.99909365,7.0051155
2660,1,0,4.2839943e-05,-10.057997,0.7049664258956909,4.2839943e-05,-10.057997,4.2839943e-05,-10.057997
2661,0,1,0.9997414,8.260014,0.6919620037078857,0.9997414,8.260014,0.9997414,8.260014
2662,1,0,3.220824e-05,-10.343256,0.6158647537231445,3.220824e-05,-10.343256,3.220824e-05,-10.343256
2663,1,0,2.2063974e-05,-10.721542,0.6981472373008728,2.2063974e-05,-10.721542,2.2063974e-05,-10.721542
2664,0,1,0.7474246,1.0849237,1.0,0.7474246,1.0849237,0.7474246,1.0849237
2665,0,1,0.99980146,8.524179,0.7452629208564758,0.99980146,8.524179,0.99980146,8.524179
2666,0,1,0.8241791,1.544922,1.0,0.8241791,1.544922,0.8241791,1.544922
2667,0,1,0.9998357,8.714136,0.8384033441543579,0.9998357,8.714136,0.9998357,8.714136
2668,1,0,0.00025486544,-8.27452,0.6232991218566895,0.00025486544,-8.27452,0.00025486544,-8.27452
2669,1,0,0.4543708,-0.18302615,1.0,0.4543708,-0.18302615,0.4543708,-0.18302615
2670,0,1,0.99980444,8.539338,0.7142953276634216,0.99980444,8.539338,0.99980444,8.539338
2671,1,0,0.00033180616,-8.010628,0.6807685494422913,0.00033180616,-8.010628,0.00033180616,-8.010628
2672,0,1,0.99984837,8.794429,0.6728371977806091,0.99984837,8.794429,0.99984837,8.794429
2673,1,0,2.4427754e-05,-10.619766,0.8046960830688477,2.4427754e-05,-10.619766,2.4427754e-05,-10.619766
2674,0,1,0.9974427,5.9662294,0.5856822729110718,0.9974427,5.9662294,0.9974427,5.9662294
2675,1,0,7.034075e-05,-9.562089,0.8549227118492126,7.034075e-05,-9.562089,7.034075e-05,-9.562089
2676,1,0,0.06328981,-2.6946495,1.0,0.06328981,-2.6946495,0.06328981,-2.6946495
2677,0,1,0.99989164,9.130291,0.7694566249847412,0.99989164,9.130291,0.99989164,9.130291
2678,0,1,0.8626468,1.8374496,1.0,0.8626468,1.8374496,0.8626468,1.8374496
2679,0,1,0.95207834,2.9890804,1.0,0.95207834,2.9890804,0.95207834,2.9890804
2680,0,1,0.99981767,8.609273,0.737424373626709,0.99981767,8.609273,0.99981767,8.609273
2681,0,1,0.99978906,8.463482,0.5871273875236511,0.99978906,8.463482,0.99978906,8.463482
2682,1,0,4.787958e-05,-9.946774,0.5999889373779297,4.787958e-05,-9.946774,4.787958e-05,-9.946774
2683,1,0,3.6151e-05,-10.22777,0.6142222285270691,3.6151e-05,-10.22777,3.6151e-05,-10.22777
2684,1,0,4.2838845e-05,-10.0580225,0.6068928837776184,4.2838845e-05,-10.0580225,4.2838845e-05,-10.0580225
2685,1,0,3.9947863e-05,-10.127895,0.6518956422805786,3.9947863e-05,-10.127895,3.9947863e-05,-10.127895
2686,1,0,0.41966173,-0.32416221,1.0,0.41966173,-0.32416221,0.41966173,-0.32416221
2687,1,0,4.8697028e-05,-9.929844,0.741183876991272,4.8697028e-05,-9.929844,4.8697028e-05,-9.929844
2688,0,1,0.9982352,6.3379736,0.6029488444328308,0.9982352,6.3379736,0.9982352,6.3379736
2689,1,0,2.9564195e-05,-10.428917,0.8051136136054993,2.9564195e-05,-10.428917,2.9564195e-05,-10.428917
2690,0,1,0.9048412,2.2522123,1.0,0.9048412,2.2522123,0.9048412,2.2522123
2691,1,0,3.1557058e-05,-10.363682,0.6889910101890564,3.1557058e-05,-10.363682,3.1557058e-05,-10.363682
2692,1,0,2.7690108e-05,-10.494408,0.5758447051048279,2.7690108e-05,-10.494408,2.7690108e-05,-10.494408
2693,0,1,0.9997918,8.476812,0.8048478364944458,0.9997918,8.476812,0.9997918,8.476812
2694,0,1,0.906726,2.2742991,1.0,0.906726,2.2742991,0.906726,2.2742991
2695,0,1,0.99908316,6.993626,0.6423061490058899,0.99908316,6.993626,0.99908316,6.993626
2696,0,1,0.9998758,8.993151,0.7756964564323425,0.9998758,8.993151,0.9998758,8.993151
2697,0,1,0.66130507,0.6691156,1.0,0.66130507,0.6691156,0.66130507,0.6691156
2698,1,0,6.8020105e-05,-9.595639,0.7469897270202637,6.8020105e-05,-9.595639,6.8020105e-05,-9.595639
2699,1,0,5.1214556e-05,-9.879436,0.5551405549049377,5.1214556e-05,-9.879436,5.1214556e-05,-9.879436
2700,0,1,0.9999398,9.7184925,0.46863824129104614,0.9999398,9.7184925,0.9999398,9.7184925
2701,1,0,2.850364e-05,-10.46545,0.5629491209983826,2.850364e-05,-10.46545,2.850364e-05,-10.46545
2702,1,0,5.631032e-05,-9.784576,0.7402014136314392,5.631032e-05,-9.784576,5.631032e-05,-9.784576
2703,1,0,5.3295193e-05,-9.839611,0.6016899347305298,5.3295193e-05,-9.839611,5.3295193e-05,-9.839611
2704,0,1,0.99971884,8.17626,0.5660279989242554,0.99971884,8.17626,0.99971884,8.17626
2705,1,0,5.51512e-05,-9.805377,0.832527756690979,5.51512e-05,-9.805377,5.51512e-05,-9.805377
2706,1,0,0.31497204,-0.77697587,1.0,0.31497204,-0.77697587,0.31497204,-0.77697587
2707,0,1,0.9992392,7.1803565,0.8033372759819031,0.9992392,7.1803565,0.9992392,7.1803565
2708,1,0,3.608029e-05,-10.229728,0.7816764116287231,3.608029e-05,-10.229728,3.608029e-05,-10.229728
2709,0,1,0.999861,8.881028,0.7421783208847046,0.999861,8.881028,0.999861,8.881028
2710,1,0,4.415562e-05,-10.027746,0.7444168925285339,4.415562e-05,-10.027746,4.415562e-05,-10.027746
2711,0,1,0.78856903,1.3163211,1.0,0.78856903,1.3163211,0.78856903,1.3163211
2712,0,1,0.9996189,7.872235,0.6301072239875793,0.9996189,7.872235,0.9996189,7.872235
2713,1,0,3.9403185e-05,-10.141624,0.4840536117553711,3.9403185e-05,-10.141624,3.9403185e-05,-10.141624
2714,1,0,3.625948e-05,-10.224773,0.563081681728363,3.625948e-05,-10.224773,3.625948e-05,-10.224773
2715,1,0,6.293246e-05,-9.673386,0.702854335308075,6.293246e-05,-9.673386,6.293246e-05,-9.673386
2716,1,0,4.147332e-05,-10.090419,0.5848771333694458,4.147332e-05,-10.090419,4.147332e-05,-10.090419
2717,1,0,4.3528908e-05,-10.042042,0.7826934456825256,4.3528908e-05,-10.042042,4.3528908e-05,-10.042042
2718,0,1,0.9998202,8.623117,0.8494948744773865,0.9998202,8.623117,0.9998202,8.623117
2719,0,1,0.9998274,8.664276,0.549709141254425,0.9998274,8.664276,0.9998274,8.664276
2720,0,1,0.9998971,9.181544,0.6380718946456909,0.9998971,9.181544,0.9998971,9.181544
2721,0,1,0.9996655,8.002564,0.7157652378082275,0.9996655,8.002564,0.9996655,8.002564
2722,1,0,3.353706e-05,-10.302826,0.7882258892059326,3.353706e-05,-10.302826,3.353706e-05,-10.302826
2723,1,0,4.033838e-05,-10.118167,0.7110286951065063,4.033838e-05,-10.118167,4.033838e-05,-10.118167
2724,0,1,0.9995339,7.6705513,0.6093772053718567,0.9995339,7.6705513,0.9995339,7.6705513
2725,0,1,0.8291134,1.5793568,1.0,0.8291134,1.5793568,0.8291134,1.5793568
2726,1,0,3.696262e-05,-10.205566,0.5250857472419739,3.696262e-05,-10.205566,3.696262e-05,-10.205566
2727,0,1,0.98913133,4.510936,1.0,0.98913133,4.510936,0.98913133,4.510936
2728,1,0,2.8602917e-05,-10.461973,0.6448338627815247,2.8602917e-05,-10.461973,2.8602917e-05,-10.461973
2729,0,1,0.98482656,4.1729183,1.0,0.98482656,4.1729183,0.98482656,4.1729183
2730,1,0,4.698786e-05,-9.965574,0.5351241827011108,4.698786e-05,-9.965574,4.698786e-05,-9.965574
2731,1,0,0.3080724,-0.8091465,1.0,0.3080724,-0.8091465,0.3080724,-0.8091465
2732,1,0,3.62992e-05,-10.223679,0.6237898468971252,3.62992e-05,-10.223679,3.62992e-05,-10.223679
2733,0,1,0.999778,8.41231,0.6693810820579529,0.999778,8.41231,0.999778,8.41231
2734,1,0,4.845217e-05,-9.934885,0.6245968341827393,4.845217e-05,-9.934885,4.845217e-05,-9.934885
2735,0,1,0.9996444,7.941435,0.6074625849723816,0.9996444,7.941435,0.9996444,7.941435
2736,0,1,0.9990308,6.9381275,0.6387673616409302,0.9990308,6.9381275,0.9990308,6.9381275
2737,1,1,0.5090176,0.036074437,1.0,0.5090176,0.036074437,0.5090176,0.036074437
2738,0,1,0.77195615,1.2193897,1.0,0.77195615,1.2193897,0.77195615,1.2193897
2739,1,0,4.427592e-05,-10.025025,0.6512912511825562,4.427592e-05,-10.025025,4.427592e-05,-10.025025
2740,1,0,0.33338934,-0.6928951,1.0,0.33338934,-0.6928951,0.33338934,-0.6928951
2741,0,1,0.7802834,1.2673186,1.0,0.7802834,1.2673186,0.7802834,1.2673186
2742,1,0,1.8896995e-05,-10.876489,0.7621360421180725,1.8896995e-05,-10.876489,1.8896995e-05,-10.876489
2743,1,0,3.5164114e-05,-10.255449,0.6552252769470215,3.5164114e-05,-10.255449,3.5164114e-05,-10.255449
2744,0,1,0.9981401,6.2853575,0.754284679889679,0.9981401,6.2853575,0.9981401,6.2853575
2745,1,0,2.8578108e-05,-10.462841,0.8380628824234009,2.8578108e-05,-10.462841,2.8578108e-05,-10.462841
2746,0,1,0.9947731,5.2486916,1.0,0.9947731,5.2486916,0.9947731,5.2486916
2747,1,0,7.214494e-05,-9.536761,0.7105125784873962,7.214494e-05,-9.536761,7.214494e-05,-9.536761
2748,1,0,0.00014396648,-8.845786,0.5758036971092224,0.00014396648,-8.845786,0.00014396648,-8.845786
2749,0,1,0.9998004,8.518914,0.8024412989616394,0.9998004,8.518914,0.9998004,8.518914
2750,0,1,0.9998766,9.000597,0.5580572485923767,0.9998766,9.000597,0.9998766,9.000597
2751,1,0,4.701493e-05,-9.964998,0.7297664284706116,4.701493e-05,-9.964998,4.701493e-05,-9.964998
2752,1,0,2.625784e-05,-10.54752,0.6037870049476624,2.625784e-05,-10.54752,2.625784e-05,-10.54752
2753,1,0,0.00013683186,-8.896621,0.651853084564209,0.00013683186,-8.896621,0.00013683186,-8.896621
2754,1,0,3.2341697e-05,-10.339121,0.6897213459014893,3.2341697e-05,-10.339121,3.2341697e-05,-10.339121
2755,1,0,4.789301e-05,-9.946493,0.7940289974212646,4.789301e-05,-9.946493,4.789301e-05,-9.946493
2756,1,0,3.9274582e-05,-10.144894,0.6512409448623657,3.9274582e-05,-10.144894,3.9274582e-05,-10.144894
2757,1,0,7.22706e-05,-9.535021,0.6171656847000122,7.22706e-05,-9.535021,7.22706e-05,-9.535021
2758,1,0,0.31466532,-0.77839774,1.0,0.31466532,-0.77839774,0.31466532,-0.77839774
2759,0,1,0.9998802,9.030062,0.6403422951698303,0.9998802,9.030062,0.9998802,9.030062
2760,1,0,2.882065e-05,-10.45439,0.6786440014839172,2.882065e-05,-10.45439,2.882065e-05,-10.45439
2761,0,1,0.9949255,5.278434,0.690457284450531,0.9949255,5.278434,0.9949255,5.278434
2762,0,1,0.9993678,7.3656225,0.904914379119873,0.9993678,7.3656225,0.9993678,7.3656225
2763,1,0,5.2989613e-05,-9.845362,0.6191740036010742,5.2989613e-05,-9.845362,5.2989613e-05,-9.845362
2764,0,1,0.99986696,8.924439,0.6625226140022278,0.99986696,8.924439,0.99986696,8.924439
2765,1,0,4.4810495e-05,-10.013023,0.6572080850601196,4.4810495e-05,-10.013023,4.4810495e-05,-10.013023
2766,0,1,0.99989164,9.130358,0.636202871799469,0.99989164,9.130358,0.99989164,9.130358
2767,1,0,5.7610374e-05,-9.76175,0.6481013894081116,5.7610374e-05,-9.76175,5.7610374e-05,-9.76175
2768,0,1,0.9997893,8.464694,0.6716302633285522,0.9997893,8.464694,0.9997893,8.464694
2769,1,0,2.664273e-05,-10.532968,0.6725689768791199,2.664273e-05,-10.532968,2.664273e-05,-10.532968
2770,1,0,0.27762493,-0.95627344,1.0,0.27762493,-0.95627344,0.27762493,-0.95627344
2771,0,1,0.9998159,8.5998335,0.6748678088188171,0.9998159,8.5998335,0.9998159,8.5998335
2772,0,1,0.99959797,7.8185034,0.6917095184326172,0.99959797,7.8185034,0.99959797,7.8185034
2773,1,0,9.900601e-05,-9.220231,0.6995438933372498,9.900601e-05,-9.220231,9.900601e-05,-9.220231
2774,1,0,3.8483657e-05,-10.165238,0.7848322987556458,3.8483657e-05,-10.165238,3.8483657e-05,-10.165238
2775,0,1,0.9999169,9.396068,0.558299720287323,0.9999169,9.396068,0.9999169,9.396068
2776,1,0,1.946082e-05,-10.847088,0.6912540197372437,1.946082e-05,-10.847088,1.946082e-05,-10.847088
2777,0,1,0.999198,7.1276326,0.7909296154975891,0.999198,7.1276326,0.999198,7.1276326
2778,1,0,4.7854886e-05,-9.947289,0.8505295515060425,4.7854886e-05,-9.947289,4.7854886e-05,-9.947289
2779,1,0,3.3140823e-05,-10.314712,0.6927310228347778,3.3140823e-05,-10.314712,3.3140823e-05,-10.314712
2780,1,0,2.3486742e-05,-10.659051,0.6697222590446472,2.3486742e-05,-10.659051,2.3486742e-05,-10.659051
2781,1,0,2.112237e-05,-10.765157,0.5479077100753784,2.112237e-05,-10.765157,2.112237e-05,-10.765157
2782,1,0,0.4264136,-0.2964989,1.0,0.4264136,-0.2964989,0.4264136,-0.2964989
2783,1,0,5.1121606e-05,-9.881252,0.6857951879501343,5.1121606e-05,-9.881252,5.1121606e-05,-9.881252
2784,1,0,1.7028045e-05,-10.980632,0.7699951529502869,1.7028045e-05,-10.980632,1.7028045e-05,-10.980632
2785,1,0,2.8917835e-05,-10.451023,0.7586902976036072,2.8917835e-05,-10.451023,2.8917835e-05,-10.451023
2786,0,1,0.99853396,6.5237513,0.7371821999549866,0.99853396,6.5237513,0.99853396,6.5237513
2787,1,0,4.8864633e-05,-9.926408,0.7120659351348877,4.8864633e-05,-9.926408,4.8864633e-05,-9.926408
2788,0,1,0.9792573,3.854602,1.0,0.9792573,3.854602,0.9792573,3.854602
2789,0,1,0.77042335,1.2107029,1.0,0.77042335,1.2107029,0.77042335,1.2107029
2790,0,1,0.99979943,8.513774,0.7731808423995972,0.99979943,8.513774,0.99979943,8.513774
2791,0,1,0.9997429,8.265722,0.5517014265060425,0.9997429,8.265722,0.9997429,8.265722
2792,0,1,0.99954295,7.6903276,0.5852148532867432,0.99954295,7.6903276,0.99954295,7.6903276
2793,1,0,2.8628512e-05,-10.461079,0.6968826651573181,2.8628512e-05,-10.461079,2.8628512e-05,-10.461079
2794,1,0,5.0601706e-05,-9.891475,0.6895158290863037,5.0601706e-05,-9.891475,5.0601706e-05,-9.891475
2795,1,0,2.5788366e-05,-10.565561,0.7164241075515747,2.5788366e-05,-10.565561,2.5788366e-05,-10.565561
2796,1,0,6.563097e-05,-9.631397,0.8053510785102844,6.563097e-05,-9.631397,6.563097e-05,-9.631397
2797,0,1,0.9880953,4.418844,1.0,0.9880953,4.418844,0.9880953,4.418844
2798,0,1,0.9997242,8.1956625,0.6163422465324402,0.9997242,8.1956625,0.9997242,8.1956625
2799,0,1,0.9500034,2.9445105,1.0,0.9500034,2.9445105,0.9500034,2.9445105
2800,1,0,3.33683e-05,-10.307871,0.8656235933303833,3.33683e-05,-10.307871,3.33683e-05,-10.307871
2801,1,0,8.7399516e-05,-9.3449335,0.6183057427406311,8.7399516e-05,-9.3449335,8.7399516e-05,-9.3449335
2802,1,0,3.34616e-05,-10.3050785,0.635719895362854,3.34616e-05,-10.3050785,3.34616e-05,-10.3050785
2803,0,1,0.9924436,4.877775,1.0,0.9924436,4.877775,0.9924436,4.877775
2804,0,1,0.7563295,1.1326599,1.0,0.7563295,1.1326599,0.7563295,1.1326599
2805,1,0,3.029279e-05,-10.404571,0.8162164092063904,3.029279e-05,-10.404571,3.029279e-05,-10.404571
2806,1,0,7.639288e-05,-9.479545,0.8389604091644287,7.639288e-05,-9.479545,7.639288e-05,-9.479545
2807,1,0,0.027299993,-3.5731893,1.0,0.027299993,-3.5731893,0.027299993,-3.5731893
2808,0,1,0.8091442,1.4444591,1.0,0.8091442,1.4444591,0.8091442,1.4444591
2809,1,0,0.00018477275,-8.596199,0.6060993075370789,0.00018477275,-8.596199,0.00018477275,-8.596199
2810,1,0,3.7309434e-05,-10.196227,0.6643542647361755,3.7309434e-05,-10.196227,3.7309434e-05,-10.196227
2811,1,0,4.263771e-05,-10.062729,0.7302684783935547,4.263771e-05,-10.062729,4.263771e-05,-10.062729
2812,0,1,0.99990475,9.258833,0.5907144546508789,0.99990475,9.258833,0.99990475,9.258833
2813,0,1,0.9997929,8.482028,0.7298032641410828,0.9997929,8.482028,0.9997929,8.482028
2814,0,1,0.9997584,8.327827,0.7991204261779785,0.9997584,8.327827,0.9997584,8.327827
2815,0,1,0.8856418,2.0469768,1.0,0.8856418,2.0469768,0.8856418,2.0469768
2816,1,0,6.272743e-05,-9.676649,0.6994873881340027,6.272743e-05,-9.676649,6.272743e-05,-9.676649
2817,1,0,2.3384762e-05,-10.663403,0.6504830718040466,2.3384762e-05,-10.663403,2.3384762e-05,-10.663403
2818,1,0,3.457149e-05,-10.272447,0.8107461333274841,3.457149e-05,-10.272447,3.457149e-05,-10.272447
2819,1,0,6.369434e-05,-9.661351,0.6564135551452637,6.369434e-05,-9.661351,6.369434e-05,-9.661351
2820,1,0,3.6338093e-05,-10.222608,0.8108491897583008,3.6338093e-05,-10.222608,3.6338093e-05,-10.222608
2821,0,1,0.98563,4.2281375,1.0,0.98563,4.2281375,0.98563,4.2281375
2822,0,1,0.78163785,1.2752367,1.0,0.78163785,1.2752367,0.78163785,1.2752367
2823,1,0,5.50087e-05,-9.807964,0.479460209608078,5.50087e-05,-9.807964,5.50087e-05,-9.807964
2824,1,0,3.4260942e-05,-10.28147,0.6449852585792542,3.4260942e-05,-10.28147,3.4260942e-05,-10.28147
2825,0,1,0.7343782,1.0169508,1.0,0.7343782,1.0169508,0.7343782,1.0169508
2826,1,0,6.1403e-05,-9.69799,0.6218551993370056,6.1403e-05,-9.69799,6.1403e-05,-9.69799
2827,1,0,2.7919681e-05,-10.486151,0.6525046229362488,2.7919681e-05,-10.486151,2.7919681e-05,-10.486151
2828,0,1,0.93943816,2.7416167,1.0,0.93943816,2.7416167,0.93943816,2.7416167
2829,0,1,0.6239782,0.5064682,1.0,0.6239782,0.5064682,0.6239782,0.5064682
2830,0,1,0.9998472,8.786186,0.7359179854393005,0.9998472,8.786186,0.9998472,8.786186
2831,1,0,3.1096904e-05,-10.378371,0.580950140953064,3.1096904e-05,-10.378371,3.1096904e-05,-10.378371
2832,1,0,4.0059338e-05,-10.125109,0.8336628675460815,4.0059338e-05,-10.125109,4.0059338e-05,-10.125109
2833,1,0,3.3037606e-05,-10.317831,0.6541318297386169,3.3037606e-05,-10.317831,3.3037606e-05,-10.317831
2834,1,0,3.3249056e-05,-10.311451,0.7665820121765137,3.3249056e-05,-10.311451,3.3249056e-05,-10.311451
2835,0,1,0.980352,3.9099321,1.0,0.980352,3.9099321,0.980352,3.9099321
2836,1,0,2.7257835e-05,-10.510142,0.6333796381950378,2.7257835e-05,-10.510142,2.7257835e-05,-10.510142
2837,0,1,0.9997713,8.382641,0.7773415446281433,0.9997713,8.382641,0.9997713,8.382641
2838,1,0,5.872675e-05,-9.742557,0.5291575789451599,5.872675e-05,-9.742557,5.872675e-05,-9.742557
2839,1,0,8.5889595e-05,-9.362362,0.7950916886329651,8.5889595e-05,-9.362362,8.5889595e-05,-9.362362
2840,1,0,4.7744987e-05,-9.949589,0.7976564764976501,4.7744987e-05,-9.949589,4.7744987e-05,-9.949589
2841,1,0,0.038232382,-3.22509,1.0,0.038232382,-3.22509,0.038232382,-3.22509
2842,0,1,0.9997875,8.456207,0.6470298767089844,0.9997875,8.456207,0.9997875,8.456207
2843,1,0,2.4161154e-05,-10.63074,0.7827067375183105,2.4161154e-05,-10.63074,2.4161154e-05,-10.63074
2844,0,1,0.9998217,8.631657,0.6868160367012024,0.9998217,8.631657,0.9998217,8.631657
2845,1,0,2.6602134e-05,-10.5344925,0.6163473129272461,2.6602134e-05,-10.5344925,2.6602134e-05,-10.5344925
2846,1,0,3.9930957e-05,-10.128319,0.7520925998687744,3.9930957e-05,-10.128319,3.9930957e-05,-10.128319
2847,1,0,4.290818e-05,-10.056405,0.8404034376144409,4.290818e-05,-10.056405,4.290818e-05,-10.056405
2848,1,0,5.686869e-05,-9.774709,0.6982637047767639,5.686869e-05,-9.774709,5.686869e-05,-9.774709
2849,0,1,0.9657882,3.3403728,1.0,0.9657882,3.3403728,0.9657882,3.3403728
2850,1,0,5.7447716e-05,-9.764578,0.7285119295120239,5.7447716e-05,-9.764578,5.7447716e-05,-9.764578
2851,1,0,3.64912e-05,-10.218403,0.5649842619895935,3.64912e-05,-10.218403,3.64912e-05,-10.218403
2852,0,1,0.9978951,6.161409,0.7600018978118896,0.9978951,6.161409,0.9978951,6.161409
2853,1,0,2.3774042e-05,-10.646893,0.5656428337097168,2.3774042e-05,-10.646893,2.3774042e-05,-10.646893
2854,1,0,8.1624414e-05,-9.4133005,0.8594253659248352,8.1624414e-05,-9.4133005,8.1624414e-05,-9.4133005
2855,0,1,0.99663216,5.690105,0.8180161118507385,0.99663216,5.690105,0.99663216,5.690105
2856,0,1,0.99771667,6.0798354,0.6239830255508423,0.99771667,6.0798354,0.99771667,6.0798354
2857,1,0,0.45011955,-0.20018771,1.0,0.45011955,-0.20018771,0.45011955,-0.20018771
2858,1,0,2.6077492e-05,-10.554412,0.6451836824417114,2.6077492e-05,-10.554412,2.6077492e-05,-10.554412
2859,1,0,3.8613423e-05,-10.161872,0.4646375775337219,3.8613423e-05,-10.161872,3.8613423e-05,-10.161872
2860,0,1,0.9999032,9.243179,0.4778233766555786,0.9999032,9.243179,0.9999032,9.243179
2861,1,0,4.6090197e-05,-9.984864,0.6975376009941101,4.6090197e-05,-9.984864,4.6090197e-05,-9.984864
2862,0,1,0.95500433,3.0551484,1.0,0.95500433,3.0551484,0.95500433,3.0551484
2863,0,1,0.9997837,8.43847,0.6362600326538086,0.9997837,8.43847,0.9997837,8.43847
2864,0,1,0.9990876,6.9984436,0.796597421169281,0.9990876,6.9984436,0.9990876,6.9984436
2865,0,1,0.9998011,8.522591,0.7396838068962097,0.9998011,8.522591,0.9998011,8.522591
2866,0,1,0.9762532,3.7162755,1.0,0.9762532,3.7162755,0.9762532,3.7162755
2867,0,1,0.9996613,7.990095,0.6715992093086243,0.9996613,7.990095,0.9996613,7.990095
2868,0,1,0.95254594,2.999376,1.0,0.95254594,2.999376,0.95254594,2.999376
2869,0,1,0.9995584,7.724659,0.664021372795105,0.9995584,7.724659,0.9995584,7.724659
2870,0,1,0.9987398,6.675168,0.8057985901832581,0.9987398,6.675168,0.9987398,6.675168
2871,0,1,0.99960893,7.8462033,0.6799715161323547,0.99960893,7.8462033,0.99960893,7.8462033
2872,0,1,0.9998642,8.90429,0.7350029945373535,0.9998642,8.90429,0.9998642,8.90429
2873,1,0,0.16321918,-1.6344682,1.0,0.16321918,-1.6344682,0.16321918,-1.6344682
2874,0,1,0.92378694,2.4949493,1.0,0.92378694,2.4949493,0.92378694,2.4949493
2875,1,0,4.9898917e-05,-9.905461,0.8435933589935303,4.9898917e-05,-9.905461,4.9898917e-05,-9.905461
2876,1,0,2.9727038e-05,-10.423424,0.8597195148468018,2.9727038e-05,-10.423424,2.9727038e-05,-10.423424
2877,0,1,0.6399241,0.57503474,1.0,0.6399241,0.57503474,0.6399241,0.57503474
2878,1,0,3.38754e-05,-10.292788,0.7963838577270508,3.38754e-05,-10.292788,3.38754e-05,-10.292788
2879,0,1,0.9985459,6.5318756,1.0,0.9985459,6.5318756,0.9985459,6.5318756
2880,1,0,3.4858247e-05,-10.264186,0.6804340481758118,3.4858247e-05,-10.264186,3.4858247e-05,-10.264186
2881,0,1,0.66605073,0.6903767,1.0,0.66605073,0.6903767,0.66605073,0.6903767
2882,0,1,0.99948335,7.5675764,0.7245286107063293,0.99948335,7.5675764,0.99948335,7.5675764
2883,0,1,0.9998031,8.532522,0.6606043577194214,0.9998031,8.532522,0.9998031,8.532522
2884,0,1,0.99943024,7.4697533,0.8831599950790405,0.99943024,7.4697533,0.99943024,7.4697533
2885,1,0,4.878976e-05,-9.927941,0.6953199505805969,4.878976e-05,-9.927941,4.878976e-05,-9.927941
2886,0,1,0.99984,8.740665,0.7159347534179688,0.99984,8.740665,0.99984,8.740665
2887,1,0,3.190267e-05,-10.352789,0.674198567867279,3.190267e-05,-10.352789,3.190267e-05,-10.352789
2888,1,0,4.5191744e-05,-10.004551,0.7718639373779297,4.5191744e-05,-10.004551,4.5191744e-05,-10.004551
2889,0,1,0.99987507,8.987589,0.7676625847816467,0.99987507,8.987589,0.99987507,8.987589
2890,1,0,4.5463545e-05,-9.998554,0.7224108576774597,4.5463545e-05,-9.998554,4.5463545e-05,-9.998554
2891,1,0,6.872597e-05,-9.585315,0.6649854183197021,6.872597e-05,-9.585315,6.872597e-05,-9.585315
2892,1,0,5.655723e-05,-9.780201,0.7717509269714355,5.655723e-05,-9.780201,5.655723e-05,-9.780201
2893,0,1,0.86803645,1.8837082,1.0,0.86803645,1.8837082,0.86803645,1.8837082
2894,0,1,0.9979538,6.189698,0.6297473907470703,0.9979538,6.189698,0.9979538,6.189698
2895,0,1,0.99422437,5.1483154,1.0,0.99422437,5.1483154,0.99422437,5.1483154
2896,0,1,0.99985623,8.847559,0.7056777477264404,0.99985623,8.847559,0.99985623,8.847559
2897,1,0,0.40831038,-0.37095445,1.0,0.40831038,-0.37095445,0.40831038,-0.37095445
2898,0,1,0.9997857,8.448017,0.6094090342521667,0.9997857,8.448017,0.9997857,8.448017
2899,1,0,2.5822179e-05,-10.564251,0.7533960938453674,2.5822179e-05,-10.564251,2.5822179e-05,-10.564251
2900,1,0,3.54249e-05,-10.24806,0.6916206479072571,3.54249e-05,-10.24806,3.54249e-05,-10.24806
2901,1,0,6.668828e-05,-9.615415,0.8124014735221863,6.668828e-05,-9.615415,6.668828e-05,-9.615415
2902,0,1,0.9985262,6.5184827,0.6067410111427307,0.9985262,6.5184827,0.9985262,6.5184827
2903,1,0,3.5136294e-05,-10.256241,0.7552876472473145,3.5136294e-05,-10.256241,3.5136294e-05,-10.256241
2904,0,1,0.99875295,6.6857686,0.8057532906532288,0.99875295,6.6857686,0.99875295,6.6857686
2905,0,1,0.9997607,8.337352,0.7187483906745911,0.9997607,8.337352,0.9997607,8.337352
2906,1,0,0.07978467,-2.4452763,1.0,0.07978467,-2.4452763,0.07978467,-2.4452763
2907,0,1,0.9991535,7.073553,0.7262042760848999,0.9991535,7.073553,0.9991535,7.073553
2908,1,0,3.208023e-05,-10.347239,0.5999748706817627,3.208023e-05,-10.347239,3.208023e-05,-10.347239
2909,0,1,0.99991,9.31511,0.8133296966552734,0.99991,9.31511,0.99991,9.31511
2910,1,0,8.7965316e-05,-9.33848,0.7424220442771912,8.7965316e-05,-9.33848,8.7965316e-05,-9.33848
2911,1,0,5.5973516e-05,-9.790576,0.5943248271942139,5.5973516e-05,-9.790576,5.5973516e-05,-9.790576
2912,1,0,0.2609234,-1.0411748,1.0,0.2609234,-1.0411748,0.2609234,-1.0411748
2913,1,0,4.532377e-05,-10.001634,0.5126113295555115,4.532377e-05,-10.001634,4.532377e-05,-10.001634
2914,1,0,0.00022646373,-8.392699,0.6781168580055237,0.00022646373,-8.392699,0.00022646373,-8.392699
2915,0,1,0.9999558,10.027081,0.6636815071105957,0.9999558,10.027081,0.9999558,10.027081
2916,0,1,0.82293963,1.536392,1.0,0.82293963,1.536392,0.82293963,1.536392
2917,0,1,0.9729049,3.5809324,1.0,0.9729049,3.5809324,0.9729049,3.5809324
2918,1,0,3.5263245e-05,-10.252634,0.6040262579917908,3.5263245e-05,-10.252634,3.5263245e-05,-10.252634
2919,0,1,0.9841303,4.1273503,1.0,0.9841303,4.1273503,0.9841303,4.1273503
2920,0,1,0.9998485,8.795069,0.5061478018760681,0.9998485,8.795069,0.9998485,8.795069
2921,0,1,0.99855965,6.5414267,0.6748033761978149,0.99855965,6.5414267,0.99855965,6.5414267
2922,0,1,0.9775352,3.7730834,1.0,0.9775352,3.7730834,0.9775352,3.7730834
2923,0,1,0.99960655,7.8399506,0.7398040890693665,0.99960655,7.8399506,0.99960655,7.8399506
2924,1,0,3.5672034e-05,-10.241108,0.6929999589920044,3.5672034e-05,-10.241108,3.5672034e-05,-10.241108
2925,0,1,0.7618994,1.1631213,1.0,0.7618994,1.1631213,0.7618994,1.1631213
2926,1,0,4.1552612e-05,-10.088509,0.6499872803688049,4.1552612e-05,-10.088509,4.1552612e-05,-10.088509
2927,1,0,3.380824e-05,-10.294772,0.7492173314094543,3.380824e-05,-10.294772,3.380824e-05,-10.294772
2928,1,0,4.034511e-05,-10.118,0.6659247875213623,4.034511e-05,-10.118,4.034511e-05,-10.118
2929,0,1,0.9994849,7.5706997,0.7333635687828064,0.9994849,7.5706997,0.9994849,7.5706997
2930,0,1,0.99981827,8.6126585,0.7286277413368225,0.99981827,8.6126585,0.99981827,8.6126585
2931,0,1,0.9990355,6.9429064,0.5158467292785645,0.9990355,6.9429064,0.9990355,6.9429064
2932,1,0,0.05387172,-2.8657725,1.0,0.05387172,-2.8657725,0.05387172,-2.8657725
2933,0,1,0.9997538,8.309204,0.73795086145401,0.9997538,8.309204,0.9997538,8.309204
2934,1,0,0.39768144,-0.41513526,1.0,0.39768144,-0.41513526,0.39768144,-0.41513526
2935,1,0,0.00037636276,-7.8845806,0.6680150032043457,0.00037636276,-7.8845806,0.00037636276,-7.8845806
2936,1,0,2.9483308e-05,-10.431657,0.5646500587463379,2.9483308e-05,-10.431657,2.9483308e-05,-10.431657
2937,1,0,3.404426e-05,-10.287815,0.8542256951332092,3.404426e-05,-10.287815,3.404426e-05,-10.287815
2938,0,1,0.9982658,6.3554254,0.6677308082580566,0.9982658,6.3554254,0.9982658,6.3554254
2939,1,0,2.8132106e-05,-10.478571,0.6246908903121948,2.8132106e-05,-10.478571,2.8132106e-05,-10.478571
2940,1,0,5.9163223e-05,-9.735151,0.7257609367370605,5.9163223e-05,-9.735151,5.9163223e-05,-9.735151
2941,1,0,3.592041e-05,-10.234169,0.7774509787559509,3.592041e-05,-10.234169,3.592041e-05,-10.234169
2942,1,0,6.095506e-05,-9.705313,0.8243818283081055,6.095506e-05,-9.705313,6.095506e-05,-9.705313
2943,1,0,3.349551e-05,-10.304066,0.5847338438034058,3.349551e-05,-10.304066,3.349551e-05,-10.304066
2944,1,0,5.3057258e-05,-9.844086,0.7647642493247986,5.3057258e-05,-9.844086,5.3057258e-05,-9.844086
2945,0,1,0.9997793,8.4185915,0.8586147427558899,0.9997793,8.4185915,0.9997793,8.4185915
2946,0,1,0.7807039,1.2697731,1.0,0.7807039,1.2697731,0.7807039,1.2697731
2947,0,1,0.9999337,9.621687,0.6792331337928772,0.9999337,9.621687,0.9999337,9.621687
2948,1,0,0.054762483,-2.8484309,1.0,0.054762483,-2.8484309,0.054762483,-2.8484309
2949,0,1,0.98462266,4.1593614,0.6677647233009338,0.98462266,4.1593614,0.98462266,4.1593614
2950,0,1,0.99980634,8.549381,0.6029071807861328,0.99980634,8.549381,0.99980634,8.549381
2951,0,1,0.9998481,8.792407,0.7397637963294983,0.9998481,8.792407,0.9998481,8.792407
2952,0,1,0.9998511,8.812399,0.7324255704879761,0.9998511,8.812399,0.9998511,8.812399
2953,1,0,2.6326741e-05,-10.544899,0.8076823353767395,2.6326741e-05,-10.544899,2.6326741e-05,-10.544899
2954,1,0,3.9421753e-05,-10.141153,0.7881633639335632,3.9421753e-05,-10.141153,3.9421753e-05,-10.141153
2955,0,1,0.99977964,8.420247,0.8167128562927246,0.99977964,8.420247,0.99977964,8.420247
2956,1,0,2.2145745e-05,-10.717843,0.5700074434280396,2.2145745e-05,-10.717843,2.2145745e-05,-10.717843
2957,0,1,0.999856,8.845693,0.701750636100769,0.999856,8.845693,0.999856,8.845693
2958,1,0,7.477325e-05,-9.500976,0.6856425404548645,7.477325e-05,-9.500976,7.477325e-05,-9.500976
2959,0,1,0.99966955,8.014743,0.7652791142463684,0.99966955,8.014743,0.99966955,8.014743
2960,1,0,4.5892302e-05,-9.989167,0.7621291279792786,4.5892302e-05,-9.989167,4.5892302e-05,-9.989167
2961,0,1,0.63942266,0.5728591,1.0,0.63942266,0.5728591,0.63942266,0.5728591
2962,0,1,0.9999058,9.270492,0.5064293742179871,0.9999058,9.270492,0.9999058,9.270492
2963,1,0,5.1273346e-05,-9.878288,0.7861649394035339,5.1273346e-05,-9.878288,5.1273346e-05,-9.878288
2964,1,0,2.8025053e-05,-10.482384,0.6241031885147095,2.8025053e-05,-10.482384,2.8025053e-05,-10.482384
2965,1,0,5.3293265e-05,-9.839647,0.5951648354530334,5.3293265e-05,-9.839647,5.3293265e-05,-9.839647
2966,1,0,4.544465e-05,-9.99897,0.7504027485847473,4.544465e-05,-9.99897,4.544465e-05,-9.99897
2967,0,1,0.9998586,8.864125,0.7653907537460327,0.9998586,8.864125,0.9998586,8.864125
2968,1,0,5.085117e-05,-9.886557,0.7744623422622681,5.085117e-05,-9.886557,5.085117e-05,-9.886557
2969,0,1,0.9997235,8.193068,0.756336510181427,0.9997235,8.193068,0.9997235,8.193068
2970,0,1,0.71622646,0.9258199,1.0,0.71622646,0.9258199,0.71622646,0.9258199
2971,1,0,5.420954e-05,-9.822599,0.6084502339363098,5.420954e-05,-9.822599,5.420954e-05,-9.822599
2972,0,1,0.9995316,7.665757,0.6801795363426208,0.9995316,7.665757,0.9995316,7.665757
2973,1,0,0.03159372,-3.4226933,1.0,0.03159372,-3.4226933,0.03159372,-3.4226933
2974,1,0,3.0289462e-05,-10.40468,0.8401776552200317,3.0289462e-05,-10.40468,3.0289462e-05,-10.40468
2975,1,0,3.1347696e-05,-10.370338,0.6773653626441956,3.1347696e-05,-10.370338,3.1347696e-05,-10.370338
2976,0,1,0.9998093,8.564626,0.661016047000885,0.9998093,8.564626,0.9998093,8.564626
2977,0,1,0.99959964,7.822669,0.6435512900352478,0.99959964,7.822669,0.99959964,7.822669
2978,1,0,2.1210762e-05,-10.760981,0.6727167367935181,2.1210762e-05,-10.760981,2.1210762e-05,-10.760981
2979,0,1,0.9075132,2.283642,1.0,0.9075132,2.283642,0.9075132,2.283642
2980,1,0,3.579123e-05,-10.237772,0.7127647399902344,3.579123e-05,-10.237772,3.579123e-05,-10.237772
2981,0,1,0.99975115,8.298443,0.743649423122406,0.99975115,8.298443,0.99975115,8.298443
2982,0,1,0.9998666,8.92189,0.661922812461853,0.9998666,8.92189,0.9998666,8.92189
2983,1,0,6.0746508e-05,-9.70874,0.46971815824508667,6.0746508e-05,-9.70874,6.0746508e-05,-9.70874
2984,0,1,0.97368413,3.6109138,1.0,0.97368413,3.6109138,0.97368413,3.6109138
2985,0,1,0.99988365,9.05908,0.620136022567749,0.99988365,9.05908,0.99988365,9.05908
2986,0,1,0.99511105,5.315888,1.0,0.99511105,5.315888,0.99511105,5.315888
2987,1,0,4.793989e-05,-9.945515,0.6765345335006714,4.793989e-05,-9.945515,4.793989e-05,-9.945515
2988,1,0,3.3766417e-05,-10.29601,0.7411078214645386,3.3766417e-05,-10.29601,3.3766417e-05,-10.29601
2989,1,0,4.4003704e-05,-10.031193,0.7291654944419861,4.4003704e-05,-10.031193,4.4003704e-05,-10.031193
2990,0,1,0.99980253,8.52973,0.6474104523658752,0.99980253,8.52973,0.99980253,8.52973
2991,1,0,3.2629032e-05,-10.330276,0.5916773080825806,3.2629032e-05,-10.330276,3.2629032e-05,-10.330276
2992,0,1,0.80993783,1.4496065,1.0,0.80993783,1.4496065,0.80993783,1.4496065
2993,1,0,2.5459167e-05,-10.578409,0.526926577091217,2.5459167e-05,-10.578409,2.5459167e-05,-10.578409
2994,0,1,0.99980134,8.523586,0.6705804467201233,0.99980134,8.523586,0.99980134,8.523586
2995,1,0,0.00019623691,-8.535992,0.7655041813850403,0.00019623691,-8.535992,0.00019623691,-8.535992
2996,0,1,0.99910694,7.01993,0.6775169968605042,0.99910694,7.01993,0.99910694,7.01993
2997,1,0,0.3674787,-0.5430485,1.0,0.3674787,-0.5430485,0.3674787,-0.5430485
2998,1,0,0.00011521318,-9.068611,0.6336562633514404,0.00011521318,-9.068611,0.00011521318,-9.068611
2999,0,1,0.9999045,9.256796,0.6924726366996765,0.9999045,9.256796,0.9999045,9.256796
3000,0,1,0.5987992,0.40046448,1.0,0.5987992,0.40046448,0.5987992,0.40046448
3001,1,0,3.5424426e-05,-10.248074,0.6770966053009033,3.5424426e-05,-10.248074,3.5424426e-05,-10.248074
3002,0,1,0.9995345,7.671753,0.6605806946754456,0.9995345,7.671753,0.9995345,7.671753
3003,0,1,0.91562444,2.3843286,1.0,0.91562444,2.3843286,0.91562444,2.3843286
3004,1,0,2.5650817e-05,-10.5709095,0.8160312175750732,2.5650817e-05,-10.5709095,2.5650817e-05,-10.5709095
3005,0,1,0.9998105,8.571012,0.8189892768859863,0.9998105,8.571012,0.9998105,8.571012
3006,0,1,0.998481,6.488153,0.8668521642684937,0.998481,6.488153,0.998481,6.488153
3007,1,0,0.0005430355,-7.5177927,0.6689329743385315,0.0005430355,-7.5177927,0.0005430355,-7.5177927
3008,0,1,0.99963105,7.9044714,0.8553149104118347,0.99963105,7.9044714,0.99963105,7.9044714
3009,0,1,0.9973226,5.9202127,1.0,0.9973226,5.9202127,0.9973226,5.9202127
3010,1,0,3.8420403e-05,-10.166883,0.5722145438194275,3.8420403e-05,-10.166883,3.8420403e-05,-10.166883
3011,1,0,1.816017e-05,-10.916262,0.738639235496521,1.816017e-05,-10.916262,1.816017e-05,-10.916262
3012,1,0,3.620506e-05,-10.226275,0.5796825885772705,3.620506e-05,-10.226275,3.620506e-05,-10.226275
3013,1,0,0.14918405,-1.741015,1.0,0.14918405,-1.741015,0.14918405,-1.741015
3014,1,0,2.6916088e-05,-10.522759,0.822718620300293,2.6916088e-05,-10.522759,2.6916088e-05,-10.522759
3015,1,0,4.9941715e-05,-9.904604,0.7404721975326538,4.9941715e-05,-9.904604,4.9941715e-05,-9.904604
3016,0,1,0.99986565,8.915324,0.640288233757019,0.99986565,8.915324,0.99986565,8.915324
3017,1,0,7.364996e-05,-9.516113,0.7659528851509094,7.364996e-05,-9.516113,7.364996e-05,-9.516113
3018,0,1,0.9998727,8.969288,0.65932297706604,0.9998727,8.969288,0.9998727,8.969288
3019,0,1,0.9995277,7.657365,0.7825770378112793,0.9995277,7.657365,0.9995277,7.657365
3020,0,1,0.9998386,8.731737,0.8119493722915649,0.9998386,8.731737,0.9998386,8.731737
3021,1,0,5.4771626e-05,-9.8122835,0.7317914962768555,5.4771626e-05,-9.8122835,5.4771626e-05,-9.8122835
3022,1,0,4.4748445e-05,-10.014409,0.7986844182014465,4.4748445e-05,-10.014409,4.4748445e-05,-10.014409
3023,0,1,0.99972326,8.192379,0.6501760482788086,0.99972326,8.192379,0.99972326,8.192379
3024,1,0,2.9698025e-05,-10.4244,0.6675813794136047,2.9698025e-05,-10.4244,2.9698025e-05,-10.4244
3025,1,0,3.966158e-05,-10.135088,0.6818732023239136,3.966158e-05,-10.135088,3.966158e-05,-10.135088
3026,1,0,7.039798e-05,-9.5612755,0.6932440996170044,7.039798e-05,-9.5612755,7.039798e-05,-9.5612755
3027,1,0,3.179518e-05,-10.356164,0.6264137029647827,3.179518e-05,-10.356164,3.179518e-05,-10.356164
3028,0,1,0.6142289,0.4651235,1.0,0.6142289,0.4651235,0.6142289,0.4651235
3029,0,1,0.99934465,7.3297343,0.6455963850021362,0.99934465,7.3297343,0.99934465,7.3297343
3030,1,0,2.6645142e-05,-10.532877,0.5458709597587585,2.6645142e-05,-10.532877,2.6645142e-05,-10.532877
3031,1,0,3.9482817e-05,-10.1396055,0.6498021483421326,3.9482817e-05,-10.1396055,3.9482817e-05,-10.1396055
3032,1,0,3.6322293e-05,-10.2230425,0.6574953198432922,3.6322293e-05,-10.2230425,3.6322293e-05,-10.2230425
3033,0,1,0.9983011,6.3760667,0.8792095184326172,0.9983011,6.3760667,0.9983011,6.3760667
3034,1,0,4.257197e-05,-10.064272,0.8902333378791809,4.257197e-05,-10.064272,4.257197e-05,-10.064272
3035,1,0,0.010633266,-4.5330777,0.6421475410461426,0.010633266,-4.5330777,0.010633266,-4.5330777
3036,1,0,7.0323644e-05,-9.562332,0.8337866067886353,7.0323644e-05,-9.562332,7.0323644e-05,-9.562332
3037,1,0,5.450064e-05,-9.817244,0.7224203944206238,5.450064e-05,-9.817244,5.450064e-05,-9.817244
3038,0,1,0.9972869,5.906957,0.6888766884803772,0.9972869,5.906957,0.9972869,5.906957
3039,0,1,0.9996594,7.984406,0.6274129748344421,0.9996594,7.984406,0.9996594,7.984406
3040,0,1,0.99980384,8.536184,0.6884263157844543,0.99980384,8.536184,0.99980384,8.536184
3041,0,1,0.9783452,3.8106375,1.0,0.9783452,3.8106375,0.9783452,3.8106375
3042,1,0,5.917236e-05,-9.734997,0.6700565814971924,5.917236e-05,-9.734997,5.917236e-05,-9.734997
3043,1,0,3.4710436e-05,-10.2684355,0.7552101016044617,3.4710436e-05,-10.2684355,3.4710436e-05,-10.2684355
3044,1,0,4.586041e-05,-9.989862,0.8083651661872864,4.586041e-05,-9.989862,4.586041e-05,-9.989862
3045,0,1,0.9998274,8.66477,0.7445626854896545,0.9998274,8.66477,0.9998274,8.66477
3046,0,1,0.99985087,8.8110695,0.7094011306762695,0.99985087,8.8110695,0.99985087,8.8110695
3047,1,0,3.284538e-05,-10.323667,0.8102349638938904,3.284538e-05,-10.323667,3.284538e-05,-10.323667
3048,0,1,0.99983,8.679618,0.621163547039032,0.99983,8.679618,0.99983,8.679618
3049,1,0,3.3085278e-05,-10.316389,0.6068134903907776,3.3085278e-05,-10.316389,3.3085278e-05,-10.316389
3050,0,1,0.6109812,0.45143872,1.0,0.6109812,0.45143872,0.6109812,0.45143872
3051,0,1,0.9771508,3.7557263,1.0,0.9771508,3.7557263,0.9771508,3.7557263
3052,1,0,4.189871e-05,-10.080214,0.6949123740196228,4.189871e-05,-10.080214,4.189871e-05,-10.080214
3053,0,1,0.9998826,9.050083,0.6743924021720886,0.9998826,9.050083,0.9998826,9.050083
3054,1,0,3.8311995e-05,-10.169709,0.7550656199455261,3.8311995e-05,-10.169709,3.8311995e-05,-10.169709
3055,0,1,0.9997439,8.269711,0.7742146849632263,0.9997439,8.269711,0.9997439,8.269711
3056,0,1,0.88100225,2.0019553,1.0,0.88100225,2.0019553,0.88100225,2.0019553
3057,1,0,4.0202198e-05,-10.121549,0.6532535552978516,4.0202198e-05,-10.121549,4.0202198e-05,-10.121549
3058,1,0,5.695015e-05,-9.773277,0.7626527547836304,5.695015e-05,-9.773277,5.695015e-05,-9.773277
3059,0,1,0.9998534,8.827445,0.5871689319610596,0.9998534,8.827445,0.9998534,8.827445
3060,1,0,4.9325834e-05,-9.917013,0.6790077090263367,4.9325834e-05,-9.917013,4.9325834e-05,-9.917013
3061,1,0,0.19663008,-1.4074911,1.0,0.19663008,-1.4074911,0.19663008,-1.4074911
3062,1,0,6.8680696e-05,-9.585974,0.5909826159477234,6.8680696e-05,-9.585974,6.8680696e-05,-9.585974
3063,1,0,0.36045364,-0.5733958,1.0,0.36045364,-0.5733958,0.36045364,-0.5733958
3064,0,1,0.99606967,5.535102,1.0,0.99606967,5.535102,0.99606967,5.535102
3065,0,1,0.9941301,5.1320376,0.678208589553833,0.9941301,5.1320376,0.9941301,5.1320376
3066,1,0,5.1742725e-05,-9.869175,0.7739130854606628,5.1742725e-05,-9.869175,5.1742725e-05,-9.869175
3067,0,1,0.9997658,8.3592,0.6233755946159363,0.9997658,8.3592,0.9997658,8.3592
3068,1,0,4.176396e-05,-10.083435,0.7769936323165894,4.176396e-05,-10.083435,4.176396e-05,-10.083435
3069,0,1,0.9986405,6.5992684,0.47917017340660095,0.9986405,6.5992684,0.9986405,6.5992684
3070,0,1,0.9924061,4.8727827,1.0,0.9924061,4.8727827,0.9924061,4.8727827
3071,0,1,0.92591906,2.525629,1.0,0.92591906,2.525629,0.92591906,2.525629
3072,0,1,0.6712644,0.71390927,1.0,0.6712644,0.71390927,0.6712644,0.71390927
3073,0,1,0.9996494,7.9555993,0.7799879312515259,0.9996494,7.9555993,0.9996494,7.9555993
3074,0,1,0.9998461,8.779259,0.7652179002761841,0.9998461,8.779259,0.9998461,8.779259
3075,1,0,3.545964e-05,-10.24708,0.7940654754638672,3.545964e-05,-10.24708,3.545964e-05,-10.24708
3076,1,0,5.1117215e-05,-9.881338,0.9317627549171448,5.1117215e-05,-9.881338,5.1117215e-05,-9.881338
3077,0,1,0.82009554,1.5169948,1.0,0.82009554,1.5169948,0.82009554,1.5169948
3078,1,0,4.218312e-05,-10.073448,0.7653416991233826,4.218312e-05,-10.073448,4.218312e-05,-10.073448
3079,0,1,0.9998934,9.146412,0.8193804621696472,0.9998934,9.146412,0.9998934,9.146412
3080,1,0,3.9183007e-05,-10.147228,0.5428540706634521,3.9183007e-05,-10.147228,3.9183007e-05,-10.147228
3081,1,0,4.7197e-05,-9.961133,0.7447592616081238,4.7197e-05,-9.961133,4.7197e-05,-9.961133
3082,1,0,3.706481e-05,-10.2028055,0.7281923890113831,3.706481e-05,-10.2028055,3.706481e-05,-10.2028055
3083,0,1,0.7828353,1.2822665,1.0,0.7828353,1.2822665,0.7828353,1.2822665
3084,0,1,0.9997323,8.225648,0.7534744143486023,0.9997323,8.225648,0.9997323,8.225648
3085,0,1,0.99954337,7.691189,0.7660653591156006,0.99954337,7.691189,0.99954337,7.691189
3086,0,1,0.9998591,8.867702,0.6791662573814392,0.9998591,8.867702,0.9998591,8.867702
3087,1,0,5.415761e-05,-9.823558,0.5671101212501526,5.415761e-05,-9.823558,5.415761e-05,-9.823558
3088,1,0,0.000112604364,-9.091517,0.7750968933105469,0.000112604364,-9.091517,0.000112604364,-9.091517
3089,1,0,2.7319902e-05,-10.507868,0.7003540396690369,2.7319902e-05,-10.507868,2.7319902e-05,-10.507868
3090,1,0,3.6373942e-05,-10.2216215,0.6410138010978699,3.6373942e-05,-10.2216215,3.6373942e-05,-10.2216215
3091,1,0,2.465853e-05,-10.610363,0.4991385340690613,2.465853e-05,-10.610363,2.465853e-05,-10.610363
3092,0,1,0.99713093,5.8508863,0.5391446948051453,0.99713093,5.8508863,0.99713093,5.8508863
3093,1,0,4.369077e-05,-10.03833,0.5682435035705566,4.369077e-05,-10.03833,4.369077e-05,-10.03833
3094,0,1,0.9998448,8.771094,0.6173612475395203,0.9998448,8.771094,0.9998448,8.771094
3095,1,0,4.762961e-05,-9.952008,0.6451730132102966,4.762961e-05,-9.952008,4.762961e-05,-9.952008
3096,1,0,0.008984784,-4.7031975,1.0,0.008984784,-4.7031975,0.008984784,-4.7031975
3097,0,1,0.9990994,7.011527,0.8750776052474976,0.9990994,7.011527,0.9990994,7.011527
3098,1,0,4.252624e-05,-10.065347,0.8488601446151733,4.252624e-05,-10.065347,4.252624e-05,-10.065347
3099,0,1,0.9423668,2.7942958,1.0,0.9423668,2.7942958,0.9423668,2.7942958
3100,1,0,2.7792597e-05,-10.490713,0.7462695837020874,2.7792597e-05,-10.490713,2.7792597e-05,-10.490713
3101,0,1,0.9409788,2.769025,1.0,0.9409788,2.769025,0.9409788,2.769025
3102,1,0,4.0366624e-05,-10.117467,0.7364959716796875,4.0366624e-05,-10.117467,4.0366624e-05,-10.117467
3103,0,1,0.5753636,0.303769,1.0,0.5753636,0.303769,0.5753636,0.303769
3104,1,0,3.8419817e-05,-10.166899,0.6830182671546936,3.8419817e-05,-10.166899,3.8419817e-05,-10.166899
3105,1,0,5.0155537e-05,-9.9003315,0.6340979337692261,5.0155537e-05,-9.9003315,5.0155537e-05,-9.9003315
3106,0,1,0.83232504,1.602196,1.0,0.83232504,1.602196,0.83232504,1.602196
3107,1,0,0.43943414,-0.24345875,1.0,0.43943414,-0.24345875,0.43943414,-0.24345875
3108,0,1,0.99539185,5.37531,1.0,0.99539185,5.37531,0.99539185,5.37531
3109,0,1,0.95891064,3.1500478,1.0,0.95891064,3.1500478,0.95891064,3.1500478
3110,1,0,0.15102896,-1.7265534,1.0,0.15102896,-1.7265534,0.15102896,-1.7265534
3111,1,0,0.10399658,-2.1535861,1.0,0.10399658,-2.1535861,0.10399658,-2.1535861
3112,1,0,4.2195516e-05,-10.073154,0.7487595677375793,4.2195516e-05,-10.073154,4.2195516e-05,-10.073154
3113,1,0,3.745888e-05,-10.192229,0.7353076338768005,3.745888e-05,-10.192229,3.745888e-05,-10.192229
3114,1,0,6.032521e-05,-9.7157,0.7173961997032166,6.032521e-05,-9.7157,6.032521e-05,-9.7157
3115,1,0,6.0223185e-05,-9.717393,0.8782346248626709,6.0223185e-05,-9.717393,6.0223185e-05,-9.717393
3116,1,0,2.0887923e-05,-10.776319,0.5870060920715332,2.0887923e-05,-10.776319,2.0887923e-05,-10.776319
3117,0,1,0.9999089,9.30331,0.8697996139526367,0.9999089,9.30331,0.9999089,9.30331
3118,0,1,0.99980193,8.526882,0.8764809966087341,0.99980193,8.526882,0.99980193,8.526882
3119,1,0,4.1905663e-05,-10.080048,0.7459703087806702,4.1905663e-05,-10.080048,4.1905663e-05,-10.080048
3120,1,0,9.110961e-05,-9.303356,0.9438661336898804,9.110961e-05,-9.303356,9.110961e-05,-9.303356
3121,0,1,0.6515796,0.6259899,1.0,0.6515796,0.6259899,0.6515796,0.6259899
3122,0,1,0.999879,9.019684,0.7184112071990967,0.999879,9.019684,0.999879,9.019684
3123,0,1,0.9997898,8.466875,0.6382158398628235,0.9997898,8.466875,0.9997898,8.466875
3124,1,0,3.373835e-05,-10.296842,0.5776178240776062,3.373835e-05,-10.296842,3.373835e-05,-10.296842
3125,1,0,0.00014303805,-8.852257,0.705698549747467,0.00014303805,-8.852257,0.00014303805,-8.852257
3126,0,1,0.98054147,3.9198213,1.0,0.98054147,3.9198213,0.98054147,3.9198213
3127,0,1,0.99967813,8.040873,0.7677955627441406,0.99967813,8.040873,0.99967813,8.040873
3128,0,1,0.99940825,7.431882,0.5863307118415833,0.99940825,7.431882,0.99940825,7.431882
3129,1,0,2.057804e-05,-10.7912655,0.7001410722732544,2.057804e-05,-10.7912655,2.057804e-05,-10.7912655
3130,1,0,5.824914e-05,-9.750723,0.9050043821334839,5.824914e-05,-9.750723,5.824914e-05,-9.750723
3131,1,0,0.00034818146,-7.9624386,0.4633829593658447,0.00034818146,-7.9624386,0.00034818146,-7.9624386
3132,0,1,0.9998499,8.804179,0.6476714611053467,0.9998499,8.804179,0.9998499,8.804179
3133,0,1,0.9994055,7.427106,0.8719286322593689,0.9994055,7.427106,0.9994055,7.427106
3134,0,1,0.8244036,1.5464718,1.0,0.8244036,1.5464718,0.8244036,1.5464718
3135,1,0,7.095225e-05,-9.553432,0.6151147484779358,7.095225e-05,-9.553432,7.095225e-05,-9.553432
3136,0,1,0.9998833,9.055922,0.6627683043479919,0.9998833,9.055922,0.9998833,9.055922
3137,0,1,0.9986582,6.612358,0.8836177587509155,0.9986582,6.612358,0.9986582,6.612358
3138,0,1,0.95872235,3.145281,1.0,0.95872235,3.145281,0.95872235,3.145281
3139,1,0,2.9194287e-05,-10.441508,0.7237826585769653,2.9194287e-05,-10.441508,2.9194287e-05,-10.441508
3140,1,0,3.9535906e-05,-10.138262,0.7574863433837891,3.9535906e-05,-10.138262,3.9535906e-05,-10.138262
3141,1,0,0.32593933,-0.72660893,1.0,0.32593933,-0.72660893,0.32593933,-0.72660893
3142,1,0,2.8000848e-05,-10.483248,0.5897999405860901,2.8000848e-05,-10.483248,2.8000848e-05,-10.483248
3143,1,0,2.7902994e-05,-10.486749,0.7815890312194824,2.7902994e-05,-10.486749,2.7902994e-05,-10.486749
3144,0,1,0.9975836,6.023077,1.0,0.9975836,6.023077,0.9975836,6.023077
3145,1,0,2.649423e-05,-10.538557,0.7221180200576782,2.649423e-05,-10.538557,2.649423e-05,-10.538557
3146,1,0,4.3742297e-05,-10.037151,0.6759994626045227,4.3742297e-05,-10.037151,4.3742297e-05,-10.037151
3147,1,0,4.760232e-05,-9.952581,0.5389124155044556,4.760232e-05,-9.952581,4.760232e-05,-9.952581
3148,0,1,0.9992687,7.219924,0.7158783674240112,0.9992687,7.219924,0.9992687,7.219924
3149,0,1,0.99895895,6.8664474,0.7786689400672913,0.99895895,6.8664474,0.99895895,6.8664474
3150,0,1,0.9997639,8.351037,0.6816935539245605,0.9997639,8.351037,0.9997639,8.351037
3151,0,1,0.99591833,5.4971423,1.0,0.99591833,5.4971423,0.99591833,5.4971423
3152,0,1,0.9692975,3.452229,1.0,0.9692975,3.452229,0.9692975,3.452229
3153,1,0,7.477567e-05,-9.500943,0.7520527839660645,7.477567e-05,-9.500943,7.477567e-05,-9.500943
3154,1,0,5.108822e-05,-9.881906,0.6297395825386047,5.108822e-05,-9.881906,5.108822e-05,-9.881906
3155,0,1,0.885772,2.048263,1.0,0.885772,2.048263,0.885772,2.048263
3156,1,0,0.00015455927,-8.774778,0.5322971940040588,0.00015455927,-8.774778,0.00015455927,-8.774778
3157,0,1,0.95765567,3.1186535,1.0,0.95765567,3.1186535,0.95765567,3.1186535
3158,1,0,0.03288422,-3.3813252,1.0,0.03288422,-3.3813252,0.03288422,-3.3813252
3159,1,0,0.00021935628,-8.424594,0.5231119990348816,0.00021935628,-8.424594,0.00021935628,-8.424594
3160,1,0,4.4298093e-05,-10.024525,0.8389420509338379,4.4298093e-05,-10.024525,4.4298093e-05,-10.024525
3161,0,1,0.99990594,9.272037,0.5510358810424805,0.99990594,9.272037,0.99990594,9.272037
3162,0,1,0.99965286,7.965289,0.8404927253723145,0.99965286,7.965289,0.99965286,7.965289
3163,0,1,0.93146926,2.6094804,1.0,0.93146926,2.6094804,0.93146926,2.6094804
3164,1,0,0.38170883,-0.4823014,1.0,0.38170883,-0.4823014,0.38170883,-0.4823014
3165,1,0,6.273568e-05,-9.6765175,0.6598019003868103,6.273568e-05,-9.6765175,6.273568e-05,-9.6765175
3166,0,1,0.9997645,8.353314,0.7154040336608887,0.9997645,8.353314,0.9997645,8.353314
3167,0,1,0.9998863,9.081642,0.8132979869842529,0.9998863,9.081642,0.9998863,9.081642
3168,1,0,5.5067372e-05,-9.806898,0.7299349308013916,5.5067372e-05,-9.806898,5.5067372e-05,-9.806898
3169,0,1,0.9996369,7.920528,0.6898623108863831,0.9996369,7.920528,0.9996369,7.920528
3170,1,0,6.230891e-05,-9.683344,0.5864385962486267,6.230891e-05,-9.683344,6.230891e-05,-9.683344
3171,1,0,4.3769087e-05,-10.036539,0.741845965385437,4.3769087e-05,-10.036539,4.3769087e-05,-10.036539
3172,0,1,0.7885447,1.3161755,1.0,0.7885447,1.3161755,0.7885447,1.3161755
3173,0,1,0.9996275,7.894769,0.7590038180351257,0.9996275,7.894769,0.9996275,7.894769
3174,1,0,2.693183e-05,-10.522175,0.641689121723175,2.693183e-05,-10.522175,2.693183e-05,-10.522175
3175,1,0,2.530469e-05,-10.584496,0.6248754858970642,2.530469e-05,-10.584496,2.530469e-05,-10.584496
3176,0,1,0.99979657,8.499654,0.585476815700531,0.99979657,8.499654,0.99979657,8.499654
3177,1,0,0.00035303802,-7.9485817,0.6553273797035217,0.00035303802,-7.9485817,0.00035303802,-7.9485817
3178,1,0,3.3663757e-05,-10.299055,0.7361722588539124,3.3663757e-05,-10.299055,3.3663757e-05,-10.299055
3179,0,1,0.99188024,4.805302,0.6663067936897278,0.99188024,4.805302,0.99188024,4.805302
3180,0,1,0.98748094,4.3679056,1.0,0.98748094,4.3679056,0.98748094,4.3679056
3181,0,1,0.9996494,7.9556694,0.640804648399353,0.9996494,7.9556694,0.9996494,7.9556694
3182,0,1,0.9995365,7.6761494,0.8036597371101379,0.9995365,7.6761494,0.9995365,7.6761494
3183,0,1,0.99981755,8.608514,0.705398440361023,0.99981755,8.608514,0.99981755,8.608514
3184,0,1,0.88250065,2.0163264,1.0,0.88250065,2.0163264,0.88250065,2.0163264
3185,0,1,0.9996649,8.00059,0.5436971187591553,0.9996649,8.00059,0.9996649,8.00059
3186,1,0,3.5221572e-05,-10.253817,0.6350409984588623,3.5221572e-05,-10.253817,3.5221572e-05,-10.253817
3187,1,0,3.490718e-05,-10.262783,0.6046759486198425,3.490718e-05,-10.262783,3.490718e-05,-10.262783
3188,1,0,6.9745685e-05,-9.570585,0.8139472007751465,6.9745685e-05,-9.570585,6.9745685e-05,-9.570585
3189,1,0,6.249898e-05,-9.680298,0.6190769076347351,6.249898e-05,-9.680298,6.249898e-05,-9.680298
3190,1,0,2.7318183e-05,-10.507931,0.6843370199203491,2.7318183e-05,-10.507931,2.7318183e-05,-10.507931
3191,1,0,2.1425549e-05,-10.750905,0.6089415550231934,2.1425549e-05,-10.750905,2.1425549e-05,-10.750905
3192,1,0,5.7318844e-05,-9.766824,0.554417610168457,5.7318844e-05,-9.766824,5.7318844e-05,-9.766824
3193,1,0,5.8678324e-05,-9.7433815,0.5789268612861633,5.8678324e-05,-9.7433815,5.8678324e-05,-9.7433815
3194,1,0,8.384703e-05,-9.386433,0.5996250510215759,8.384703e-05,-9.386433,8.384703e-05,-9.386433
3195,1,0,3.9322706e-05,-10.143669,0.6441330313682556,3.9322706e-05,-10.143669,3.9322706e-05,-10.143669
3196,1,0,3.675783e-05,-10.2111225,0.6971019506454468,3.675783e-05,-10.2111225,3.675783e-05,-10.2111225
3197,0,1,0.9234798,2.490594,1.0,0.9234798,2.490594,0.9234798,2.490594
3198,1,0,3.675983e-05,-10.211068,0.5844191312789917,3.675983e-05,-10.211068,3.675983e-05,-10.211068
3199,1,0,6.258545e-05,-9.678915,0.7832714319229126,6.258545e-05,-9.678915,6.258545e-05,-9.678915
3200,1,0,4.431372e-05,-10.024172,0.7326377034187317,4.431372e-05,-10.024172,4.431372e-05,-10.024172
3201,0,1,0.96294016,3.2574577,1.0,0.96294016,3.2574577,0.96294016,3.2574577
3202,1,0,3.2624488e-05,-10.330415,0.8118757605552673,3.2624488e-05,-10.330415,3.2624488e-05,-10.330415
3203,1,0,3.1794636e-05,-10.356181,0.526504635810852,3.1794636e-05,-10.356181,3.1794636e-05,-10.356181
3204,0,1,0.8098284,1.4488952,1.0,0.8098284,1.4488952,0.8098284,1.4488952
3205,0,1,0.9992884,7.2471414,0.707506000995636,0.9992884,7.2471414,0.9992884,7.2471414
3206,0,1,0.99894637,6.8544016,0.5948494672775269,0.99894637,6.8544016,0.99894637,6.8544016
3207,1,0,3.4347537e-05,-10.278946,0.6479935050010681,3.4347537e-05,-10.278946,3.4347537e-05,-10.278946
3208,0,1,0.9997414,8.259725,0.5214722752571106,0.9997414,8.259725,0.9997414,8.259725
3209,1,0,0.418192,-0.3301998,1.0,0.418192,-0.3301998,0.418192,-0.3301998
3210,0,1,0.9996846,8.061304,0.774497389793396,0.9996846,8.061304,0.9996846,8.061304
3211,1,0,7.541343e-05,-9.49245,0.5073939561843872,7.541343e-05,-9.49245,7.541343e-05,-9.49245
3212,0,1,0.9880326,4.413523,1.0,0.9880326,4.413523,0.9880326,4.413523
3213,0,1,0.9996332,7.910274,0.560244083404541,0.9996332,7.910274,0.9996332,7.910274
3214,0,1,0.99974364,8.268507,0.6240525841712952,0.99974364,8.268507,0.99974364,8.268507
3215,1,0,0.00010634253,-9.148739,0.41279786825180054,0.00010634253,-9.148739,0.00010634253,-9.148739
3216,0,1,0.99958295,7.781995,0.6685631275177002,0.99958295,7.781995,0.99958295,7.781995
3217,1,0,2.281481e-05,-10.688078,0.8268899321556091,2.281481e-05,-10.688078,2.281481e-05,-10.688078
3218,1,0,4.0665636e-05,-10.110086,0.8421742916107178,4.0665636e-05,-10.110086,4.0665636e-05,-10.110086
3219,0,1,0.99972445,8.196715,0.7210646867752075,0.99972445,8.196715,0.99972445,8.196715
3220,0,1,0.9954431,5.3865433,1.0,0.9954431,5.3865433,0.9954431,5.3865433
3221,1,0,4.3980504e-05,-10.03172,0.6729761958122253,4.3980504e-05,-10.03172,4.3980504e-05,-10.03172
3222,1,0,2.5721854e-05,-10.568144,0.7110016345977783,2.5721854e-05,-10.568144,2.5721854e-05,-10.568144
3223,1,0,2.3176512e-05,-10.672348,0.7464871406555176,2.3176512e-05,-10.672348,2.3176512e-05,-10.672348
3224,0,1,0.9991486,7.0677896,0.8162772059440613,0.9991486,7.0677896,0.9991486,7.0677896
3225,1,0,3.815474e-05,-10.173822,0.5774808526039124,3.815474e-05,-10.173822,3.815474e-05,-10.173822
3226,1,0,2.442822e-05,-10.619747,0.46941691637039185,2.442822e-05,-10.619747,2.442822e-05,-10.619747
3227,0,1,0.9996942,8.092167,0.8745259046554565,0.9996942,8.092167,0.9996942,8.092167
3228,0,1,0.99943215,7.4731665,0.7978532314300537,0.99943215,7.4731665,0.99943215,7.4731665
3229,1,0,4.449929e-05,-10.019993,0.6967728734016418,4.449929e-05,-10.019993,4.449929e-05,-10.019993
3230,1,0,9.8608296e-05,-9.2242565,0.7968750596046448,9.8608296e-05,-9.2242565,9.8608296e-05,-9.2242565
3231,1,0,6.0777566e-05,-9.708229,0.8590075373649597,6.0777566e-05,-9.708229,6.0777566e-05,-9.708229
3232,0,1,0.544354,0.17788364,1.0,0.544354,0.17788364,0.544354,0.17788364
3233,0,1,0.9997764,8.405553,0.738361120223999,0.9997764,8.405553,0.9997764,8.405553
3234,1,0,5.0598275e-05,-9.891542,0.627538800239563,5.0598275e-05,-9.891542,5.0598275e-05,-9.891542
3235,0,1,0.8233265,1.5390497,1.0,0.8233265,1.5390497,0.8233265,1.5390497
3236,1,0,0.030300368,-3.4658265,1.0,0.030300368,-3.4658265,0.030300368,-3.4658265
3237,0,1,0.9996006,7.825092,0.8207221031188965,0.9996006,7.825092,0.9996006,7.825092
3238,0,1,0.9998772,9.005251,0.7184877395629883,0.9998772,9.005251,0.9998772,9.005251
3239,0,1,0.9997873,8.455149,0.597664475440979,0.9997873,8.455149,0.9997873,8.455149
3240,1,0,0.37441674,-0.51331496,1.0,0.37441674,-0.51331496,0.37441674,-0.51331496
3241,0,1,0.9997019,8.1178665,0.7249196171760559,0.9997019,8.1178665,0.9997019,8.1178665
3242,0,1,0.9994648,7.5322456,0.5693376660346985,0.9994648,7.5322456,0.9994648,7.5322456
3243,0,1,0.9994561,7.516223,0.7794917225837708,0.9994561,7.516223,0.9994561,7.516223
3244,1,0,3.234071e-05,-10.339151,0.6490728259086609,3.234071e-05,-10.339151,3.234071e-05,-10.339151
3245,0,1,0.9963082,5.5979333,0.7744567394256592,0.9963082,5.5979333,0.9963082,5.5979333
3246,1,0,2.916543e-05,-10.442497,0.6148480772972107,2.916543e-05,-10.442497,2.916543e-05,-10.442497
3247,0,1,0.99936706,7.3644395,0.6586011648178101,0.99936706,7.3644395,0.99936706,7.3644395
3248,0,1,0.990875,4.6875706,0.6734647154808044,0.990875,4.6875706,0.990875,4.6875706
3249,1,0,5.568745e-05,-9.7957,0.7090121507644653,5.568745e-05,-9.7957,5.568745e-05,-9.7957
3250,1,0,4.4199263e-05,-10.026758,0.7340880632400513,4.4199263e-05,-10.026758,4.4199263e-05,-10.026758
3251,1,0,6.984106e-05,-9.569219,0.7521470785140991,6.984106e-05,-9.569219,6.984106e-05,-9.569219
3252,0,1,0.99976224,8.34423,0.6778989434242249,0.99976224,8.34423,0.99976224,8.34423
3253,0,1,0.78568393,1.2991025,1.0,0.78568393,1.2991025,0.78568393,1.2991025
3254,0,1,0.99989927,9.202549,0.784665048122406,0.99989927,9.202549,0.99989927,9.202549
3255,0,1,0.99971193,8.152092,0.6822256445884705,0.99971193,8.152092,0.99971193,8.152092
3256,1,0,3.0178577e-05,-10.408348,0.6905100345611572,3.0178577e-05,-10.408348,3.0178577e-05,-10.408348
3257,1,0,3.3951663e-05,-10.290539,0.6253142952919006,3.3951663e-05,-10.290539,3.3951663e-05,-10.290539
3258,1,0,5.19173e-05,-9.865807,0.5342434048652649,5.19173e-05,-9.865807,5.19173e-05,-9.865807
3259,0,1,0.6452716,0.5983187,1.0,0.6452716,0.5983187,0.6452716,0.5983187
3260,1,0,3.0171985e-05,-10.408566,0.8035783171653748,3.0171985e-05,-10.408566,3.0171985e-05,-10.408566
3261,1,0,2.998328e-05,-10.414841,0.7428740859031677,2.998328e-05,-10.414841,2.998328e-05,-10.414841
3262,1,0,0.007901566,-4.8327613,1.0,0.007901566,-4.8327613,0.007901566,-4.8327613
3263,0,1,0.98390454,4.112995,1.0,0.98390454,4.112995,0.98390454,4.112995
3264,0,1,0.9998035,8.534158,0.7194650769233704,0.9998035,8.534158,0.9998035,8.534158
3265,0,1,0.99982786,8.667002,0.747809886932373,0.99982786,8.667002,0.99982786,8.667002
3266,1,0,0.22060728,-1.2621309,1.0,0.22060728,-1.2621309,0.22060728,-1.2621309
3267,0,1,0.96416634,3.2923768,1.0,0.96416634,3.2923768,0.96416634,3.2923768
3268,0,1,0.99985814,8.860992,0.562987744808197,0.99985814,8.860992,0.99985814,8.860992
3269,1,0,4.5661982e-05,-9.994199,0.7523145079612732,4.5661982e-05,-9.994199,4.5661982e-05,-9.994199
3270,1,0,6.963895e-05,-9.572117,0.6212950944900513,6.963895e-05,-9.572117,6.963895e-05,-9.572117
3271,1,0,3.1016818e-05,-10.38095,0.7924456000328064,3.1016818e-05,-10.38095,3.1016818e-05,-10.38095
3272,1,0,5.2277737e-05,-9.858888,0.7480525970458984,5.2277737e-05,-9.858888,5.2277737e-05,-9.858888
3273,0,1,0.9915793,4.7685995,1.0,0.9915793,4.7685995,0.9915793,4.7685995
3274,0,1,0.99872917,6.6667805,0.8679246306419373,0.99872917,6.6667805,0.99872917,6.6667805
3275,0,1,0.82558197,1.5546339,1.0,0.82558197,1.5546339,0.82558197,1.5546339
3276,1,0,7.0493916e-05,-9.559914,0.8311049342155457,7.0493916e-05,-9.559914,7.0493916e-05,-9.559914
3277,1,0,2.7140255e-05,-10.514465,0.6998016834259033,2.7140255e-05,-10.514465,2.7140255e-05,-10.514465
3278,0,1,0.9998466,8.781972,0.633391261100769,0.9998466,8.781972,0.9998466,8.781972
3279,0,1,0.9997502,8.294504,0.7778943777084351,0.9997502,8.294504,0.9997502,8.294504
3280,1,0,0.001604433,-6.433379,0.7694905400276184,0.001604433,-6.433379,0.001604433,-6.433379
3281,0,1,0.9997249,8.198405,0.5519972443580627,0.9997249,8.198405,0.9997249,8.198405
3282,0,1,0.99988866,9.102976,0.8017717599868774,0.99988866,9.102976,0.99988866,9.102976
3283,1,0,4.3894066e-05,-10.033688,0.8352462649345398,4.3894066e-05,-10.033688,4.3894066e-05,-10.033688
3284,1,0,3.8539114e-05,-10.163798,0.6255594491958618,3.8539114e-05,-10.163798,3.8539114e-05,-10.163798
3285,0,1,0.99984956,8.802122,0.5327374935150146,0.99984956,8.802122,0.99984956,8.802122
3286,0,1,0.56348294,0.2553098,1.0,0.56348294,0.2553098,0.56348294,0.2553098
3287,1,0,3.8072703e-05,-10.175975,0.7052886486053467,3.8072703e-05,-10.175975,3.8072703e-05,-10.175975
3288,1,0,0.49745882,-0.010164976,1.0,0.49745882,-0.010164976,0.49745882,-0.010164976
3289,0,1,0.6811447,0.75903755,1.0,0.6811447,0.75903755,0.6811447,0.75903755
3290,1,0,6.01764e-05,-9.71817,0.5662124752998352,6.01764e-05,-9.71817,6.01764e-05,-9.71817
3291,0,1,0.99978596,8.449152,0.6439894437789917,0.99978596,8.449152,0.99978596,8.449152
3292,0,1,0.99959594,7.8136435,0.7076447606086731,0.99959594,7.8136435,0.99959594,7.8136435
3293,0,1,0.9996747,8.030153,0.6111922264099121,0.9996747,8.030153,0.9996747,8.030153
3294,1,0,5.899646e-05,-9.737974,0.8887526392936707,5.899646e-05,-9.737974,5.899646e-05,-9.737974
3295,0,1,0.7723345,1.2215403,1.0,0.7723345,1.2215403,0.7723345,1.2215403
3296,0,1,0.99939144,7.4038725,0.6766765117645264,0.99939144,7.4038725,0.99939144,7.4038725
3297,0,1,0.93277794,2.6301653,1.0,0.93277794,2.6301653,0.93277794,2.6301653
3298,1,0,0.00012343083,-8.999706,0.7601314783096313,0.00012343083,-8.999706,0.00012343083,-8.999706
3299,0,1,0.9990233,6.9303555,0.8606283068656921,0.9990233,6.9303555,0.9990233,6.9303555
3300,1,0,3.3629873e-05,-10.300062,0.7516487836837769,3.3629873e-05,-10.300062,3.3629873e-05,-10.300062
3301,1,0,2.3849112e-05,-10.64374,0.5644934773445129,2.3849112e-05,-10.64374,2.3849112e-05,-10.64374
3302,0,1,0.9997899,8.467605,0.7250606417655945,0.9997899,8.467605,0.9997899,8.467605
3303,1,0,4.6997724e-05,-9.965364,0.6516989469528198,4.6997724e-05,-9.965364,4.6997724e-05,-9.965364
3304,0,1,0.9812486,3.95756,1.0,0.9812486,3.95756,0.9812486,3.95756
3305,1,0,4.864945e-05,-9.930821,0.8018791079521179,4.864945e-05,-9.930821,4.864945e-05,-9.930821
3306,1,0,5.89968e-05,-9.737968,0.878908097743988,5.89968e-05,-9.737968,5.89968e-05,-9.737968
3307,1,0,4.5935172e-05,-9.988234,0.6751669049263,4.5935172e-05,-9.988234,4.5935172e-05,-9.988234
3308,0,1,0.99974555,8.27606,0.6722618341445923,0.99974555,8.27606,0.99974555,8.27606
3309,1,0,4.0426603e-05,-10.115982,0.8317148685455322,4.0426603e-05,-10.115982,4.0426603e-05,-10.115982
3310,1,0,0.029835286,-3.481774,1.0,0.029835286,-3.481774,0.029835286,-3.481774
3311,0,1,0.85442084,1.7697036,1.0,0.85442084,1.7697036,0.85442084,1.7697036
3312,0,1,0.9998522,8.819869,0.7685167789459229,0.9998522,8.819869,0.9998522,8.819869
3313,0,1,0.98102814,3.9456444,0.5212804675102234,0.98102814,3.9456444,0.98102814,3.9456444
3314,0,1,0.9025715,2.2261295,1.0,0.9025715,2.2261295,0.9025715,2.2261295
3315,0,1,0.99957985,7.774592,0.7961807250976562,0.99957985,7.774592,0.99957985,7.774592
3316,1,0,4.0682706e-05,-10.109667,0.6487782001495361,4.0682706e-05,-10.109667,4.0682706e-05,-10.109667
3317,0,1,0.9997228,8.1903515,0.6605353951454163,0.9997228,8.1903515,0.9997228,8.1903515
3318,1,0,5.581122e-05,-9.79348,0.6182383298873901,5.581122e-05,-9.79348,5.581122e-05,-9.79348
3319,0,1,0.9998325,8.69428,0.6620255708694458,0.9998325,8.69428,0.9998325,8.69428
3320,1,0,3.9993836e-05,-10.126745,0.817469596862793,3.9993836e-05,-10.126745,3.9993836e-05,-10.126745
3321,1,0,2.8952107e-05,-10.449839,0.7522271275520325,2.8952107e-05,-10.449839,2.8952107e-05,-10.449839
3322,1,0,4.3561213e-05,-10.0413,0.7457069158554077,4.3561213e-05,-10.0413,4.3561213e-05,-10.0413
3323,1,0,4.448105e-05,-10.020403,0.6352352499961853,4.448105e-05,-10.020403,4.448105e-05,-10.020403
3324,1,0,0.00019082571,-8.563959,0.7482388615608215,0.00019082571,-8.563959,0.00019082571,-8.563959
3325,0,1,0.99955815,7.7241416,0.7993100881576538,0.99955815,7.7241416,0.99955815,7.7241416
3326,0,1,0.9997769,8.407484,0.5567712783813477,0.9997769,8.407484,0.9997769,8.407484
3327,1,0,3.675818e-05,-10.211113,0.6481333374977112,3.675818e-05,-10.211113,3.675818e-05,-10.211113
3328,1,0,3.4959718e-05,-10.261279,0.7242060303688049,3.4959718e-05,-10.261279,3.4959718e-05,-10.261279
3329,0,1,0.9993414,7.324715,0.8275222778320312,0.9993414,7.324715,0.9993414,7.324715
3330,0,1,0.99937373,7.37514,0.5970685482025146,0.99937373,7.37514,0.99937373,7.37514
3331,1,0,3.9305232e-05,-10.144114,0.6231923699378967,3.9305232e-05,-10.144114,3.9305232e-05,-10.144114
3332,0,1,0.9998529,8.824299,0.7527657747268677,0.9998529,8.824299,0.9998529,8.824299
3333,0,1,0.996454,5.6383753,1.0,0.996454,5.6383753,0.996454,5.6383753
3334,1,0,2.5795794e-05,-10.565273,0.8433386087417603,2.5795794e-05,-10.565273,2.5795794e-05,-10.565273
3335,1,0,2.031233e-05,-10.804262,0.6307445764541626,2.031233e-05,-10.804262,2.031233e-05,-10.804262
3336,0,1,0.99985135,8.814178,0.7535176277160645,0.99985135,8.814178,0.99985135,8.814178
3337,1,0,5.7023513e-05,-9.77199,0.6632214784622192,5.7023513e-05,-9.77199,5.7023513e-05,-9.77199
3338,1,0,4.67253e-05,-9.971178,0.5296781063079834,4.67253e-05,-9.971178,4.67253e-05,-9.971178
3339,1,0,0.02202853,-3.793142,1.0,0.02202853,-3.793142,0.02202853,-3.793142
3340,0,1,0.99971265,8.154537,0.7885459661483765,0.99971265,8.154537,0.99971265,8.154537
3341,0,1,0.8261391,1.5585072,1.0,0.8261391,1.5585072,0.8261391,1.5585072
3342,1,0,0.00036885764,-7.904731,0.6323415040969849,0.00036885764,-7.904731,0.00036885764,-7.904731
3343,0,1,0.99974245,8.263956,0.6777408719062805,0.99974245,8.263956,0.99974245,8.263956
3344,1,0,4.296264e-05,-10.055137,0.7699092030525208,4.296264e-05,-10.055137,4.296264e-05,-10.055137
3345,0,1,0.9773506,3.7647128,1.0,0.9773506,3.7647128,0.9773506,3.7647128
3346,0,1,0.99975723,8.323194,0.6035986542701721,0.99975723,8.323194,0.99975723,8.323194
3347,1,0,3.466383e-05,-10.269779,0.6524121165275574,3.466383e-05,-10.269779,3.466383e-05,-10.269779
3348,0,1,0.9716789,3.535418,1.0,0.9716789,3.535418,0.9716789,3.535418
3349,0,1,0.74822074,1.0891452,1.0,0.74822074,1.0891452,0.74822074,1.0891452
3350,0,1,0.99976414,8.352,0.6163316965103149,0.99976414,8.352,0.99976414,8.352
3351,0,1,0.99984527,8.773443,0.6963182091712952,0.99984527,8.773443,0.99984527,8.773443
3352,0,1,0.9576796,3.1192455,1.0,0.9576796,3.1192455,0.9576796,3.1192455
3353,0,1,0.9610825,3.2066178,1.0,0.9610825,3.2066178,0.9610825,3.2066178
3354,1,0,2.4651383e-05,-10.610653,0.6550759077072144,2.4651383e-05,-10.610653,2.4651383e-05,-10.610653
3355,1,0,0.10734069,-2.1181972,1.0,0.10734069,-2.1181972,0.10734069,-2.1181972
3356,0,1,0.99981934,8.618556,0.49826952815055847,0.99981934,8.618556,0.99981934,8.618556
3357,0,1,0.9454157,2.8518786,1.0,0.9454157,2.8518786,0.9454157,2.8518786
3358,1,0,4.578582e-05,-9.99149,0.5989802479743958,4.578582e-05,-9.99149,4.578582e-05,-9.99149
3359,1,0,5.4099437e-05,-9.824633,0.8789334297180176,5.4099437e-05,-9.824633,5.4099437e-05,-9.824633
3360,1,0,5.5222506e-05,-9.804085,0.5881513953208923,5.5222506e-05,-9.804085,5.5222506e-05,-9.804085
3361,1,0,5.1237173e-05,-9.878994,0.6460169553756714,5.1237173e-05,-9.878994,5.1237173e-05,-9.878994
3362,0,1,0.74021983,1.0471116,1.0,0.74021983,1.0471116,0.74021983,1.0471116
3363,1,0,0.015228285,-4.1692553,1.0,0.015228285,-4.1692553,0.015228285,-4.1692553
3364,0,1,0.9997429,8.265757,0.7791255712509155,0.9997429,8.265757,0.9997429,8.265757
3365,0,1,0.9093874,2.3061779,1.0,0.9093874,2.3061779,0.9093874,2.3061779
3366,1,0,3.4598208e-05,-10.271674,0.6448702812194824,3.4598208e-05,-10.271674,3.4598208e-05,-10.271674
3367,0,1,0.9242074,2.500935,1.0,0.9242074,2.500935,0.9242074,2.500935
3368,1,0,5.289742e-05,-9.847103,0.5352425575256348,5.289742e-05,-9.847103,5.289742e-05,-9.847103
3369,0,1,0.9998246,8.647941,0.7645450234413147,0.9998246,8.647941,0.9998246,8.647941
3370,1,0,2.4606028e-05,-10.612494,0.6717225313186646,2.4606028e-05,-10.612494,2.4606028e-05,-10.612494
3371,0,1,0.99853075,6.5215545,0.8158528208732605,0.99853075,6.5215545,0.99853075,6.5215545
3372,0,1,0.99615073,5.5560064,0.6494460701942444,0.99615073,5.5560064,0.99615073,5.5560064
3373,0,1,0.7866244,1.3046968,1.0,0.7866244,1.3046968,0.7866244,1.3046968
3374,1,0,3.0162437e-05,-10.408883,0.6443054676055908,3.0162437e-05,-10.408883,3.0162437e-05,-10.408883
3375,1,0,4.3687684e-05,-10.038401,0.5712205767631531,4.3687684e-05,-10.038401,4.3687684e-05,-10.038401
3376,0,1,0.991343,4.7407017,1.0,0.991343,4.7407017,0.991343,4.7407017
3377,1,0,2.8074053e-05,-10.480637,0.6617306470870972,2.8074053e-05,-10.480637,2.8074053e-05,-10.480637
3378,1,0,3.4745306e-05,-10.267431,0.586216926574707,3.4745306e-05,-10.267431,3.4745306e-05,-10.267431
3379,1,0,6.851474e-05,-9.588393,0.7246856689453125,6.851474e-05,-9.588393,6.851474e-05,-9.588393
3380,0,1,0.9993419,7.325538,0.6389803886413574,0.9993419,7.325538,0.9993419,7.325538
3381,0,1,0.9995944,7.8095818,0.8292350172996521,0.9995944,7.8095818,0.9995944,7.8095818
3382,1,0,6.0397564e-05,-9.714501,0.7295910716056824,6.0397564e-05,-9.714501,6.0397564e-05,-9.714501
3383,1,0,3.7097165e-05,-10.201933,0.6199362874031067,3.7097165e-05,-10.201933,3.7097165e-05,-10.201933
3384,0,1,0.99990964,9.311227,0.8663638234138489,0.99990964,9.311227,0.99990964,9.311227
3385,1,0,3.601209e-05,-10.23162,0.6828954219818115,3.601209e-05,-10.23162,3.601209e-05,-10.23162
3386,1,0,4.6487075e-05,-9.97629,0.6048703193664551,4.6487075e-05,-9.97629,4.6487075e-05,-9.97629
3387,0,1,0.9998029,8.531217,0.7101004123687744,0.9998029,8.531217,0.9998029,8.531217
3388,1,0,0.00016175264,-8.72928,0.7742959856987,0.00016175264,-8.72928,0.00016175264,-8.72928
3389,1,0,3.692063e-05,-10.206703,0.7023344039916992,3.692063e-05,-10.206703,3.692063e-05,-10.206703
3390,0,1,0.9031998,2.233295,1.0,0.9031998,2.233295,0.9031998,2.233295
3391,0,1,0.9999106,9.321942,0.7131417989730835,0.9999106,9.321942,0.9999106,9.321942
3392,0,1,0.9998209,8.627055,0.8128908276557922,0.9998209,8.627055,0.9998209,8.627055
3393,0,1,0.9997043,8.1258955,0.7804200053215027,0.9997043,8.1258955,0.9997043,8.1258955
3394,1,0,5.327213e-05,-9.840044,0.7997469305992126,5.327213e-05,-9.840044,5.327213e-05,-9.840044
3395,1,0,2.7490432e-05,-10.501645,0.7511496543884277,2.7490432e-05,-10.501645,2.7490432e-05,-10.501645
3396,1,0,3.5377027e-05,-10.249413,0.6795169115066528,3.5377027e-05,-10.249413,3.5377027e-05,-10.249413
3397,1,0,3.6262903e-05,-10.224679,0.7720945477485657,3.6262903e-05,-10.224679,3.6262903e-05,-10.224679
3398,0,1,0.99941826,7.4488373,0.7917742729187012,0.99941826,7.4488373,0.99941826,7.4488373
3399,1,0,2.314506e-05,-10.673706,0.7038083076477051,2.314506e-05,-10.673706,2.314506e-05,-10.673706
3400,0,1,0.99956733,7.745123,0.7704983353614807,0.99956733,7.745123,0.99956733,7.745123
3401,0,1,0.9624373,3.2434573,1.0,0.9624373,3.2434573,0.9624373,3.2434573
3402,1,0,1.9719868e-05,-10.833864,0.5626282095909119,1.9719868e-05,-10.833864,1.9719868e-05,-10.833864
3403,1,0,3.88765e-05,-10.155082,0.7158142924308777,3.88765e-05,-10.155082,3.88765e-05,-10.155082
3404,1,0,2.6734484e-05,-10.52953,0.46417903900146484,2.6734484e-05,-10.52953,2.6734484e-05,-10.52953
3405,0,1,0.9997924,8.479513,0.7050499320030212,0.9997924,8.479513,0.9997924,8.479513
3406,1,0,4.439502e-05,-10.022339,0.7646666765213013,4.439502e-05,-10.022339,4.439502e-05,-10.022339
3407,1,0,3.4199802e-05,-10.283257,0.5415871739387512,3.4199802e-05,-10.283257,3.4199802e-05,-10.283257
3408,0,1,0.9997061,8.131926,0.7815550565719604,0.9997061,8.131926,0.9997061,8.131926
3409,1,0,4.8590104e-05,-9.932042,0.6626797318458557,4.8590104e-05,-9.932042,4.8590104e-05,-9.932042
3410,0,1,0.9994754,7.552391,0.6943656206130981,0.9994754,7.552391,0.9994754,7.552391
3411,0,1,0.9996859,8.06541,0.7184377312660217,0.9996859,8.06541,0.9996859,8.06541
3412,1,0,4.0362425e-05,-10.117571,0.5723975300788879,4.0362425e-05,-10.117571,4.0362425e-05,-10.117571
3413,1,0,3.478625e-05,-10.266253,0.7108919620513916,3.478625e-05,-10.266253,3.478625e-05,-10.266253
3414,0,1,0.9999132,9.351437,0.7989053130149841,0.9999132,9.351437,0.9999132,9.351437
3415,0,1,0.9998349,8.708847,0.5670250058174133,0.9998349,8.708847,0.9998349,8.708847
3416,0,1,0.99945265,7.5099664,0.689277172088623,0.99945265,7.5099664,0.99945265,7.5099664
3417,1,0,6.2959945e-05,-9.672949,0.43777230381965637,6.2959945e-05,-9.672949,6.2959945e-05,-9.672949
3418,0,1,0.99810046,6.2642303,0.6494218111038208,0.99810046,6.2642303,0.99810046,6.2642303
3419,0,1,0.9920443,4.8258905,1.0,0.9920443,4.8258905,0.9920443,4.8258905
3420,1,0,4.582701e-05,-9.990591,0.6817407011985779,4.582701e-05,-9.990591,4.582701e-05,-9.990591
3421,1,0,4.6560548e-05,-9.97471,0.8918615579605103,4.6560548e-05,-9.97471,4.6560548e-05,-9.97471
3422,1,0,3.1556905e-05,-10.363687,0.7861452102661133,3.1556905e-05,-10.363687,3.1556905e-05,-10.363687
3423,1,0,2.6482687e-05,-10.538993,0.6913263201713562,2.6482687e-05,-10.538993,2.6482687e-05,-10.538993
3424,1,0,3.7728947e-05,-10.185045,0.6244158744812012,3.7728947e-05,-10.185045,3.7728947e-05,-10.185045
3425,0,1,0.9996044,7.834529,0.7763449549674988,0.9996044,7.834529,0.9996044,7.834529
3426,1,0,3.814779e-05,-10.174005,0.5955531001091003,3.814779e-05,-10.174005,3.814779e-05,-10.174005
3427,0,1,0.61464435,0.46687716,1.0,0.61464435,0.46687716,0.61464435,0.46687716
3428,0,1,0.91842157,2.421091,1.0,0.91842157,2.421091,0.91842157,2.421091
3429,1,0,4.4477183e-05,-10.02049,0.8028069138526917,4.4477183e-05,-10.02049,4.4477183e-05,-10.02049
3430,0,1,0.9927711,4.9224114,0.7461089491844177,0.9927711,4.9224114,0.9927711,4.9224114
3431,1,0,6.0671242e-05,-9.70998,0.6903380155563354,6.0671242e-05,-9.70998,6.0671242e-05,-9.70998
3432,0,1,0.9995881,7.7941456,0.6800909042358398,0.9995881,7.7941456,0.9995881,7.7941456
3433,0,1,0.99645376,5.638319,1.0,0.99645376,5.638319,0.99645376,5.638319
3434,0,1,0.99985266,8.822496,0.5348122715950012,0.99985266,8.822496,0.99985266,8.822496
3435,0,1,0.9995509,7.707754,0.686665415763855,0.9995509,7.707754,0.9995509,7.707754
3436,0,1,0.99427646,5.1574335,1.0,0.99427646,5.1574335,0.99427646,5.1574335
3437,0,1,0.78633237,1.3029578,1.0,0.78633237,1.3029578,0.78633237,1.3029578
3438,0,1,0.6048727,0.42580992,1.0,0.6048727,0.42580992,0.6048727,0.42580992
3439,0,1,0.898538,2.1810846,1.0,0.898538,2.1810846,0.898538,2.1810846
3440,1,0,0.35662836,-0.59002835,1.0,0.35662836,-0.59002835,0.35662836,-0.59002835
3441,0,1,0.9998796,9.025138,0.625380277633667,0.9998796,9.025138,0.9998796,9.025138
3442,0,1,0.9995907,7.800662,0.7567038536071777,0.9995907,7.800662,0.9995907,7.800662
3443,1,0,4.5122237e-05,-10.00609,0.6809211373329163,4.5122237e-05,-10.00609,4.5122237e-05,-10.00609
3444,1,0,0.27577493,-0.96551716,1.0,0.27577493,-0.96551716,0.27577493,-0.96551716
3445,1,0,4.9231712e-05,-9.918923,0.7577807903289795,4.9231712e-05,-9.918923,4.9231712e-05,-9.918923
3446,1,0,4.0746923e-05,-10.108089,0.5009978413581848,4.0746923e-05,-10.108089,4.0746923e-05,-10.108089
3447,0,1,0.7903568,1.3270776,1.0,0.7903568,1.3270776,0.7903568,1.3270776
3448,1,0,2.6607258e-05,-10.5343,0.6358917951583862,2.6607258e-05,-10.5343,2.6607258e-05,-10.5343
3449,1,0,4.233178e-05,-10.06993,0.8585622310638428,4.233178e-05,-10.06993,4.233178e-05,-10.06993
3450,1,0,3.0657608e-05,-10.392599,0.6581425666809082,3.0657608e-05,-10.392599,3.0657608e-05,-10.392599
3451,1,0,0.0035958537,-5.6243715,0.7242529988288879,0.0035958537,-5.6243715,0.0035958537,-5.6243715
3452,0,1,0.9996673,8.007693,0.6110376715660095,0.9996673,8.007693,0.9996673,8.007693
3453,1,0,4.619964e-05,-9.982492,0.8022114634513855,4.619964e-05,-9.982492,4.619964e-05,-9.982492
3454,1,0,4.6339774e-05,-9.979464,0.7075413465499878,4.6339774e-05,-9.979464,4.6339774e-05,-9.979464
3455,1,0,0.45269126,-0.18980265,1.0,0.45269126,-0.18980265,0.45269126,-0.18980265
3456,1,0,4.9163544e-05,-9.920309,0.6495127081871033,4.9163544e-05,-9.920309,4.9163544e-05,-9.920309
3457,0,1,0.98844725,4.4492164,1.0,0.98844725,4.4492164,0.98844725,4.4492164
3458,1,0,1.6561782e-05,-11.008396,0.45376232266426086,1.6561782e-05,-11.008396,1.6561782e-05,-11.008396
3459,1,0,4.353742e-05,-10.041846,0.7383000254631042,4.353742e-05,-10.041846,4.353742e-05,-10.041846
3460,0,1,0.6568156,0.6491354,1.0,0.6568156,0.6491354,0.6568156,0.6491354
3461,0,1,0.9513989,2.974287,1.0,0.9513989,2.974287,0.9513989,2.974287
3462,0,1,0.99978894,8.463242,0.6849614381790161,0.99978894,8.463242,0.99978894,8.463242
3463,0,1,0.54301757,0.17249684,1.0,0.54301757,0.17249684,0.54301757,0.17249684
3464,1,0,4.063389e-05,-10.1108675,0.45695778727531433,4.063389e-05,-10.1108675,4.063389e-05,-10.1108675
3465,0,1,0.9994893,7.579353,0.6899102926254272,0.9994893,7.579353,0.9994893,7.579353
3466,1,0,3.6916404e-05,-10.206818,0.7278242111206055,3.6916404e-05,-10.206818,3.6916404e-05,-10.206818
3467,0,1,0.8662359,1.8680797,1.0,0.8662359,1.8680797,0.8662359,1.8680797
3468,1,0,4.0194725e-05,-10.121735,0.5932775139808655,4.0194725e-05,-10.121735,4.0194725e-05,-10.121735
3469,1,0,0.00010296408,-9.181027,0.7493636012077332,0.00010296408,-9.181027,0.00010296408,-9.181027
3470,0,1,0.999683,8.056265,0.7332959771156311,0.999683,8.056265,0.999683,8.056265
3471,0,1,0.8616342,1.8289299,1.0,0.8616342,1.8289299,0.8616342,1.8289299
3472,1,0,4.519088e-05,-10.00457,0.6997416019439697,4.519088e-05,-10.00457,4.519088e-05,-10.00457
3473,0,1,0.622766,0.5013053,1.0,0.622766,0.5013053,0.622766,0.5013053
3474,0,1,0.99990475,9.259497,0.7485120892524719,0.99990475,9.259497,0.99990475,9.259497
3475,1,0,4.1046485e-05,-10.100764,0.5802341103553772,4.1046485e-05,-10.100764,4.1046485e-05,-10.100764
3476,1,0,5.017467e-05,-9.89995,0.7618229985237122,5.017467e-05,-9.89995,5.017467e-05,-9.89995
3477,0,1,0.9997571,8.322437,0.6103733777999878,0.9997571,8.322437,0.9997571,8.322437
3478,1,0,5.2482435e-05,-9.8549795,0.7519413232803345,5.2482435e-05,-9.8549795,5.2482435e-05,-9.8549795
3479,0,1,0.9998368,8.720365,0.8246278762817383,0.9998368,8.720365,0.9998368,8.720365
3480,1,0,0.0039546387,-5.5289035,0.6556521654129028,0.0039546387,-5.5289035,0.0039546387,-5.5289035
3481,0,1,0.9761488,3.7117798,1.0,0.9761488,3.7117798,0.9761488,3.7117798
3482,1,0,6.2185085e-05,-9.685333,0.7998659014701843,6.2185085e-05,-9.685333,6.2185085e-05,-9.685333
3483,0,1,0.9994789,7.559004,0.6893848776817322,0.9994789,7.559004,0.9994789,7.559004
3484,0,1,0.9998449,8.771531,0.733443558216095,0.9998449,8.771531,0.9998449,8.771531
3485,1,0,5.4717697e-05,-9.813269,0.6393226385116577,5.4717697e-05,-9.813269,5.4717697e-05,-9.813269
3486,1,0,2.8679286e-05,-10.459307,0.7394011616706848,2.8679286e-05,-10.459307,2.8679286e-05,-10.459307
3487,0,1,0.9474009,2.891024,1.0,0.9474009,2.891024,0.9474009,2.891024
3488,0,1,0.7450946,1.0726186,1.0,0.7450946,1.0726186,0.7450946,1.0726186
3489,1,0,3.3597174e-05,-10.301035,0.6003124713897705,3.3597174e-05,-10.301035,3.3597174e-05,-10.301035
3490,0,1,0.9998752,8.98901,0.7823137640953064,0.9998752,8.98901,0.9998752,8.98901
3491,1,0,5.357924e-05,-9.834295,0.9082705974578857,5.357924e-05,-9.834295,5.357924e-05,-9.834295
3492,1,0,6.691257e-05,-9.612057,0.8743535280227661,6.691257e-05,-9.612057,6.691257e-05,-9.612057
3493,0,1,0.99990726,9.285131,0.8520708084106445,0.99990726,9.285131,0.99990726,9.285131
3494,0,1,0.6183933,0.48273423,1.0,0.6183933,0.48273423,0.6183933,0.48273423
3495,0,1,0.999859,8.866209,0.6638087034225464,0.999859,8.866209,0.999859,8.866209
3496,0,1,0.9990221,6.9292088,0.6586199402809143,0.9990221,6.9292088,0.9990221,6.9292088
3497,0,1,0.91250724,2.3446405,1.0,0.91250724,2.3446405,0.91250724,2.3446405
3498,0,1,0.9985384,6.5267777,0.6750082969665527,0.9985384,6.5267777,0.9985384,6.5267777
3499,0,1,0.6924941,0.81180537,1.0,0.6924941,0.81180537,0.6924941,0.81180537
3500,0,1,0.9932307,4.988569,0.5162121057510376,0.9932307,4.988569,0.9932307,4.988569
3501,1,0,4.4362347e-05,-10.023075,0.6417967081069946,4.4362347e-05,-10.023075,4.4362347e-05,-10.023075
3502,1,0,4.1785952e-05,-10.082909,0.6132948398590088,4.1785952e-05,-10.082909,4.1785952e-05,-10.082909
3503,0,1,0.999783,8.435099,0.7251162528991699,0.999783,8.435099,0.999783,8.435099
3504,0,1,0.9461718,2.866628,1.0,0.9461718,2.866628,0.9461718,2.866628
3505,1,0,6.954246e-05,-9.5735035,0.628600537776947,6.954246e-05,-9.5735035,6.954246e-05,-9.5735035
3506,0,1,0.99988294,9.052801,0.7091652154922485,0.99988294,9.052801,0.99988294,9.052801
3507,0,1,0.96816325,3.4147806,1.0,0.96816325,3.4147806,0.96816325,3.4147806
3508,1,0,3.505216e-05,-10.258638,0.6782436370849609,3.505216e-05,-10.258638,3.505216e-05,-10.258638
3509,0,1,0.9998443,8.767903,0.5622203350067139,0.9998443,8.767903,0.9998443,8.767903
3510,1,0,3.6474572e-05,-10.218859,0.8234639167785645,3.6474572e-05,-10.218859,3.6474572e-05,-10.218859
3511,0,1,0.999826,8.655947,0.7248477339744568,0.999826,8.655947,0.999826,8.655947
3512,1,0,4.6838173e-05,-9.968765,0.6361929774284363,4.6838173e-05,-9.968765,4.6838173e-05,-9.968765
3513,1,0,3.864883e-05,-10.160955,0.5127789974212646,3.864883e-05,-10.160955,3.864883e-05,-10.160955
3514,1,0,3.6938553e-05,-10.206218,0.6520403027534485,3.6938553e-05,-10.206218,3.6938553e-05,-10.206218
3515,1,0,0.15012006,-1.7336596,1.0,0.15012006,-1.7336596,0.15012006,-1.7336596
3516,0,1,0.999746,8.277962,0.804053544998169,0.999746,8.277962,0.999746,8.277962
3517,0,1,0.99986935,8.942562,0.5922557711601257,0.99986935,8.942562,0.99986935,8.942562
3518,0,1,0.99974364,8.268748,0.7119815349578857,0.99974364,8.268748,0.99974364,8.268748
3519,0,1,0.83495015,1.6211245,1.0,0.83495015,1.6211245,0.83495015,1.6211245
3520,0,1,0.74304223,1.061841,1.0,0.74304223,1.061841,0.74304223,1.061841
3521,1,0,6.1682236e-05,-9.693453,0.7921395301818848,6.1682236e-05,-9.693453,6.1682236e-05,-9.693453
3522,0,1,0.9997168,8.169077,0.6568923592567444,0.9997168,8.169077,0.9997168,8.169077
3523,0,1,0.9972963,5.910437,0.6170191764831543,0.9972963,5.910437,0.9972963,5.910437
3524,1,0,3.5581386e-05,-10.243652,0.6743397116661072,3.5581386e-05,-10.243652,3.5581386e-05,-10.243652
3525,0,1,0.9993185,7.2904053,0.6323890686035156,0.9993185,7.2904053,0.9993185,7.2904053
3526,1,0,2.2352298e-05,-10.708559,0.5819181203842163,2.2352298e-05,-10.708559,2.2352298e-05,-10.708559
3527,1,0,3.603143e-05,-10.231083,0.6075554490089417,3.603143e-05,-10.231083,3.603143e-05,-10.231083
3528,0,1,0.81178236,1.461633,1.0,0.81178236,1.461633,0.81178236,1.461633
3529,0,1,0.9997228,8.190453,0.7352584600448608,0.9997228,8.190453,0.9997228,8.190453
3530,1,0,4.969975e-05,-9.909461,0.7993617653846741,4.969975e-05,-9.909461,4.969975e-05,-9.909461
3531,1,0,3.7099886e-05,-10.201859,0.6595417857170105,3.7099886e-05,-10.201859,3.7099886e-05,-10.201859
3532,1,0,8.004677e-05,-9.432819,0.7182133197784424,8.004677e-05,-9.432819,8.004677e-05,-9.432819
3533,0,1,0.6788554,0.7485165,1.0,0.6788554,0.7485165,0.6788554,0.7485165
3534,1,0,4.1024727e-05,-10.1012945,0.7291146516799927,4.1024727e-05,-10.1012945,4.1024727e-05,-10.1012945
3535,0,1,0.8051526,1.4188154,1.0,0.8051526,1.4188154,0.8051526,1.4188154
3536,1,0,4.584065e-05,-9.9902935,0.6734650731086731,4.584065e-05,-9.9902935,4.584065e-05,-9.9902935
3537,0,1,0.9992544,7.2006884,0.6324600577354431,0.9992544,7.2006884,0.9992544,7.2006884
3538,1,0,3.6506586e-05,-10.217981,0.609542965888977,3.6506586e-05,-10.217981,3.6506586e-05,-10.217981
3539,0,1,0.9996191,7.872713,0.8452838063240051,0.9996191,7.872713,0.9996191,7.872713
3540,0,1,0.998055,6.240516,0.7529864311218262,0.998055,6.240516,0.998055,6.240516
3541,1,0,2.694691e-05,-10.521615,0.577412486076355,2.694691e-05,-10.521615,2.694691e-05,-10.521615
3542,0,1,0.63969976,0.5740613,1.0,0.63969976,0.5740613,0.63969976,0.5740613
3543,0,1,0.9982698,6.3577995,0.6843668818473816,0.9982698,6.3577995,0.9982698,6.3577995
3544,1,0,3.0627565e-05,-10.3935795,0.7460619807243347,3.0627565e-05,-10.3935795,3.0627565e-05,-10.3935795
3545,1,0,4.8922917e-05,-9.925216,0.5615803003311157,4.8922917e-05,-9.925216,4.8922917e-05,-9.925216
3546,0,1,0.99946755,7.537573,0.6889105439186096,0.99946755,7.537573,0.99946755,7.537573
3547,0,1,0.9997516,8.300232,0.8037989735603333,0.9997516,8.300232,0.9997516,8.300232
3548,0,1,0.810155,1.4510176,1.0,0.810155,1.4510176,0.810155,1.4510176
3549,1,0,0.00010263402,-9.184238,0.661476194858551,0.00010263402,-9.184238,0.00010263402,-9.184238
3550,1,0,3.0510286e-05,-10.397416,0.7065049409866333,3.0510286e-05,-10.397416,3.0510286e-05,-10.397416
3551,1,0,7.283906e-05,-9.527185,0.6875807046890259,7.283906e-05,-9.527185,7.283906e-05,-9.527185
3552,1,0,4.914807e-05,-9.920624,0.6271938681602478,4.914807e-05,-9.920624,4.914807e-05,-9.920624
3553,1,0,5.4103675e-05,-9.824554,0.6858862638473511,5.4103675e-05,-9.824554,5.4103675e-05,-9.824554
3554,0,1,0.9998104,8.570509,0.8711037039756775,0.9998104,8.570509,0.9998104,8.570509
3555,0,1,0.98766065,4.3825493,1.0,0.98766065,4.3825493,0.98766065,4.3825493
3556,1,0,4.2707947e-05,-10.061083,0.8213205933570862,4.2707947e-05,-10.061083,4.2707947e-05,-10.061083
3557,1,0,3.4604836e-05,-10.271482,0.6488391160964966,3.4604836e-05,-10.271482,3.4604836e-05,-10.271482
3558,1,0,0.01521652,-4.17004,1.0,0.01521652,-4.17004,0.01521652,-4.17004
3559,1,0,6.067657e-05,-9.709892,0.572300374507904,6.067657e-05,-9.709892,6.067657e-05,-9.709892
3560,1,0,6.43047e-05,-9.6518135,0.8474606871604919,6.43047e-05,-9.6518135,6.43047e-05,-9.6518135
3561,1,0,2.5420884e-05,-10.579914,0.7822555303573608,2.5420884e-05,-10.579914,2.5420884e-05,-10.579914
3562,1,0,5.9461076e-05,-9.730129,0.7147964835166931,5.9461076e-05,-9.730129,5.9461076e-05,-9.730129
3563,1,0,2.6800037e-05,-10.527081,0.766274094581604,2.6800037e-05,-10.527081,2.6800037e-05,-10.527081
3564,0,1,0.99980944,8.565424,0.7315258979797363,0.99980944,8.565424,0.99980944,8.565424
3565,1,0,0.00015024557,-8.803089,0.7420544624328613,0.00015024557,-8.803089,0.00015024557,-8.803089
3566,0,1,0.99969745,8.102769,0.7068341970443726,0.99969745,8.102769,0.99969745,8.102769
3567,0,1,0.9998306,8.682932,0.4842102527618408,0.9998306,8.682932,0.9998306,8.682932
3568,0,1,0.7683044,1.1987617,1.0,0.7683044,1.1987617,0.7683044,1.1987617
3569,0,1,0.999385,7.39322,0.6670444011688232,0.999385,7.39322,0.999385,7.39322
3570,0,1,0.99941516,7.443516,0.7303744554519653,0.99941516,7.443516,0.99941516,7.443516
3571,1,0,3.8769096e-05,-10.157848,0.6843820810317993,3.8769096e-05,-10.157848,3.8769096e-05,-10.157848
3572,1,0,5.6972367e-05,-9.772887,0.7183640003204346,5.6972367e-05,-9.772887,5.6972367e-05,-9.772887
3573,0,1,0.9997819,8.430267,0.8578580617904663,0.9997819,8.430267,0.9997819,8.430267
3574,0,1,0.99969554,8.0966215,0.6531662344932556,0.99969554,8.0966215,0.99969554,8.0966215
3575,1,0,5.759637e-05,-9.761993,0.7028226256370544,5.759637e-05,-9.761993,5.759637e-05,-9.761993
3576,0,1,0.8293667,1.5811455,1.0,0.8293667,1.5811455,0.8293667,1.5811455
3577,0,1,0.9996908,8.081139,0.5831749439239502,0.9996908,8.081139,0.9996908,8.081139
3578,0,1,0.9803422,3.9094267,1.0,0.9803422,3.9094267,0.9803422,3.9094267
3579,1,0,3.8990227e-05,-10.152161,0.6795177459716797,3.8990227e-05,-10.152161,3.8990227e-05,-10.152161
3580,0,1,0.9996675,8.008533,0.7637345194816589,0.9996675,8.008533,0.9996675,8.008533
3581,0,1,0.9998336,8.701315,0.6195101737976074,0.9998336,8.701315,0.9998336,8.701315
3582,1,0,0.29964435,-0.848992,1.0,0.29964435,-0.848992,0.29964435,-0.848992
3583,0,1,0.9995691,7.7491245,0.6468111872673035,0.9995691,7.7491245,0.9995691,7.7491245
3584,1,0,3.413141e-05,-10.285258,0.5429625511169434,3.413141e-05,-10.285258,3.413141e-05,-10.285258
3585,1,0,3.3748616e-05,-10.296537,0.7016867399215698,3.3748616e-05,-10.296537,3.3748616e-05,-10.296537
3586,0,1,0.9997342,8.23278,0.6568547487258911,0.9997342,8.23278,0.9997342,8.23278
3587,0,1,0.8792919,1.9857414,1.0,0.8792919,1.9857414,0.8792919,1.9857414
3588,0,1,0.5644159,0.2591033,1.0,0.5644159,0.2591033,0.5644159,0.2591033
3589,1,0,3.6057005e-05,-10.230373,0.8460001945495605,3.6057005e-05,-10.230373,3.6057005e-05,-10.230373
3590,1,0,7.253504e-05,-9.531368,0.6147646903991699,7.253504e-05,-9.531368,7.253504e-05,-9.531368
3591,0,1,0.99972314,8.191669,0.7369403839111328,0.99972314,8.191669,0.99972314,8.191669
3592,1,0,3.3437806e-05,-10.30579,0.6344808340072632,3.3437806e-05,-10.30579,3.3437806e-05,-10.30579
3593,0,1,0.9995092,7.619105,0.8410094380378723,0.9995092,7.619105,0.9995092,7.619105
3594,1,0,8.46467e-05,-9.37694,0.656255304813385,8.46467e-05,-9.37694,8.46467e-05,-9.37694
3595,0,1,0.7864645,1.3037443,1.0,0.7864645,1.3037443,0.7864645,1.3037443
3596,0,1,0.80882674,1.4424045,1.0,0.80882674,1.4424045,0.80882674,1.4424045
3597,0,1,0.9992111,7.1440725,0.6830711960792542,0.9992111,7.1440725,0.9992111,7.1440725
3598,0,1,0.9998079,8.557259,0.691076397895813,0.9998079,8.557259,0.9998079,8.557259
3599,1,0,2.2906655e-05,-10.68406,0.6899664998054504,2.2906655e-05,-10.68406,2.2906655e-05,-10.68406
3600,0,1,0.99943525,7.478528,0.5648998618125916,0.99943525,7.478528,0.99943525,7.478528
3601,1,0,3.6137557e-05,-10.228142,0.7222878932952881,3.6137557e-05,-10.228142,3.6137557e-05,-10.228142
3602,1,0,6.111028e-05,-9.702769,0.6689160466194153,6.111028e-05,-9.702769,6.111028e-05,-9.702769
3603,0,1,0.9983069,6.3794994,0.5710962414741516,0.9983069,6.3794994,0.9983069,6.3794994
3604,0,1,0.61994743,0.48932517,1.0,0.61994743,0.48932517,0.61994743,0.48932517
3605,1,0,3.570542e-05,-10.240172,0.6736859083175659,3.570542e-05,-10.240172,3.570542e-05,-10.240172
3606,1,0,5.4622866e-05,-9.815003,0.8622906804084778,5.4622866e-05,-9.815003,5.4622866e-05,-9.815003
3607,1,0,4.4650445e-05,-10.016602,0.7072897553443909,4.4650445e-05,-10.016602,4.4650445e-05,-10.016602
3608,0,1,0.88211346,2.0125978,1.0,0.88211346,2.0125978,0.88211346,2.0125978
3609,0,1,0.9996213,7.878413,0.7605775594711304,0.9996213,7.878413,0.9996213,7.878413
3610,1,0,4.4146018e-05,-10.027964,0.792537271976471,4.4146018e-05,-10.027964,4.4146018e-05,-10.027964
3611,1,0,3.6463443e-05,-10.219164,0.7410368919372559,3.6463443e-05,-10.219164,3.6463443e-05,-10.219164
3612,1,0,3.8419817e-05,-10.166899,0.8066603541374207,3.8419817e-05,-10.166899,3.8419817e-05,-10.166899
3613,0,1,0.9998497,8.802977,0.4872320592403412,0.9998497,8.802977,0.9998497,8.802977
3614,1,0,5.8397196e-05,-9.748184,0.7138373255729675,5.8397196e-05,-9.748184,5.8397196e-05,-9.748184
3615,1,0,6.27431e-05,-9.676399,0.7005620002746582,6.27431e-05,-9.676399,6.27431e-05,-9.676399
3616,0,1,0.9996915,8.083511,0.8417723774909973,0.9996915,8.083511,0.9996915,8.083511
3617,1,0,4.3835422e-05,-10.035025,0.572644054889679,4.3835422e-05,-10.035025,4.3835422e-05,-10.035025
3618,0,1,0.9995839,7.784281,0.6156693696975708,0.9995839,7.784281,0.9995839,7.784281
3619,1,0,3.0409694e-05,-10.400719,0.6735005378723145,3.0409694e-05,-10.400719,3.0409694e-05,-10.400719
3620,0,1,0.9981279,6.2788134,0.7790707945823669,0.9981279,6.2788134,0.9981279,6.2788134
3621,1,0,2.579941e-05,-10.565133,0.5626025199890137,2.579941e-05,-10.565133,2.579941e-05,-10.565133
3622,1,0,4.3223306e-05,-10.049088,0.8094006180763245,4.3223306e-05,-10.049088,4.3223306e-05,-10.049088
3623,1,0,2.5309806e-05,-10.584293,0.7621438503265381,2.5309806e-05,-10.584293,2.5309806e-05,-10.584293
3624,0,1,0.99973184,8.223764,0.7711191773414612,0.99973184,8.223764,0.99973184,8.223764
3625,0,1,0.99958736,7.7925024,0.7002547383308411,0.99958736,7.7925024,0.99958736,7.7925024
3626,1,0,3.5747566e-05,-10.238993,0.6409250497817993,3.5747566e-05,-10.238993,3.5747566e-05,-10.238993
3627,1,0,3.1635096e-05,-10.361212,0.7782562375068665,3.1635096e-05,-10.361212,3.1635096e-05,-10.361212
3628,1,0,3.3515127e-05,-10.30348,0.7120379209518433,3.3515127e-05,-10.30348,3.3515127e-05,-10.30348
3629,1,0,0.33665895,-0.67821884,1.0,0.33665895,-0.67821884,0.33665895,-0.67821884
3630,1,0,5.5863027e-05,-9.792552,0.890014111995697,5.5863027e-05,-9.792552,5.5863027e-05,-9.792552
3631,1,0,4.0819534e-05,-10.106309,0.7520545721054077,4.0819534e-05,-10.106309,4.0819534e-05,-10.106309
3632,0,1,0.99976856,8.370772,0.6813103556632996,0.99976856,8.370772,0.99976856,8.370772
3633,0,1,0.9998621,8.889046,0.755237877368927,0.9998621,8.889046,0.9998621,8.889046
3634,0,1,0.99983156,8.688858,0.6171507835388184,0.99983156,8.688858,0.99983156,8.688858
3635,1,0,9.563891e-05,-9.254835,0.6291376352310181,9.563891e-05,-9.254835,9.563891e-05,-9.254835
3636,1,0,3.25567e-05,-10.332495,0.5953298807144165,3.25567e-05,-10.332495,3.25567e-05,-10.332495
3637,0,1,0.99987817,9.012795,0.7390320301055908,0.99987817,9.012795,0.99987817,9.012795
3638,1,0,3.6409725e-05,-10.220638,0.666712760925293,3.6409725e-05,-10.220638,3.6409725e-05,-10.220638
3639,0,1,0.99969375,8.090571,0.7659249901771545,0.99969375,8.090571,0.99969375,8.090571
3640,0,1,0.8960597,2.15419,1.0,0.8960597,2.15419,0.8960597,2.15419
3641,1,0,3.4166613e-05,-10.284227,0.6636745929718018,3.4166613e-05,-10.284227,3.4166613e-05,-10.284227
3642,1,0,0.44315854,-0.2283529,1.0,0.44315854,-0.2283529,0.44315854,-0.2283529
3643,1,0,4.4294797e-05,-10.024599,0.6440609097480774,4.4294797e-05,-10.024599,4.4294797e-05,-10.024599
3644,1,0,3.0545194e-05,-10.396273,0.7538220882415771,3.0545194e-05,-10.396273,3.0545194e-05,-10.396273
3645,1,0,2.5727815e-05,-10.567912,0.7147823572158813,2.5727815e-05,-10.567912,2.5727815e-05,-10.567912
3646,1,0,3.847489e-05,-10.165466,0.6410518288612366,3.847489e-05,-10.165466,3.847489e-05,-10.165466
3647,1,0,5.0409628e-05,-9.895278,0.7739565372467041,5.0409628e-05,-9.895278,5.0409628e-05,-9.895278
3648,0,1,0.81134325,1.4587625,1.0,0.81134325,1.4587625,0.81134325,1.4587625
3649,1,0,3.625274e-05,-10.224959,0.6860495805740356,3.625274e-05,-10.224959,3.625274e-05,-10.224959
3650,0,1,0.51396394,0.05587019,1.0,0.51396394,0.05587019,0.51396394,0.05587019
3651,1,0,6.214667e-05,-9.685951,0.7005906701087952,6.214667e-05,-9.685951,6.214667e-05,-9.685951
3652,1,0,4.0864834e-05,-10.1052,0.7239094376564026,4.0864834e-05,-10.1052,4.0864834e-05,-10.1052
3653,1,0,4.505164e-05,-10.007656,0.7512165904045105,4.505164e-05,-10.007656,4.505164e-05,-10.007656
3654,0,1,0.9103479,2.31789,1.0,0.9103479,2.31789,0.9103479,2.31789
3655,0,1,0.99964285,7.9368844,0.8366425037384033,0.99964285,7.9368844,0.99964285,7.9368844
3656,1,0,0.00019453248,-8.544717,0.8571169972419739,0.00019453248,-8.544717,0.00019453248,-8.544717
3657,0,1,0.99769944,6.0723114,0.8534567356109619,0.99769944,6.0723114,0.99769944,6.0723114
3658,0,1,0.999723,8.191541,0.6439422965049744,0.999723,8.191541,0.999723,8.191541
3659,1,0,2.61676e-05,-10.550962,0.7787244915962219,2.61676e-05,-10.550962,2.61676e-05,-10.550962
3660,1,0,0.000183708,-8.601979,0.7636763453483582,0.000183708,-8.601979,0.000183708,-8.601979
3661,1,0,3.1927597e-05,-10.352008,0.815223753452301,3.1927597e-05,-10.352008,3.1927597e-05,-10.352008
3662,1,0,6.248712e-05,-9.680488,0.8410612940788269,6.248712e-05,-9.680488,6.248712e-05,-9.680488
3663,0,1,0.9994325,7.473796,0.647701621055603,0.9994325,7.473796,0.9994325,7.473796
3664,1,0,0.19326365,-1.4289415,1.0,0.19326365,-1.4289415,0.19326365,-1.4289415
3665,1,0,3.1978943e-05,-10.350401,0.7076964974403381,3.1978943e-05,-10.350401,3.1978943e-05,-10.350401
3666,1,0,2.8894267e-05,-10.4518385,0.6466448903083801,2.8894267e-05,-10.4518385,2.8894267e-05,-10.4518385
3667,1,0,0.4403855,-0.23959774,1.0,0.4403855,-0.23959774,0.4403855,-0.23959774
3668,1,0,3.2734933e-05,-10.327035,0.619279682636261,3.2734933e-05,-10.327035,3.2734933e-05,-10.327035
3669,0,1,0.98075986,3.9313297,1.0,0.98075986,3.9313297,0.98075986,3.9313297
3670,0,1,0.61020494,0.44817385,1.0,0.61020494,0.44817385,0.61020494,0.44817385
3671,0,1,0.9995797,7.77414,0.5787375569343567,0.9995797,7.77414,0.9995797,7.77414
3672,1,0,3.533791e-05,-10.250519,0.6828123927116394,3.533791e-05,-10.250519,3.533791e-05,-10.250519
3673,1,0,0.00013530618,-8.907835,0.7548210024833679,0.00013530618,-8.907835,0.00013530618,-8.907835
3674,1,0,2.8020828e-05,-10.482534,0.7723491191864014,2.8020828e-05,-10.482534,2.8020828e-05,-10.482534
3675,1,0,3.2647986e-05,-10.329695,0.6410836577415466,3.2647986e-05,-10.329695,3.2647986e-05,-10.329695
3676,0,1,0.99953103,7.664398,0.728757917881012,0.99953103,7.664398,0.99953103,7.664398
3677,1,0,6.8519505e-05,-9.588324,0.5926961302757263,6.8519505e-05,-9.588324,6.8519505e-05,-9.588324
3678,1,0,4.4874683e-05,-10.011592,0.6274226903915405,4.4874683e-05,-10.011592,4.4874683e-05,-10.011592
3679,0,1,0.9974546,5.970916,0.6769782304763794,0.9974546,5.970916,0.9974546,5.970916
3680,1,0,5.1297404e-05,-9.877819,0.7230518460273743,5.1297404e-05,-9.877819,5.1297404e-05,-9.877819
3681,0,1,0.98583895,4.2429953,0.6501358151435852,0.98583895,4.2429953,0.98583895,4.2429953
3682,0,1,0.8601219,1.816303,1.0,0.8601219,1.816303,0.8601219,1.816303
3683,1,0,0.33738124,-0.6749862,1.0,0.33738124,-0.6749862,0.33738124,-0.6749862
3684,0,1,0.86031973,1.8179482,1.0,0.86031973,1.8179482,0.86031973,1.8179482
3685,0,1,0.99980146,8.524299,0.8807177543640137,0.99980146,8.524299,0.99980146,8.524299
3686,0,1,0.93966717,2.7456498,1.0,0.93966717,2.7456498,0.93966717,2.7456498
3687,1,0,4.0381638e-05,-10.117095,0.5894848108291626,4.0381638e-05,-10.117095,4.0381638e-05,-10.117095
3688,1,0,3.523427e-05,-10.253456,0.787674069404602,3.523427e-05,-10.253456,3.523427e-05,-10.253456
3689,1,0,3.8355975e-05,-10.168562,0.7248721122741699,3.8355975e-05,-10.168562,3.8355975e-05,-10.168562
3690,0,1,0.9993882,7.3985596,0.7780148983001709,0.9993882,7.3985596,0.9993882,7.3985596
3691,1,0,3.697524e-05,-10.205225,0.541168212890625,3.697524e-05,-10.205225,3.697524e-05,-10.205225
3692,0,1,0.8715587,1.9148117,1.0,0.8715587,1.9148117,0.8715587,1.9148117
3693,0,1,0.99985266,8.822756,0.6286256909370422,0.99985266,8.822756,0.99985266,8.822756
3694,0,1,0.524435,0.09781769,1.0,0.524435,0.09781769,0.524435,0.09781769
3695,0,1,0.50325894,0.01303602,1.0,0.50325894,0.01303602,0.50325894,0.01303602
3696,0,1,0.9269879,2.5413146,1.0,0.9269879,2.5413146,0.9269879,2.5413146
3697,0,1,0.9994733,7.548187,0.7852410078048706,0.9994733,7.548187,0.9994733,7.548187
3698,1,0,8.039837e-05,-9.428436,0.7538654208183289,8.039837e-05,-9.428436,8.039837e-05,-9.428436
3699,1,0,3.1339565e-05,-10.370598,0.5337942838668823,3.1339565e-05,-10.370598,3.1339565e-05,-10.370598
3700,0,1,0.95858294,3.141763,1.0,0.95858294,3.141763,0.95858294,3.141763
3701,1,0,0.46426174,-0.14319721,1.0,0.46426174,-0.14319721,0.46426174,-0.14319721
3702,0,1,0.52199954,0.088055015,1.0,0.52199954,0.088055015,0.52199954,0.088055015
3703,1,0,4.2135238e-05,-10.074584,0.6092432737350464,4.2135238e-05,-10.074584,4.2135238e-05,-10.074584
3704,0,1,0.99899155,6.8983297,0.8077784776687622,0.99899155,6.8983297,0.99899155,6.8983297
3705,1,0,4.475361e-05,-10.014294,0.7548623085021973,4.475361e-05,-10.014294,4.475361e-05,-10.014294
3706,1,0,5.083614e-05,-9.886852,0.805778980255127,5.083614e-05,-9.886852,5.083614e-05,-9.886852
3707,1,0,3.28035e-05,-10.324943,0.5794277787208557,3.28035e-05,-10.324943,3.28035e-05,-10.324943
3708,1,0,2.7745802e-05,-10.492398,0.611634373664856,2.7745802e-05,-10.492398,2.7745802e-05,-10.492398
3709,0,1,0.99972683,8.205416,0.6988198757171631,0.99972683,8.205416,0.99972683,8.205416
3710,0,1,0.56145537,0.24707058,1.0,0.56145537,0.24707058,0.56145537,0.24707058
3711,0,1,0.99972874,8.212326,0.6816936135292053,0.99972874,8.212326,0.99972874,8.212326
3712,0,1,0.9996654,8.002022,0.8564887642860413,0.9996654,8.002022,0.9996654,8.002022
3713,0,1,0.9998915,9.128998,0.6938546895980835,0.9998915,9.128998,0.9998915,9.128998
3714,1,0,4.825886e-05,-9.938883,0.6326642036437988,4.825886e-05,-9.938883,4.825886e-05,-9.938883
3715,1,0,7.830837e-05,-9.454778,0.9551958441734314,7.830837e-05,-9.454778,7.830837e-05,-9.454778
3716,1,0,1.8940675e-05,-10.87418,0.7774640917778015,1.8940675e-05,-10.87418,1.8940675e-05,-10.87418
3717,1,0,8.50558e-05,-9.372118,0.8111345171928406,8.50558e-05,-9.372118,8.50558e-05,-9.372118
3718,0,1,0.99967134,8.020038,0.7174976468086243,0.99967134,8.020038,0.99967134,8.020038
3719,0,1,0.9997341,8.232258,0.767459511756897,0.9997341,8.232258,0.9997341,8.232258
3720,1,0,3.1018208e-05,-10.380905,0.633729875087738,3.1018208e-05,-10.380905,3.1018208e-05,-10.380905
3721,1,0,9.709299e-05,-9.239744,0.7027161121368408,9.709299e-05,-9.239744,9.709299e-05,-9.239744
3722,1,0,5.2455067e-05,-9.855501,0.6576835513114929,5.2455067e-05,-9.855501,5.2455067e-05,-9.855501
3723,1,0,5.2942785e-05,-9.846246,0.6331949830055237,5.2942785e-05,-9.846246,5.2942785e-05,-9.846246
3724,1,0,0.00016373848,-8.717076,0.620902955532074,0.00016373848,-8.717076,0.00016373848,-8.717076
3725,1,0,4.1015694e-05,-10.101515,0.7576126456260681,4.1015694e-05,-10.101515,4.1015694e-05,-10.101515
3726,1,0,5.8197842e-05,-9.751604,0.814294159412384,5.8197842e-05,-9.751604,5.8197842e-05,-9.751604
3727,1,0,0.38333806,-0.4754036,1.0,0.38333806,-0.4754036,0.38333806,-0.4754036
3728,0,1,0.9998254,8.652437,0.5017924308776855,0.9998254,8.652437,0.9998254,8.652437
3729,0,1,0.999734,8.231811,0.6846453547477722,0.999734,8.231811,0.999734,8.231811
3730,1,0,2.5989233e-05,-10.557802,0.7330286502838135,2.5989233e-05,-10.557802,2.5989233e-05,-10.557802
3731,1,0,2.871952e-05,-10.457905,0.7155860066413879,2.871952e-05,-10.457905,2.871952e-05,-10.457905
3732,1,0,3.1924523e-05,-10.352104,0.7105948328971863,3.1924523e-05,-10.352104,3.1924523e-05,-10.352104
3733,1,0,5.1186824e-05,-9.879977,0.8584796190261841,5.1186824e-05,-9.879977,5.1186824e-05,-9.879977
3734,0,1,0.9263835,2.5324194,1.0,0.9263835,2.5324194,0.9263835,2.5324194
3735,1,0,2.6916372e-05,-10.522749,0.6171215772628784,2.6916372e-05,-10.522749,2.6916372e-05,-10.522749
3736,0,1,0.9992341,7.1735916,0.5192443132400513,0.9992341,7.1735916,0.9992341,7.1735916
3737,1,0,4.066203e-05,-10.110175,0.6106206178665161,4.066203e-05,-10.110175,4.066203e-05,-10.110175
3738,0,1,0.8058546,1.4232963,1.0,0.8058546,1.4232963,0.8058546,1.4232963
3739,0,1,0.99967515,8.031784,0.5959383249282837,0.99967515,8.031784,0.99967515,8.031784
3740,1,0,0.00010064393,-9.203821,0.6377530097961426,0.00010064393,-9.203821,0.00010064393,-9.203821
3741,0,1,0.99951005,7.6207843,0.7743515372276306,0.99951005,7.6207843,0.99951005,7.6207843
3742,1,0,3.8646984e-05,-10.161003,0.746870756149292,3.8646984e-05,-10.161003,3.8646984e-05,-10.161003
3743,0,1,0.9997371,8.243331,0.6912336945533752,0.9997371,8.243331,0.9997371,8.243331
3744,0,1,0.9998185,8.614244,0.5988897085189819,0.9998185,8.614244,0.9998185,8.614244
3745,0,1,0.9998197,8.620698,0.7030470371246338,0.9998197,8.620698,0.9998197,8.620698
3746,0,1,0.5497181,0.19953176,1.0,0.5497181,0.19953176,0.5497181,0.19953176
3747,0,1,0.9992649,7.2147274,0.6427388191223145,0.9992649,7.2147274,0.9992649,7.2147274
3748,0,1,0.99957925,7.7730207,0.7021520733833313,0.99957925,7.7730207,0.99957925,7.7730207
3749,0,1,0.9101535,2.31551,1.0,0.9101535,2.31551,0.9101535,2.31551
3750,1,0,3.167537e-05,-10.35994,0.7334226369857788,3.167537e-05,-10.35994,3.167537e-05,-10.35994
3751,1,0,2.0959418e-05,-10.772902,0.7618789076805115,2.0959418e-05,-10.772902,2.0959418e-05,-10.772902
3752,0,1,0.9997795,8.419248,0.770923912525177,0.9997795,8.419248,0.9997795,8.419248
3753,1,0,3.0001242e-05,-10.414242,0.8652637600898743,3.0001242e-05,-10.414242,3.0001242e-05,-10.414242
3754,1,0,2.7919044e-05,-10.486174,0.5724480152130127,2.7919044e-05,-10.486174,2.7919044e-05,-10.486174
3755,0,1,0.9993901,7.401577,0.9247061610221863,0.9993901,7.401577,0.9993901,7.401577
3756,0,1,0.9983204,6.38755,0.7124614715576172,0.9983204,6.38755,0.9983204,6.38755
3757,1,0,4.734283e-05,-9.958048,0.4983851909637451,4.734283e-05,-9.958048,4.734283e-05,-9.958048
3758,1,0,3.745499e-05,-10.192333,0.5488258600234985,3.745499e-05,-10.192333,3.745499e-05,-10.192333
3759,0,1,0.99984,8.74043,0.7491976022720337,0.99984,8.74043,0.99984,8.74043
3760,1,0,2.7536951e-05,-10.499954,0.7398838996887207,2.7536951e-05,-10.499954,2.7536951e-05,-10.499954
3761,0,1,0.99986374,8.901256,0.7975197434425354,0.99986374,8.901256,0.99986374,8.901256
3762,0,1,0.9993455,7.331063,0.6315796375274658,0.9993455,7.331063,0.9993455,7.331063
3763,1,0,3.618463e-05,-10.22684,0.86369389295578,3.618463e-05,-10.22684,3.618463e-05,-10.22684
3764,1,0,2.571489e-05,-10.568415,0.77061927318573,2.571489e-05,-10.568415,2.571489e-05,-10.568415
3765,1,0,5.6167177e-05,-9.787122,0.8613836169242859,5.6167177e-05,-9.787122,5.6167177e-05,-9.787122
3766,1,0,4.225749e-05,-10.071687,0.6318088173866272,4.225749e-05,-10.071687,4.225749e-05,-10.071687
3767,1,0,0.48550686,-0.057988763,1.0,0.48550686,-0.057988763,0.48550686,-0.057988763
3768,0,1,0.9997428,8.265454,0.5505532622337341,0.9997428,8.265454,0.9997428,8.265454
3769,0,1,0.9998807,9.033306,0.6749035716056824,0.9998807,9.033306,0.9998807,9.033306
3770,0,1,0.9995945,7.809973,0.6854220628738403,0.9995945,7.809973,0.9995945,7.809973
3771,1,0,4.141996e-05,-10.091706,0.854460597038269,4.141996e-05,-10.091706,4.141996e-05,-10.091706
3772,0,1,0.9803243,3.9085045,1.0,0.9803243,3.9085045,0.9803243,3.9085045
3773,0,1,0.99968064,8.0486765,0.7986207604408264,0.99968064,8.0486765,0.99968064,8.0486765
3774,1,0,5.4908585e-05,-9.809786,0.677266538143158,5.4908585e-05,-9.809786,5.4908585e-05,-9.809786
3775,1,0,5.839865e-05,-9.748159,0.711758553981781,5.839865e-05,-9.748159,5.839865e-05,-9.748159
3776,0,1,0.99989855,9.196119,0.5960460305213928,0.99989855,9.196119,0.99989855,9.196119
3777,1,0,2.7810493e-05,-10.490069,0.752497673034668,2.7810493e-05,-10.490069,2.7810493e-05,-10.490069
3778,1,0,0.00025364535,-8.27932,0.701972246170044,0.00025364535,-8.27932,0.00025364535,-8.27932
3779,0,1,0.9988073,6.730298,0.4087373614311218,0.9988073,6.730298,0.9988073,6.730298
3780,0,1,0.9992924,7.2529664,0.8949543237686157,0.9992924,7.2529664,0.9992924,7.2529664
3781,0,1,0.99991095,9.326022,0.8035473227500916,0.99991095,9.326022,0.99991095,9.326022
3782,1,0,3.178818e-05,-10.356384,0.48131170868873596,3.178818e-05,-10.356384,3.178818e-05,-10.356384
3783,1,0,2.9326666e-05,-10.436984,0.6732492446899414,2.9326666e-05,-10.436984,2.9326666e-05,-10.436984
3784,0,1,0.9996829,8.055792,0.6788936853408813,0.9996829,8.055792,0.9996829,8.055792
3785,1,0,4.302492e-05,-10.053688,0.7446268200874329,4.302492e-05,-10.053688,4.302492e-05,-10.053688
3786,0,1,0.9995859,7.789135,0.7239992022514343,0.9995859,7.789135,0.9995859,7.789135
3787,0,1,0.94920266,2.9277775,1.0,0.94920266,2.9277775,0.94920266,2.9277775
3788,1,0,3.7086484e-05,-10.202221,0.5986250638961792,3.7086484e-05,-10.202221,3.7086484e-05,-10.202221
3789,0,1,0.9989166,6.8266034,0.6983028054237366,0.9989166,6.8266034,0.9989166,6.8266034
3790,0,1,0.97695756,3.7471037,1.0,0.97695756,3.7471037,0.97695756,3.7471037
3791,0,1,0.51685077,0.0674285,1.0,0.51685077,0.0674285,0.51685077,0.0674285
3792,1,0,4.904451e-05,-9.922733,0.6256318688392639,4.904451e-05,-9.922733,4.904451e-05,-9.922733
3793,1,0,4.3529777e-05,-10.042022,0.5699637532234192,4.3529777e-05,-10.042022,4.3529777e-05,-10.042022
3794,1,0,6.25329e-05,-9.679755,0.7751046419143677,6.25329e-05,-9.679755,6.25329e-05,-9.679755
3795,0,1,0.9995314,7.6652613,0.6190707683563232,0.9995314,7.6652613,0.9995314,7.6652613
3796,1,0,4.0910687e-05,-10.104078,0.6943362355232239,4.0910687e-05,-10.104078,4.0910687e-05,-10.104078
3797,0,1,0.99960095,7.825961,0.5713351964950562,0.99960095,7.825961,0.99960095,7.825961
3798,0,1,0.9997539,8.309589,0.6097813844680786,0.9997539,8.309589,0.9997539,8.309589
3799,0,1,0.99102545,4.704348,1.0,0.99102545,4.704348,0.99102545,4.704348
3800,1,0,4.270021e-05,-10.061264,0.6217248439788818,4.270021e-05,-10.061264,4.270021e-05,-10.061264
3801,1,0,3.4837045e-05,-10.264794,0.6313307881355286,3.4837045e-05,-10.264794,3.4837045e-05,-10.264794
3802,0,1,0.9831902,4.0688386,1.0,0.9831902,4.0688386,0.9831902,4.0688386
3803,1,0,3.0004478e-05,-10.414134,0.77213054895401,3.0004478e-05,-10.414134,3.0004478e-05,-10.414134
3804,0,1,0.999772,8.385919,0.6182457208633423,0.999772,8.385919,0.999772,8.385919
3805,1,0,4.664374e-05,-9.972925,0.7855106592178345,4.664374e-05,-9.972925,4.664374e-05,-9.972925
3806,0,1,0.9996691,8.0131,0.7007298469543457,0.9996691,8.0131,0.9996691,8.0131
3807,1,0,0.0001035847,-9.175017,0.92824786901474,0.0001035847,-9.175017,0.0001035847,-9.175017
3808,1,0,2.6853635e-05,-10.525083,0.636821448802948,2.6853635e-05,-10.525083,2.6853635e-05,-10.525083
3809,1,0,4.53909e-05,-10.000154,0.7562437653541565,4.53909e-05,-10.000154,4.53909e-05,-10.000154
3810,0,1,0.9999263,9.516213,0.6508307456970215,0.9999263,9.516213,0.9999263,9.516213
3811,1,0,4.3179636e-05,-10.050098,0.33241337537765503,4.3179636e-05,-10.050098,4.3179636e-05,-10.050098
3812,1,0,0.00030971953,-8.079534,0.7505313158035278,0.00030971953,-8.079534,0.00030971953,-8.079534
3813,1,0,3.256099e-05,-10.332363,0.7144796252250671,3.256099e-05,-10.332363,3.256099e-05,-10.332363
3814,1,0,3.24377e-05,-10.336157,0.6244252324104309,3.24377e-05,-10.336157,3.24377e-05,-10.336157
3815,1,0,2.5885789e-05,-10.56179,0.7497842907905579,2.5885789e-05,-10.56179,2.5885789e-05,-10.56179
3816,0,1,0.99971277,8.154986,0.7897279858589172,0.99971277,8.154986,0.99971277,8.154986
3817,0,1,0.9998099,8.56797,0.7738697528839111,0.9998099,8.56797,0.9998099,8.56797
3818,1,0,3.4389162e-05,-10.277735,0.6189674735069275,3.4389162e-05,-10.277735,3.4389162e-05,-10.277735
3819,1,0,3.7323985e-05,-10.195837,0.7219669222831726,3.7323985e-05,-10.195837,3.7323985e-05,-10.195837
3820,1,0,3.8768503e-05,-10.157864,0.6137558817863464,3.8768503e-05,-10.157864,3.8768503e-05,-10.157864
3821,1,0,3.2115186e-05,-10.346149,0.7436414361000061,3.2115186e-05,-10.346149,3.2115186e-05,-10.346149
3822,0,1,0.7949587,1.3550787,1.0,0.7949587,1.3550787,0.7949587,1.3550787
3823,0,1,0.99870837,6.6505556,0.4940085709095001,0.99870837,6.6505556,0.99870837,6.6505556
3824,1,0,3.7423888e-05,-10.193164,0.5974810719490051,3.7423888e-05,-10.193164,3.7423888e-05,-10.193164
3825,1,0,0.21325439,-1.3054192,1.0,0.21325439,-1.3054192,0.21325439,-1.3054192
3826,1,0,3.3868295e-05,-10.292997,0.8082239031791687,3.3868295e-05,-10.292997,3.3868295e-05,-10.292997
3827,0,1,0.999811,8.5734215,0.742936909198761,0.999811,8.5734215,0.999811,8.5734215
3828,0,1,0.6971761,0.8338863,1.0,0.6971761,0.8338863,0.6971761,0.8338863
3829,0,1,0.99735355,5.931901,1.0,0.99735355,5.931901,0.99735355,5.931901
3830,1,0,2.6975682e-05,-10.520548,0.7498080134391785,2.6975682e-05,-10.520548,2.6975682e-05,-10.520548
3831,0,1,0.6152298,0.46934974,1.0,0.6152298,0.46934974,0.6152298,0.46934974
3832,0,1,0.99976283,8.346545,0.6671468615531921,0.99976283,8.346545,0.99976283,8.346545
3833,1,0,0.41004148,-0.3637939,1.0,0.41004148,-0.3637939,0.41004148,-0.3637939
3834,1,0,4.981158e-05,-9.907213,0.655783474445343,4.981158e-05,-9.907213,4.981158e-05,-9.907213
3835,0,1,0.9976326,6.043584,1.0,0.9976326,6.043584,0.9976326,6.043584
3836,1,0,3.3618362e-05,-10.300405,0.7913668751716614,3.3618362e-05,-10.300405,3.3618362e-05,-10.300405
3837,0,1,0.9997552,8.314898,0.66630619764328,0.9997552,8.314898,0.9997552,8.314898
3838,1,0,4.2389747e-05,-10.068562,0.7290154099464417,4.2389747e-05,-10.068562,4.2389747e-05,-10.068562
3839,0,1,0.99942183,7.455084,0.7069538235664368,0.99942183,7.455084,0.99942183,7.455084
3840,1,0,6.9017115e-05,-9.581087,0.6636991500854492,6.9017115e-05,-9.581087,6.9017115e-05,-9.581087
3841,0,1,0.99986076,8.879332,0.6708871126174927,0.99986076,8.879332,0.99986076,8.879332
3842,0,1,0.9942372,5.1505475,1.0,0.9942372,5.1505475,0.9942372,5.1505475
3843,1,0,3.541301e-05,-10.248396,0.7689035534858704,3.541301e-05,-10.248396,3.541301e-05,-10.248396
3844,1,0,7.640133e-05,-9.479434,0.6436088681221008,7.640133e-05,-9.479434,7.640133e-05,-9.479434
3845,1,0,4.939918e-05,-9.915527,0.5722020268440247,4.939918e-05,-9.915527,4.939918e-05,-9.915527
3846,1,0,6.944809e-05,-9.574862,0.6622834205627441,6.944809e-05,-9.574862,6.944809e-05,-9.574862
3847,1,0,7.826903e-05,-9.45528,0.9023900032043457,7.826903e-05,-9.45528,7.826903e-05,-9.45528
3848,1,0,5.6482633e-05,-9.781521,0.8207741975784302,5.6482633e-05,-9.781521,5.6482633e-05,-9.781521
3849,0,1,0.9998097,8.566683,0.8759075999259949,0.9998097,8.566683,0.9998097,8.566683
3850,1,0,0.38488024,-0.46888468,1.0,0.38488024,-0.46888468,0.38488024,-0.46888468
3851,0,1,0.854734,1.7722236,1.0,0.854734,1.7722236,0.854734,1.7722236
3852,1,0,4.86804e-05,-9.930185,0.875606894493103,4.86804e-05,-9.930185,4.86804e-05,-9.930185
3853,1,0,3.1177013e-05,-10.375798,0.7459726929664612,3.1177013e-05,-10.375798,3.1177013e-05,-10.375798
3854,1,0,4.058649e-05,-10.112035,0.7099869847297668,4.058649e-05,-10.112035,4.058649e-05,-10.112035
3855,0,1,0.9995608,7.7301493,0.6640843152999878,0.9995608,7.7301493,0.9995608,7.7301493
3856,1,0,4.7827467e-05,-9.947863,0.6350802183151245,4.7827467e-05,-9.947863,4.7827467e-05,-9.947863
3857,1,0,3.4901823e-05,-10.262937,0.6511110663414001,3.4901823e-05,-10.262937,3.4901823e-05,-10.262937
3858,1,0,3.212637e-05,-10.345801,0.7406708002090454,3.212637e-05,-10.345801,3.212637e-05,-10.345801
3859,1,0,4.174851e-05,-10.083805,0.6201762557029724,4.174851e-05,-10.083805,4.174851e-05,-10.083805
3860,1,0,3.3568736e-05,-10.301882,0.6780484914779663,3.3568736e-05,-10.301882,3.3568736e-05,-10.301882
3861,0,1,0.99989307,9.143229,0.8685512542724609,0.99989307,9.143229,0.99989307,9.143229
3862,1,0,6.5331245e-05,-9.635975,0.6748871803283691,6.5331245e-05,-9.635975,6.5331245e-05,-9.635975
3863,0,1,0.9997751,8.399586,0.6019969582557678,0.9997751,8.399586,0.9997751,8.399586
3864,1,0,2.8826751e-05,-10.454178,0.50748610496521,2.8826751e-05,-10.454178,2.8826751e-05,-10.454178
3865,0,1,0.62918353,0.5287157,1.0,0.62918353,0.5287157,0.62918353,0.5287157
3866,1,0,2.360098e-05,-10.654199,0.5970948338508606,2.360098e-05,-10.654199,2.360098e-05,-10.654199
3867,1,0,0.034607057,-3.3284776,1.0,0.034607057,-3.3284776,0.034607057,-3.3284776
3868,1,0,6.858187e-05,-9.587414,0.8165819644927979,6.858187e-05,-9.587414,6.858187e-05,-9.587414
3869,0,1,0.9996257,7.8901367,0.6298432350158691,0.9996257,7.8901367,0.9996257,7.8901367
3870,0,1,0.9990362,6.9436812,0.480579137802124,0.9990362,6.9436812,0.9990362,6.9436812
3871,1,0,4.2603406e-05,-10.063534,0.8859819769859314,4.2603406e-05,-10.063534,4.2603406e-05,-10.063534
3872,0,1,0.9996234,7.8841248,0.6935100555419922,0.9996234,7.8841248,0.9996234,7.8841248
3873,1,0,2.2201126e-05,-10.715345,0.49882516264915466,2.2201126e-05,-10.715345,2.2201126e-05,-10.715345
3874,0,1,0.99974674,8.281077,0.7724334597587585,0.99974674,8.281077,0.99974674,8.281077
3875,0,1,0.7500216,1.0987272,1.0,0.7500216,1.0987272,0.7500216,1.0987272
3876,0,1,0.9993079,7.275088,0.6803919076919556,0.9993079,7.275088,0.9993079,7.275088
3877,1,0,5.8666457e-05,-9.743584,0.6357573866844177,5.8666457e-05,-9.743584,5.8666457e-05,-9.743584
3878,1,0,5.387122e-05,-9.82886,0.7638499736785889,5.387122e-05,-9.82886,5.387122e-05,-9.82886
3879,0,1,0.99959034,7.7996564,0.8070089817047119,0.99959034,7.7996564,0.99959034,7.7996564
3880,1,0,4.021359e-05,-10.121265,0.6893801093101501,4.021359e-05,-10.121265,4.021359e-05,-10.121265
3881,1,0,3.401061e-05,-10.288804,0.6484366655349731,3.401061e-05,-10.288804,3.401061e-05,-10.288804
3882,0,1,0.99882895,6.7486734,0.4802080988883972,0.99882895,6.7486734,0.99882895,6.7486734
3883,0,1,0.99985874,8.864862,0.7417166233062744,0.99985874,8.864862,0.99985874,8.864862
3884,1,0,3.729666e-05,-10.196569,0.5269668698310852,3.729666e-05,-10.196569,3.729666e-05,-10.196569
3885,0,1,0.9538817,3.0293283,1.0,0.9538817,3.0293283,0.9538817,3.0293283
3886,0,1,0.9994481,7.501722,0.60660719871521,0.9994481,7.501722,0.9994481,7.501722
3887,0,1,0.83409977,1.614966,1.0,0.83409977,1.614966,0.83409977,1.614966
3888,0,1,0.99690837,5.7759476,0.7448503971099854,0.99690837,5.7759476,0.99690837,5.7759476
3889,1,0,9.438518e-05,-9.268032,0.5864062309265137,9.438518e-05,-9.268032,9.438518e-05,-9.268032
3890,0,1,0.99927765,7.2322264,0.5501494407653809,0.99927765,7.2322264,0.99927765,7.2322264
3891,1,0,4.4950193e-05,-10.009911,0.7164583206176758,4.4950193e-05,-10.009911,4.4950193e-05,-10.009911
3892,1,0,5.207701e-05,-9.862735,0.621443510055542,5.207701e-05,-9.862735,5.207701e-05,-9.862735
3893,0,1,0.9613417,3.2135675,1.0,0.9613417,3.2135675,0.9613417,3.2135675
3894,0,1,0.99233776,4.863753,1.0,0.99233776,4.863753,0.99233776,4.863753
3895,0,1,0.97025925,3.4850442,1.0,0.97025925,3.4850442,0.97025925,3.4850442
3896,1,0,4.245946e-05,-10.066918,0.6828091144561768,4.245946e-05,-10.066918,4.245946e-05,-10.066918
3897,0,1,0.9997086,8.140534,0.6429275870323181,0.9997086,8.140534,0.9997086,8.140534
3898,1,0,2.7267248e-05,-10.509797,0.6952160596847534,2.7267248e-05,-10.509797,2.7267248e-05,-10.509797
3899,0,1,0.99967825,8.041305,0.5489369034767151,0.99967825,8.041305,0.99967825,8.041305
3900,0,1,0.9989203,6.830036,0.6855559349060059,0.9989203,6.830036,0.9989203,6.830036
3901,1,0,0.00028423435,-8.165427,0.5938901305198669,0.00028423435,-8.165427,0.00028423435,-8.165427
3902,0,1,0.9998362,8.716973,0.5804967284202576,0.9998362,8.716973,0.9998362,8.716973
3903,0,1,0.99925107,7.196069,0.7563231587409973,0.99925107,7.196069,0.99925107,7.196069
3904,1,0,0.26117045,-1.0398941,1.0,0.26117045,-1.0398941,0.26117045,-1.0398941
3905,0,1,0.99721706,5.8814526,0.6939502954483032,0.99721706,5.8814526,0.99721706,5.8814526
3906,1,0,3.5488636e-05,-10.246263,0.5612688064575195,3.5488636e-05,-10.246263,3.5488636e-05,-10.246263
3907,0,1,0.9995552,7.7174673,0.6976255178451538,0.9995552,7.7174673,0.9995552,7.7174673
3908,1,0,4.750111e-05,-9.95471,0.5777896046638489,4.750111e-05,-9.95471,4.750111e-05,-9.95471
3909,0,1,0.57166004,0.28862718,1.0,0.57166004,0.28862718,0.57166004,0.28862718
3910,1,0,4.0452403e-05,-10.115344,0.6390395164489746,4.0452403e-05,-10.115344,4.0452403e-05,-10.115344
3911,0,1,0.9990569,6.9653964,0.4440934956073761,0.9990569,6.9653964,0.9990569,6.9653964
3912,1,0,0.31202796,-0.7906554,1.0,0.31202796,-0.7906554,0.31202796,-0.7906554
3913,1,0,4.7627753e-05,-9.952047,0.702368974685669,4.7627753e-05,-9.952047,4.7627753e-05,-9.952047
3914,0,1,0.99967635,8.035631,0.7311359643936157,0.99967635,8.035631,0.99967635,8.035631
3915,0,1,0.9786558,3.825399,1.0,0.9786558,3.825399,0.9786558,3.825399
3916,0,1,0.9758173,3.697638,1.0,0.9758173,3.697638,0.9758173,3.697638
3917,1,0,0.000116440475,-9.058014,0.8631995320320129,0.000116440475,-9.058014,0.000116440475,-9.058014
3918,0,1,0.9999155,9.378,0.8121057748794556,0.9999155,9.378,0.9999155,9.378
3919,1,0,5.1896808e-05,-9.866201,0.677679717540741,5.1896808e-05,-9.866201,5.1896808e-05,-9.866201
3920,0,1,0.99935466,7.3450317,0.8245338797569275,0.99935466,7.3450317,0.99935466,7.3450317
3921,1,0,3.52577e-05,-10.252791,0.5076488256454468,3.52577e-05,-10.252791,3.52577e-05,-10.252791
3922,0,1,0.5009956,0.0039822906,1.0,0.5009956,0.0039822906,0.5009956,0.0039822906
3923,0,1,0.9998235,8.641691,0.6245703101158142,0.9998235,8.641691,0.9998235,8.641691
3924,1,0,5.0862614e-05,-9.886332,0.7729946970939636,5.0862614e-05,-9.886332,5.0862614e-05,-9.886332
3925,1,0,2.7272343e-05,-10.50961,0.5202562808990479,2.7272343e-05,-10.50961,2.7272343e-05,-10.50961
3926,0,1,0.99948895,7.5785885,0.5621055960655212,0.99948895,7.5785885,0.99948895,7.5785885
3927,1,0,4.8141468e-05,-9.9413185,0.8726230263710022,4.8141468e-05,-9.9413185,4.8141468e-05,-9.9413185
3928,0,1,0.565001,0.2614838,1.0,0.565001,0.2614838,0.565001,0.2614838
3929,1,0,5.3376374e-05,-9.838089,0.7844980359077454,5.3376374e-05,-9.838089,5.3376374e-05,-9.838089
3930,0,1,0.99259233,4.897802,1.0,0.99259233,4.897802,0.99259233,4.897802
3931,0,1,0.99985874,8.864679,0.6489408612251282,0.99985874,8.864679,0.99985874,8.864679
3932,0,1,0.9998419,8.752337,0.6633461713790894,0.9998419,8.752337,0.9998419,8.752337
3933,0,1,0.99959594,7.8135495,0.5050967931747437,0.99959594,7.8135495,0.99959594,7.8135495
3934,1,0,3.2106982e-05,-10.346405,0.6714040040969849,3.2106982e-05,-10.346405,3.2106982e-05,-10.346405
3935,0,1,0.9996432,7.9381676,0.7745293378829956,0.9996432,7.9381676,0.9996432,7.9381676
3936,1,0,3.1914602e-05,-10.352415,0.6795775890350342,3.1914602e-05,-10.352415,3.1914602e-05,-10.352415
3937,0,1,0.99728715,5.9070415,0.8782150149345398,0.99728715,5.9070415,0.99728715,5.9070415
3938,0,1,0.99982005,8.622465,0.5193795561790466,0.99982005,8.622465,0.99982005,8.622465
3939,1,0,4.8553415e-05,-9.932797,0.6171943545341492,4.8553415e-05,-9.932797,4.8553415e-05,-9.932797
3940,1,0,2.9831093e-05,-10.4199295,0.7227042317390442,2.9831093e-05,-10.4199295,2.9831093e-05,-10.4199295
3941,0,1,0.99972886,8.212456,0.5089046955108643,0.99972886,8.212456,0.99972886,8.212456
3942,1,0,5.5078035e-05,-9.8067045,0.5923743844032288,5.5078035e-05,-9.8067045,5.5078035e-05,-9.8067045
3943,1,0,4.6614525e-05,-9.973552,0.8161208033561707,4.6614525e-05,-9.973552,4.6614525e-05,-9.973552
3944,0,1,0.9997013,8.116049,0.7111301422119141,0.9997013,8.116049,0.9997013,8.116049
3945,0,1,0.9918784,4.805064,1.0,0.9918784,4.805064,0.9918784,4.805064
3946,0,1,0.99981076,8.572209,0.6729192137718201,0.99981076,8.572209,0.99981076,8.572209
3947,1,0,3.2836393e-05,-10.32394,0.5443305373191833,3.2836393e-05,-10.32394,3.2836393e-05,-10.32394
3948,1,0,0.11654354,-2.025577,1.0,0.11654354,-2.025577,0.11654354,-2.025577
3949,0,1,0.99958557,7.788163,0.707682192325592,0.99958557,7.788163,0.99958557,7.788163
3950,1,0,0.049561355,-2.9537122,1.0,0.049561355,-2.9537122,0.049561355,-2.9537122
3951,0,1,0.5862651,0.34854656,1.0,0.5862651,0.34854656,0.5862651,0.34854656
3952,0,1,0.9998592,8.867975,0.7899184226989746,0.9998592,8.867975,0.9998592,8.867975
3953,0,1,0.999899,9.20032,0.7183862924575806,0.999899,9.20032,0.999899,9.20032
3954,0,1,0.999703,8.121724,0.6364449262619019,0.999703,8.121724,0.999703,8.121724
3955,1,0,3.1091746e-05,-10.378537,0.5594297051429749,3.1091746e-05,-10.378537,3.1091746e-05,-10.378537
3956,0,1,0.9997435,8.268375,0.6558386087417603,0.9997435,8.268375,0.9997435,8.268375
3957,0,1,0.9997737,8.393525,0.8233934044837952,0.9997737,8.393525,0.9997737,8.393525
3958,0,1,0.66259336,0.67487246,1.0,0.66259336,0.67487246,0.66259336,0.67487246
3959,1,0,4.43267e-05,-10.023879,0.6463111639022827,4.43267e-05,-10.023879,4.43267e-05,-10.023879
3960,1,0,5.1699422e-05,-9.870012,0.6647927165031433,5.1699422e-05,-9.870012,5.1699422e-05,-9.870012
3961,1,0,3.8961974e-05,-10.152885,0.816563069820404,3.8961974e-05,-10.152885,3.8961974e-05,-10.152885
3962,1,0,3.158186e-05,-10.362896,0.7622544169425964,3.158186e-05,-10.362896,3.158186e-05,-10.362896
3963,1,0,6.26137e-05,-9.678464,0.7263141870498657,6.26137e-05,-9.678464,6.26137e-05,-9.678464
3964,1,0,9.214253e-05,-9.292082,0.45518502593040466,9.214253e-05,-9.292082,9.214253e-05,-9.292082
3965,1,0,2.8845645e-05,-10.453523,0.5580947399139404,2.8845645e-05,-10.453523,2.8845645e-05,-10.453523
3966,0,1,0.999828,8.667717,0.6132250428199768,0.999828,8.667717,0.999828,8.667717
3967,1,0,4.564744e-05,-9.994517,0.6997177004814148,4.564744e-05,-9.994517,4.564744e-05,-9.994517
3968,1,0,2.9042256e-05,-10.44673,0.806049644947052,2.9042256e-05,-10.44673,2.9042256e-05,-10.44673
3969,0,1,0.9975877,6.02474,0.657557487487793,0.9975877,6.02474,0.9975877,6.02474
3970,1,0,3.3479e-05,-10.304559,0.6135488748550415,3.3479e-05,-10.304559,3.3479e-05,-10.304559
3971,0,1,0.9997526,8.3041,0.6133983135223389,0.9997526,8.3041,0.9997526,8.3041
3972,1,0,3.9385006e-05,-10.142086,0.6791794896125793,3.9385006e-05,-10.142086,3.9385006e-05,-10.142086
3973,0,1,0.8413995,1.6686778,1.0,0.8413995,1.6686778,0.8413995,1.6686778
3974,0,1,0.999843,8.759567,0.6744847893714905,0.999843,8.759567,0.999843,8.759567
3975,1,0,4.0432464e-05,-10.115837,0.6726346611976624,4.0432464e-05,-10.115837,4.0432464e-05,-10.115837
3976,0,1,0.99993503,9.641287,0.6724520325660706,0.99993503,9.641287,0.99993503,9.641287
3977,0,1,0.99889106,6.80323,0.7240905165672302,0.99889106,6.80323,0.99889106,6.80323
3978,1,0,4.1078558e-05,-10.099983,0.8034383654594421,4.1078558e-05,-10.099983,4.1078558e-05,-10.099983
3979,0,1,0.5319845,0.12811294,1.0,0.5319845,0.12811294,0.5319845,0.12811294
3980,1,0,3.8311886e-05,-10.169712,0.7379986643791199,3.8311886e-05,-10.169712,3.8311886e-05,-10.169712
3981,0,1,0.9998234,8.641033,0.820258378982544,0.9998234,8.641033,0.9998234,8.641033
3982,0,1,0.9995357,7.674488,0.6115490198135376,0.9995357,7.674488,0.9995357,7.674488
3983,1,0,3.516076e-05,-10.255545,0.6778083443641663,3.516076e-05,-10.255545,3.516076e-05,-10.255545
3984,0,1,0.9997552,8.314986,0.709550142288208,0.9997552,8.314986,0.9997552,8.314986
3985,0,1,0.9256603,2.5218623,1.0,0.9256603,2.5218623,0.9256603,2.5218623
3986,1,0,6.599888e-05,-9.625807,0.8305923938751221,6.599888e-05,-9.625807,6.599888e-05,-9.625807
3987,0,1,0.9997346,8.233849,0.7235059142112732,0.9997346,8.233849,0.9997346,8.233849
3988,0,1,0.999894,9.152258,0.5505005121231079,0.999894,9.152258,0.999894,9.152258
3989,1,0,5.5369517e-05,-9.801426,0.9213939905166626,5.5369517e-05,-9.801426,5.5369517e-05,-9.801426
3990,1,0,8.1240876e-05,-9.418011,0.8052051067352295,8.1240876e-05,-9.418011,8.1240876e-05,-9.418011
3991,1,0,5.3497297e-05,-9.835826,0.4834897816181183,5.3497297e-05,-9.835826,5.3497297e-05,-9.835826
3992,0,1,0.9996049,7.8357735,0.5953993201255798,0.9996049,7.8357735,0.9996049,7.8357735
3993,0,1,0.9994338,7.47598,0.7421834468841553,0.9994338,7.47598,0.9994338,7.47598
3994,1,0,2.427388e-05,-10.626085,0.5052689909934998,2.427388e-05,-10.626085,2.427388e-05,-10.626085
3995,0,1,0.6464355,0.6034075,1.0,0.6464355,0.6034075,0.6464355,0.6034075
3996,0,1,0.99981445,8.591959,0.7181746959686279,0.99981445,8.591959,0.99981445,8.591959
3997,0,1,0.99614304,5.553997,0.8663216233253479,0.99614304,5.553997,0.99614304,5.553997
3998,1,0,4.6746023e-05,-9.970735,0.6660743355751038,4.6746023e-05,-9.970735,4.6746023e-05,-9.970735
3999,1,0,5.3018113e-05,-9.844824,0.6945031881332397,5.3018113e-05,-9.844824,5.3018113e-05,-9.844824
4000,0,1,0.9997743,8.395928,0.7819942831993103,0.9997743,8.395928,0.9997743,8.395928
4001,0,1,0.9997607,8.337353,0.7083929777145386,0.9997607,8.337353,0.9997607,8.337353
