index,label,pred,score,logit,ssim,text_score,text_logit,image_score,image_logit
0,1,1,0.9994893,7.5792317,0.7387656569480896,0.9994893,7.5792575,0.33768338,-0.67363507
1,1,1,0.99980515,8.543098,0.7692015171051025,0.99980515,8.543252,0.8551361,1.775466
2,0,1,0.9998128,8.583049,0.6256957054138184,8.719113e-06,-11.649984,0.9998128,8.583145
3,1,1,0.9999577,10.070225,0.6775800585746765,0.9999577,10.070602,0.7962748,1.3631718
4,0,1,0.84716207,1.7125139,1.0,4.4416152e-05,-10.021863,0.84716207,1.7125138
5,0,1,0.9997522,8.302735,0.7544797658920288,1.0417614e-05,-11.472002,0.9997522,8.302734
6,0,1,0.9137739,2.3606102,1.0,0.029174017,-3.5048687,0.9137739,2.36061
7,1,0,0.00019319623,-8.551611,0.7706273794174194,2.8979535e-05,-10.448892,0.00019319623,-8.551611
8,1,1,0.9999802,10.830378,0.9073064923286438,0.9999802,10.828879,0.97765076,3.7783575
9,0,1,0.9996811,8.050362,0.692140519618988,1.257189e-05,-11.284035,0.9996811,8.05018
10,1,1,0.93651193,2.6913104,0.5403663516044617,0.8588523,1.8057901,0.93651193,2.6913106
11,1,1,0.9999497,9.897329,0.5000306963920593,0.9999497,9.897537,0.5125756,0.050313205
12,1,1,0.9999894,11.453738,0.7151769399642944,0.9999894,11.456142,0.46273166,-0.1493503
13,0,1,0.9998783,9.013725,0.5259371995925903,2.0154146e-05,-10.81208,0.9998783,9.014016
14,0,1,0.65089,0.62295353,1.0,0.65089,0.62295365,0.016830878,-4.067566
15,1,1,0.9988532,6.769638,0.5192583203315735,0.9988532,6.769638,0.908336,2.2934837
16,0,1,0.95377797,3.0269744,1.0,0.00034746685,-7.9644938,0.95377797,3.026974
17,1,1,0.9998989,9.199404,0.658558189868927,0.9998989,9.200041,0.5476754,0.19128267
18,1,1,0.99997425,10.567081,0.6270925998687744,0.99997425,10.567043,0.69256884,0.8121567
19,1,1,0.9992174,7.1520944,0.6880896091461182,0.9992174,7.152159,0.18667522,-1.4717602
20,1,0,0.0003559362,-7.940403,0.8284643292427063,0.0003559362,-7.940403,0.0003053038,-8.093898
21,0,1,0.9996494,7.9555297,0.7094370126724243,2.6394591e-05,-10.542325,0.9996494,7.9555473
22,0,1,0.85633284,1.7851598,1.0,6.0810894e-06,-12.010321,0.85633284,1.7851595
23,1,1,0.9995499,7.705647,0.533074676990509,0.9995499,7.7056828,0.73588425,1.0246855
24,0,1,0.99969435,8.092755,0.6705700159072876,0.000105299856,-9.158593,0.99969435,8.0925255
25,0,1,0.9997738,8.393867,0.9034282565116882,5.372158e-05,-9.831642,0.9997738,8.393888
26,0,1,0.78290343,1.282667,0.7571411728858948,0.78290343,1.282667,0.0391841,-3.1995118
27,0,1,0.9999771,10.684867,1.0,0.9999771,10.686052,0.17560913,-1.5463841
28,0,1,0.5372561,0.14930122,1.0,1.3419962e-05,-11.218754,0.5372561,0.1493012
29,1,1,0.9999807,10.85477,0.7890382409095764,0.9999807,10.853577,0.107710585,-2.1143427
30,1,1,0.9998735,8.975291,0.6434543132781982,0.9998735,8.975684,0.4773131,-0.090809904
31,0,1,0.99347115,5.0249734,1.0,0.99347115,5.0249653,0.15336022,-1.7084857
32,1,0,0.00020547696,-8.489971,0.7124250531196594,0.00015735703,-8.756836,0.00020547696,-8.489971
33,0,1,0.9998504,8.807344,0.7444203495979309,1.5828415e-05,-11.053688,0.9998504,8.807859
34,1,1,0.9999845,11.074835,0.6459327936172485,0.9999845,11.075433,0.97783625,3.7868867
35,1,1,0.9999386,9.698157,0.8273906111717224,0.9999386,9.697765,0.15859556,-1.6687152
36,0,1,0.9799933,3.8914776,1.0,3.409979e-05,-10.286185,0.9799933,3.8914754
37,1,1,0.9951407,5.321984,0.732880175113678,0.9951407,5.3219843,0.3062788,-0.8175744
38,0,1,0.9995629,7.7349553,0.6395955085754395,8.98126e-06,-11.620361,0.9995629,7.734998
39,0,1,0.9998317,8.689454,0.7027406692504883,0.00013760345,-8.890997,0.9998317,8.689418
40,1,1,0.9999869,11.241892,0.7464218735694885,0.9999869,11.242674,0.1815163,-1.506108
41,0,1,0.9997799,8.421118,0.7459030747413635,9.944267e-05,-9.21583,0.9997799,8.420853
42,0,1,0.9998348,8.708043,0.688650906085968,6.9137764e-06,-11.881988,0.9998348,8.708056
43,1,1,0.9997595,8.33253,0.8399782776832581,0.9997595,8.332704,0.42018014,-0.322034
44,1,0,0.00028242124,-8.171828,0.6378283500671387,0.00028242124,-8.171828,0.00027421245,-8.201333
45,1,1,0.9217667,2.4665966,0.7091518640518188,0.9217667,2.466597,0.077694036,-2.4740984
46,0,1,0.99978226,8.432011,0.7753742933273315,4.4545824e-05,-10.018948,0.99978226,8.431829
47,1,1,0.99976486,8.355093,0.9382832646369934,0.99976486,8.354923,0.70681757,0.8799776
48,0,1,0.92761284,2.5505855,1.0,0.92761284,2.5505862,0.14221603,-1.797005
49,0,0,0.032088537,-3.4066417,0.7843676805496216,0.032088537,-3.4066417,0.019688908,-3.9078145
50,1,1,0.9999329,9.609038,0.6172794699668884,0.9999329,9.609879,0.6373687,0.5639615
51,1,0,0.00025290935,-8.282227,0.6916038990020752,0.00025290935,-8.282227,0.0002142909,-8.447962
52,1,1,0.9999889,11.409775,0.718164324760437,0.9999889,11.404484,0.23192206,-1.1974897
53,1,0,0.00030330606,-8.100465,0.7764281630516052,0.00024132138,-8.32914,0.00030330606,-8.100465
54,0,1,0.99821824,6.3283696,1.0,0.99821824,6.3283954,0.029781325,-3.48364
55,0,1,0.99986565,8.914936,0.6642509698867798,1.768364e-05,-10.942853,0.99986565,8.915072
56,0,1,0.99982494,8.650213,0.6504610776901245,1.297373e-05,-11.252571,0.99982494,8.650331
57,1,1,0.9999858,11.163247,0.741342306137085,0.9999858,11.160739,0.5455195,0.18258348
58,1,1,0.942593,2.7984679,0.6326147317886353,0.942593,2.7984686,0.5738436,0.29755047
59,1,1,0.9999912,11.638311,0.8169150352478027,0.9999912,11.637457,0.050615836,-2.931549
60,0,1,0.8787164,1.9803307,1.0,1.6779904e-05,-10.995312,0.8787164,1.9803302
61,1,1,0.99998355,11.015115,0.6055131554603577,0.99998355,11.01628,0.918924,2.4278164
62,1,1,0.74011344,1.0465583,0.6546517610549927,0.74011344,1.0465584,0.2473376,-1.1128626
63,1,1,0.99998164,10.905415,0.6119842529296875,0.99998164,10.90508,0.46808028,-0.12785277
64,1,0,0.00021741482,-8.433486,0.5340983867645264,0.00021741482,-8.433486,0.00017038712,-8.677267
65,1,1,0.999406,7.428004,0.7841500639915466,0.999406,7.427898,0.7976584,1.3717233
66,0,1,0.9987,6.644108,1.0,0.9987,6.6441135,0.27457607,-0.9715278
67,0,1,0.99968565,8.064673,0.7292184233665466,0.00015055174,-8.801053,0.99968565,8.064577
68,0,1,0.9997265,8.203841,0.5946474075317383,0.0003391155,-7.9888306,0.9997265,8.204094
69,1,0,0.00023654118,-8.349152,0.7313072681427002,3.4604243e-05,-10.2715,0.00023654118,-8.349152
70,1,1,0.99998605,11.180198,0.7201391458511353,0.99998605,11.179945,0.016533634,-4.0856867
71,1,1,0.9998987,9.197047,0.5966906547546387,0.9998987,9.197422,0.4557743,-0.17736624
72,1,0,0.29365525,-0.877697,1.0,1.1933577e-05,-11.336143,0.29365525,-0.877697
73,0,1,0.96048653,3.1907983,1.0,0.96048653,3.190798,0.03557092,-3.3000078
74,0,1,0.99994266,9.76646,1.0,0.99994266,9.767185,0.105399646,-2.1386178
75,0,1,0.9997975,8.504682,0.8435055017471313,4.4140717e-05,-10.028084,0.9997975,8.504777
76,1,1,0.9999721,10.487036,0.4745440185070038,0.9999721,10.486963,0.40955368,-0.36581075
77,0,1,0.9998846,9.067038,1.0,0.9998846,9.06736,0.059208293,-2.7656603
78,0,1,0.8276372,1.5689733,1.0,0.8276372,1.5689735,0.12516502,-1.9444022
79,0,1,0.5262922,0.10526593,1.0,0.00013071146,-8.942388,0.5262922,0.105265945
80,0,1,0.5377893,0.15144598,1.0,9.863506e-06,-11.526659,0.5377893,0.15144578
81,0,1,0.9691581,3.447554,1.0,0.00015127125,-8.796285,0.9691581,3.4475517
82,0,1,0.94953716,2.9347374,1.0,0.94953716,2.9347367,0.3460569,-0.63641715
83,1,0,0.20421046,-1.3601837,1.0,8.476548e-06,-11.678199,0.20421046,-1.3601837
84,1,1,0.9990871,6.997966,0.6093220710754395,0.9990871,6.9979672,0.07463703,-2.5175493
85,0,1,0.99994755,9.855558,1.0,0.99994755,9.855153,0.68056923,0.75638914
86,1,1,0.9999865,11.214984,0.8489744067192078,0.9999865,11.214324,0.23538032,-1.178176
87,0,1,0.7992601,1.3816763,1.0,0.7992601,1.3816762,0.04564294,-3.040189
88,1,1,0.9497017,2.938177,0.5893414616584778,0.9079595,2.2889712,0.9497017,2.9381762
89,1,1,0.9999783,10.738357,0.6962213516235352,0.9999783,10.740464,0.74808186,1.0884085
90,1,1,0.99995685,10.050698,0.7595452070236206,0.99995685,10.052038,0.80356795,1.408745
91,0,1,0.99998343,11.0078945,1.0,0.99998343,11.004942,0.039368086,-3.1946359
92,1,1,0.99999,11.511559,0.6899600625038147,0.99999,11.507474,0.5263163,0.10536261
93,1,1,0.9999671,10.321952,0.7724155783653259,0.9999671,10.323212,0.78503263,1.295239
94,1,0,0.00020717291,-8.48175,0.7558258771896362,7.071949e-06,-11.859367,0.00020717291,-8.48175
95,1,1,0.9607921,3.1988804,0.8172137141227722,0.9607921,3.1988823,0.6015659,0.41199416
96,1,1,0.991846,4.8010626,0.5733728408813477,0.991846,4.8010607,0.18668775,-1.4716777
97,1,1,0.982312,4.017024,0.6102123260498047,0.982312,4.017027,0.9040341,2.2428732
98,1,1,0.99998593,11.171686,0.7744131684303284,0.99998593,11.173055,0.9076954,2.2858155
99,0,1,0.99974436,8.271468,0.5913838148117065,1.2674949e-05,-11.27587,0.99974436,8.271624
100,1,1,0.9997044,8.126277,0.6740596890449524,0.9997044,8.126289,0.7743453,1.233012
101,0,1,0.99982774,8.666348,0.7297117114067078,0.001956218,-6.234784,0.99982774,8.666557
102,0,1,0.99991024,9.318231,0.6295419335365295,1.0719147e-05,-11.443468,0.99991024,9.318207
103,1,1,0.99986935,8.942832,0.6745733022689819,0.99986935,8.942531,0.9677425,3.4012165
104,1,1,0.9999498,9.899702,0.5814650058746338,0.9999498,9.898596,0.8564114,1.7857985
105,1,1,0.9994041,7.424796,0.45904669165611267,0.9994041,7.424751,0.9540266,3.0326295
106,0,1,0.99990475,9.258929,0.47868454456329346,0.0009997907,-6.9069643,0.99990475,9.259596
107,1,1,0.99998546,11.13835,0.5972749590873718,0.99998546,11.134605,0.24233785,-1.1399047
108,1,1,0.9999702,10.420895,0.6218225955963135,0.9999702,10.422783,0.97819054,3.803359
109,1,1,0.9999758,10.629155,0.8087596893310547,0.9999758,10.628963,0.8994367,2.1909814
110,0,1,0.9379208,2.7152548,1.0,0.9379208,2.715254,0.51931775,0.0773094
111,1,1,0.9999883,11.357406,0.7651698589324951,0.9999883,11.353101,0.81113124,1.4573776
112,0,1,0.9998425,8.7560835,0.7024850845336914,2.5382922e-05,-10.5814085,0.9998425,8.755913
113,1,1,0.9999397,9.715788,0.6136452555656433,0.9999397,9.715958,0.21710359,-1.2826259
114,0,1,0.9991603,7.0816135,1.0,0.9991603,7.0816474,0.20326048,-1.3660395
115,1,1,0.99870396,6.6471424,0.6905339360237122,0.99870396,6.647158,0.6608569,0.6671152
116,0,1,0.99997675,10.669362,1.0,0.99997675,10.668867,0.4267667,-0.2950553
117,0,1,0.8595846,1.8118443,1.0,0.8595846,1.811844,0.27280265,-0.9804492
118,1,1,0.9999863,11.197439,0.7798970341682434,0.9999863,11.19521,0.17412673,-1.556658
119,0,1,0.9997433,8.267279,0.7759520411491394,4.967572e-05,-9.909945,0.9997433,8.267203
120,1,1,0.9999052,9.263948,0.5496528744697571,0.9999052,9.264649,0.511391,0.045571726
121,1,1,0.93344295,2.6408203,0.8350624442100525,0.93344295,2.64082,0.06663547,-2.6395588
122,1,1,0.9999701,10.416903,0.7627007365226746,0.9999701,10.416765,0.96292025,3.2569015
123,1,1,0.99987626,8.9972105,0.6663500070571899,0.99987626,8.997606,0.08768281,-2.3422618
124,1,1,0.9999603,10.134203,0.7186741232872009,0.9999603,10.133646,0.8013068,1.3944819
125,1,1,0.9997583,8.327584,0.6915972232818604,0.9997583,8.327631,0.829297,1.5806534
126,1,1,0.9999833,11.000726,0.866027295589447,0.9999833,10.9974785,0.24506527,-1.1251067
127,0,1,0.99980325,8.533355,0.4976235032081604,2.150848e-05,-10.747042,0.99980325,8.533165
128,1,1,0.99998283,10.972555,0.7064967155456543,0.99998283,10.970267,0.9090693,2.3023233
129,1,1,0.9999316,9.589687,0.6206696033477783,0.9999316,9.590469,0.15735364,-1.6780516
130,1,1,0.99979645,8.499396,0.6414530873298645,0.99979645,8.499461,0.87175953,1.9166065
131,1,0,0.00038353266,-7.865702,0.7695437669754028,2.9393863e-05,-10.434695,0.00038353266,-7.865702
132,0,1,0.9997745,8.397035,0.7239593267440796,6.140396e-06,-12.000615,0.9997745,8.397054
133,1,1,0.99993205,9.596681,0.6106247305870056,0.99993205,9.596878,0.85077316,1.7406781
134,0,1,0.9997695,8.375068,0.7016885876655579,0.000256409,-8.26848,0.9997695,8.375152
135,0,1,0.9998801,9.028528,0.49272674322128296,8.151477e-06,-11.717303,0.9998801,9.028423
136,1,0,0.00022414394,-8.402998,0.7507949471473694,7.849547e-06,-11.755047,0.00022414394,-8.402998
137,0,1,0.9999702,10.420895,1.0,0.9999702,10.422298,0.91182685,2.336147
138,0,1,0.99998,10.818401,1.0,0.99998,10.816868,0.873648,1.9336056
139,1,1,0.9999888,11.399079,0.8242961168289185,0.9999888,11.398731,0.66479534,0.68473774
140,0,1,0.9997743,8.395977,0.5738288164138794,8.1809385e-06,-11.713696,0.9997743,8.395874
141,0,1,0.8997432,2.1943746,1.0,2.1127487e-05,-10.7649145,0.8997432,2.1943748
142,1,1,0.9999808,10.860962,0.6835376024246216,0.9999808,10.863268,0.6968893,0.8325285
143,1,1,0.99998724,11.269544,0.5683519840240479,0.99998724,11.265623,0.90416014,2.2443283
144,1,1,0.99996126,10.158522,0.6488567590713501,0.99996126,10.157405,0.9126969,2.347017
145,1,1,0.9999769,10.674504,0.6729306578636169,0.9999769,10.674271,0.97573394,3.6941102
146,0,1,0.99997723,10.690089,1.0,0.99997723,10.691636,0.94587344,2.860784
147,0,1,0.9998393,8.735847,0.698696494102478,2.6608705e-05,-10.5342455,0.9998393,8.73588
148,1,1,0.9999813,10.886121,0.8801037669181824,0.9999813,10.883051,0.88701266,2.0605829
149,0,1,0.99991286,9.347884,0.6110535860061646,0.00024783588,-8.302496,0.99991286,9.348134
150,1,1,0.99893445,6.843196,0.8401423692703247,0.99893445,6.8431683,0.16436645,-1.6260917
151,1,1,0.9911356,4.716808,0.5742321014404297,0.9911356,4.7168117,0.276679,-0.96099514
152,0,1,0.99919015,7.1178536,1.0,0.99919015,7.1179266,0.84677297,1.7095118
153,1,0,0.010061242,-4.5889525,0.6540794968605042,0.010061242,-4.5889525,0.0069706803,-4.9590473
154,0,1,0.9988574,6.7732873,0.4530112147331238,1.3019538e-05,-11.249046,0.9988574,6.7732434
155,1,1,0.99995756,10.067412,0.5964730978012085,0.99995756,10.066428,0.8719459,1.9182743
156,0,1,0.8991414,2.1877205,1.0,0.8991414,2.1877208,0.52142113,0.085737094
157,1,0,0.35414279,-0.6008783,0.7097064852714539,0.35414279,-0.60087824,0.109138325,-2.0995731
158,1,1,0.999972,10.482772,0.8945643305778503,0.999972,10.483458,0.3496166,-0.62072504
159,0,1,0.9997985,8.509404,0.5530749559402466,1.1047158e-05,-11.413326,0.9997985,8.509421
160,0,1,0.9576943,3.1196065,1.0,1.0320815e-05,-11.481338,0.9576943,3.1196067
161,0,1,0.71248394,0.9074787,1.0,0.00012271611,-9.005514,0.71248394,0.90747875
162,1,1,0.9999832,10.993608,0.6263924241065979,0.9999832,10.99544,0.794055,1.3495432
163,1,0,0.0006043792,-7.410704,0.770456850528717,0.00036956088,-7.9028254,0.0006043792,-7.410704
164,1,1,0.9999052,9.263948,0.6203418374061584,0.9999052,9.264023,0.10310006,-2.1632442
165,1,1,0.9997795,8.419494,0.6337748169898987,0.9997795,8.419552,0.82483107,1.5494277
166,1,1,0.99999094,11.611643,0.8629292249679565,0.99999094,11.612638,0.8152707,1.4846286
167,1,1,0.99999225,11.76799,0.6538962125778198,0.99999225,11.77162,0.7448058,1.0710987
168,0,1,0.9997873,8.455278,0.8034043908119202,2.4703346e-05,-10.608547,0.9997873,8.45516
169,1,1,0.9999689,10.377833,0.680974006652832,0.9999689,10.377154,0.56171983,0.24814484
170,0,1,0.99982697,8.6618595,0.8328981995582581,2.6571075e-05,-10.535661,0.99982697,8.661675
171,1,1,0.9999751,10.600026,0.7214884757995605,0.9999751,10.5982,0.4793417,-0.082680374
172,0,1,0.9038143,2.2403433,1.0,0.9038143,2.2403436,0.81162834,1.4606254
173,0,1,0.9998574,8.855505,0.6047629714012146,2.9091487e-05,-10.445036,0.9998574,8.85601
174,1,0,0.30134177,-0.8409166,0.6321842670440674,0.2719339,-0.9848327,0.30134177,-0.84091663
175,1,1,0.99999166,11.693882,0.6096837520599365,0.99999166,11.690611,0.74027944,1.0474213
176,0,1,0.9997869,8.453599,1.0,0.9997869,8.45366,0.8734435,1.9317546
177,0,1,0.9997454,8.275675,0.7496370077133179,6.062236e-06,-12.013426,0.9997454,8.275562
178,1,1,0.9997671,8.364775,0.7013363242149353,0.9997671,8.364889,0.4045106,-0.38670555
179,1,1,0.9999918,11.70827,0.7972133159637451,0.9999918,11.706309,0.34111843,-0.65831417
180,1,1,0.9999807,10.85477,0.6235073208808899,0.9999807,10.853193,0.8333578,1.6096144
181,1,1,0.999936,9.656323,0.7325172424316406,0.999936,9.655905,0.6869894,0.78608197
182,1,1,0.999982,10.925087,0.5520380735397339,0.999982,10.924324,0.8416879,1.6708412
183,0,1,0.9997267,8.204714,0.7283011078834534,3.4220877e-05,-10.28264,0.9997267,8.204569
184,0,1,0.9997241,8.19516,0.5676746964454651,5.0928597e-06,-12.187666,0.9997241,8.195145
185,1,1,0.9999889,11.409775,0.6274179816246033,0.9999889,11.407502,0.5417809,0.1675143
186,0,1,0.9997849,8.444131,0.6605294942855835,9.5176096e-05,-9.259686,0.9997849,8.443951
187,0,1,0.5819278,0.3306921,1.0,0.013272706,-4.308684,0.5819278,0.33069232
188,1,0,0.00025963457,-8.255976,0.6194263696670532,7.2356386e-05,-9.533834,0.00025963457,-8.255976
189,0,1,0.99934083,7.323873,0.7536241412162781,0.0014877205,-6.5090213,0.99934083,7.323865
190,1,1,0.9999727,10.5086355,0.8122396469116211,0.9999727,10.50915,0.69213194,0.81010526
191,1,1,0.9999914,11.66571,0.7235801219940186,0.9999914,11.668274,0.12691355,-1.9285284
192,0,1,0.84759456,1.7158581,1.0,0.0033546088,-5.69406,0.84759456,1.7158582
193,0,1,0.99993753,9.680831,1.0,0.99993753,9.680666,0.78416574,1.2901094
194,1,1,0.99997675,10.669362,0.556926965713501,0.99997675,10.669768,0.8512939,1.7447858
195,1,1,0.99993277,9.607264,0.7546208500862122,0.99993277,9.608099,0.7191037,0.9400201
196,1,0,0.003785389,-5.572814,0.6887953281402588,0.0020785825,-6.1739883,0.003785389,-5.572814
197,1,0,0.00018069577,-8.618515,0.6588815450668335,3.541801e-05,-10.248255,0.00018069577,-8.618515
198,0,1,0.99964976,7.9565506,0.8106079697608948,0.0001240264,-8.994892,0.99964976,7.9565706
199,1,0,0.25864705,-1.0530124,0.6736060976982117,0.25864705,-1.0530124,0.025921943,-3.6264017
200,1,1,0.9999852,11.122088,0.5798031687736511,0.9999852,11.121149,0.5172904,0.06918924
201,1,1,0.9998983,9.193524,0.5294154286384583,0.9998983,9.193729,0.9892295,4.5201197
202,1,1,0.99998355,11.015115,0.7049301862716675,0.99998355,11.015785,0.9747342,3.6527128
203,1,1,0.999969,10.381673,0.7038518786430359,0.999969,10.379963,0.13255198,-1.8785807
204,0,1,0.9999893,11.442565,1.0,0.9999893,11.440345,0.22999373,-1.2083466
205,1,1,0.99995744,10.064607,0.7383974194526672,0.99995744,10.064311,0.9135701,2.3580265
206,1,1,0.9999871,11.2602415,0.7739871740341187,0.9999871,11.259392,0.64428526,0.5940126
207,0,1,0.9940538,5.1190357,1.0,0.9940538,5.1190267,0.23286454,-1.1922065
208,0,1,0.60183436,0.41311413,1.0,0.014023583,-4.252892,0.60183436,0.4131141
209,0,1,0.75764173,1.1397935,1.0,2.3506484e-05,-10.658211,0.75764173,1.1397938
210,1,1,0.9997938,8.486591,0.6433066129684448,0.9997938,8.486367,0.035132073,-3.3128767
211,1,1,0.99969697,8.101376,0.7388160228729248,0.99969697,8.1014385,0.24950382,-1.1012603
212,0,1,0.9992956,7.2574487,1.0,0.9992956,7.2574983,0.41518283,-0.3425802
213,0,1,0.9997547,8.312893,0.7143524885177612,1.5121517e-05,-11.099377,0.9997547,8.312962
214,0,1,0.99998915,11.431515,1.0,0.99998915,11.430302,0.16164218,-1.64606
215,0,1,0.9998342,8.704441,0.6228290796279907,1.14598015e-05,-11.376654,0.9998342,8.704897
216,0,1,0.90682304,2.275447,1.0,3.7002686e-05,-10.204483,0.90682304,2.275447
217,0,1,0.9998005,8.519513,0.7879069447517395,6.623178e-06,-11.924929,0.9998005,8.519428
218,0,1,0.9407472,2.7648613,1.0,0.9407472,2.764862,0.7804889,1.2685177
219,0,1,0.9998242,8.646135,0.7695119380950928,9.3339195e-06,-11.581846,0.9998242,8.645939
220,0,1,0.9999869,11.241892,1.0,0.9999869,11.241133,0.12206148,-1.9730517
221,0,1,0.68683225,0.78535104,1.0,0.00055156945,-7.502191,0.68683225,0.78535104
222,0,1,0.99982435,8.646813,0.6204825043678284,4.4804715e-06,-12.315778,0.99982435,8.646735
223,1,1,0.984148,4.1284823,0.5752385854721069,0.984148,4.1284785,0.521092,0.08441801
224,0,1,0.99970144,8.116242,0.6453745365142822,8.26602e-06,-11.703349,0.99970144,8.116337
225,1,1,0.9999254,9.50296,0.751550555229187,0.9999254,9.502789,0.2576333,-1.058306
226,0,1,0.99983907,8.7343645,0.6658428311347961,8.2303544e-05,-9.405014,0.99983907,8.734228
227,1,1,0.99996316,10.209007,0.704495370388031,0.99996316,10.210468,0.58120525,0.32772303
228,0,1,0.99984014,8.741055,0.8269013166427612,7.77595e-06,-11.764467,0.99984014,8.74103
229,1,1,0.9999714,10.461718,0.7400627136230469,0.9999714,10.462783,0.88298565,2.021012
230,0,1,0.9995882,7.7945404,0.413147896528244,0.0001713879,-8.67141,0.9995882,7.794586
231,0,1,0.9999682,10.355104,1.0,0.9999682,10.356947,0.8577671,1.7968667
232,1,0,0.00039140266,-7.845382,0.7949797511100769,4.0214854e-05,-10.121234,0.00039140266,-7.845382
233,1,1,0.9992268,7.1642103,0.6984301209449768,0.9992268,7.164197,0.9132905,2.3544908
234,0,1,0.94245464,2.7959142,1.0,0.85742736,1.7940847,0.94245464,2.7959156
235,0,1,0.9908565,4.6855297,1.0,0.9908565,4.6855307,0.0852677,-2.3728356
236,0,1,0.9968363,5.752846,1.0,0.9968363,5.7528443,0.6891882,0.79632664
237,0,1,0.9997398,8.253899,1.0,0.9997398,8.253817,0.91565245,2.3846905
238,0,1,0.55798393,0.23298392,1.0,0.55798393,0.232984,0.37479085,-0.5117181
239,0,1,0.9999026,9.236649,1.0,0.9999026,9.236163,0.26623175,-1.013826
240,0,1,0.9995858,7.788765,0.6804648637771606,1.1920554e-05,-11.3372345,0.9995858,7.788826
241,0,0,0.2556807,-1.0685407,1.0,0.2556807,-1.0685407,0.014479139,-4.2204614
242,1,1,0.9999454,9.815461,0.7013083100318909,0.9999454,9.81473,0.08487711,-2.3778539
243,0,1,0.99981683,8.604939,0.9460331797599792,8.961633e-06,-11.622549,0.99981683,8.604961
244,1,1,0.999992,11.737684,0.6595320105552673,0.999992,11.73559,0.8480242,1.7191883
245,0,1,0.6847962,0.7759019,1.0,4.163186e-05,-10.086603,0.6847962,0.77590203
246,1,1,0.99998975,11.488028,0.8168813586235046,0.99998975,11.492169,0.76943105,1.2051014
247,1,0,0.013346573,-4.303059,0.5754460692405701,0.012604024,-4.361055,0.013346573,-4.303059
248,1,1,0.9999602,10.131205,0.7704086899757385,0.9999602,10.131087,0.89924145,2.1888244
249,1,1,0.99998164,10.905415,0.7582607269287109,0.99998164,10.907661,0.68900746,0.7954831
250,1,1,0.9999728,10.513012,0.7543815970420837,0.9999728,10.5112295,0.51486504,0.059477806
251,0,1,0.999673,8.02525,1.0,0.999673,8.025224,0.34789348,-0.62831146
252,1,1,0.9999864,11.206173,0.8649680614471436,0.9999864,11.2082405,0.36990464,-0.5326259
253,1,1,0.978028,3.7957695,0.747185230255127,0.978028,3.7957718,0.4683038,-0.12695515
254,0,1,0.6051578,0.427003,1.0,0.00030564982,-8.092765,0.6051578,0.42700315
255,1,1,0.9999591,10.104614,0.6673179268836975,0.9999591,10.104738,0.9243668,2.5032125
256,0,1,0.99960166,7.8278117,1.0,0.99960166,7.827742,0.120954186,-1.9834251
257,0,1,0.619426,0.48711264,1.0,0.619426,0.4871128,0.40859607,-0.36977226
258,1,1,0.999941,9.737768,0.6488351821899414,0.999941,9.738188,0.7937173,1.34748
259,0,1,0.9997497,8.292681,0.7304032444953918,4.2836587e-06,-12.360699,0.9997497,8.292869
260,1,1,0.99986494,8.909626,0.4459783732891083,0.99986494,8.909935,0.21713683,-1.2824303
261,0,0,0.09351977,-2.2713964,0.71242755651474,0.064163595,-2.6800046,0.09351977,-2.2713964
262,1,1,0.99999034,11.547926,0.739610493183136,0.99999034,11.553059,0.3177337,-0.76420647
263,0,1,0.9760181,3.7061806,1.0,0.9760181,3.7061834,0.05434674,-2.8564913
264,1,1,0.99998987,11.499723,0.6235238313674927,0.99998987,11.503099,0.05912393,-2.7671757
265,0,1,0.7044208,0.8684391,1.0,9.200997e-06,-11.5961895,0.7044208,0.8684391
266,1,1,0.9999765,10.659158,0.6619064211845398,0.9999765,10.659516,0.41076693,-0.36079574
267,0,1,0.9994715,7.544912,1.0,0.9994715,7.544781,0.016709091,-4.074952
268,1,1,0.99987924,9.021593,0.706611156463623,0.99987924,9.021503,0.7758269,1.2415106
269,1,1,0.99997663,10.6642475,0.7329773902893066,0.99997663,10.661812,0.9334184,2.6404252
270,0,1,0.9476836,2.8967102,1.0,0.0007388273,-7.2097073,0.9476836,2.8967113
271,0,1,0.58148885,0.3288882,1.0,2.4836429e-05,-10.603174,0.58148885,0.32888833
272,0,1,0.9878669,4.399609,1.0,2.3328941e-05,-10.665792,0.9878669,4.399606
273,0,1,0.99995506,10.010095,1.0,0.99995506,10.010906,0.15248059,-1.7152765
274,1,1,0.9630326,3.260051,0.6446191072463989,0.9630326,3.2600517,0.82372105,1.5417641
275,1,1,0.9659217,3.3444219,0.7102601528167725,0.9659217,3.344424,0.03700249,-3.2590656
276,0,1,0.99993706,9.673226,1.0,0.99993706,9.673398,0.4937375,-0.025051251
277,0,1,0.9918749,4.8046355,1.0,0.9918749,4.8046265,0.58903354,0.35997134
278,1,1,0.9999857,11.15488,0.6272305846214294,0.9999857,11.155303,0.8414072,1.6687355
279,0,1,0.9998273,8.663929,0.7553042769432068,9.392978e-06,-11.575539,0.9998273,8.663737
280,1,1,0.9999927,11.831504,0.7706347107887268,0.9999927,11.829323,0.5337557,0.13522854
281,1,1,0.9999895,11.465038,0.6479650735855103,0.9999895,11.46398,0.60580105,0.42969587
282,1,1,0.99988556,9.075337,0.6992866396903992,0.99988556,9.075359,0.8899783,2.0905194
283,1,1,0.9971311,5.850957,0.7032654285430908,0.9971311,5.8509817,0.81068623,1.4544752
284,1,1,0.5571794,0.22972253,0.7082012295722961,0.5571794,0.22972253,0.390744,-0.4441859
285,0,1,0.9995604,7.7292414,1.0,0.9995604,7.729175,0.057817455,-2.7909083
286,0,1,0.92576087,2.5233245,1.0,0.92576087,2.5233238,0.42596868,-0.29831806
287,0,1,0.99986947,8.943745,0.45398861169815063,4.2790987e-05,-10.05914,0.99986947,8.944061
288,1,1,0.99997616,10.644044,0.7904788255691528,0.99997616,10.646144,0.91439044,2.3684607
289,1,1,0.9999896,11.476467,0.6318185329437256,0.9999896,11.47543,0.14728922,-1.7560223
290,0,1,0.9998745,8.9828615,0.6193292737007141,0.0033852002,-5.6849513,0.9998745,8.983011
291,1,1,0.9999546,9.99954,0.6609179377555847,0.9999546,9.999397,0.41971615,-0.32393873
292,0,1,0.68220145,0.7639073,1.0,1.7361917e-05,-10.961214,0.68220145,0.7639074
293,0,1,0.8816818,2.0084536,1.0,1.0601746e-05,-11.454481,0.8816818,2.0084531
294,1,1,0.91341114,2.356015,0.5746797919273376,0.91341114,2.3560145,0.3722407,-0.522616
295,0,1,0.9998852,9.072217,0.6008092761039734,0.0028983513,-5.8407106,0.9998852,9.071941
296,1,1,0.86121446,1.8254137,0.6228818297386169,0.86121446,1.8254137,0.11215643,-2.068901
297,0,1,0.72915477,0.99033844,1.0,0.72915477,0.9903386,0.65075237,0.622348
298,0,1,0.9997044,8.126277,0.8398274779319763,0.0016365617,-6.41352,0.9997044,8.12657
299,0,1,0.99984217,8.753815,0.4892500042915344,3.1060597e-05,-10.3795395,0.99984217,8.754007
300,1,1,0.9999391,9.705955,0.6618049144744873,0.9999391,9.706303,0.81894505,1.5092165
301,1,1,0.99971586,8.165775,0.6703206300735474,0.99971586,8.165788,0.025608707,-3.6388805
302,1,1,0.99999404,12.030356,0.8416931629180908,0.99999404,12.021883,0.90716136,2.2794569
303,1,1,0.99306786,4.9646306,0.6617847681045532,0.99306786,4.9646263,0.43418518,-0.26479572
304,1,0,0.00018217022,-8.610387,0.6507327556610107,4.7264337e-05,-9.959707,0.00018217022,-8.610387
305,1,1,0.99984837,8.793888,0.7121304273605347,0.99984837,8.794155,0.63356906,0.547559
306,1,0,0.0009859238,-6.920945,0.8251979351043701,0.0005702616,-7.468845,0.0009859238,-6.920945
307,0,1,0.9999851,11.114057,1.0,0.9999851,11.11055,0.5030607,0.012242928
308,1,1,0.9999645,10.245256,0.8309142589569092,0.9999645,10.246161,0.85928047,1.809327
309,1,0,0.46682313,-0.13290277,1.0,0.3240949,-0.7350163,0.46682313,-0.13290289
310,0,1,0.9977742,6.1054034,1.0,0.9977742,6.105416,0.2990604,-0.8517762
311,1,1,0.9854403,4.2148323,0.46772727370262146,0.9854403,4.214834,0.60414493,0.4227659
312,1,1,0.9999404,9.727717,0.894177258014679,0.9999404,9.728745,0.19145459,-1.4405862
313,1,1,0.9985875,6.560973,0.7268216013908386,0.9985875,6.560931,0.9310517,2.602957
314,1,1,0.99997604,10.639056,0.5681166052818298,0.99997604,10.637086,0.28327745,-0.9282619
315,1,1,0.9999795,10.79487,0.7891903519630432,0.9999795,10.79216,0.32806033,-0.7169711
316,0,1,0.99981636,8.602339,0.6797576546669006,1.4660701e-05,-11.130325,0.99981636,8.601889
317,1,1,0.99997795,10.722008,0.5790122151374817,0.99997795,10.720637,0.9054119,2.2588582
318,0,1,0.9998487,8.796249,0.5822663307189941,0.00026020728,-8.253772,0.9998487,8.796478
319,1,1,0.99998295,10.979524,0.6548218727111816,0.99998295,10.97666,0.898021,2.1754265
320,1,1,0.9998715,8.9593935,0.6838047504425049,0.9998715,8.959557,0.07628083,-2.4939864
321,0,1,0.9999597,10.119299,1.0,0.9999597,10.11837,0.08833367,-2.3341527
322,0,1,0.99861753,6.5825,1.0,0.99861753,6.5825076,0.04537413,-3.0463774
323,0,1,0.99984765,8.789181,0.6352777481079102,0.00020485392,-8.493009,0.99984765,8.789408
324,0,1,0.62635326,0.5166037,1.0,1.0338172e-05,-11.479657,0.62635326,0.5166036
325,1,0,0.412051,-0.3554932,1.0,7.0666494e-05,-9.557468,0.412051,-0.35549325
326,0,1,0.9142246,2.3663445,1.0,0.010226922,-4.572452,0.9142246,2.366344
327,0,1,0.9120714,2.3391933,1.0,0.03336142,-3.3664246,0.9120714,2.3391926
328,1,1,0.9999416,9.747921,0.6610298156738281,0.9999416,9.747637,0.42706734,-0.29382646
329,1,1,0.9999889,11.409775,0.7603457570075989,0.9999889,11.412845,0.66992426,0.7078425
330,0,1,0.65531015,0.6424636,1.0,7.6576e-06,-11.779804,0.65531015,0.64246345
331,0,1,0.99889827,6.809769,1.0,0.99889827,6.809826,0.076590836,-2.489595
332,1,1,0.99998295,10.979524,0.5982005596160889,0.99998295,10.976433,0.6423963,0.5857797
333,1,1,0.99988985,9.113563,0.6419315934181213,0.99988985,9.113499,0.65884674,0.658159
334,1,1,0.9989485,6.856499,0.6954613924026489,0.9989485,6.856505,0.60371965,0.420988
335,0,1,0.999718,8.173359,1.0,0.999718,8.173219,0.031981625,-3.4100895
336,0,1,0.934942,2.6652055,1.0,1.5451156e-05,-11.077811,0.934942,2.665206
337,1,1,0.99998736,11.278934,0.8109691739082336,0.99998736,11.281253,0.5585538,0.23529482
338,0,1,0.99982786,8.667041,0.8542683720588684,0.04791583,-2.9892075,0.99982786,8.666951
339,0,1,0.9400004,2.7515428,1.0,0.5291738,0.11682796,0.9400004,2.751542
340,0,1,0.99980146,8.524306,1.0,0.99980146,8.523937,0.9057344,2.2626297
341,1,1,0.9999473,9.851023,0.5763537287712097,0.9999473,9.851967,0.41231647,-0.35439742
342,1,1,0.9999784,10.743867,0.6533617973327637,0.9999784,10.7436695,0.5743787,0.29973888
343,0,1,0.97061586,3.4974759,1.0,0.0032397814,-5.7290044,0.97061586,3.4974787
344,0,1,0.9997887,8.462028,0.8204986453056335,9.250055e-06,-11.590872,0.9997887,8.4618
345,1,1,0.9733628,3.5984483,0.6726269125938416,0.9733628,3.5984502,0.4246413,-0.30374885
346,1,1,0.9983364,6.3970914,0.6344836354255676,0.9983364,6.3970823,0.6393425,0.57251143
347,1,1,0.9999813,10.886121,0.6163119673728943,0.9999813,10.884587,0.7645873,1.1779959
348,0,1,0.61871284,0.48408848,0.7676361799240112,0.61871284,0.48408848,0.024056809,-3.7029862
349,0,1,0.99016565,4.611991,1.0,0.99016565,4.611987,0.03681265,-3.2644064
350,1,1,0.9999846,11.082558,0.5923223495483398,0.9999846,11.085241,0.50687003,0.027481936
351,1,1,0.99998116,10.879771,0.6574522852897644,0.99998116,10.877991,0.46868435,-0.12542698
352,1,1,0.9998486,8.795462,0.6926567554473877,0.9998486,8.795807,0.24512921,-1.1247611
353,0,1,0.9998739,8.978124,0.6771413087844849,4.277148e-06,-12.36222,0.9998739,8.9781685
354,1,0,0.00024720764,-8.305035,0.7883800864219666,5.5348348e-05,-9.801808,0.00024720764,-8.305035
355,0,1,0.999788,8.458648,0.7061538100242615,8.909821e-06,-11.628347,0.999788,8.458618
356,0,1,0.9843466,4.1412916,1.0,0.9843466,4.1412954,0.041380048,-3.142696
357,0,1,0.8676538,1.8803715,1.0,1.1054853e-05,-11.41263,0.8676538,1.8803717
358,1,1,0.9965508,5.6661572,0.7932253479957581,0.9965508,5.666154,0.5387246,0.15520927
359,0,1,0.9997366,8.2416,0.5281330943107605,1.1047643e-05,-11.413282,0.9997366,8.241639
360,1,1,0.99999213,11.752723,0.8078118562698364,0.99999213,11.752623,0.95919937,3.1574001
361,1,1,0.9999738,10.548732,0.5658754706382751,0.9999738,10.549829,0.21446417,-1.2982235
362,1,1,0.9999113,9.3302555,0.8362039923667908,0.9999113,9.330394,0.8781674,1.975189
363,1,0,0.358486,-0.58194137,0.6716901659965515,0.358486,-0.5819414,0.011324769,-4.4693737
364,1,1,0.9998103,8.569763,0.708060622215271,0.9998103,8.569761,0.32509542,-0.73045254
365,1,1,0.9998596,8.870671,0.8067286610603333,0.9998596,8.870803,0.64394987,0.5925493
366,0,1,0.99739206,5.946583,1.0,0.99739206,5.9465785,0.013843752,-4.2659807
367,1,0,0.00030196641,-8.104893,0.559077799320221,2.1210843e-05,-10.760977,0.00030196641,-8.104893
368,0,1,0.999882,9.044562,0.49987268447875977,1.4027637e-05,-11.174467,0.999882,9.045127
369,0,1,0.9999291,9.553753,1.0,0.9999291,9.553445,0.19452384,-1.4208789
370,1,1,0.999897,9.18071,0.5492767691612244,0.999897,9.180372,0.825837,1.5564058
371,1,1,0.9999809,10.867192,0.7519815564155579,0.9999809,10.870194,0.7837538,1.2876776
372,0,1,0.9998066,8.550468,0.67451411485672,0.034311086,-3.3373733,0.9998066,8.550393
373,1,1,0.99998236,10.945155,0.6564719676971436,0.99998236,10.943254,0.9774186,3.7677884
374,1,1,0.99998164,10.905415,0.7962979674339294,0.99998164,10.902468,0.55697155,0.22888024
375,1,1,0.9997124,8.153679,0.8829733729362488,0.9997124,8.153579,0.55657905,0.22728959
376,1,0,0.04451477,-3.0663981,0.5859681367874146,0.04451477,-3.0663981,0.015171185,-4.17307
377,0,1,0.9992945,7.2559257,1.0,0.9992945,7.2560163,0.88199055,2.0114172
378,0,1,0.5271521,0.108715415,1.0,1.8094875e-05,-10.919864,0.5271521,0.10871558
379,1,1,0.9999913,11.651917,0.5609466433525085,0.9999913,11.647224,0.14973226,-1.7367024
380,1,1,0.99998343,11.0078945,0.7960581183433533,0.99998343,11.011171,0.44401196,-0.2248954
381,1,1,0.99972004,8.180573,0.7287614941596985,0.99972004,8.180715,0.81943,1.5124903
382,0,1,0.9998635,8.899089,1.0,0.9998635,8.899233,0.78515613,1.2959712
383,0,1,0.99979585,8.496471,0.4769417941570282,0.016339576,-4.0976906,0.99979585,8.496238
384,1,1,0.99991894,9.420212,0.666326105594635,0.99991894,9.419966,0.86389196,1.847999
385,0,1,0.6190833,0.48565906,1.0,8.68165e-06,-11.65429,0.6190833,0.48565915
386,0,1,0.99998,10.818401,1.0,0.99998,10.81848,0.17639998,-1.540931
387,0,1,0.99981815,8.612125,0.7838621139526367,8.0031505e-06,-11.735667,0.99981815,8.611977
388,1,1,0.99998343,11.0078945,0.5779654383659363,0.99998343,11.010573,0.044114828,-3.075842
389,1,1,0.999987,11.251024,0.7309514880180359,0.999987,11.253049,0.20978568,-1.3262178
390,1,1,0.9999685,10.366405,0.5739420056343079,0.9999685,10.365699,0.4094387,-0.36628625
391,1,1,0.9999645,10.245256,0.7679819464683533,0.9999645,10.2436905,0.3949616,-0.42650354
392,0,1,0.9999659,10.286359,1.0,0.9999659,10.2863455,0.028965753,-3.5122476
393,0,0,0.011003307,-4.498495,0.5678712129592896,0.001874306,-6.277641,0.011003307,-4.498495
394,0,1,0.9999758,10.629155,1.0,0.9999758,10.629699,0.9345538,2.6588397
395,1,0,0.002758926,-5.890151,0.8581269979476929,0.002758926,-5.890151,0.0010922655,-6.8184085
396,0,1,0.99971205,8.152435,0.6890966296195984,1.7299839e-05,-10.964796,0.99971205,8.152338
397,0,1,0.9998486,8.795462,0.7127511501312256,1.2139595e-05,-11.319026,0.9998486,8.795636
398,0,1,0.9998516,8.815346,0.7461958527565002,2.1337359e-05,-10.75503,0.9998516,8.815691
399,1,1,0.9999689,10.377833,0.7053131461143494,0.9999689,10.3759575,0.8023798,1.4012351
400,0,1,0.99988246,9.048612,0.6250807046890259,5.6853464e-06,-12.077613,0.99988246,9.048254
401,1,1,0.9999448,9.804603,0.7108278870582581,0.9999448,9.803711,0.3935054,-0.43260098
402,1,0,0.00016884776,-8.686344,0.6414306163787842,0.000118318596,-9.042011,0.00016884776,-8.686344
403,0,1,0.8734599,1.9319028,1.0,2.4353716e-05,-10.622802,0.8734599,1.9319028
404,1,1,0.99996984,10.408965,0.7169455289840698,0.99996984,10.408432,0.20380105,-1.3627048
405,0,1,0.9997248,8.197757,0.7201720476150513,1.3252023e-05,-11.231347,0.9997248,8.197695
406,0,1,0.99987245,8.966844,0.7465274930000305,0.0040695155,-5.5001535,0.99987245,8.967189
407,0,0,0.151454,-1.7232423,0.7791954874992371,0.151454,-1.7232423,0.032668643,-3.3881254
408,1,1,0.9930627,4.9638777,0.714934766292572,0.9930627,4.9638844,0.56748956,0.27161592
409,0,1,0.9998807,9.033511,0.6260809898376465,0.0010176372,-6.8892536,0.9998807,9.033478
410,1,1,0.9999589,10.0988,0.8360776901245117,0.9999589,10.098579,0.019910816,-3.8963804
411,0,1,0.99977046,8.379214,0.637758195400238,6.2777553e-06,-11.978492,0.99977046,8.379297
412,1,1,0.999966,10.289862,0.7792102098464966,0.999966,10.290503,0.39466888,-0.4277286
413,0,1,0.9998423,8.75457,0.820880115032196,3.8440416e-05,-10.166363,0.9998423,8.754732
414,1,0,0.374453,-0.5131601,0.8472005128860474,0.21601206,-1.2890594,0.374453,-0.5131601
415,0,1,0.99998236,10.945155,1.0,0.99998236,10.942528,0.6607389,0.6665886
416,1,1,0.99998915,11.431515,0.863481879234314,0.99998915,11.4314,0.2627708,-1.0316167
417,1,1,0.99997747,10.700616,0.5117730498313904,0.99997747,10.699621,0.843057,1.6811516
418,0,1,0.9749665,3.6621892,1.0,0.9749665,3.6621907,0.5781427,0.31515378
419,0,1,0.99974054,8.256652,0.6233453154563904,2.2743858e-05,-10.691193,0.99974054,8.25687
420,1,1,0.5659265,0.26525033,0.5740923285484314,0.5659265,0.2652501,0.045989197,-3.0322685
421,1,1,0.999979,10.77188,0.7553094029426575,0.999979,10.77165,0.70299107,0.8615818
422,0,0,0.3176684,-0.7645076,0.7379611730575562,0.3176684,-0.7645077,0.031461734,-3.427016
423,0,1,0.98282135,4.0467596,1.0,2.1097005e-05,-10.766358,0.98282135,4.04676
424,0,1,0.99985456,8.835633,0.5866241455078125,2.1729016e-05,-10.73684,0.99985456,8.836023
425,0,1,0.9997124,8.153679,0.938849925994873,1.2092925e-05,-11.322878,0.9997124,8.1538515
426,0,1,0.9998779,9.010791,0.7373611927032471,0.036752664,-3.2660995,0.9998779,9.0108385
427,0,1,0.9977285,6.0850525,1.0,0.9977285,6.085071,0.18278696,-1.4975786
428,1,1,0.9987556,6.6878357,0.4751831889152527,0.9987556,6.6878405,0.60432976,0.42353868
429,0,1,0.75146145,1.106422,1.0,0.0020000509,-6.2125807,0.75146145,1.1064221
430,1,1,0.99998033,10.83642,0.7256444096565247,0.99998033,10.836031,0.29425818,-0.87479186
431,1,1,0.9990938,7.005312,0.7376706004142761,0.9990938,7.0052958,0.097032726,-2.230638
432,1,1,0.9996898,8.078039,0.7451096177101135,0.9996898,8.077977,0.70636046,0.87777245
433,1,1,0.9994294,7.46826,0.6828684210777283,0.9994294,7.468239,0.35064933,-0.6161862
434,0,1,0.99985147,8.814543,1.0,0.99985147,8.814541,0.028386785,-3.533034
435,0,1,0.99982065,8.62599,1.0,0.99982065,8.625739,0.59124976,0.36913437
436,0,1,0.99997675,10.669362,1.0,0.99997675,10.670493,0.17709732,-1.5361385
437,1,1,0.9999881,11.337203,0.721100389957428,0.9999881,11.334309,0.24449298,-1.1282024
438,1,1,0.99998534,11.130186,0.7174664735794067,0.99998534,11.128689,0.78359866,1.2867622
439,0,1,0.9734431,3.6015494,1.0,0.9734431,3.6015487,0.62141854,0.49557355
440,1,1,0.9996897,8.077655,0.6516746282577515,0.9996897,8.077446,0.68739414,0.7879645
441,0,0,0.40970775,-0.36517355,0.4971730709075928,0.40970775,-0.36517358,0.0061941757,-5.0779324
442,1,1,0.9999901,11.523535,0.8616942167282104,0.9999901,11.518912,0.6558361,0.6447928
443,0,1,0.9997601,8.335012,0.6610211133956909,0.22787501,-1.2203491,0.9997601,8.334947
444,1,1,0.99865085,6.60693,0.6003566384315491,0.99865085,6.6068935,0.97253853,3.5671277
445,1,1,0.9999876,11.297982,0.6313567161560059,0.9999876,11.298349,0.6751997,0.73179793
446,0,1,0.99975103,8.297935,0.7729346752166748,2.5601747e-05,-10.5728245,0.99975103,8.297883
447,0,0,0.14386815,-1.7835271,0.6488480567932129,0.14386815,-1.7835271,0.018491888,-3.9717581
448,0,1,0.99977666,8.406598,0.8676859736442566,3.7687016e-05,-10.186157,0.99977666,8.406454
449,1,1,0.97856617,3.8211179,0.8102535605430603,0.97856617,3.8211215,0.11942518,-1.9978849
450,0,1,0.9159245,2.3882186,1.0,1.3384162e-05,-11.221425,0.9159245,2.3882182
451,0,1,0.9997948,8.491229,0.770163893699646,7.816708e-06,-11.759239,0.9997948,8.491211
452,0,1,0.99994123,9.741817,1.0,0.99994123,9.742883,0.007108817,-4.9392853
453,0,1,0.9999567,10.047939,1.0,0.9999567,10.048116,0.80345047,1.4080014
454,1,1,0.9999858,11.163247,0.701089084148407,0.9999858,11.166755,0.9929938,4.95393
455,1,1,0.9999678,10.343931,0.5516433119773865,0.9999678,10.345409,0.9745273,3.6443427
456,0,1,0.9998313,8.687331,1.0,0.9998313,8.687313,0.020266183,-3.8783274
457,0,1,0.9998487,8.796249,0.653428852558136,1.3775252e-05,-11.192623,0.9998487,8.796225
458,0,1,0.9061667,2.267703,1.0,5.514756e-05,-9.805443,0.9061667,2.2677033
459,0,1,0.9998617,8.886071,0.7575783729553223,1.2188479e-05,-11.315007,0.9998617,8.885896
460,0,1,0.99955744,7.7224817,1.0,0.99955744,7.7224503,0.8844792,2.0355492
461,0,1,0.9997379,8.2465925,0.6623817086219788,3.82634e-05,-10.170979,0.9997379,8.246576
462,0,1,0.99984646,8.781385,0.8421963453292847,0.00018810117,-8.578342,0.99984646,8.781536
463,1,1,0.9998981,9.191182,0.8367749452590942,0.9998981,9.191223,0.52676976,0.107181504
464,0,1,0.9998337,8.70157,0.5672752857208252,1.3103868e-05,-11.24259,0.9998337,8.701614
465,0,1,0.9990571,6.965622,1.0,0.9990571,6.9656124,0.70102257,0.85217214
466,0,1,0.9311508,2.6045027,1.0,1.27472695e-05,-11.270181,0.9311508,2.6045027
467,0,0,0.12771341,-1.9213291,0.6388639211654663,0.12771341,-1.9213291,0.0075391987,-4.8800716
468,0,1,0.99971455,8.16117,0.7807831168174744,0.03107163,-3.4398956,0.99971455,8.161382
469,0,1,0.807667,1.4349216,1.0,3.3795994e-05,-10.295135,0.807667,1.4349217
470,1,1,0.9958692,5.4851494,0.6926063299179077,0.9958692,5.485168,0.3672667,-0.5439607
471,1,1,0.999915,9.372819,0.8327862024307251,0.999915,9.373151,0.2677008,-1.0063192
472,0,1,0.99980956,8.566,0.627747118473053,2.3864286e-05,-10.643104,0.99980956,8.565739
473,1,1,0.9660593,3.348611,0.6977308392524719,0.9660593,3.348612,0.69955456,0.84517777
474,1,1,0.9999739,10.5532875,0.6699269413948059,0.9999739,10.555258,0.8322948,1.6019789
475,0,1,0.9999919,11.722869,1.0,0.9999919,11.716624,0.06077567,-2.7378647
476,1,1,0.999895,9.161222,0.6709929704666138,0.999895,9.161377,0.6004023,0.40714157
477,1,0,0.00019799685,-8.527061,0.5235296487808228,5.4471075e-05,-9.817786,0.00019799685,-8.527061
478,0,1,0.9999006,9.216052,0.6998689770698547,1.593367e-05,-11.04706,0.9999006,9.216591
479,1,1,0.9988018,6.725759,0.5003949403762817,0.9988018,6.7257175,0.22142726,-1.2573683
480,0,1,0.9997358,8.238437,1.0,0.9997358,8.238418,0.8323383,1.6022905
481,1,1,0.9649836,3.3162942,0.7476859092712402,0.9649836,3.3162944,0.06549935,-2.657972
482,0,1,0.99981934,8.618704,0.8183166980743408,0.0046513006,-5.3659463,0.99981934,8.618387
483,0,1,0.9999294,9.558808,1.0,0.9999294,9.5580435,0.011061525,-4.4931593
484,1,1,0.99997723,10.690089,0.8759396076202393,0.99997723,10.692343,0.93702954,2.7000496
485,1,0,0.00035808142,-7.934392,0.7345538139343262,7.1983995e-05,-9.538995,0.00035808142,-7.934392
486,0,1,0.99984884,8.797038,0.7443395853042603,7.420987e-05,-9.508539,0.99984884,8.796921
487,1,1,0.99993384,9.623351,0.6683010458946228,0.99993384,9.622785,0.8408646,1.6646754
488,0,1,0.9997701,8.377658,0.5687552690505981,7.9242645e-06,-11.745573,0.9997701,8.377597
489,1,1,0.99997914,10.777578,0.677489697933197,0.99997914,10.775654,0.57774734,0.31353277
490,1,1,0.9999727,10.5086355,0.6359416842460632,0.9999727,10.508442,0.6143347,0.4655699
491,0,1,0.9994523,7.509222,0.7659092545509338,1.0581807e-05,-11.456364,0.9994523,7.509249
492,0,1,0.9999467,9.839773,1.0,0.9999467,9.840184,0.8196852,1.5142168
493,1,1,0.99896777,6.874998,0.6769819855690002,0.99896777,6.8750267,0.782985,1.2831469
494,0,1,0.9988686,6.783154,1.0,0.9988686,6.7830825,0.8569871,1.7904882
495,1,1,0.9999734,10.535187,0.5749925971031189,0.9999734,10.536108,0.5063735,0.025495395
496,1,1,0.598584,0.3995686,0.7433446049690247,0.598584,0.39956883,0.22229767,-1.2523265
497,0,1,0.9999865,11.214984,1.0,0.9999865,11.212808,0.56929225,0.27896422
498,1,0,0.0002263558,-8.393176,0.6100586652755737,1.905496e-05,-10.868164,0.0002263558,-8.393176
499,0,1,0.99977654,8.406064,0.6919640898704529,7.969543e-05,-9.437219,0.99977654,8.406151
500,0,1,0.7480141,1.0880487,1.0,7.4997997e-06,-11.800627,0.7480141,1.0880487
501,1,1,0.99995327,9.971077,0.621727466583252,0.99995327,9.970589,0.3230708,-0.7396952
502,0,1,0.62158716,0.49629033,1.0,7.71983e-06,-11.77171,0.62158716,0.49629045
503,0,1,0.966897,3.3744683,1.0,1.0410385e-05,-11.472696,0.966897,3.3744683
504,1,1,0.99999094,11.611643,0.7491845488548279,0.99999094,11.611645,0.8888564,2.0791128
505,1,1,0.9999505,9.914057,0.6432492136955261,0.9999505,9.913546,0.840707,1.6634979
506,0,1,0.99998593,11.171686,1.0,0.99998593,11.174999,0.3972398,-0.41697946
507,1,1,0.99980766,8.556032,0.4973548352718353,0.99980766,8.556057,0.6485735,0.61277485
508,0,1,0.8435017,1.6845167,1.0,0.8435017,1.6845162,0.8164767,1.4926567
509,1,1,0.9978713,6.150103,0.8680830001831055,0.9978713,6.150117,0.5078129,0.031254143
510,0,1,0.93134946,2.6076055,1.0,0.00278371,-5.881183,0.93134946,2.6076062
511,0,1,0.9988092,6.731954,1.0,0.9988092,6.7319565,0.016010553,-4.118367
512,1,1,0.99292505,4.9440947,0.7292010188102722,0.99292505,4.944089,0.20179763,-1.3750968
513,1,1,0.9999738,10.548732,0.6043805480003357,0.9999738,10.549174,0.4413822,-0.2355544
514,0,1,0.99983215,8.692292,0.6674778461456299,1.3852345e-05,-11.187042,0.99983215,8.692303
515,0,1,0.99998295,10.979524,1.0,0.99998295,10.978635,0.9229643,2.4833205
516,0,1,0.99985814,8.860535,0.7996488809585571,1.659258e-05,-11.006538,0.99985814,8.8606
517,0,1,0.99986756,8.929237,0.5472896099090576,2.8305602e-05,-10.472423,0.99986756,8.929806
518,0,1,0.80473274,1.416141,1.0,0.47536218,-0.098631084,0.80473274,1.4161412
519,0,1,0.9997471,8.282253,0.782170832157135,4.4302287e-06,-12.327055,0.9997471,8.282044
520,0,1,0.99975055,8.2960205,0.82273268699646,1.0095783e-05,-11.503383,0.99975055,8.295888
521,0,1,0.9997235,8.193002,0.7455629706382751,0.07028552,-2.5823116,0.9997235,8.193256
522,1,1,0.9999069,9.281717,0.5405620336532593,0.9999069,9.282186,0.9018907,2.218411
523,0,1,0.99228257,4.8565264,1.0,0.99228257,4.8565226,0.32522357,-0.7298686
524,0,1,0.9998648,8.908744,0.8319675326347351,1.1486225e-05,-11.374351,0.9998648,8.909232
525,0,1,0.99989843,9.194697,1.0,0.99989843,9.194811,0.010169946,-4.5780964
526,1,1,0.9998092,8.564123,0.7566257119178772,0.9998092,8.563987,0.62513685,0.51140976
527,0,1,0.9743482,3.6371546,1.0,0.2876018,-0.90706015,0.9743482,3.6371531
528,0,1,0.8543181,1.768878,1.0,0.29605284,-0.8661652,0.8543181,1.7688777
529,0,1,0.9998338,8.702287,0.6787837743759155,0.0013454183,-6.609704,0.9998338,8.702734
530,1,1,0.8964025,2.157876,0.7605147361755371,0.4179201,-0.33131742,0.8964025,2.1578758
531,0,1,0.99998295,10.979524,1.0,0.99998295,10.981855,0.032071102,-3.4072032
532,0,1,0.9997696,8.375585,0.7517710328102112,2.4973995e-05,-10.597651,0.9997696,8.375636
533,1,1,0.9999349,9.639701,0.7194797396659851,0.9999349,9.63915,0.075067334,-2.5113354
534,0,1,0.7094571,0.89274883,1.0,7.936176e-06,-11.744071,0.7094571,0.89274895
535,1,1,0.9999727,10.5086355,0.7065144181251526,0.9999727,10.510783,0.9192846,2.432666
536,1,1,0.99998724,11.269544,0.6086030006408691,0.99998724,11.266174,0.34477052,-0.6421065
537,0,1,0.87704605,1.9647496,1.0,1.2250031e-05,-11.30997,0.87704605,1.9647498
538,0,1,0.9999558,10.026139,1.0,0.9999558,10.026779,0.26326096,-1.029088
539,1,1,0.9998041,8.537606,0.6964091658592224,0.9998041,8.537695,0.9769395,3.7463024
540,0,0,0.11722723,-2.0189538,0.7931383848190308,0.11722723,-2.0189536,0.039751716,-3.1845388
541,0,1,0.9996309,7.90415,0.7222604155540466,0.02283372,-3.7564185,0.9996309,7.9043293
542,0,1,0.9997954,8.494138,0.704057514667511,6.478656e-06,-11.946991,0.9997954,8.494316
543,0,1,0.9997781,8.413025,0.718882143497467,5.8155147e-06,-12.0549755,0.9997781,8.413147
544,1,1,0.99998987,11.499723,0.7316508293151855,0.99998987,11.495014,0.8201917,1.5176468
545,0,1,0.999713,8.155754,0.7900798320770264,0.010468315,-4.5488787,0.999713,8.155771
546,0,1,0.9949792,5.289133,1.0,0.9949792,5.2891397,0.9253186,2.5169072
547,1,1,0.99996936,10.393278,0.7730128169059753,0.99996936,10.3937645,0.5314889,0.12612236
548,0,1,0.98579895,4.240137,1.0,0.98579895,4.2401376,0.04542471,-3.0452104
549,0,1,0.54714334,0.18913518,1.0,0.41404033,-0.34728765,0.54714334,0.18913516
550,1,0,0.0032815165,-5.7161627,0.7363619208335876,0.0024297591,-6.0175304,0.0032815165,-5.7161627
551,1,1,0.9943001,5.1615953,0.5780724883079529,0.9943001,5.1615973,0.08267032,-2.4066062
552,0,1,0.99997497,10.595253,1.0,0.99997497,10.595248,0.47066957,-0.117456704
553,1,1,0.9998307,8.683804,0.6976901292800903,0.9998307,8.684314,0.23727705,-1.1676664
554,0,1,0.9996265,7.8922653,0.802700400352478,4.282573e-05,-10.058329,0.9996265,7.892403
555,1,0,0.00038736832,-7.855747,0.7408986687660217,0.00014487798,-8.839474,0.00038736832,-7.855747
556,0,1,0.9992467,7.1903152,1.0,0.9992467,7.1902766,0.01005243,-4.5898376
557,0,0,0.27736062,-0.9575918,1.0,0.27736062,-0.9575919,0.037129164,-3.2555165
558,1,1,0.9999683,10.358857,0.6634610891342163,0.9999683,10.360739,0.2812058,-0.9384882
559,1,1,0.9991948,7.1236153,0.6589795351028442,0.9991948,7.123667,0.802838,1.4041275
560,0,1,0.99982065,8.62599,1.0,0.99982065,8.625854,0.061236523,-2.7298198
561,1,1,0.9999863,11.197439,0.600894570350647,0.9999863,11.195681,0.07811591,-2.4682257
562,1,1,0.99991083,9.324893,0.6169649362564087,0.99991083,9.325538,0.03421577,-3.3402538
563,0,1,0.99996483,10.255375,1.0,0.99996483,10.255253,0.72302395,0.9595113
564,1,0,0.00060498295,-7.409705,0.7385007739067078,0.00059910945,-7.419467,0.00060498295,-7.409705
565,0,1,0.99985194,8.817759,0.6377883553504944,9.743943e-05,-9.236182,0.99985194,8.818076
566,1,1,0.999907,9.282998,0.7323643565177917,0.999907,9.2835865,0.41914704,-0.32627594
567,0,1,0.7341651,1.0158583,1.0,2.6687867e-05,-10.531275,0.7341651,1.0158584
568,0,1,0.9998869,9.0868635,0.6018325686454773,1.06637335e-05,-11.448651,0.9998869,9.086624
569,1,1,0.99998677,11.2328415,0.49075865745544434,0.99998677,11.231357,0.28660858,-0.91191286
570,0,1,0.99981576,8.599098,0.7213099002838135,0.00010242831,-9.186245,0.99981576,8.599062
571,0,1,0.75720364,1.1374092,1.0,9.835664e-06,-11.529486,0.75720364,1.1374091
572,1,1,0.9999001,9.211267,0.6664084196090698,0.9999001,9.211515,0.683707,0.77086025
573,1,0,0.05001076,-2.9442124,0.828957200050354,0.05001076,-2.9442124,0.01327796,-4.308283
574,1,0,0.00026898013,-8.220604,0.8496313691139221,4.6815487e-05,-9.96925,0.00026898013,-8.220604
575,0,1,0.99988425,9.063943,0.5987918376922607,9.801328e-06,-11.532983,0.99988425,9.063999
576,0,1,0.999985,11.106089,1.0,0.999985,11.108405,0.4358676,-0.2579503
577,0,1,0.99955434,7.7155,0.7211663126945496,5.2778756e-05,-9.849349,0.99955434,7.715558
578,1,1,0.9999901,11.523535,0.7627178430557251,0.9999901,11.520742,0.022411536,-3.775513
579,1,1,0.9999646,10.248617,0.7689321041107178,0.9999646,10.247089,0.17548993,-1.5472077
580,1,1,0.9999927,11.831504,0.644101619720459,0.9999927,11.826164,0.19432054,-1.4221768
581,1,1,0.99405706,5.1195908,0.8074908256530762,0.99405706,5.119587,0.7675448,1.1944994
582,1,1,0.9999672,10.325582,0.6572539210319519,0.9999672,10.324829,0.67503995,0.73106974
583,0,1,0.99997425,10.567081,1.0,0.99997425,10.568611,0.20701432,-1.3430171
584,0,1,0.9997726,8.388609,1.0,0.9997726,8.388358,0.49834836,-0.0066064373
585,0,1,0.9997938,8.486591,0.6393009424209595,0.00013809506,-8.88743,0.9997938,8.486469
586,1,0,0.00018459438,-8.597165,0.6432514786720276,5.9584185e-05,-9.728061,0.00018459438,-8.597165
587,0,1,0.99841213,6.443774,1.0,0.99841213,6.443762,0.004634951,-5.369484
588,1,1,0.99957687,7.7674,0.6481269001960754,0.99957687,7.76749,0.53835773,0.1537329
589,0,1,0.5837841,0.3383271,1.0,1.2866043e-05,-11.260906,0.5837841,0.33832717
590,0,1,0.99517643,5.3294067,1.0,0.99517643,5.3294125,0.11926228,-1.9994348
591,1,1,0.999835,8.709487,0.7317789793014526,0.999835,8.70993,0.79309195,1.3436648
592,0,1,0.99953425,7.6713943,1.0,0.99953425,7.671428,0.61601174,0.47265425
593,0,1,0.999876,8.995285,0.7141249179840088,9.27584e-06,-11.588088,0.999876,8.9954605
594,0,1,0.97953576,3.8683996,1.0,0.97953576,3.8683972,0.0065940935,-5.014965
595,1,0,0.20653644,-1.3459307,1.0,1.1037955e-05,-11.41416,0.20653644,-1.3459308
596,0,1,0.99981135,8.575436,0.7983382940292358,0.0001301256,-8.94688,0.99981135,8.575313
597,1,1,0.9999535,9.9761915,0.5869202613830566,0.9999535,9.977011,0.89848226,2.1804738
598,1,1,0.9999801,10.824371,0.7887250781059265,0.9999801,10.825617,0.54873663,0.19556761
599,1,1,0.99995685,10.050698,0.5173802971839905,0.99995685,10.049396,0.8874685,2.0651402
600,1,0,0.00023151062,-8.370653,0.6631739735603333,1.2370657e-05,-11.300171,0.00023151062,-8.370653
601,1,1,0.9993529,7.3423195,0.6228057146072388,0.9993529,7.34232,0.74751514,1.0854032
602,0,1,0.9738782,3.6185162,1.0,2.4965706e-05,-10.597982,0.9738782,3.6185179
603,0,1,0.8223477,1.532335,1.0,8.581496e-06,-11.665894,0.8223477,1.532335
604,1,1,0.99997485,10.590502,0.890042245388031,0.99997485,10.590738,0.98091,3.9393187
605,0,1,0.9998841,9.062914,1.0,0.9998841,9.063057,0.9330426,2.6343937
606,0,1,0.99983513,8.71021,0.7250654697418213,0.095078036,-2.2531507,0.99983513,8.71025
607,1,1,0.9999726,10.504278,0.8133919835090637,0.9999726,10.505676,0.82724977,1.5662601
608,0,1,0.53228956,0.12933823,1.0,0.22581826,-1.2320762,0.53228956,0.1293384
609,0,1,0.9999566,10.045188,1.0,0.9999566,10.046103,0.482492,-0.070060566
610,1,1,0.9999132,9.351997,0.6551283597946167,0.9999132,9.351953,0.39968872,-0.40676236
611,1,1,0.97113895,3.515977,0.7424209117889404,0.97113895,3.5159771,0.4274653,-0.29220027
612,0,1,0.999775,8.399152,0.8473644256591797,0.0022733363,-6.084231,0.999775,8.399025
613,0,1,0.7418451,1.0555805,1.0,0.00029672784,-8.122398,0.7418451,1.0555803
614,1,1,0.99990666,9.27916,0.733414888381958,0.99990666,9.279081,0.7424142,1.058554
615,0,1,0.99971384,8.158667,0.769854724407196,2.421959e-05,-10.6283245,0.99971384,8.158609
616,0,1,0.9286337,2.5658884,1.0,2.183906e-05,-10.731789,0.9286337,2.5658886
617,0,1,0.9998815,9.040529,1.0,0.9998815,9.040801,0.59919417,0.40210852
618,0,1,0.9998965,9.17609,0.7025545835494995,1.3641801e-05,-11.202358,0.9998965,9.1761055
619,0,1,0.9999771,10.684867,1.0,0.9999771,10.684316,0.04189303,-3.12984
620,1,1,0.99998736,11.278934,0.6907172203063965,0.99998736,11.276221,0.96444315,3.3004193
621,1,1,0.99986947,8.943745,0.6258804202079773,0.99986947,8.943535,0.65114295,0.6240669
622,0,1,0.9996088,7.845938,0.7665016055107117,0.0013765857,-6.5867715,0.9996088,7.845844
623,0,1,0.9992906,7.250361,1.0,0.9992906,7.250482,0.01573034,-4.1363087
624,1,0,0.42973,-0.28295287,1.0,0.057583578,-2.79521,0.42973,-0.2829529
625,0,1,0.9991279,7.043762,1.0,0.9991279,7.043805,0.02422967,-3.6956494
626,0,1,0.9998115,8.576068,0.675875723361969,0.00014702983,-8.824728,0.9998115,8.5760765
627,1,1,0.9934088,5.0154066,0.6664468050003052,0.9934088,5.0154057,0.9188322,2.4265842
628,1,0,0.00017475183,-8.651969,0.6741031408309937,0.00016064227,-8.73617,0.00017475183,-8.651969
629,1,1,0.99630034,5.5958076,0.7951591610908508,0.99630034,5.595831,0.35988787,-0.57585084
630,0,1,0.81346256,1.4726679,1.0,1.4490384e-05,-11.142011,0.81346256,1.4726679
631,1,1,0.9999778,10.716617,0.714849591255188,0.9999778,10.717428,0.86882544,1.8906136
632,1,1,0.9999783,10.738357,0.6793044805526733,0.9999783,10.737835,0.20228577,-1.372069
633,1,1,0.9998085,8.560381,0.7052593231201172,0.9998085,8.559963,0.3885622,-0.45336
634,1,1,0.9999876,11.297982,0.6027311086654663,0.9999876,11.296976,0.3016426,-0.839488
635,1,1,0.9999479,9.8624,0.7529050707817078,0.9999479,9.862484,0.93091273,2.6007948
636,1,1,0.99994504,9.808932,0.790292501449585,0.99994504,9.809279,0.1613912,-1.6479132
637,0,1,0.9998779,9.010791,0.6257650852203369,0.0010204279,-6.8865123,0.9998779,9.010963
638,1,1,0.6442221,0.59373677,0.73870450258255,0.6442221,0.59373695,0.13722007,-1.8385736
639,1,1,0.9999676,10.336551,0.6744473576545715,0.9999676,10.338232,0.75450474,1.1227839
640,1,1,0.71402717,0.9150242,0.7147834897041321,0.71402717,0.9150243,0.09157859,-2.2945108
641,0,1,0.9998871,9.088973,0.640121340751648,2.5630254e-05,-10.571712,0.9998871,9.088692
642,0,1,0.9998078,8.556652,0.7558889985084534,3.2296914e-05,-10.340507,0.9998078,8.556774
643,0,1,0.84394914,1.6879103,1.0,1.3593427e-05,-11.205911,0.84394914,1.6879102
644,0,1,0.99977845,8.4146385,0.7572269439697266,7.879653e-06,-11.751219,0.99977845,8.414438
645,1,1,0.99814165,6.2862043,0.661492645740509,0.99814165,6.28622,0.27459204,-0.9714476
646,1,0,0.00021579444,-8.4409685,0.5338606834411621,0.00021579444,-8.4409685,0.00021264268,-8.455685
647,1,1,0.9999354,9.647055,0.807077169418335,0.9999354,9.647268,0.69944197,0.8446418
648,1,1,0.99998486,11.098183,0.7345811128616333,0.99998486,11.100453,0.29092976,-0.8908727
649,0,1,0.78516096,1.2959996,1.0,0.00014434902,-8.843132,0.78516096,1.2959996
650,1,1,0.99998355,11.015115,0.7437194585800171,0.99998355,11.016018,0.47277337,-0.10901435
651,1,0,0.02657178,-3.6009743,0.7501317858695984,0.025515478,-3.6426234,0.02657178,-3.6009743
652,1,1,0.9999701,10.416903,0.7388920783996582,0.9999701,10.418823,0.97609735,3.7095714
653,0,1,0.99984574,8.776737,1.0,0.99984574,8.776601,0.019653253,-3.9096634
654,1,1,0.99998724,11.269544,0.6867517232894897,0.99998724,11.271267,0.90643334,2.2708433
655,0,1,0.99981195,8.578601,0.7261815071105957,7.22331e-06,-11.83819,0.99981195,8.578281
656,1,1,0.99997103,10.449295,0.4879186153411865,0.99997103,10.448317,0.0862578,-2.360208
657,1,1,0.99953043,7.6632333,0.6116526126861572,0.99953043,7.66313,0.2245189,-1.2395236
658,1,1,0.9999645,10.245256,0.7845299243927002,0.9999645,10.246455,0.5053026,0.021211147
659,1,0,0.00028300993,-8.169745,0.9188821911811829,7.3727606e-05,-9.515059,0.00028300993,-8.169745
660,0,1,0.99979454,8.4900675,1.0,0.99979454,8.490215,0.5824869,0.33299088
661,0,1,0.9434028,2.8135345,1.0,0.00013595464,-8.903053,0.9434028,2.8135343
662,1,1,0.999982,10.925087,0.5813078284263611,0.999982,10.926052,0.89282656,2.1199436
663,0,1,0.9999889,11.409775,1.0,0.9999889,11.413042,0.7776861,1.2522328
664,0,1,0.999729,8.213038,0.8283312916755676,0.00013950818,-8.877248,0.999729,8.213135
665,1,1,0.99254006,4.8907204,0.7770854234695435,0.99254006,4.8907213,0.5043865,0.017546281
666,0,1,0.999897,9.18071,0.6021559834480286,1.2862226e-05,-11.261203,0.999897,9.180977
667,0,1,0.999801,8.521907,0.7670414447784424,3.5050187e-05,-10.258695,0.999801,8.5215225
668,1,1,0.9999876,11.297982,0.5303581357002258,0.9999876,11.300679,0.1897973,-1.4513278
669,1,0,0.00038312725,-7.8667603,0.6102258563041687,0.00038312725,-7.8667603,0.00032741943,-8.023941
670,1,1,0.99998784,11.3174,0.5736039876937866,0.99998784,11.321558,0.14923857,-1.7405856
671,1,1,0.9999603,10.134203,0.7533148527145386,0.9999603,10.133727,0.054243967,-2.8584929
672,0,1,0.99969673,8.100589,0.8180475234985352,0.0028869633,-5.844659,0.99969673,8.10058
673,0,1,0.9786047,3.8229554,1.0,0.9786047,3.8229566,0.011246635,-4.476376
674,0,1,0.99981874,8.61541,0.5848686099052429,0.0028161216,-5.8695745,0.99981874,8.615538
675,0,1,0.99981636,8.602339,0.41672033071517944,7.850042e-06,-11.754984,0.99981636,8.602297
676,1,1,0.99977416,8.395449,0.6374298930168152,0.99977416,8.395414,0.6564826,0.64765847
677,0,1,0.99965084,7.9596195,0.7790825366973877,0.00012691227,-8.971888,0.99965084,7.9596033
678,0,1,0.99977165,8.384423,0.5890523195266724,0.0015658584,-6.457754,0.99977165,8.384322
679,1,1,0.9999672,10.325582,0.6625900864601135,0.9999672,10.32403,0.7884893,1.315843
680,0,1,0.99984646,8.781385,0.8003911375999451,8.317506e-06,-11.69714,0.99984646,8.781415
681,1,1,0.9999856,11.14658,0.46742263436317444,0.9999856,11.144304,0.36872372,-0.537696
682,0,1,0.9997929,8.481976,0.6174256205558777,0.00030686444,-8.088798,0.9997929,8.481898
683,0,1,0.99988997,9.114646,0.8059477806091309,8.597471e-06,-11.664034,0.99988997,9.115065
684,0,1,0.9998946,9.157823,0.7197760343551636,0.00023220081,-8.367676,0.9998946,9.158144
685,1,1,0.9999517,9.93845,0.8601697087287903,0.9999517,9.937704,0.6850246,0.7769603
686,1,1,0.9999652,10.265596,0.7659893035888672,0.9999652,10.266927,0.23457964,-1.1826301
687,0,1,0.9996376,7.92241,0.513229489326477,3.27622e-05,-10.326202,0.9996376,7.922431
688,1,1,0.99993145,9.587947,0.717847466468811,0.99993145,9.587511,0.26613185,-1.0143375
689,1,1,0.99996257,10.192955,0.7059517502784729,0.99996257,10.19363,0.64663684,0.6042887
690,0,1,0.9997199,8.180147,1.0,0.9997199,8.180359,0.098456256,-2.2144961
691,1,1,0.99960667,7.8404655,0.845832109451294,0.99960667,7.8403234,0.60248005,0.41580954
692,1,1,0.99167776,4.780467,0.6925572156906128,0.99167776,4.7804694,0.17409433,-1.5568832
693,1,1,0.9999596,10.116344,0.829626202583313,0.9999596,10.116569,0.060770962,-2.7379472
694,1,1,0.9999615,10.164695,0.6464575529098511,0.9999615,10.1650715,0.3216275,-0.7463025
695,1,1,0.99998415,11.05202,0.7458228468894958,0.99998415,11.052277,0.9573466,3.1110585
696,1,1,0.99974555,8.276143,0.7806400656700134,0.99974555,8.276255,0.4314082,-0.27610797
697,1,1,0.99943095,7.470981,0.6039566993713379,0.99943095,7.47095,0.8554784,1.778232
698,0,1,0.9996604,7.9873223,0.8598753809928894,6.3761163e-06,-11.962945,0.9996604,7.9871793
699,1,1,0.99987197,8.963112,0.7148250937461853,0.99987197,8.962959,0.10684769,-2.1233528
700,0,0,0.25536466,-1.0702021,0.803734540939331,0.25536466,-1.0702021,0.027618147,-3.5612755
701,1,1,0.9999505,9.914057,0.4842124283313751,0.9999505,9.91455,0.110128365,-2.0894306
702,1,0,0.08167514,-2.4198015,0.5997486710548401,0.08167514,-2.4198015,0.06781511,-2.6207461
703,0,1,0.6466907,0.6045244,1.0,0.6466907,0.60452443,0.035694495,-3.2964118
704,1,0,0.019633587,-3.9106846,0.8012391924858093,0.019633587,-3.9106846,0.0050069075,-5.2919173
705,0,1,0.99982446,8.647492,0.6623013019561768,6.663027e-06,-11.91893,0.99982446,8.647508
706,0,1,0.99998975,11.488028,1.0,0.99998975,11.48362,0.76222485,1.1649164
707,1,1,0.9999722,10.491319,0.6135731339454651,0.9999722,10.492755,0.5526013,0.2111866
708,1,1,0.9999721,10.487036,0.6894276738166809,0.9999721,10.486551,0.9215895,2.4641414
709,1,1,0.999561,7.730599,0.822670042514801,0.999561,7.7306366,0.19896138,-1.3927984
710,0,1,0.9998567,8.8505,0.6904474496841431,8.203642e-06,-11.710924,0.9998567,8.850872
711,1,0,0.068567015,-2.6089127,0.7105344533920288,0.068567015,-2.6089127,0.017436193,-4.031617
712,1,0,0.00023586377,-8.35202,0.743570864200592,0.00010487227,-9.1626625,0.00023586377,-8.35202
713,1,1,0.99995637,10.039708,0.6202266216278076,0.99995637,10.040203,0.38312674,-0.47629777
714,0,1,0.9999809,10.867192,1.0,0.9999809,10.866297,0.2851987,-0.91881853
715,1,1,0.9999895,11.465038,0.6615326404571533,0.9999895,11.469105,0.5022151,0.008860387
716,1,1,0.9999639,10.228617,0.7570618987083435,0.9999639,10.227006,0.8318254,1.59862
717,1,1,0.66782373,0.69835854,0.8654107451438904,0.66782373,0.6983585,0.26413155,-1.0246041
718,0,1,0.9955004,5.399254,1.0,0.9955004,5.3992643,0.05556993,-2.8329394
719,1,1,0.9999883,11.357406,0.7657804489135742,0.9999883,11.362212,0.939339,2.7398744
720,0,1,0.81576854,1.4879378,1.0,1.7238164e-05,-10.968368,0.81576854,1.4879373
721,1,1,0.91179454,2.3357458,1.0,0.91179454,2.3357453,0.26852036,-1.0021427
722,1,1,0.9462318,2.867805,0.7543403506278992,0.9462318,2.8678055,0.6602965,0.6646158
723,1,0,0.00025150552,-8.287794,0.6783267259597778,1.6842141e-05,-10.99161,0.00025150552,-8.287794
724,1,1,0.9955716,5.415282,0.824089527130127,0.9955716,5.4152904,0.13888568,-1.8245761
725,0,0,0.2478278,-1.1102312,1.0,0.2478278,-1.1102313,0.013804542,-4.268857
726,1,0,0.0014714552,-6.520031,0.5844619274139404,0.0014714552,-6.520031,0.0004994339,-7.601536
727,0,1,0.999778,8.412488,0.4663446545600891,0.00013466646,-8.912575,0.999778,8.412404
728,0,1,0.96737236,3.3894236,1.0,0.96737236,3.3894246,0.009310008,-4.6673117
729,0,1,0.6019253,0.41349372,1.0,1.0980337e-05,-11.419394,0.6019253,0.4134936
730,0,1,0.8768256,1.9627067,1.0,0.8768256,1.9627066,0.8640106,1.8490084
731,0,1,0.9998462,8.779834,0.5229361653327942,4.3256623e-05,-10.048317,0.9998462,8.77994
732,0,1,0.51153916,0.046164867,1.0,5.053164e-05,-9.89286,0.51153916,0.04616469
733,0,1,0.9997769,8.407666,0.6382729411125183,0.001840291,-6.2959895,0.9997769,8.407728
734,0,1,0.99997723,10.690089,1.0,0.99997723,10.690881,0.018186312,-3.9887323
735,0,1,0.9981597,6.295988,1.0,0.9981597,6.2959704,0.8056875,1.4222282
736,0,1,0.99984586,8.777511,0.6243258118629456,0.0037750404,-5.575562,0.99984586,8.777668
737,0,1,0.999974,10.557864,1.0,0.999974,10.556835,0.28548393,-0.91741973
738,1,1,0.99998,10.818401,0.9206063151359558,0.99998,10.818614,0.936779,2.6958117
739,0,1,0.9926877,4.9108586,1.0,0.9926877,4.9108634,0.3793815,-0.49217415
740,0,1,0.9997937,8.486013,0.6963140368461609,4.5163397e-06,-12.307804,0.9997937,8.4858885
741,0,1,0.9997857,8.448019,0.8606979250907898,2.1993095e-05,-10.72476,0.9997857,8.4482155
742,1,1,0.9999584,10.087272,0.8098306059837341,0.9999584,10.088058,0.86876255,1.8900615
743,1,1,0.9999819,10.918487,0.7619752883911133,0.9999819,10.920497,0.53375316,0.13521822
744,1,1,0.9999918,11.70827,0.6153516173362732,0.9999918,11.714891,0.038270745,-3.2240472
745,1,1,0.99994874,9.878549,0.7759542465209961,0.99994874,9.879693,0.27376106,-0.97562337
746,0,1,0.9998354,8.711658,0.6331012845039368,0.00048364504,-7.6336756,0.9998354,8.711748
747,1,1,0.99997103,10.449295,0.6007384061813354,0.99997103,10.450157,0.5556107,0.223367
748,1,1,0.89717233,2.1661935,0.4567033350467682,0.89717233,2.166194,0.58064646,0.3254277
749,0,1,0.99978155,8.42873,0.8703337907791138,7.723696e-06,-11.77121,0.99978155,8.428751
750,1,1,0.9999895,11.465038,0.7703258991241455,0.9999895,11.464567,0.522215,0.08891863
751,1,1,0.99956423,7.7379613,0.7557122111320496,0.99956423,7.7380486,0.06419855,-2.6794226
752,0,1,0.9997696,8.375585,0.6927126049995422,1.5714886e-05,-11.060886,0.9997696,8.375391
753,1,1,0.99940145,7.420402,0.6084780693054199,0.99940145,7.420314,0.3113615,-0.79376185
754,1,1,0.99879825,6.722775,0.7438894510269165,0.99879825,6.7228184,0.099432416,-2.203547
755,1,1,0.93051183,2.5945783,0.60573810338974,0.93051183,2.5945778,0.37845257,-0.49612147
756,0,1,0.99964345,7.9386654,0.6278270483016968,0.0027342907,-5.899145,0.99964345,7.9387865
757,1,0,0.007886476,-4.834688,0.7208554744720459,0.0019357344,-6.245331,0.007886476,-4.834688
758,0,1,0.99982136,8.629987,1.0,0.99982136,8.630127,0.7947089,1.3535471
759,0,1,0.9998709,8.954766,0.628333330154419,0.004741949,-5.346554,0.9998709,8.954781
760,1,0,0.0002111617,-8.462675,0.6936887502670288,1.2749373e-05,-11.270016,0.0002111617,-8.462675
761,1,1,0.999951,9.923743,0.6651065945625305,0.999951,9.924674,0.9152257,2.3791776
762,0,1,0.9999635,10.218763,1.0,0.9999635,10.2177305,0.017157497,-4.0480137
763,0,1,0.99996436,10.241906,1.0,0.99996436,10.242294,0.20838743,-1.334673
764,0,1,0.9999801,10.824371,1.0,0.9999801,10.82234,0.72508246,0.96981424
765,1,1,0.9999677,10.340234,0.626509964466095,0.9999677,10.341305,0.83594453,1.6283576
766,0,1,0.9997038,8.124262,1.0,0.9997038,8.1242285,0.35825604,-0.58294153
767,1,0,0.0007220632,-7.2326756,0.8184661865234375,0.0007220632,-7.2326756,0.00026892347,-8.220815
768,1,1,0.9999906,11.572927,0.7362774610519409,0.9999906,11.574975,0.73772764,1.0341911
769,0,1,0.9994777,7.5567164,0.6451883912086487,3.5473342e-05,-10.246694,0.9994777,7.556679
770,0,1,0.9997626,8.345505,0.7971908450126648,0.0053023524,-5.234288,0.9997626,8.3455715
771,1,0,0.22935438,-1.2119603,1.0,3.3211567e-05,-10.312579,0.22935438,-1.2119603
772,0,1,0.99994373,9.78535,1.0,0.99994373,9.785364,0.23426527,-1.1843817
773,0,1,0.9998728,8.969652,0.5351012349128723,2.2452712e-05,-10.704077,0.9998728,8.969915
774,1,1,0.99998033,10.83642,0.5949988961219788,0.99998033,10.83946,0.32370988,-0.73677444
775,0,1,0.99962056,7.876426,0.6198326945304871,1.1354584e-05,-11.385878,0.99962056,7.8763804
776,0,1,0.93154216,2.6106234,1.0,6.3769926e-06,-11.962808,0.93154216,2.6106238
777,0,1,0.99921846,7.153467,1.0,0.99921846,7.1535597,0.012362132,-4.380678
778,0,1,0.65167564,0.62641287,0.6915454268455505,0.65167564,0.62641287,0.031520016,-3.425105
779,0,1,0.9993924,7.4053698,1.0,0.9993924,7.4054337,0.92448634,2.5049253
780,1,1,0.9976528,6.0521946,0.6794549822807312,0.9976528,6.0521884,0.76609385,1.1863844
781,1,0,0.00018173874,-8.612759,0.5685859322547913,0.0001131009,-9.087117,0.00018173874,-8.612759
782,0,1,0.90970194,2.3100011,1.0,1.6387705e-05,-11.018963,0.90970194,2.3100014
783,0,1,0.99956626,7.7426248,1.0,0.99956626,7.7425866,0.024545342,-3.6823816
784,0,1,0.9996032,7.8317113,0.6642882227897644,4.39124e-05,-10.03327,0.9996032,7.831724
785,0,1,0.8422744,1.6752492,1.0,1.5559574e-05,-11.070819,0.8422744,1.6752495
786,1,1,0.85321695,1.7600582,0.6920660734176636,0.85321695,1.7600583,0.23711422,-1.1685663
787,1,1,0.9822603,4.0140505,0.6546348929405212,0.9822603,4.0140486,0.67985696,0.75311434
788,0,1,0.9998462,8.779834,0.7441462278366089,9.560851e-06,-11.557824,0.9998462,8.780321
789,1,1,0.99998665,11.223873,0.6820240616798401,0.99998665,11.224344,0.24742495,-1.1123936
790,0,1,0.99981827,8.612782,0.7080578207969666,0.00012111278,-9.018667,0.99981827,8.612596
791,1,1,0.9999293,9.55712,0.8142721056938171,0.9999293,9.557939,0.89508885,2.1438088
792,0,1,0.99997234,10.49562,1.0,0.99997234,10.4951,0.40283245,-0.393677
793,0,1,0.7955234,1.3585467,1.0,0.7955234,1.3585465,0.33768117,-0.6736449
794,1,1,0.99994326,9.776911,0.803661048412323,0.99994326,9.777567,0.019344343,-3.9258213
795,1,1,0.9996383,7.924386,0.5083867311477661,0.9996383,7.9242754,0.865278,1.8598377
796,1,1,0.99998367,11.0223875,0.808719277381897,0.99998367,11.019037,0.17312296,-1.563654
797,0,1,0.9999858,11.163247,1.0,0.9999858,11.164279,0.9777826,3.7844124
798,0,1,0.9999496,9.894962,1.0,0.9999496,9.895375,0.99030274,4.6261735
799,0,1,0.99987435,8.981912,0.7542036175727844,1.6837388e-05,-10.991892,0.99987435,8.981707
800,0,1,0.85876966,1.8051085,1.0,0.6636179,0.6794586,0.85876966,1.8051082
801,0,1,0.9895353,4.549225,1.0,0.9895353,4.549219,0.036955148,-3.260395
802,0,1,0.9999633,10.212249,1.0,0.9999633,10.213763,0.19108388,-1.4429828
803,0,1,0.99978,8.421659,0.7677292227745056,1.4491561e-05,-11.14193,0.99978,8.421716
804,1,1,0.9997106,8.147478,0.6026613116264343,0.9997106,8.147518,0.70920855,0.89154345
805,1,0,0.00022842,-8.384096,0.5742868185043335,7.515312e-05,-9.495908,0.00022842,-8.384096
806,0,1,0.9999895,11.465038,1.0,0.9999895,11.45946,0.23108056,-1.2022198
807,1,0,0.42830855,-0.28875563,1.0,1.1729435e-05,-11.353397,0.42830855,-0.28875548
808,0,1,0.92672455,2.5374308,1.0,1.7585795e-05,-10.948401,0.92672455,2.5374308
809,1,1,0.9998642,8.904344,0.631096363067627,0.9998642,8.904573,0.9445486,2.8352
810,1,1,0.9999641,10.235239,0.6790960431098938,0.9999641,10.235157,0.93095535,2.601459
811,1,1,0.99992263,9.466875,0.7856844663619995,0.99992263,9.466232,0.944568,2.8355699
812,0,1,0.9996431,7.9376626,0.5341718792915344,3.9257793e-06,-12.447942,0.9996431,7.93762
813,1,1,0.9985335,6.5234003,0.6308577060699463,0.9985335,6.5234118,0.18564627,-1.4785517
814,1,1,0.99998784,11.3174,0.7811732888221741,0.99998784,11.313302,0.2919635,-0.88586694
815,1,1,0.9999728,10.513012,0.7612406015396118,0.9999728,10.511582,0.25719208,-1.0606143
816,1,1,0.99936086,7.354747,0.7407383322715759,0.99936086,7.3546925,0.29439956,-0.8741113
817,0,1,0.9995419,7.687918,0.7953361868858337,2.7900705e-05,-10.486831,0.9995419,7.6877956
818,1,1,0.9991204,7.0351796,0.8245661854743958,0.9991204,7.035202,0.24104215,-1.1469743
819,0,1,0.9999759,10.634093,1.0,0.9999759,10.634471,0.033073,-3.3754058
820,0,1,0.99981433,8.591362,0.5802565217018127,0.0890961,-2.3247218,0.99981433,8.59111
821,1,1,0.99998546,11.13835,0.7335062623023987,0.99998546,11.139056,0.1991908,-1.3913596
822,1,1,0.99998844,11.367662,0.6551703214645386,0.99998844,11.365572,0.22877917,-1.2152176
823,0,1,0.77506596,1.2371409,1.0,0.009034082,-4.6976757,0.77506596,1.2371409
824,0,1,0.8671788,1.8762413,1.0,1.49203e-05,-11.112773,0.8671788,1.876241
825,0,1,0.99977297,8.390183,0.6405519843101501,0.076876976,-2.4855561,0.99977297,8.390057
826,0,1,0.851743,1.7483375,1.0,0.851743,1.7483377,0.33698934,-0.67673975
827,1,1,0.99998844,11.367662,0.5874260067939758,0.99998844,11.367333,0.91509587,2.3775067
828,1,1,0.9999789,10.766214,0.7131786942481995,0.9999789,10.765824,0.58247435,0.33293927
829,1,0,0.0001631766,-8.720514,0.6387594938278198,4.6245124e-05,-9.981508,0.0001631766,-8.720514
830,1,1,0.99994123,9.741817,0.7520214915275574,0.99994123,9.7427845,0.8638543,1.847678
831,1,0,0.00023772843,-8.344144,0.7103317975997925,1.1939372e-05,-11.335657,0.00023772843,-8.344144
832,1,1,0.9999926,11.815244,0.7954990267753601,0.9999926,11.813475,0.96686393,3.3734336
833,1,1,0.9991358,7.0528326,0.8666951656341553,0.9991358,7.0528193,0.65834475,0.6559266
834,1,1,0.99998045,10.842499,0.8584210276603699,0.99998045,10.843245,0.6915956,0.8075895
835,0,1,0.9996786,8.04254,0.8019076585769653,2.2028169e-05,-10.723166,0.9996786,8.042397
836,0,1,0.99969745,8.102951,1.0,0.99969745,8.102929,0.055899214,-2.8266826
837,0,1,0.9999186,9.415809,1.0,0.9999186,9.415493,0.030377496,-3.4632046
838,0,1,0.9998932,9.144338,0.7105855941772461,4.9774637e-05,-9.907955,0.9998932,9.144843
839,0,1,0.9879524,4.4067698,1.0,2.7950744e-05,-10.485039,0.9879524,4.4067717
840,0,1,0.9998313,8.687331,0.774633526802063,0.0066780853,-5.0022235,0.9998313,8.687794
841,1,1,0.999992,11.737684,0.7078003287315369,0.999992,11.7359915,0.96518534,3.3222818
842,1,1,0.99997175,10.474297,0.6874791979789734,0.99997175,10.475271,0.6910034,0.80481434
843,0,1,0.9997062,8.132347,0.7421271800994873,6.0890106e-05,-9.706379,0.9997062,8.132526
844,1,1,0.9998696,8.944659,0.7208662629127502,0.9998696,8.944392,0.07680958,-2.4865062
845,1,1,0.99922454,7.161283,0.7312467694282532,0.99922454,7.161219,0.7011256,0.852664
846,0,0,0.05537841,-2.8365946,0.7639287710189819,0.05537841,-2.8365946,0.007848708,-4.8395267
847,1,1,0.99997807,10.7274275,0.6057091355323792,0.99997807,10.727113,0.35977545,-0.57633877
848,1,1,0.99998105,10.873462,0.7505204081535339,0.99998105,10.871543,0.6102606,0.4484077
849,0,1,0.9997836,8.438052,0.6427709460258484,1.4619753e-05,-11.133122,0.9997836,8.438011
850,0,1,0.7104744,0.89768904,1.0,2.7753396e-05,-10.492125,0.7104744,0.8976889
851,0,1,0.9997211,8.184414,0.772181510925293,5.4212314e-06,-12.125182,0.9997211,8.184326
852,0,1,0.9998895,9.110321,0.6040524840354919,5.4299962e-06,-12.123567,0.9998895,9.11033
853,1,0,0.44525015,-0.21988104,1.0,1.3323836e-05,-11.225943,0.44525015,-0.2198811
854,0,1,0.99997175,10.474297,1.0,0.99997175,10.473315,0.010421864,-4.553373
855,1,0,0.00459736,-5.377665,0.776859700679779,0.003258955,-5.7230844,0.00459736,-5.377665
856,1,1,0.999992,11.737684,0.7304601669311523,0.999992,11.734766,0.7408939,1.0506198
857,1,1,0.9999839,11.037094,0.7225663661956787,0.9999839,11.038578,0.16109869,-1.6500759
858,1,1,0.9999906,11.572927,0.5456945896148682,0.9999906,11.57191,0.31020227,-0.7991739
859,0,1,0.9459259,2.8618088,1.0,0.9343424,2.6553898,0.9459259,2.8618078
860,0,1,0.99984837,8.793888,0.6336427927017212,1.2658219e-05,-11.277191,0.99984837,8.793815
861,1,1,0.99997807,10.7274275,0.7417500019073486,0.99997807,10.725597,0.1835545,-1.4924486
862,1,1,0.9999703,10.424903,0.5335805416107178,0.9999703,10.42312,0.05718783,-2.802526
863,0,1,0.99982244,8.636012,0.7918909788131714,7.4118734e-06,-11.81242,0.99982244,8.635597
864,1,1,0.999828,8.667733,0.7254080176353455,0.999828,8.667938,0.91646886,2.3953087
865,0,1,0.9999106,9.322223,0.8502867221832275,8.313605e-06,-11.697609,0.9999106,9.32255
866,1,0,0.00040986412,-7.799275,0.6933685541152954,0.00037490157,-7.888472,0.00040986412,-7.799275
867,1,1,0.9999902,11.535656,0.8284805417060852,0.9999902,11.538692,0.86840177,1.8869011
868,1,1,0.9999802,10.830378,0.6622193455696106,0.9999802,10.827722,0.1699,-1.5863361
869,1,0,0.0019838014,-6.2207546,0.7176882028579712,0.0019838014,-6.2207546,0.00035341314,-7.9475193
870,0,1,0.9999331,9.612597,1.0,0.9999331,9.612946,0.42255783,-0.3122819
871,0,1,0.99977845,8.4146385,0.7224515080451965,2.8495051e-05,-10.465752,0.99977845,8.414689
872,1,1,0.9999882,11.347254,0.7913662195205688,0.9999882,11.349447,0.5182566,0.073058985
873,0,1,0.9998541,8.83236,0.7565321326255798,1.1343144e-05,-11.386886,0.9998541,8.832293
874,1,1,0.99996495,10.25877,0.6794790029525757,0.99996495,10.259682,0.95878637,3.1468985
875,0,1,0.9997687,8.371453,0.7130520343780518,8.381217e-05,-9.386848,0.9997687,8.371414
876,1,1,0.9998579,8.858855,0.8776437044143677,0.9998579,8.859268,0.977014,3.7496157
877,1,1,0.9999869,11.241892,0.6569404602050781,0.9999869,11.2451315,0.1583019,-1.6709174
878,0,1,0.9998658,8.915824,0.7248222231864929,0.049245294,-2.9604423,0.9998658,8.915718
879,1,0,0.11152831,-2.0752244,1.0,2.5766682e-05,-10.566402,0.11152831,-2.0752244
880,0,1,0.99982065,8.62599,0.7081440091133118,0.0019111553,-6.2581344,0.99982065,8.625745
881,1,1,0.9999809,10.867192,0.9134681224822998,0.9999809,10.867214,0.4266073,-0.29570693
882,1,1,0.999944,9.789597,0.7433752417564392,0.999944,9.790167,0.29683635,-0.8624087
883,1,1,0.9999924,11.783494,0.7155399918556213,0.9999924,11.78541,0.5389317,0.1560426
884,0,1,0.9998305,8.682396,0.6720718145370483,4.73329e-05,-9.958258,0.9998305,8.682243
885,0,1,0.7402573,1.0473064,1.0,0.00018907433,-8.573181,0.7402573,1.0473067
886,0,1,0.9999702,10.420895,1.0,0.9999702,10.422906,0.25015968,-1.0977608
887,1,0,0.00018567365,-8.591334,0.5175412893295288,0.00012438883,-8.991974,0.00018567365,-8.591334
888,0,1,0.5506425,0.2032669,1.0,3.442161e-05,-10.276792,0.5506425,0.20326693
889,1,1,0.7919183,1.3365272,0.7749006152153015,0.7919183,1.3365273,0.1378811,-1.8330015
890,1,0,0.0015635221,-6.4592495,0.7525169253349304,0.0013892667,-6.577589,0.0015635221,-6.4592495
891,1,1,0.99932444,7.299294,0.7119715809822083,0.99932444,7.2992787,0.91401213,2.3636386
892,0,1,0.9998148,8.593934,0.6323564648628235,0.00017551666,-8.647601,0.9998148,8.593582
893,0,1,0.9999573,10.06181,1.0,0.9999573,10.06269,0.022310205,-3.7801483
894,1,1,0.97141314,3.5258045,0.600868284702301,0.97141314,3.5258026,0.7170801,0.9300238
895,1,1,0.99976045,8.336504,0.8183960914611816,0.99976045,8.336356,0.7973574,1.369859
896,0,1,0.99807537,6.251093,1.0,0.99807537,6.2510953,0.97157526,3.5316591
897,0,1,0.99980134,8.5237055,0.6346012949943542,8.859087e-05,-9.331393,0.99980134,8.5234585
898,0,1,0.55152303,0.20682624,1.0,0.55152303,0.20682636,0.035480376,-3.3026505
899,1,1,0.99992573,9.507765,0.7140188813209534,0.99992573,9.508587,0.83508587,1.6221098
900,0,1,0.9378944,2.7148013,1.0,1.973505e-05,-10.833095,0.9378944,2.7148015
901,1,1,0.9999646,10.248617,0.6218005418777466,0.9999646,10.247366,0.94743836,2.8917756
902,0,1,0.9997054,8.12951,0.7189237475395203,5.471405e-06,-12.11597,0.9997054,8.129706
903,0,1,0.73010176,0.9951389,1.0,7.050931e-05,-9.559695,0.73010176,0.9951389
904,1,0,0.00022266354,-8.409626,0.659211277961731,2.0596357e-05,-10.790376,0.00022266354,-8.409626
905,0,1,0.9998584,8.862217,0.6790908575057983,0.0027167688,-5.9055915,0.9998584,8.862288
906,0,1,0.9993611,7.35512,1.0,0.9993611,7.3550596,0.104353406,-2.1497626
907,1,1,0.82009697,1.5170046,0.6051495671272278,0.82009697,1.5170046,0.17620826,-1.5422511
908,1,0,0.00030038628,-8.110141,0.7772471308708191,6.5748704e-06,-11.932249,0.00030038628,-8.110141
909,0,1,0.99976784,8.367851,1.0,0.99976784,8.367814,0.23745823,-1.1666656
910,1,1,0.99983656,8.718926,0.7610520124435425,0.99983656,8.719283,0.9300571,2.5875669
911,1,1,0.9999926,11.815244,0.6707028746604919,0.9999926,11.813483,0.79995424,1.3860081
912,1,0,0.040817033,-3.1569824,0.6161283850669861,0.014933415,-4.189108,0.040817033,-3.1569824
913,1,1,0.9999931,11.881935,0.7237704992294312,0.9999931,11.879629,0.5293142,0.117391676
914,0,1,0.999335,7.315045,0.9414873123168945,0.00018992429,-8.568695,0.999335,7.315061
915,1,1,0.9999796,10.800701,0.7499659657478333,0.9999796,10.80146,0.7809838,1.2714089
916,1,1,0.9999666,10.307562,0.7791871428489685,0.9999666,10.309085,0.089904524,-2.3148012
917,1,0,0.00015305339,-8.784571,0.5808728933334351,8.390006e-05,-9.3858,0.00015305339,-8.784571
918,1,1,0.9999697,10.405021,0.7074230909347534,0.9999697,10.405008,0.5897416,0.36289704
919,0,1,0.9862395,4.2720966,1.0,0.9862395,4.272099,0.72662866,0.97758424
920,1,1,0.99772316,6.0826883,0.7409741878509521,0.99772316,6.0827093,0.44780272,-0.20955254
921,0,1,0.999982,10.925087,1.0,0.999982,10.924906,0.9324847,2.6254978
922,0,1,0.8011487,1.3934894,1.0,1.0121146e-05,-11.500874,0.8011487,1.3934895
923,1,1,0.9999759,10.634093,0.5041581392288208,0.9999759,10.6352215,0.3143574,-0.7798258
924,1,1,0.9997482,8.286506,0.7394354939460754,0.9997482,8.28645,0.80064905,1.390356
925,1,1,0.9999676,10.336551,0.6650240421295166,0.9999676,10.336065,0.3414594,-0.6567974
926,1,0,0.396944,-0.4182149,1.0,5.499198e-06,-12.110903,0.396944,-0.41821498
927,0,1,0.9999112,9.328912,1.0,0.9999112,9.3293495,0.7122229,0.9062047
928,1,1,0.99998796,11.327252,0.5723068118095398,0.99998796,11.326781,0.7527815,1.1135026
929,0,1,0.9999671,10.321952,1.0,0.9999671,10.322123,0.267767,-1.0059814
930,0,1,0.9998541,8.83236,0.8019259572029114,0.00022580245,-8.395624,0.9998541,8.83267
931,0,1,0.95471334,3.0483987,1.0,0.95471334,3.0483997,0.45146072,-0.19477063
932,1,1,0.9999387,9.700101,0.7176890969276428,0.9999387,9.699435,0.28176138,-0.93574125
933,0,1,0.99984145,8.749292,0.7098244428634644,4.8129386e-06,-12.244198,0.99984145,8.749463
934,1,1,0.99998903,11.420586,0.7592238783836365,0.99998903,11.420236,0.30527574,-0.8222996
935,0,1,0.69000524,0.80014384,1.0,7.1303243e-06,-11.851147,0.69000524,0.8001436
936,0,1,0.9998155,8.597805,1.0,0.9998155,8.59779,0.010497299,-4.5460844
937,1,0,0.3316552,-0.70070827,1.0,1.4421263e-05,-11.146792,0.3316552,-0.7007083
938,1,1,0.9990701,6.9795117,0.7402040362358093,0.9990701,6.9794726,0.75680536,1.1352439
939,1,1,0.9997228,8.190417,0.7309314608573914,0.9997228,8.190359,0.6543606,0.6382626
940,0,1,0.9769422,3.7464225,1.0,0.00051721773,-7.5665293,0.9769422,3.746425
941,1,1,0.99998784,11.3174,0.6947109699249268,0.99998784,11.316603,0.65886474,0.6582391
942,1,1,0.9999893,11.442565,0.7269984483718872,0.9999893,11.440498,0.35345674,-0.603879
943,1,0,0.42822775,-0.2890855,1.0,3.826303e-05,-10.170988,0.42822775,-0.28908557
944,1,1,0.99969697,8.101376,0.7572889924049377,0.99969697,8.101351,0.2270871,-1.2248328
945,0,1,0.9998739,8.978124,1.0,0.9998739,8.9781,0.26042917,-1.0437391
946,1,1,0.99999106,11.624888,0.6529789566993713,0.99999106,11.62524,0.1563388,-1.6857256
947,1,1,0.9999863,11.197439,0.7814592123031616,0.9999863,11.201572,0.47548953,-0.098120555
948,0,1,0.9998784,9.014706,0.8335297703742981,2.6981521e-05,-10.520331,0.9998784,9.014385
949,1,0,0.3774827,-0.5002466,1.0,0.002660438,-5.9266005,0.3774827,-0.5002465
950,0,1,0.9998969,9.179552,0.6541584134101868,0.00028481294,-8.163393,0.9998969,9.179082
951,0,1,0.99979943,8.514149,0.3302549123764038,0.008648411,-4.7416935,0.99979943,8.513893
952,1,1,0.999946,9.826439,0.851929783821106,0.999946,9.826639,0.5626157,0.25178447
953,1,1,0.9999182,9.411426,0.6618640422821045,0.9999182,9.410822,0.71316284,0.9107953
954,0,1,0.9998573,8.854669,0.6046251058578491,0.046094246,-3.0298767,0.9998573,8.855104
955,0,1,0.9998186,8.614752,0.7470856308937073,7.310599e-05,-9.523527,0.9998186,8.614503
956,0,1,0.84720546,1.7128491,1.0,0.4044215,-0.38707554,0.84720546,1.7128491
957,1,0,0.00034187664,-7.9807186,0.7727219462394714,1.6782977e-05,-10.995129,0.00034187664,-7.9807186
958,1,1,0.9997644,8.353066,0.8057112693786621,0.9997644,8.353089,0.9525915,3.0003831
959,1,1,0.9972379,5.8890057,0.7001729011535645,0.9972379,5.889025,0.43144622,-0.27595302
960,0,1,0.8396329,1.6554995,1.0,0.8076184,1.4346089,0.8396329,1.6554992
961,1,1,0.99996674,10.31114,0.7980189323425293,0.99996674,10.312249,0.9569172,3.100593
962,0,1,0.9999461,9.8286495,1.0,0.9999461,9.828614,0.9281972,2.559321
963,0,1,0.9993235,7.2978826,1.0,0.9993235,7.2978444,0.45049337,-0.19867745
964,0,1,0.99998677,11.2328415,1.0,0.99998677,11.230395,0.8772387,1.9665369
965,1,1,0.99998975,11.488028,0.5358381867408752,0.99998975,11.490406,0.5500893,0.20103148
966,0,1,0.95560765,3.0692804,1.0,0.00058624917,-7.4411793,0.95560765,3.069282
967,0,1,0.9045157,2.2484376,1.0,6.1985147e-06,-11.991195,0.9045157,2.248438
968,0,1,0.9997625,8.345002,0.8268789649009705,0.0031514827,-5.756726,0.9997625,8.344897
969,1,1,0.9999869,11.241892,0.5910552144050598,0.9999869,11.244473,0.3531846,-0.60507
970,1,1,0.9999621,10.180296,0.7795722484588623,0.9999621,10.1813545,0.4409082,-0.23747694
971,0,0,0.079780914,-2.4453275,0.716189444065094,0.079780914,-2.4453275,0.07116871,-2.568874
972,0,1,0.9964977,5.650824,1.0,0.9964977,5.650803,0.89825505,2.1779852
973,1,0,0.0027128197,-5.90705,0.8569880127906799,0.0021201111,-6.1541643,0.0027128197,-5.90705
974,0,1,0.9998373,8.723312,0.7292723059654236,2.2859129e-05,-10.686137,0.9998373,8.723343
975,1,1,0.9997235,8.193002,0.8257758021354675,0.9997235,8.192915,0.07595568,-2.49861
976,1,1,0.99997485,10.590502,0.7537336945533752,0.99997485,10.590142,0.63442403,0.55124354
977,0,1,0.9586515,3.143491,1.0,0.9586515,3.1434925,0.9439858,2.8245049
978,1,1,0.99993217,9.598437,0.7843917012214661,0.99993217,9.597652,0.32739148,-0.7200068
979,0,1,0.9997749,8.398622,0.7028171420097351,6.174986e-05,-9.692357,0.9997749,8.39862
980,0,1,0.99995184,9.940922,1.0,0.99995184,9.939906,0.024492674,-3.6845837
981,0,1,0.9998956,9.166915,0.7023986577987671,7.515767e-06,-11.7985,0.9998956,9.166685
982,0,1,0.99995947,10.1133995,1.0,0.99995947,10.113933,0.4948744,-0.020503163
983,1,1,0.9999889,11.409775,0.601175844669342,0.9999889,11.411239,0.024877504,-3.6685991
984,0,1,0.9997162,8.167035,0.46646174788475037,8.333044e-05,-9.392613,0.9997162,8.167217
985,1,1,0.9999354,9.647055,0.570660412311554,0.9999354,9.64659,0.6299023,0.53179765
986,1,0,0.00018264086,-8.607806,0.6222378611564636,2.7798615e-05,-10.490497,0.00018264086,-8.607806
987,0,1,0.9996872,8.069617,0.7283070683479309,1.7108667e-05,-10.975908,0.9996872,8.069556
988,0,1,0.9886968,4.471303,1.0,0.9886968,4.4712996,0.42782938,-0.29071292
989,0,1,0.70090926,0.85163146,1.0,0.57214147,0.29059368,0.70090926,0.85163134
990,0,1,0.9998729,8.97059,0.6930491924285889,9.29682e-06,-11.585829,0.9998729,8.970893
991,1,1,0.99437416,5.1747427,0.5843011736869812,0.99437416,5.174734,0.3977991,-0.41464406
992,1,1,0.99959415,7.809126,0.684514582157135,0.99959415,7.8090177,0.7038448,0.8656741
993,1,1,0.9775989,3.7759895,0.6558549404144287,0.9775989,3.7759876,0.89544016,2.1475556
994,1,1,0.9999361,9.658187,0.5742706656455994,0.9999361,9.657703,0.6445365,0.59510905
995,1,0,0.019222463,-3.9322662,0.6449710130691528,0.019222463,-3.9322662,0.01708222,-4.0524874
996,0,1,0.9996153,7.8626924,0.6863833069801331,3.007469e-05,-10.411797,0.9996153,7.8627453
997,0,1,0.9997003,8.112455,0.6500001549720764,2.302174e-05,-10.679049,0.9997003,8.1125345
998,1,1,0.9999739,10.5532875,0.7557873129844666,0.9999739,10.554562,0.9305644,2.595392
999,1,1,0.9999833,11.000726,0.8884837627410889,0.9999833,11.004186,0.36997876,-0.532308
1000,1,1,0.9999012,9.222066,0.7063724398612976,0.9999012,9.2225685,0.72178286,0.9533224
1001,1,1,0.99996674,10.31114,0.6472436785697937,0.99996674,10.312334,0.40717635,-0.37565064
1002,1,0,0.19255494,-1.4334935,1.0,7.3588744e-05,-9.516945,0.19255494,-1.4334935
1003,1,1,0.99998474,11.09034,0.722266435623169,0.99998474,11.086651,0.6287915,0.5270359
1004,0,0,0.3239707,-0.73558336,0.5776247978210449,0.3239707,-0.7355833,0.012541076,-4.3661256
1005,0,1,0.9998795,9.023569,0.768191397190094,6.533349e-06,-11.938584,0.9998795,9.024141
1006,1,0,0.0004850518,-7.6307697,0.876119077205658,6.5943765e-05,-9.626642,0.0004850518,-7.6307697
1007,0,1,0.59994507,0.40523618,1.0,7.701607e-05,-9.471419,0.59994507,0.405236
1008,0,1,0.63518876,0.5545421,1.0,0.062403843,-2.7096925,0.63518876,0.55454236
1009,0,1,0.99944335,7.493021,0.9398812055587769,0.00013327836,-8.922937,0.99944335,7.493023
1010,1,1,0.9999639,10.228617,0.7743663787841797,0.9999639,10.230202,0.22517785,-1.235743
1011,1,1,0.9426043,2.7986772,0.7821572422981262,0.9426043,2.798678,0.2713878,-0.98759294
1012,1,1,0.9998635,8.899089,0.7714319229125977,0.9998635,8.8993225,0.41123104,-0.35887876
1013,1,1,0.99998915,11.431515,0.7311345338821411,0.99998915,11.430094,0.6102827,0.44850087
1014,0,1,0.999871,8.955689,0.7526530027389526,1.6910508e-05,-10.987558,0.999871,8.956254
1015,0,1,0.99997604,10.639056,1.0,0.99997604,10.637492,0.9059663,2.2653484
1016,0,1,0.9999758,10.629155,1.0,0.9999758,10.629866,0.06522993,-2.6623821
1017,1,1,0.9999659,10.286359,0.6790335178375244,0.9999659,10.286148,0.50108767,0.0043505356
1018,1,1,0.99981195,8.578601,0.6042284965515137,0.99981195,8.578236,0.86998487,1.9008247
1019,1,0,0.1179285,-2.0121946,1.0,0.001774359,-6.33254,0.1179285,-2.0121946
1020,0,1,0.9999573,10.06181,1.0,0.9999573,10.061942,0.7827886,1.2819914
1021,1,1,0.9999547,10.002169,0.5985909104347229,0.9999547,10.002188,0.76131225,1.1598873
1022,0,1,0.674843,0.730172,1.0,0.068716615,-2.6065726,0.674843,0.7301723
1023,0,1,0.9998913,9.1266365,0.5454962253570557,6.258361e-05,-9.678945,0.9998913,9.127201
1024,1,1,0.92281234,2.4811864,0.8656553626060486,0.92281234,2.4811864,0.7008643,0.85141706
1025,1,1,0.9999739,10.5532875,0.6439892649650574,0.9999739,10.554722,0.96066934,3.1956253
1026,1,1,0.9999546,9.99954,0.6740332245826721,0.9999546,10.000027,0.4141039,-0.34702548
1027,1,1,0.9998951,9.162358,0.7266249656677246,0.9998951,9.161953,0.19927862,-1.390809
1028,0,1,0.99981445,8.592005,0.5206841826438904,0.00019008407,-8.567854,0.99981445,8.591911
1029,1,0,0.00027669556,-8.192316,0.782330334186554,0.0002562091,-8.26926,0.00027669556,-8.192316
1030,1,1,0.9999893,11.442565,0.742770254611969,0.9999893,11.445828,0.07971182,-2.446269
1031,1,1,0.9999906,11.572927,0.8800873756408691,0.9999906,11.567601,0.40622532,-0.37959197
1032,0,1,0.9996724,8.023429,0.7330161333084106,0.091965504,-2.2898688,0.9996724,8.02335
1033,1,0,0.070371374,-2.5809987,0.8196346759796143,0.070371374,-2.5809987,0.05598504,-2.8250575
1034,0,1,0.9996228,7.882416,1.0,0.9996228,7.882552,0.022482788,-3.772266
1035,0,1,0.999964,10.231922,1.0,0.999964,10.231126,0.6682649,0.70034796
1036,1,1,0.9999914,11.66571,0.8751856684684753,0.9999914,11.660823,0.72303635,0.95957327
1037,1,1,0.9910091,4.7025127,0.9142544865608215,0.9910091,4.702511,0.4756493,-0.097479835
1038,1,1,0.9999906,11.572927,0.6578748822212219,0.9999906,11.577421,0.1801,-1.5156702
1039,1,1,0.99999225,11.76799,0.738959550857544,0.99999225,11.774761,0.8715216,1.9144799
1040,1,1,0.99998486,11.098183,0.5685374736785889,0.99998486,11.097839,0.36358008,-0.55985904
1041,0,1,0.76673746,1.1899798,1.0,0.00017898067,-8.628054,0.76673746,1.18998
1042,0,1,0.99960834,7.8447194,0.7235190272331238,4.3910393e-05,-10.033316,0.99960834,7.844791
1043,1,1,0.996639,5.692154,0.7469409704208374,0.996639,5.692158,0.6376398,0.5651347
1044,0,1,0.99984753,8.788399,0.660936176776886,4.4211993e-05,-10.02647,0.99984753,8.788633
1045,0,1,0.99982363,8.64275,0.8041603565216064,0.00011367795,-9.082027,0.99982363,8.642876
1046,0,1,0.8987738,2.1836736,1.0,0.8987738,2.1836731,0.53322244,0.13308588
1047,1,1,0.9991621,7.083747,0.8480322957038879,0.9991621,7.0837345,0.72600263,0.97443515
1048,1,1,0.9999838,11.029714,0.5961535573005676,0.9999838,11.030542,0.8028647,1.4042959
1049,1,1,0.9999039,9.250205,0.8372867107391357,0.9999039,9.25073,0.34556118,-0.63860846
1050,0,1,0.99977857,8.415177,0.7839483618736267,1.32122605e-05,-11.234352,0.99977857,8.415115
1051,1,0,0.00014774855,-8.819851,0.6355074048042297,2.193654e-05,-10.727335,0.00014774855,-8.819851
1052,1,1,0.99997044,10.428926,0.6233665347099304,0.99997044,10.428749,0.97129434,3.5215368
1053,0,1,0.9998467,8.78294,0.6953029632568359,1.7166783e-05,-10.972517,0.9998467,8.783057
1054,0,1,0.99977094,8.381294,0.659325897693634,1.6774047e-05,-10.995661,0.99977094,8.381111
1055,0,1,0.9999447,9.802445,1.0,0.9999447,9.802866,0.98215735,4.0081577
1056,1,0,0.16103053,-1.6505803,0.7179997563362122,0.16103053,-1.6505803,0.014256111,-4.236211
1057,1,1,0.99998176,10.911929,0.6166113615036011,0.99998176,10.908705,0.80364054,1.409205
1058,1,0,0.00026717212,-8.22735,0.7705740928649902,5.2867614e-05,-9.847667,0.00026717212,-8.22735
1059,0,0,0.35222802,-0.60926,0.8094845414161682,0.35222802,-0.6092601,0.18965065,-1.4522817
1060,1,1,0.9999726,10.504278,0.8595778346061707,0.9999726,10.502677,0.8581602,1.800093
1061,1,1,0.9999864,11.206173,0.6660218834877014,0.9999864,11.207693,0.934093,2.6513307
1062,0,1,0.99992096,9.445531,0.5489692687988281,5.6406843e-05,-9.782864,0.99992096,9.4463215
1063,0,1,0.9998888,9.1038685,0.5647252798080444,5.0074912e-05,-9.90194,0.9998888,9.104332
1064,0,1,0.99973553,8.2375345,0.8842296004295349,2.0894777e-05,-10.7759905,0.99973553,8.237523
1065,0,1,0.999853,8.825032,1.0,0.999853,8.825153,0.0725711,-2.5478494
1066,0,1,0.9996989,8.107692,0.9349979758262634,2.2043405e-05,-10.722475,0.9996989,8.107422
1067,1,0,0.04683111,-3.0132444,0.7946763634681702,0.04683111,-3.0132444,0.01876559,-3.9567866
1068,1,1,0.8128635,1.4687251,0.6513180136680603,0.8128635,1.4687252,0.050712664,-2.9295359
1069,0,1,0.99927,7.221766,1.0,0.99927,7.2218313,0.012266034,-4.3885794
1070,1,1,0.9894069,4.5369015,0.7767871022224426,0.9894069,4.5369024,0.52247494,0.0899604
1071,0,0,0.10296446,-2.1647117,0.8511927723884583,0.10296446,-2.1647115,0.006400142,-5.0450144
1072,1,1,0.999984,11.044529,0.7782804369926453,0.999984,11.044844,0.80565,1.4219884
1073,1,0,0.109506875,-2.095788,0.7074510455131531,0.109506875,-2.095788,0.022159355,-3.787087
1074,1,1,0.9999877,11.307644,0.6852502822875977,0.9999877,11.307556,0.9750899,3.6672566
1075,0,1,0.9998055,8.544935,0.7143419981002808,0.0002925168,-8.136696,0.9998055,8.544742
1076,1,1,0.9999901,11.523535,0.7982616424560547,0.9999901,11.524244,0.78063387,1.2693641
1077,0,1,0.8391637,1.6520189,1.0,0.8391637,1.6520187,0.5141573,0.05664438
1078,0,1,0.95503086,3.055767,1.0,0.95503086,3.055768,0.01859111,-3.9663057
1079,0,1,0.76848686,1.1997868,1.0,9.401098e-06,-11.574675,0.76848686,1.1997867
1080,0,1,0.9998111,8.574172,0.5407760143280029,1.6246133e-05,-11.027639,0.9998111,8.574076
1081,1,1,0.9999769,10.674504,0.5384867191314697,0.9999769,10.675475,0.79830664,1.3757443
1082,1,1,0.9999571,10.056238,0.7547703981399536,0.9999571,10.057359,0.84915847,1.7280159
1083,1,1,0.99998355,11.015115,0.7796177864074707,0.99998355,11.017329,0.55948246,0.23906189
1084,0,1,0.9998196,8.620025,0.7174602746963501,0.00020010388,-8.516474,0.9998196,8.620108
1085,0,1,0.59298164,0.37630516,1.0,0.00046292294,-7.677487,0.59298164,0.37630516
1086,1,1,0.99996257,10.192955,0.8323836922645569,0.99996257,10.191923,0.922222,2.4729278
1087,1,1,0.9999808,10.860962,0.5833066701889038,0.9999808,10.85886,0.41140866,-0.3581451
1088,0,1,0.9997857,8.448019,0.7117992639541626,1.103042e-05,-11.414843,0.9997857,8.447752
1089,1,0,0.000227659,-8.387434,0.5566692352294922,1.2070112e-05,-11.324766,0.000227659,-8.387434
1090,1,1,0.99998486,11.098183,0.5599421262741089,0.99998486,11.101896,0.906734,2.274394
1091,1,1,0.9999733,10.530712,0.8432366847991943,0.9999733,10.530967,0.012423422,-4.3756704
1092,1,1,0.9963266,5.6029644,0.7240481376647949,0.9963266,5.6029615,0.030293439,-3.4660623
1093,1,1,0.8140556,1.4765811,0.5288420915603638,0.8140556,1.476581,0.70686495,0.88020617
1094,1,1,0.9999844,11.067172,0.8191326856613159,0.9999844,11.068225,0.75525296,1.1268272
1095,1,1,0.9999875,11.288412,0.5195100903511047,0.9999875,11.284988,0.9425078,2.796896
1096,0,1,0.9997279,8.209086,1.0,0.9997279,8.209217,0.004324405,-5.439147
1097,0,1,0.9995883,7.79483,0.6862293481826782,0.00035605129,-7.9400797,0.9995883,7.7948117
1098,1,1,0.99934953,7.3371716,0.7030428647994995,0.99934953,7.337119,0.620116,0.49004078
1099,0,1,0.99998355,11.015115,1.0,0.99998355,11.015688,0.7197118,0.9430324
1100,0,1,0.9998801,9.028528,1.0,0.9998801,9.029102,0.05266299,-2.889742
1101,0,1,0.99986994,8.947405,0.7088993191719055,4.4911674e-05,-10.010768,0.99986994,8.947631
1102,1,1,0.9999502,9.906854,0.6264514327049255,0.9999502,9.905826,0.51348656,0.053959213
1103,1,0,0.00037245764,-7.895015,0.7529707551002502,0.0002577323,-8.263331,0.00037245764,-7.895015
1104,0,1,0.9997658,8.359158,0.8251107931137085,1.2195699e-05,-11.314415,0.9997658,8.358985
1105,1,1,0.99998796,11.327252,0.7198390960693359,0.99998796,11.323202,0.9189403,2.4280345
1106,0,1,0.99985456,8.835633,0.6481381058692932,8.8016795e-06,-11.640559,0.99985456,8.835935
1107,0,1,0.9823285,4.017971,1.0,0.9823285,4.017971,0.15830405,-1.6709013
1108,1,1,0.9999473,9.851023,0.614973783493042,0.9999473,9.850348,0.03244563,-3.395206
1109,0,1,0.9996124,7.855126,1.0,0.9996124,7.855092,0.9593537,3.1613517
1110,0,1,0.9999021,9.231764,0.6402756571769714,1.2018827e-05,-11.329024,0.9999021,9.231274
1111,1,1,0.9999113,9.3302555,0.6565089821815491,0.9999113,9.33085,0.59420466,0.381375
1112,0,1,0.6525932,0.6304575,1.0,0.014914298,-4.190408,0.6525932,0.6304575
1113,0,1,0.99976224,8.343999,0.6946830749511719,1.2958963e-05,-11.25371,0.99976224,8.343737
1114,0,1,0.9999596,10.116344,1.0,0.9999596,10.117711,0.037965856,-3.2323627
1115,1,0,0.05707247,-2.8046675,0.7148398160934448,0.05707247,-2.8046675,0.016710203,-4.0748844
1116,0,1,0.99985766,8.857179,0.7469701766967773,4.7279842e-05,-9.959379,0.99985766,8.857474
1117,1,1,0.99998,10.818401,0.6667837500572205,0.99998,10.817853,0.8593991,1.8103081
1118,1,1,0.9998547,8.836453,0.7855014204978943,0.9998547,8.836462,0.72208023,0.9548036
1119,1,1,0.99994373,9.78535,0.8234545588493347,0.99994373,9.785936,0.9307325,2.5979953
1120,1,1,0.9999751,10.600026,0.6293860077857971,0.9999751,10.600736,0.91518223,2.3786187
1121,0,1,0.9998129,8.583686,0.8464254140853882,0.007831994,-4.8416753,0.9998129,8.583704
1122,1,1,0.9999832,10.993608,0.8688091039657593,0.9999832,10.992977,0.029510552,-3.4930527
1123,1,1,0.9964903,5.648709,0.7475526928901672,0.9964903,5.648724,0.22136614,-1.2577229
1124,1,0,0.00022154118,-8.4146805,0.5228840112686157,2.639633e-05,-10.542259,0.00022154118,-8.4146805
1125,1,1,0.9995327,7.668071,0.6316723823547363,0.9995327,7.6680574,0.95546323,3.0658827
1126,0,1,0.99996996,10.412926,1.0,0.99996996,10.414623,0.9871158,4.3387847
1127,0,1,0.9997335,8.229898,0.7601180076599121,0.00038994683,-7.84911,0.9997335,8.230112
1128,0,1,0.99987686,9.00204,0.7376852631568909,5.3068045e-05,-9.843883,0.99987686,9.001996
1129,1,1,0.9852652,4.202698,0.4707930088043213,0.9852652,4.202697,0.031242149,-3.4342465
1130,1,1,0.9999876,11.297982,0.7617822885513306,0.9999876,11.299133,0.4116401,-0.3571893
1131,1,1,0.9999895,11.465038,0.748977780342102,0.9999895,11.469538,0.7631163,1.1698414
1132,1,0,0.00030490963,-8.09519,0.623485267162323,3.5445613e-05,-10.247476,0.00030490963,-8.09519
1133,0,1,0.9997614,8.340494,0.5567172169685364,5.002836e-06,-12.205501,0.9997614,8.340399
1134,1,1,0.999985,11.106089,0.5827798843383789,0.999985,11.104883,0.9302058,2.5898542
1135,0,1,0.9997564,8.319722,0.6338869333267212,1.5995209e-05,-11.043205,0.9997564,8.319906
1136,1,0,0.027034499,-3.5832348,0.5254334807395935,0.027034499,-3.5832348,0.007787371,-4.847434
1137,0,1,0.9996743,8.02927,0.8585410714149475,6.41128e-06,-11.957445,0.9996743,8.029327
1138,1,1,0.9999602,10.131205,0.7115368843078613,0.9999602,10.130165,0.98374844,4.1031837
1139,0,1,0.9999882,11.347254,1.0,0.9999882,11.345535,0.024763556,-3.673307
1140,1,0,0.42699096,-0.29413858,1.0,0.18619724,-1.4749115,0.42699096,-0.29413855
1141,0,1,0.9999691,10.385527,1.0,0.9999691,10.384123,0.28508794,-0.91936177
1142,0,1,0.9995875,7.7928042,0.6540308594703674,5.082089e-06,-12.189783,0.9995875,7.7928953
1143,0,1,0.99920744,7.139446,1.0,0.99920744,7.1393723,0.27776784,-0.955561
1144,1,0,0.0006665721,-7.3126955,0.5898048281669617,0.0006665721,-7.3126955,0.00035102607,-7.954299
1145,1,1,0.9999858,11.163247,0.7882959842681885,0.9999858,11.162558,0.12549867,-1.9413586
1146,1,0,0.0002886967,-8.149845,0.7645552158355713,2.3840927e-05,-10.644083,0.0002886967,-8.149845
1147,0,1,0.99989533,9.164634,0.5479838252067566,2.5387477e-05,-10.581229,0.99989533,9.164671
1148,0,1,0.99932015,7.2929573,0.9160446524620056,4.534652e-06,-12.303758,0.99932015,7.292871
1149,0,1,0.9997876,8.456962,0.6634737849235535,9.93441e-05,-9.216822,0.9997876,8.457134
1150,1,1,0.99998605,11.180198,0.6981402635574341,0.99998605,11.179485,0.71019846,0.8963483
1151,1,1,0.9999536,9.97876,0.694171130657196,0.9999536,9.979403,0.0396721,-3.1866267
1152,1,1,0.9999707,10.437024,0.7691065073013306,0.9999707,10.43901,0.23013428,-1.2075531
1153,0,1,0.9998161,8.601042,0.6449099183082581,7.999038e-06,-11.736181,0.9998161,8.601203
1154,1,1,0.9999474,9.853288,0.745849609375,0.9999474,9.854329,0.9888114,4.481611
1155,1,1,0.9783725,3.8119254,0.7083014249801636,0.9783725,3.8119261,0.94423103,2.829153
1156,1,0,0.00015642114,-8.762802,0.5238710641860962,2.8376873e-05,-10.469908,0.00015642114,-8.762802
1157,0,1,0.8092518,1.4451559,0.7860562801361084,0.8092518,1.445156,0.16714762,-1.6059791
1158,1,1,0.99998724,11.269544,0.7074074149131775,0.99998724,11.267866,0.60566866,0.4291417
1159,1,1,0.999984,11.044529,0.7209510803222656,0.999984,11.044531,0.8307354,1.590848
1160,0,1,0.90581954,2.2636273,1.0,5.6167582e-06,-12.08975,0.90581954,2.2636275
1161,0,1,0.8900759,2.0915167,1.0,5.2102005e-05,-9.862255,0.8900759,2.0915174
1162,0,1,0.9998877,9.094268,1.0,0.9998877,9.09487,0.28156382,-0.93671775
1163,0,1,0.99994326,9.776911,1.0,0.99994326,9.776155,0.022715768,-3.7617183
1164,1,1,0.99992216,9.460731,0.7489484548568726,0.99992216,9.461238,0.7516089,1.1072118
1165,0,1,0.9999399,9.7197485,1.0,0.9999399,9.720597,0.42459837,-0.30392456
1166,1,1,0.99997973,10.806566,0.7472548484802246,0.99997973,10.806509,0.96950084,3.4590814
1167,1,1,0.9998977,9.187679,0.7228267192840576,0.9998977,9.187432,0.9609757,3.2037644
1168,1,0,0.0001800996,-8.62182,0.7149940133094788,3.755406e-05,-10.189692,0.0001800996,-8.62182
1169,1,1,0.9999862,11.188781,0.7004837393760681,0.9999862,11.184758,0.62037045,0.49112085
1170,1,1,0.9999732,10.5262575,0.6026461720466614,0.9999732,10.527515,0.76371044,1.173131
1171,1,1,0.9997949,8.49181,0.783091127872467,0.9997949,8.491876,0.6176654,0.47965086
1172,1,1,0.99997926,10.783309,0.8079012632369995,0.99997926,10.780708,0.2325277,-1.1940931
1173,0,1,0.9998429,8.758357,0.6396739482879639,0.026161194,-3.6169686,0.9998429,8.758828
1174,1,1,0.99998343,11.0078945,0.5931004881858826,0.99998343,11.008942,0.71266204,0.90834844
1175,0,1,0.9998627,8.892993,1.0,0.9998627,8.893225,0.035220727,-3.3102646
1176,0,1,0.9998814,9.039524,0.6797561645507812,2.3400868e-05,-10.662714,0.9998814,9.04014
1177,0,1,0.9998349,8.708765,0.7584937214851379,4.1024065e-05,-10.101311,0.9998349,8.709034
1178,0,1,0.9998006,8.520111,0.5863730907440186,0.00053139066,-7.5394816,0.9998006,8.520301
1179,0,1,0.9996779,8.040316,0.8200511336326599,9.792013e-06,-11.533934,0.9996779,8.040373
1180,1,0,0.00018535471,-8.593054,0.6778258085250854,2.1184238e-05,-10.762232,0.00018535471,-8.593054
1181,0,1,0.9741596,3.629636,1.0,0.9741596,3.6296334,0.75443685,1.1224173
1182,0,1,0.99975866,8.329065,0.5577860474586487,1.0545239e-05,-11.4598255,0.99975866,8.328876
1183,0,1,0.99970585,8.13113,1.0,0.99970585,8.131322,0.63661766,0.56071377
1184,1,1,0.9999596,10.116344,0.6077480316162109,0.9999596,10.115524,0.5521993,0.20956086
1185,1,0,0.03468794,-3.3260593,0.6337437033653259,0.03468794,-3.3260593,0.010040351,-4.591052
1186,0,1,0.99529934,5.3553405,1.0,0.9639678,3.2866457,0.99529934,5.3553557
1187,1,1,0.99998164,10.905415,0.7731360793113708,0.99998164,10.905261,0.84786224,1.7179317
1188,0,1,0.9443416,2.831255,1.0,6.5130503e-06,-11.941696,0.9443416,2.8312542
1189,0,1,0.9998573,8.854669,0.6411382555961609,0.0006689309,-7.3091607,0.9998573,8.855159
1190,1,1,0.999838,8.727718,0.6769750714302063,0.999838,8.727833,0.9193358,2.4333565
1191,0,1,0.6012871,0.410831,1.0,5.3404427e-05,-9.8375635,0.6012871,0.41083106
1192,0,1,0.99977,8.377139,0.6453233957290649,0.00013666796,-8.8978195,0.99977,8.376878
1193,0,0,0.16606802,-1.6137544,0.7170819044113159,0.16606802,-1.6137543,0.052231003,-2.8984346
1194,1,1,0.9999659,10.286359,0.6773409247398376,0.9999659,10.287598,0.9322904,2.6224163
1195,0,1,0.9997888,8.462592,0.5276035666465759,4.8269998e-05,-9.938652,0.9997888,8.462764
1196,1,1,0.9999672,10.325582,0.6394333243370056,0.9999672,10.324469,0.50857407,0.034299716
1197,0,1,0.9997403,8.2557335,0.6547925472259521,2.1215697e-05,-10.760748,0.9997403,8.25561
1198,0,1,0.8511229,1.7434355,1.0,0.8511229,1.7434356,0.052808583,-2.8868275
1199,1,1,0.9999814,10.89251,0.7785497307777405,0.9999814,10.890657,0.9041125,2.2437778
1200,0,1,0.99738926,5.945506,1.0,0.99738926,5.9454927,0.21882543,-1.2725244
1201,1,1,0.999127,7.0426683,0.616104781627655,0.999127,7.0427136,0.7304345,0.9968279
1202,0,1,0.9998356,8.713107,0.8815708160400391,9.263526e-06,-11.5894165,0.9998356,8.713015
1203,0,1,0.9813138,3.9611084,1.0,0.9813138,3.9611068,0.008960775,-4.7058973
1204,0,1,0.51968706,0.07878894,1.0,0.00019736918,-8.530237,0.51968706,0.07878892
1205,0,1,0.9998324,8.693713,0.7393023371696472,6.202801e-05,-9.687862,0.9998324,8.693573
1206,1,1,0.9999889,11.409775,0.890812337398529,0.9999889,11.411791,0.17385617,-1.5585406
1207,0,1,0.64849514,0.612431,1.0,0.0016812842,-6.3865147,0.64849514,0.61243093
1208,1,0,0.00015934312,-8.744291,0.5908111929893494,2.2955706e-05,-10.681921,0.00015934312,-8.744291
1209,1,1,0.9999864,11.206173,0.5649071931838989,0.9999864,11.201886,0.4482893,-0.20758498
1210,0,1,0.8770922,1.9651775,1.0,1.847759e-05,-10.898933,0.8770922,1.9651774
1211,0,1,0.99987507,8.987621,0.5899102687835693,1.1038197e-05,-11.414138,0.99987507,8.98782
1212,1,1,0.9999579,10.075875,0.8230831027030945,0.9999579,10.0758505,0.22413749,-1.2417157
1213,1,1,0.99893254,6.841406,0.7277446985244751,0.99893254,6.8414135,0.47930267,-0.082836665
1214,0,1,0.9998815,9.040529,0.8043819665908813,0.0001810312,-8.61666,0.9998815,9.040863
1215,0,1,0.81700176,1.4961647,1.0,6.7189494e-06,-11.910572,0.81700176,1.4961644
1216,1,1,0.9999467,9.839773,0.558188796043396,0.9999467,9.839666,0.75994897,1.1523998
1217,0,1,0.99987113,8.9566145,0.8082680702209473,0.07753969,-2.4762545,0.99987113,8.95689
1218,0,1,0.89980215,2.1950283,1.0,5.052239e-06,-12.195674,0.89980215,2.1950278
1219,0,1,0.95934373,3.1610963,1.0,5.911733e-06,-12.038566,0.95934373,3.1610951
1220,1,1,0.9999336,9.619754,0.6940881609916687,0.9999336,9.620556,0.6279833,0.5235746
1221,0,1,0.9999851,11.114057,1.0,0.9999851,11.112671,0.23616694,-1.1738102
1222,1,1,0.99998355,11.015115,0.8558701276779175,0.99998355,11.017371,0.7789701,1.2596748
1223,1,0,0.00022608896,-8.394356,0.7425563931465149,0.00015585154,-8.766451,0.00022608896,-8.394356
1224,1,1,0.9999459,9.824234,0.5745195746421814,0.9999459,9.8253,0.75335187,1.1165699
1225,1,1,0.99992967,9.562192,0.6272327303886414,0.99992967,9.562081,0.08980522,-2.3160155
1226,1,0,0.004631896,-5.3701463,0.6528139710426331,0.0043435986,-5.434699,0.004631896,-5.3701463
1227,0,1,0.9999161,9.385523,1.0,0.9999161,9.385527,0.02968001,-3.487152
1228,0,1,0.88764864,2.0669448,1.0,9.169864e-06,-11.599579,0.88764864,2.0669446
1229,0,1,0.99952865,7.6594305,1.0,0.99952865,7.6593366,0.56710774,0.27006045
1230,1,0,0.00024131077,-8.329184,0.7925470471382141,5.5247467e-05,-9.803633,0.00024131077,-8.329184
1231,1,1,0.99997795,10.722008,0.7097060084342957,0.99997795,10.721073,0.761975,1.1635382
1232,1,1,0.9999763,10.649056,0.761694610118866,0.9999763,10.649192,0.19880871,-1.3937565
1233,1,1,0.99997854,10.749407,0.6811846494674683,0.99997854,10.750501,0.57346624,0.2960075
1234,1,1,0.9999201,9.435028,0.5727876424789429,0.9999201,9.434762,0.25899842,-1.0511807
1235,1,1,0.99997544,10.614485,0.8068507313728333,0.99997544,10.612441,0.46092463,-0.15662083
1236,1,1,0.9999548,10.004804,0.6768919229507446,0.9999548,10.004996,0.11179125,-2.0725734
1237,1,0,0.000256002,-8.270069,0.6609461903572083,8.944797e-05,-9.321764,0.000256002,-8.270069
1238,1,0,0.024830122,-3.6705542,0.6924136877059937,0.024830122,-3.6705542,0.0024785392,-5.9976044
1239,1,0,0.00043357114,-7.743021,0.7100561261177063,1.2687625e-05,-11.274871,0.00043357114,-7.743021
1240,0,1,0.9997267,8.204714,0.8407777547836304,5.134571e-05,-9.876878,0.9997267,8.204985
1241,1,0,0.0010426006,-6.864994,0.566295325756073,0.0010426006,-6.864994,0.0009607112,-6.9468756
1242,1,0,0.001235162,-6.6953173,0.8170367479324341,0.001235162,-6.6953173,0.00047283393,-7.6562934
1243,0,1,0.9987208,6.6602597,1.0,0.9987208,6.660245,0.05845735,-2.7792222
1244,0,1,0.996218,5.57372,1.0,0.996218,5.573706,0.75921196,1.1483638
1245,0,1,0.75981,1.1516379,1.0,1.4965444e-05,-11.109752,0.75981,1.1516378
1246,1,1,0.9999896,11.476467,0.8624008297920227,0.9999896,11.472376,0.68064934,0.75675756
1247,0,1,0.99991465,9.36862,1.0,0.99991465,9.369018,0.061114844,-2.7319384
1248,0,1,0.99998164,10.905415,1.0,0.99998164,10.902885,0.94426024,2.8297076
1249,1,0,0.1363842,-1.8456521,1.0,1.1417303e-05,-11.380369,0.1363842,-1.845652
1250,0,1,0.9998989,9.199404,1.0,0.9998989,9.199627,0.4726165,-0.10964389
1251,0,1,0.99815744,6.294756,1.0,0.99815744,6.2947536,0.08655414,-2.356454
1252,0,1,0.9999877,11.307644,1.0,0.9999877,11.305459,0.4713531,-0.11471319
1253,0,1,0.99989545,9.165773,0.5411126613616943,0.00046337902,-7.6765018,0.99989545,9.16622
1254,1,1,0.9949064,5.2746687,0.6554582118988037,0.9949064,5.2746706,0.19268203,-1.4326763
1255,0,1,0.9993337,7.3130736,1.0,0.9993337,7.3131742,0.59949076,0.40334368
1256,0,1,0.99981827,8.612782,0.7830140590667725,2.321965e-05,-10.670488,0.99981827,8.612473
1257,0,1,0.99985003,8.804956,1.0,0.99985003,8.805487,0.9013041,2.2118003
1258,0,1,0.99705684,5.8253245,1.0,0.99705684,5.8253365,0.10603083,-2.1319413
1259,1,0,0.00022848927,-8.383793,0.6269514560699463,1.1001489e-05,-11.417469,0.00022848927,-8.383793
1260,1,1,0.999982,10.925087,0.6267824769020081,0.999982,10.925852,0.549442,0.19841638
1261,1,1,0.9996321,7.9073863,0.8925018310546875,0.9996321,7.907401,0.9764556,3.7250397
1262,1,0,0.00022590195,-8.395184,0.7604823112487793,9.2105285e-05,-9.292486,0.00022590195,-8.395184
1263,0,1,0.9389158,2.7324724,1.0,9.335156e-06,-11.581714,0.9389158,2.7324727
1264,0,1,0.999974,10.557864,1.0,0.999974,10.556432,0.68806136,0.7910714
1265,0,1,0.9995639,7.7371407,0.7604640126228333,1.7414182e-05,-10.958208,0.9995639,7.7372794
1266,0,1,0.9998229,8.638701,0.693991482257843,1.9550593e-05,-10.842485,0.9998229,8.638491
1267,0,1,0.9993837,7.3911405,0.7870351672172546,6.678291e-05,-9.6139965,0.9993837,7.3912344
1268,0,1,0.9998293,8.675387,0.7885021567344666,0.37574443,-0.5076507,0.9998293,8.675592
1269,0,1,0.56974435,0.28080818,1.0,3.2104468e-05,-10.346483,0.56974435,0.28080824
1270,0,1,0.92275786,2.4804218,1.0,5.5545306e-06,-12.100891,0.92275786,2.4804218
1271,1,1,0.99998176,10.911929,0.8648034930229187,0.99998176,10.911354,0.26906705,-0.99936104
1272,1,1,0.9999906,11.572927,0.8778583407402039,0.9999906,11.567508,0.33129278,-0.7023438
1273,0,1,0.9999491,9.8855505,1.0,0.9999491,9.885294,0.765241,1.1816313
1274,0,1,0.9613365,3.2134283,1.0,0.14794344,-1.7508228,0.9613365,3.2134275
1275,1,1,0.9999925,11.799243,0.5716395378112793,0.9999925,11.799215,0.9189326,2.4279325
1276,1,1,0.9999721,10.487036,0.5805743932723999,0.9999721,10.486578,0.6850755,0.7771963
1277,1,0,0.00019507374,-8.541938,0.6214888095855713,0.00010969148,-9.117729,0.00019507374,-8.541938
1278,0,1,0.99976784,8.367851,0.6698591709136963,0.0026574438,-5.9277296,0.99976784,8.368007
1279,1,1,0.9999336,9.619754,0.5098665356636047,0.9999336,9.61895,0.8320691,1.600363
1280,1,1,0.9999676,10.336551,0.7263250946998596,0.9999676,10.338055,0.34037927,-0.66160464
1281,0,1,0.9998099,8.56788,0.6971523761749268,0.0021139092,-6.1571,0.9998099,8.56765
1282,0,1,0.8103183,1.4520798,1.0,0.8103183,1.45208,0.562298,0.25049362
1283,1,1,0.9999862,11.188781,0.7016376256942749,0.9999862,11.1850395,0.2903537,-0.893667
1284,0,1,0.99961793,7.8695354,0.7301291227340698,1.427348e-05,-11.157093,0.99961793,7.869743
1285,1,0,0.00031472827,-8.063486,0.7149539589881897,1.5897396e-05,-11.049339,0.00031472827,-8.063486
1286,1,1,0.9999902,11.535656,0.6368564963340759,0.9999902,11.536946,0.22181822,-1.2551018
1287,0,1,0.9997216,8.186126,0.8165193796157837,0.00092137215,-6.9887247,0.9997216,8.186064
1288,0,1,0.55419916,0.21765183,1.0,1.1426223e-05,-11.379588,0.55419916,0.21765186
1289,1,1,0.9932374,4.9895587,0.6448342800140381,0.9932374,4.9895544,0.9137716,2.360581
1290,0,1,0.9999809,10.867192,1.0,0.9999809,10.867595,0.011999921,-4.410783
1291,0,1,0.99962413,7.8858995,0.5982140898704529,6.192222e-06,-11.99221,0.99962413,7.8859973
1292,0,1,0.9893287,4.529467,1.0,4.441587e-06,-12.324494,0.9893287,4.5294704
1293,1,1,0.9998381,8.728455,0.6366819143295288,0.9998381,8.728886,0.63216573,0.54151905
1294,1,1,0.9999856,11.14658,0.7250095009803772,0.9999856,11.146595,0.58449835,0.3412673
1295,1,1,0.99996245,10.189775,0.8905209898948669,0.99996245,10.190578,0.10722235,-2.119433
1296,0,1,0.9997657,8.358649,0.8545685410499573,9.9906305e-05,-9.211178,0.9997657,8.358879
1297,1,1,0.9990777,6.9876933,0.5873833894729614,0.9990777,6.987726,0.15830708,-1.6708786
1298,1,0,0.013012894,-4.3287163,0.8139021396636963,0.013012894,-4.3287163,0.0068512657,-4.976447
1299,1,1,0.9999584,10.087272,0.7796210050582886,0.9999584,10.087925,0.98230505,4.01662
1300,1,1,0.7364069,1.0273764,0.48893383145332336,0.7364069,1.0273763,0.028509714,-3.5285864
1301,0,1,0.9999486,9.876225,1.0,0.9999486,9.875969,0.19739427,-1.4026605
1302,1,1,0.9999896,11.476467,0.6864945292472839,0.9999896,11.471431,0.6384887,0.5688108
1303,0,1,0.9996941,8.091976,1.0,0.9996941,8.091976,0.5910888,0.36846808
1304,0,1,0.9996879,8.071907,0.6200823783874512,8.3007235e-06,-11.69916,0.9996879,8.071758
1305,1,0,0.00030679276,-8.089031,0.8430441617965698,4.5080862e-05,-10.007008,0.00030679276,-8.089031
1306,0,1,0.99916136,7.0828934,0.7073140740394592,6.8003546e-06,-11.898529,0.99916136,7.0828676
1307,0,1,0.99963355,7.911284,0.8508435487747192,1.4472336e-05,-11.143257,0.99963355,7.911322
1308,0,1,0.9999584,10.087272,1.0,0.9999584,10.087221,0.6012483,0.41066903
1309,1,1,0.99996567,10.27939,0.7520577311515808,0.99996567,10.2786875,0.986361,4.2810874
1310,1,1,0.999912,9.338353,0.6297585368156433,0.999912,9.337962,0.7558147,1.1298689
1311,1,1,0.99996865,10.3702,0.7782705426216125,0.99996865,10.370493,0.29710755,-0.8611098
1312,0,1,0.99726117,5.8974805,1.0,0.99726117,5.8974867,0.09835597,-2.2156265
1313,0,1,0.81516486,1.4839262,1.0,3.0498011e-05,-10.397819,0.81516486,1.4839259
1314,0,1,0.98594993,4.2509785,1.0,0.98594993,4.2509775,0.98545164,4.215625
1315,1,1,0.99983954,8.737332,0.6232476830482483,0.99983954,8.737519,0.7720937,1.2201715
1316,1,1,0.999992,11.737684,0.7431992292404175,0.999992,11.740091,0.39350414,-0.43260634
1317,0,1,0.9998184,8.613438,0.852441132068634,0.0003032144,-8.100767,0.9998184,8.6130085
1318,0,1,0.5008934,0.0035737,1.0,6.8856275e-06,-11.886067,0.5008934,0.0035736188
1319,1,1,0.9995123,7.625353,0.7621443271636963,0.9995123,7.6252975,0.80325675,1.406775
1320,1,1,0.9999733,10.530712,0.766499936580658,0.9999733,10.532736,0.11164779,-2.074019
1321,0,1,0.9999882,11.347254,1.0,0.9999882,11.347002,0.033203263,-3.37134
1322,0,1,0.99991393,9.360274,1.0,0.99991393,9.360134,0.0151487235,-4.1745744
1323,1,1,0.99992776,9.535433,0.7445105910301208,0.99992776,9.535526,0.6126737,0.4585649
1324,0,1,0.5752907,0.30347043,1.0,0.015138731,-4.1752443,0.5752907,0.3034705
1325,1,0,0.00025137846,-8.2883,0.7729138135910034,8.372434e-06,-11.6905575,0.00025137846,-8.2883
1326,1,0,0.0038892564,-5.5456405,0.6813474297523499,0.0038892564,-5.5456405,0.0015523399,-6.4664383
1327,1,1,0.9999801,10.824371,0.7032646536827087,0.9999801,10.827223,0.9494197,2.9322882
1328,1,1,0.9999887,11.388497,0.8036205768585205,0.9999887,11.384613,0.89263564,2.1179507
1329,1,0,0.00024752886,-8.303736,0.5908564329147339,1.5115692e-05,-11.099762,0.00024752886,-8.303736
1330,0,0,0.014770634,-4.2002335,0.7803494334220886,0.014770634,-4.2002335,0.010261385,-4.569053
1331,0,1,0.99989045,9.11899,0.5320667624473572,4.016051e-05,-10.122586,0.99989045,9.118671
1332,0,1,0.9997838,8.439155,0.8374276757240295,2.0455927e-05,-10.797217,0.9997838,8.439151
1333,0,1,0.9997799,8.421118,0.659157931804657,7.478823e-06,-11.803428,0.9997799,8.421323
1334,1,1,0.5156481,0.062612906,0.7462639808654785,0.5156481,0.06261285,0.016618509,-4.08048
1335,1,1,0.99998,10.818401,0.615470290184021,0.99998,10.818153,0.84546244,1.6994462
1336,1,1,0.9999635,10.218763,0.8679820895195007,0.9999635,10.218055,0.4160944,-0.33882725
1337,1,0,0.00025437362,-8.276452,0.5717905163764954,0.00017305123,-8.66175,0.00025437362,-8.276452
1338,1,1,0.9977659,6.10168,0.7700825333595276,0.9977659,6.1016817,0.1596148,-1.6610969
1339,0,1,0.86977,1.8989266,1.0,0.86977,1.8989267,0.21721518,-1.2819693
1340,0,1,0.9997209,8.183559,0.671175479888916,7.271449e-06,-11.831548,0.9997209,8.18381
1341,1,1,0.9999584,10.087272,0.6180311441421509,0.9999584,10.087448,0.8329961,1.6070116
1342,1,1,0.9999796,10.800701,0.7622113823890686,0.9999796,10.800344,0.0973599,-2.2269094
1343,0,1,0.99995387,9.983914,1.0,0.99995387,9.982712,0.02137818,-3.8237746
1344,1,1,0.9999907,11.585667,0.7486292719841003,0.9999907,11.583937,0.9575075,3.1150055
1345,1,0,0.00022261005,-8.409866,0.6612170934677124,7.999313e-06,-11.736147,0.00022261005,-8.409866
1346,0,1,0.999936,9.656323,1.0,0.999936,9.656755,0.016269477,-4.1020613
1347,1,1,0.9999485,9.873908,0.7890557646751404,0.9999485,9.874695,0.23263088,-1.193515
1348,1,0,0.00022859342,-8.383337,0.6808180809020996,0.00022859342,-8.383337,0.00017966171,-8.624255
1349,1,1,0.9999814,10.89251,0.6384950876235962,0.9999814,10.889555,0.6551559,0.64178056
1350,0,1,0.63492745,0.5534147,1.0,0.00010681329,-9.144321,0.63492745,0.5534145
1351,1,1,0.99996316,10.209007,0.5832729935646057,0.99996316,10.210139,0.633953,0.5492131
1352,1,1,0.9996056,7.8377404,0.6167313456535339,0.9996056,7.8375444,0.6534817,0.634379
1353,0,1,0.99986076,8.879198,0.7227804064750671,0.0008258527,-7.098268,0.99986076,8.879106
1354,1,0,0.3232718,-0.73877627,1.0,1.1748085e-05,-11.351809,0.3232718,-0.73877615
1355,0,1,0.9997807,8.424917,0.7147782444953918,1.3899294e-05,-11.183659,0.9997807,8.424663
1356,0,1,0.9547907,3.0501895,1.0,2.3737815e-05,-10.648417,0.9547907,3.050191
1357,0,1,0.99958545,7.7879014,1.0,0.99958545,7.787906,0.81887746,1.5087607
1358,1,0,0.00023624461,-8.350407,0.7133285999298096,0.00011135505,-9.102675,0.00023624461,-8.350407
1359,1,0,0.023306014,-3.735462,0.8344242572784424,0.012285651,-4.3869615,0.023306014,-3.735462
1360,0,1,0.999824,8.644779,0.7862012386322021,1.2200376e-05,-11.314032,0.999824,8.644737
1361,0,1,0.55734307,0.23038588,1.0,0.55734307,0.23038572,0.032024316,-3.4087114
1362,1,1,0.9999944,12.092232,0.7467048168182373,0.9999944,12.091963,0.38791394,-0.45608938
1363,0,1,0.8912373,2.1034424,1.0,0.8912373,2.1034422,0.8786498,1.9797056
1364,0,1,0.9922145,4.8476763,1.0,0.9922145,4.8476725,0.02943664,-3.4956365
1365,0,1,0.72610295,0.97493947,1.0,1.1777656e-05,-11.349295,0.72610295,0.9749397
1366,0,1,0.9998462,8.779834,0.7769450545310974,1.5116644e-05,-11.099699,0.9998462,8.779646
1367,1,1,0.9999845,11.074835,0.7580292820930481,0.9999845,11.07502,0.19810104,-1.3982054
1368,0,1,0.78287536,1.2825019,1.0,4.0647215e-06,-12.413161,0.78287536,1.2825017
1369,1,1,0.99468,5.2309456,0.7515079975128174,0.99468,5.230952,0.6561505,0.6461861
1370,0,1,0.99981076,8.57228,0.6249596476554871,0.00067072496,-7.3064804,0.99981076,8.572448
1371,0,1,0.99984133,8.748541,0.7282957434654236,1.0932565e-05,-11.423754,0.99984133,8.748747
1372,1,1,0.99998546,11.13835,0.7744908332824707,0.99998546,11.142313,0.9294912,2.5788994
1373,1,1,0.9999566,10.045188,0.645967960357666,0.9999566,10.045873,0.44552544,-0.21876666
1374,1,0,0.00045595417,-7.6926622,0.8891709446907043,1.2292592e-05,-11.306501,0.00045595417,-7.6926622
1375,1,0,0.00028986332,-8.145811,0.8508189916610718,0.00024342518,-8.320457,0.00028986332,-8.145811
1376,0,1,0.99992895,9.5520735,1.0,0.99992895,9.552031,0.927569,2.5499318
1377,1,1,0.99994564,9.819838,0.7090516090393066,0.99994564,9.820537,0.5705993,0.28429675
1378,0,1,0.73623294,1.0264802,1.0,0.0003987588,-7.826755,0.73623294,1.0264803
1379,1,1,0.9999901,11.523535,0.6238288283348083,0.9999901,11.527461,0.07096643,-2.571938
1380,0,1,0.9997645,8.353573,0.6466791033744812,0.000987839,-6.9190025,0.9997645,8.353357
1381,0,1,0.99976796,8.368365,0.8351465463638306,1.6106891e-05,-11.036247,0.99976796,8.3682995
1382,1,1,0.9999473,9.851023,0.7130630016326904,0.9999473,9.85041,0.757506,1.1390544
1383,1,1,0.99998677,11.2328415,0.5677116513252258,0.99998677,11.232367,0.1899891,-1.4500809
1384,1,1,0.9958591,5.4826894,0.5948857665061951,0.9958591,5.4826937,0.012232024,-4.3913903
1385,1,1,0.99997675,10.669362,0.8062321543693542,0.99997675,10.666943,0.6578839,0.6538781
1386,0,1,0.70667356,0.8792828,1.0,0.3917183,-0.44009507,0.70667356,0.8792826
1387,1,1,0.9998338,8.702287,0.6656551361083984,0.9998338,8.702205,0.8582222,1.800602
1388,0,1,0.9998091,8.5634985,0.5661916732788086,0.00070399395,-7.2580366,0.9998091,8.563341
1389,1,1,0.99998724,11.269544,0.5911054015159607,0.99998724,11.269648,0.5864137,0.34915924
1390,1,0,0.00028315323,-8.169239,0.627634584903717,0.00010767045,-9.136328,0.00028315323,-8.169239
1391,1,1,0.999982,10.925087,0.757499098777771,0.999982,10.925546,0.16939281,-1.5899367
1392,1,1,0.9991755,7.099895,0.695620596408844,0.9991755,7.0999103,0.062475942,-2.7084608
1393,0,1,0.9998603,8.875778,1.0,0.9998603,8.875548,0.15774599,-1.6750956
1394,0,1,0.99985015,8.805752,1.0,0.99985015,8.806145,0.017540576,-4.0255423
1395,1,1,0.9998635,8.899089,0.5777047872543335,0.9998635,8.898829,0.90588254,2.2643654
1396,0,1,0.99998164,10.905415,1.0,0.99998164,10.908621,0.4760952,-0.09569208
1397,0,1,0.76377994,1.1735159,1.0,5.9078204e-05,-9.736589,0.76377994,1.1735159
1398,0,1,0.945021,2.8442554,1.0,0.00057921244,-7.453262,0.945021,2.844255
1399,0,1,0.99996734,10.329225,1.0,0.99996734,10.33094,0.039785277,-3.18366
1400,0,1,0.9997055,8.129915,0.7276629209518433,5.4844495e-06,-12.113588,0.9997055,8.1298065
1401,1,1,0.9995901,7.7991843,0.6093142628669739,0.9995901,7.799178,0.7226511,0.95765036
1402,1,0,0.0006778971,-7.295837,0.6242627501487732,0.0006778971,-7.295837,0.00019331028,-8.551021
1403,0,1,0.98248404,4.026972,1.0,0.98248404,4.0269756,0.40556228,-0.38234147
1404,1,1,0.99996924,10.389395,0.5822114944458008,0.99996924,10.389442,0.25253755,-1.0851241
1405,0,1,0.92750424,2.5489693,1.0,0.38266572,-0.4782489,0.92750424,2.5489688
1406,0,1,0.9999883,11.357406,1.0,0.9999883,11.355549,0.009750827,-4.6206045
1407,1,1,0.9998908,9.12226,0.7717742323875427,0.9998908,9.122213,0.81387895,1.4754143
1408,1,1,0.999992,11.737684,0.8072758316993713,0.999992,11.735073,0.034354307,-3.3360696
1409,1,1,0.9761362,3.7112398,0.805451512336731,0.9761362,3.7112386,0.83881533,1.6494398
1410,0,1,0.99998224,10.938421,1.0,0.99998224,10.937415,0.92934984,2.576744
1411,0,1,0.9997862,8.450247,0.6894200444221497,8.453314e-06,-11.6809435,0.9997862,8.45034
1412,1,1,0.96280664,3.2537224,0.8023526668548584,0.96280664,3.2537222,0.79915345,1.3810117
1413,0,1,0.9870473,4.333415,1.0,0.9870473,4.333415,0.04830313,-2.98075
1414,1,0,0.0057549453,-5.151924,0.8453671932220459,0.0057549453,-5.151924,0.004505017,-5.3980484
1415,0,1,0.9014811,2.2137907,1.0,0.0004734931,-7.6548996,0.9014811,2.213791
1416,1,1,0.9994288,7.467215,0.697880744934082,0.9994288,7.467185,0.6912736,0.8060802
1417,0,1,0.95690674,3.1003392,1.0,1.0804754e-05,-11.4355135,0.95690674,3.1003394
1418,0,1,0.99992085,9.444024,1.0,0.99992085,9.444191,0.6636816,0.67974424
1419,0,0,0.18677829,-1.4710815,0.7376340627670288,0.18677829,-1.4710815,0.027299529,-3.5732067
1420,0,1,0.9999883,11.357406,1.0,0.9999883,11.35511,0.879149,1.9843965
1421,0,1,0.9998733,8.973408,0.6308285593986511,0.00045085722,-7.703909,0.9998733,8.973118
1422,1,1,0.99998105,10.873462,0.9337443709373474,0.99998105,10.8753805,0.57399577,0.2981727
1423,0,1,0.6690436,0.7038626,1.0,1.2428315e-05,-11.295521,0.6690436,0.7038628
1424,1,1,0.9999341,9.626962,0.7928906083106995,0.9999341,9.6269455,0.61910594,0.4857551
1425,1,1,0.9999684,10.362624,0.7025144696235657,0.9999684,10.362598,0.42029455,-0.32156432
1426,1,1,0.94674045,2.8778477,0.771661102771759,0.94674045,2.8778484,0.1436209,-1.7855359
1427,0,1,0.9997352,8.236182,0.6072579622268677,8.506608e-06,-11.674659,0.9997352,8.236288
1428,0,1,0.9997123,8.153264,0.8013138175010681,0.00012997455,-8.948042,0.9997123,8.153212
1429,0,1,0.99988127,9.038519,0.7150934934616089,5.8056885e-05,-9.754029,0.99988127,9.038914
1430,1,1,0.99998367,11.0223875,0.7440298795700073,0.99998367,11.020609,0.10757673,-2.1157362
1431,1,0,0.00018237827,-8.609245,0.4881933331489563,2.92076e-05,-10.441052,0.00018237827,-8.609245
1432,0,1,0.99982315,8.640049,1.0,0.99982315,8.639965,0.17544347,-1.5475287
1433,1,1,0.99997294,10.517408,0.7932440042495728,0.99997294,10.51963,0.5179674,0.07190059
1434,0,0,0.021723999,-3.8073742,0.8303715586662292,0.007197119,-4.9268513,0.021723999,-3.8073742
1435,1,1,0.9999577,10.070225,0.7727673053741455,0.9999577,10.069378,0.96180815,3.226194
1436,0,1,0.9998375,8.724779,0.6101325154304504,0.00048248164,-7.636085,0.9998375,8.724925
1437,0,1,0.98703104,4.332143,1.0,0.98703104,4.332143,0.8539169,1.7656585
1438,1,1,0.9999454,9.815461,0.6638700366020203,0.9999454,9.814675,0.07155214,-2.5630877
1439,0,1,0.9981135,6.2711506,1.0,0.9981135,6.2711654,0.4212431,-0.31767255
1440,1,0,0.2988146,-0.8529491,1.0,0.008220011,-4.7929296,0.2988146,-0.852949
1441,1,1,0.99984825,8.793102,0.795116662979126,0.99984825,8.793381,0.06105405,-2.7329984
1442,1,0,0.05246157,-2.8937867,0.7027339339256287,0.05246157,-2.8937867,0.01864497,-3.963358
1443,0,1,0.9966047,5.6819563,1.0,0.9966047,5.68195,0.83198285,1.5997458
1444,0,1,0.7775026,1.2511716,1.0,6.484852e-05,-9.643392,0.7775026,1.2511717
1445,1,1,0.9999269,9.523947,0.6890994310379028,0.9999269,9.524548,0.9416673,2.7814894
1446,1,1,0.9999527,9.958402,0.8301320672035217,0.9999527,9.958207,0.25745893,-1.0592179
1447,1,1,0.99997306,10.521823,0.7322738170623779,0.99997306,10.523262,0.97592485,3.702208
1448,1,1,0.9717468,3.5378885,0.8845821619033813,0.9717468,3.5378895,0.3608664,-0.5716057
1449,1,1,0.99997437,10.571721,0.7502819299697876,0.99997437,10.573863,0.97826034,3.8066375
1450,0,1,0.83459884,1.6185775,1.0,0.83459884,1.6185774,0.025909917,-3.626878
1451,1,1,0.9999918,11.70827,0.6546322107315063,0.9999918,11.712318,0.83153397,1.5965384
1452,0,1,0.9997403,8.2557335,0.8674919605255127,5.9998078e-05,-9.721138,0.9997403,8.255797
1453,0,1,0.98962057,4.557495,1.0,0.98962057,4.557501,0.49758735,-0.009650886
1454,1,1,0.9997415,8.260336,0.6563976407051086,0.9997415,8.260474,0.7316617,1.0030698
1455,1,1,0.9998386,8.731405,0.6639859676361084,0.9998386,8.731706,0.7462836,1.0788885
1456,1,1,0.99953854,7.6806555,0.7035301923751831,0.99953854,7.6805406,0.3759988,-0.50656646
1457,1,1,0.99998415,11.05202,0.3602416217327118,0.99998415,11.051773,0.90820515,2.291914
1458,0,1,0.999572,7.7559104,0.8847709894180298,2.1588688e-05,-10.7433195,0.999572,7.7560277
1459,0,1,0.805864,1.4233559,1.0,1.0372063e-05,-11.476384,0.805864,1.4233558
1460,1,1,0.99998736,11.278934,0.6362452507019043,0.99998736,11.276236,0.37359107,-0.5168416
1461,0,1,0.999813,8.584323,0.7217122912406921,0.0014482491,-6.5359507,0.999813,8.584141
1462,0,1,0.9999857,11.15488,1.0,0.9999857,11.156881,0.08692205,-2.3518095
1463,0,1,0.99998224,10.938421,1.0,0.99998224,10.937459,0.98083824,3.935492
1464,0,1,0.9997123,8.153264,0.780667245388031,6.3656053e-06,-11.964595,0.9997123,8.153322
1465,0,1,0.9970091,5.809185,1.0,0.9970091,5.809195,0.06568803,-2.6548936
1466,0,1,0.8060556,1.4245812,1.0,0.7638484,1.1738954,0.8060556,1.4245814
1467,0,1,0.99989176,9.131033,1.0,0.99989176,9.131088,0.88289714,2.020156
1468,1,1,0.9999876,11.297982,0.676202654838562,0.9999876,11.29427,0.82567024,1.5552468
1469,1,1,0.9999827,10.965634,0.5750798583030701,0.9999827,10.9622755,0.3617807,-0.56764364
1470,1,1,0.9986382,6.5975943,0.629939079284668,0.9986382,6.5976267,0.27066794,-0.9912363
1471,1,1,0.9985575,6.5399394,0.7149219512939453,0.9985575,6.539975,0.79067224,1.3289825
1472,1,1,0.99984396,8.76521,0.6842485070228577,0.99984396,8.765333,0.93778515,2.7129261
1473,0,1,0.9996383,7.924386,0.8864825963973999,1.723851e-05,-10.968348,0.9996383,7.9243546
1474,0,1,0.9999858,11.163247,1.0,0.9999858,11.164091,0.5342331,0.13714701
1475,1,1,0.9999682,10.355104,0.6720348596572876,0.9999682,10.356618,0.041546192,-3.1385155
1476,0,1,0.9997652,8.356615,0.6512407660484314,1.1346033e-05,-11.386631,0.9997652,8.356697
1477,0,1,0.99951863,7.6383986,0.7688702344894409,6.8892928e-06,-11.885535,0.99951863,7.6383038
1478,0,1,0.74242896,1.0586317,1.0,0.14688435,-1.7592496,0.74242896,1.0586314
1479,1,1,0.99998164,10.905415,0.9022295475006104,0.99998164,10.907942,0.6787945,0.7482375
1480,1,1,0.9948118,5.2561617,0.6804705858230591,0.9948118,5.2561607,0.706113,0.8765799
1481,0,1,0.99981886,8.616068,0.7922708988189697,1.8920186e-05,-10.875262,0.99981886,8.615719
1482,1,1,0.99995637,10.039708,0.7644493579864502,0.99995637,10.04109,0.83513737,1.6224833
1483,1,1,0.99209845,4.8327637,0.6930832266807556,0.99209845,4.832759,0.4820442,-0.07185431
1484,1,1,0.99998176,10.911929,0.8014776706695557,0.99998176,10.911585,0.7368277,1.0295453
1485,1,0,0.4466712,-0.21412967,1.0,0.0073109744,-4.911041,0.4466712,-0.21412976
1486,1,1,0.99994457,9.800292,0.8485233783721924,0.99994457,9.799611,0.5728965,0.29367864
1487,1,1,0.99998474,11.09034,0.7639638781547546,0.99998474,11.094147,0.41260394,-0.3532111
1488,0,1,0.9997954,8.494138,0.817851722240448,7.0864708e-06,-11.857316,0.9997954,8.493999
1489,1,0,0.0029408098,-5.826125,0.7424901127815247,0.0008386492,-7.082879,0.0029408098,-5.826125
1490,0,1,0.9998728,8.969652,0.5278244614601135,5.791626e-05,-9.756454,0.9998728,8.969831
1491,0,1,0.70677036,0.8797498,1.0,0.0002556118,-8.271595,0.70677036,0.8797499
1492,0,1,0.8389921,1.650748,1.0,0.0001852049,-8.593863,0.8389921,1.6507481
1493,1,1,0.998771,6.7003345,0.8124247193336487,0.998771,6.7003145,0.21337505,-1.3047001
1494,0,1,0.8383475,1.6459837,1.0,0.009443397,-4.6529512,0.8383475,1.6459836
1495,1,1,0.99504364,5.302114,0.7439538836479187,0.99504364,5.3021145,0.34383047,-0.64627045
1496,1,1,0.99999106,11.624888,0.5959915518760681,0.99999106,11.625107,0.95990103,3.175479
1497,0,1,0.9923373,4.863697,1.0,0.9923373,4.8636904,0.027653564,-3.5599575
1498,1,1,0.9999913,11.651917,0.8310869336128235,0.9999913,11.654814,0.48595467,-0.056196153
1499,0,1,0.9999802,10.830378,1.0,0.9999802,10.827622,0.6543013,0.6380002
1500,0,1,0.9998435,8.762158,0.5456274747848511,2.4456936e-05,-10.618572,0.9998435,8.762247
1501,0,1,0.9410792,2.7708333,1.0,0.9410792,2.7708344,0.16926551,-1.5908417
1502,1,1,0.99994993,9.902081,0.642535924911499,0.99994993,9.901569,0.3933773,-0.43313783
1503,1,1,0.99997485,10.590502,0.599718451499939,0.99997485,10.590286,0.963295,3.267446
1504,0,1,0.9998336,8.700852,0.6954327821731567,0.001422777,-6.553721,0.9998336,8.700933
1505,1,1,0.9999274,9.530495,0.6895405054092407,0.9999274,9.530832,0.013996966,-4.254819
1506,0,1,0.9999857,11.15488,1.0,0.9999857,11.158267,0.4363169,-0.25612342
1507,1,1,0.9999597,10.119299,0.7039874792098999,0.9999597,10.119028,0.09963666,-2.2012682
1508,1,0,0.00015052146,-8.801254,0.704870343208313,4.6224577e-05,-9.981953,0.00015052146,-8.801254
1509,1,0,0.00013191008,-8.933258,0.6062839031219482,9.789279e-05,-9.23154,0.00013191008,-8.933258
1510,0,1,0.99984217,8.753815,0.7042520046234131,1.1009654e-05,-11.416727,0.99984217,8.753883
1511,1,1,0.99998224,10.938421,0.7210310697555542,0.99998224,10.937916,0.15641804,-1.6851249
1512,0,1,0.85215354,1.7515924,1.0,8.737457e-06,-11.647882,0.85215354,1.7515922
1513,1,1,0.9996026,7.8302097,0.7912722229957581,0.9996026,7.8301435,0.20199445,-1.3738754
1514,0,1,0.6655492,0.68812287,1.0,1.7639006e-05,-10.94538,0.6655492,0.6881231
1515,0,1,0.9996538,7.9681945,0.5812326669692993,0.0013761957,-6.587055,0.9996538,7.9681005
1516,1,1,0.9984427,6.463249,0.9419704079627991,0.9984427,6.4632363,0.19614431,-1.4105691
1517,0,1,0.9999765,10.659158,1.0,0.9999765,10.6611805,0.5375581,0.15051574
1518,1,1,0.9999405,9.729719,0.7559801340103149,0.9999405,9.730306,0.2864784,-0.9125496
1519,1,0,0.00019700968,-8.532061,0.6681507229804993,2.5260855e-05,-10.586229,0.00019700968,-8.532061
1520,0,1,0.9304348,2.5933878,1.0,0.35124916,-0.613553,0.9304348,2.5933876
1521,1,1,0.99991465,9.36862,0.7351475954055786,0.99991465,9.368883,0.3810646,-0.48503208
1522,1,1,0.99997747,10.700616,0.8013206124305725,0.99997747,10.70306,0.36289686,-0.56281275
1523,1,1,0.99995494,10.007446,0.7751400470733643,0.99995494,10.008094,0.35555163,-0.5947242
1524,1,1,0.9999869,11.241892,0.7223674654960632,0.9999869,11.238536,0.05011478,-2.9420252
1525,1,1,0.99997365,10.544196,0.6226683855056763,0.99997365,10.543335,0.7453374,1.0738977
1526,0,1,0.9489075,2.9216735,1.0,7.055828e-05,-9.559001,0.9489075,2.9216738
1527,0,1,0.999912,9.338353,1.0,0.999912,9.338547,0.9241865,2.5006382
1528,0,1,0.8402899,1.6603866,1.0,0.2849168,-0.9202017,0.8402899,1.6603866
1529,1,1,0.9996842,8.060132,0.7615760564804077,0.9996842,8.060028,0.3048628,-0.8242475
1530,1,1,0.9995172,7.6354303,0.7930073738098145,0.9995172,7.635457,0.1932468,-1.4290496
1531,1,1,0.9999807,10.85477,0.6481766104698181,0.9999807,10.856422,0.9751648,3.6703424
1532,0,1,0.6818811,0.76243025,1.0,7.5991397e-06,-11.787468,0.6818811,0.7624303
1533,1,1,0.99993944,9.7118435,0.6729210019111633,0.99993944,9.712626,0.2433088,-1.1346238
1534,0,1,0.8416247,1.6703665,1.0,1.772105e-05,-10.94074,0.8416247,1.6703666
1535,0,1,0.99792045,6.173524,1.0,0.99792045,6.173517,0.009972167,-4.597935
1536,1,1,0.9556597,3.0705075,0.7318348288536072,0.9556597,3.070509,0.086039074,-2.3629863
1537,0,1,0.998487,6.4921436,1.0,0.998487,6.492194,0.018479299,-3.972452
1538,1,1,0.99944764,7.500765,0.6581332087516785,0.99944764,7.5007706,0.40293798,-0.39323843
1539,0,1,0.99982846,8.67051,0.6535511612892151,0.00037716192,-7.8824587,0.99982846,8.670442
1540,1,1,0.9999634,10.215501,0.7303587198257446,0.9999634,10.216062,0.78061473,1.2692525
1541,0,1,0.9997365,8.241148,0.6271304488182068,1.7451106e-05,-10.95609,0.9997365,8.241076
1542,1,1,0.9998977,9.187679,0.6073561310768127,0.9998977,9.187811,0.83898187,1.6506722
1543,1,0,0.00022797701,-8.386038,0.6165095567703247,1.5156224e-05,-11.097084,0.00022797701,-8.386038
1544,1,1,0.9997905,8.470528,0.744587779045105,0.9997905,8.470298,0.4376355,-0.2507637
1545,1,1,0.99997973,10.806566,0.5147563219070435,0.99997973,10.804181,0.9486097,2.9155493
1546,1,1,0.9999722,10.491319,0.5678777098655701,0.9999722,10.491443,0.66985977,0.70755076
1547,0,1,0.99452555,5.202174,1.0,0.99452555,5.2021685,0.044422183,-3.0685773
1548,0,1,0.9999132,9.351997,1.0,0.9999132,9.352519,0.13057227,-1.8959084
1549,1,0,0.00020090798,-8.512463,0.6128896474838257,8.467426e-06,-11.6792755,0.00020090798,-8.512463
1550,1,1,0.99988246,9.048612,0.8915978074073792,0.99988246,9.048634,0.70607173,0.87638104
1551,1,1,0.9987962,6.721088,0.6427209973335266,0.9987962,6.7211285,0.08219592,-2.4128783
1552,1,1,0.99995935,10.110462,0.6259304285049438,0.99995935,10.109612,0.17831177,-1.5278275
1553,1,1,0.9999906,11.572927,0.6169149279594421,0.9999906,11.579216,0.07118593,-2.5686133
1554,0,1,0.9981358,6.28306,1.0,0.9981358,6.2830906,0.30869377,-0.80623317
1555,0,1,0.97732085,3.763369,1.0,1.5531568e-05,-11.07262,0.97732085,3.7633696
1556,0,1,0.99988866,9.1027975,0.5928881168365479,0.0017784574,-6.330229,0.99988866,9.103211
1557,0,1,0.99981254,8.581776,0.6322126984596252,9.6438725e-06,-11.549178,0.99981254,8.581555
1558,0,1,0.9998559,8.844692,0.5389634966850281,1.08005925e-05,-11.435899,0.9998559,8.844601
1559,0,1,0.999879,9.01962,0.7759443521499634,8.651888e-06,-11.657724,0.999879,9.019512
1560,0,1,0.51666445,0.06668249,1.0,1.2244236e-05,-11.310443,0.51666445,0.06668241
1561,0,1,0.9998882,9.098523,0.7210673689842224,8.001922e-06,-11.735821,0.9998882,9.098215
1562,1,1,0.99989736,9.184188,0.7089947462081909,0.99989736,9.183887,0.90458596,2.2492516
1563,1,1,0.8293672,1.5811492,0.5683972239494324,0.8293672,1.5811491,0.054698367,-2.8496702
1564,1,0,0.25954667,-1.0483261,0.6377608180046082,0.25954667,-1.0483261,0.081132084,-2.427064
1565,0,0,0.3723374,-0.5222023,1.0,0.3723374,-0.5222025,0.031395055,-3.4292064
1566,1,0,0.4678324,-0.12884839,1.0,0.001603222,-6.4341354,0.4678324,-0.12884837
1567,1,0,0.4032931,-0.39176238,1.0,1.2874081e-05,-11.260282,0.4032931,-0.39176235
1568,0,1,0.9990037,6.910474,1.0,0.9990037,6.9104214,0.6797626,0.752681
1569,0,1,0.9998424,8.755326,0.6420354247093201,0.0022227862,-6.1067686,0.9998424,8.7551365
1570,1,0,0.0010752282,-6.8341465,0.7151595950126648,0.0010752282,-6.8341465,0.00051741843,-7.566141
1571,1,1,0.9998568,8.851332,0.5953396558761597,0.9998568,8.851704,0.13158718,-1.8869977
1572,0,1,0.9997389,8.250239,0.723492443561554,1.3082416e-05,-11.244228,0.9997389,8.250341
1573,1,1,0.99997234,10.49562,0.6821900010108948,0.99997234,10.495959,0.34835252,-0.6262888
1574,1,1,0.99997246,10.49994,0.763683557510376,0.99997246,10.498895,0.96034527,3.1870809
1575,0,1,0.9591132,3.1552014,1.0,0.0006568779,-7.3273554,0.9591132,3.155201
1576,0,1,0.99985766,8.857179,0.46586477756500244,1.0706102e-05,-11.444686,0.99985766,8.857286
1577,1,1,0.99998903,11.420586,0.6477035284042358,0.99998903,11.424231,0.35545334,-0.5951532
1578,1,1,0.9999814,10.89251,0.8534786701202393,0.9999814,10.892819,0.07814987,-2.4677541
1579,0,1,0.99919575,7.1248016,1.0,0.99919575,7.1248255,0.836613,1.6332402
1580,1,0,0.00024182531,-8.327053,0.6020975112915039,9.913968e-05,-9.218882,0.00024182531,-8.327053
1581,1,1,0.99997306,10.521823,0.6977503895759583,0.99997306,10.52001,0.11758069,-2.0155425
1582,0,1,0.9996731,8.025616,0.7007035613059998,2.253343e-05,-10.700488,0.9996731,8.02553
1583,0,1,0.9674135,3.3907275,1.0,1.1688743e-05,-11.356873,0.9674135,3.3907285
1584,1,1,0.98566544,4.2306437,0.6165198683738708,0.98566544,4.2306385,0.5671252,0.27013153
1585,0,1,0.99972695,8.205586,0.5667673349380493,1.2717291e-05,-11.272535,0.99972695,8.20546
1586,0,1,0.99603647,5.526649,1.0,0.99603647,5.5266523,0.28024128,-0.9432651
1587,0,1,0.9997367,8.242053,0.7455890774726868,0.00093927514,-6.9694624,0.9997367,8.241997
1588,0,1,0.99973506,8.235732,0.7710192799568176,0.014758417,-4.201073,0.99973506,8.235673
1589,1,1,0.99962413,7.8858995,0.6507860422134399,0.99962413,7.886014,0.028069166,-3.544613
1590,1,1,0.9999895,11.465038,0.7880932688713074,0.9999895,11.470104,0.25380933,-1.0783978
1591,1,0,0.00024683386,-8.306548,0.6903361082077026,3.1854517e-05,-10.3543,0.00024683386,-8.306548
1592,0,1,0.8545133,1.7704473,1.0,0.7621391,1.1644428,0.8545133,1.7704471
1593,0,1,0.99729794,5.911036,1.0,0.99729794,5.9110427,0.04112772,-3.1490755
1594,1,1,0.99998724,11.269544,0.7070490121841431,0.99998724,11.270464,0.40965486,-0.3653923
1595,1,1,0.9999914,11.66571,0.7610132694244385,0.9999914,11.668737,0.8039222,1.410991
1596,1,1,0.999974,10.557864,0.8311781883239746,0.999974,10.559403,0.44655162,-0.21461345
1597,1,0,0.0003989236,-7.8263416,0.6579504013061523,0.00027840657,-8.18615,0.0003989236,-7.8263416
1598,0,1,0.99984634,8.780609,0.7617053389549255,1.7557426e-05,-10.950016,0.99984634,8.780457
1599,0,1,0.9986125,6.57888,1.0,0.9986125,6.578871,0.016121212,-4.1113667
1600,0,1,0.9999678,10.343931,1.0,0.9999678,10.343725,0.06502686,-2.6657174
1601,0,1,0.9882847,4.4350758,1.0,0.9882847,4.4350753,0.8129646,1.4693896
1602,0,1,0.9997348,8.234833,0.6897043585777283,7.2732587e-06,-11.831299,0.9997348,8.234751
1603,0,1,0.9998671,8.925643,0.8957778811454773,8.956013e-06,-11.623177,0.9998671,8.925633
1604,0,1,0.9998036,8.535174,0.5862103700637817,5.7484913e-06,-12.066567,0.9998036,8.535347
1605,1,1,0.9997712,8.382337,0.6205635070800781,0.9997712,8.382109,0.6236146,0.5049189
1606,1,1,0.99998367,11.0223875,0.7366331219673157,0.99998367,11.025054,0.5692761,0.27889824
1607,1,1,0.9999665,10.303997,0.6972206830978394,0.9999665,10.302375,0.9786188,3.8236313
1608,0,1,0.99977905,8.417334,0.8468760848045349,8.473173e-05,-9.375936,0.99977905,8.417028
1609,1,1,0.9999199,9.432047,0.5200639963150024,0.9999199,9.431951,0.65172577,0.62663364
1610,0,1,0.9999707,10.437024,1.0,0.9999707,10.436693,0.77428216,1.2326509
1611,0,1,0.9998355,8.712382,0.6097817420959473,3.183778e-05,-10.354825,0.9998355,8.712636
1612,0,1,0.9999577,10.070225,1.0,0.9999577,10.069124,0.823897,1.5429765
1613,1,1,0.9396584,2.7454948,0.6364867687225342,0.9396584,2.7454944,0.5090415,0.036170095
1614,1,1,0.99970895,8.1417265,0.5758083462715149,0.99970895,8.14173,0.8210051,1.5231721
1615,0,1,0.99987316,8.972467,0.45295989513397217,5.0124827e-06,-12.203574,0.99987316,8.972806
1616,0,1,0.99992955,9.560498,1.0,0.99992955,9.560984,0.025354287,-3.6491263
1617,1,1,0.99998546,11.13835,0.6253725290298462,0.99998546,11.138132,0.8249423,1.5501978
1618,1,1,0.99995244,9.953376,0.7699718475341797,0.99995244,9.952471,0.8843619,2.0344014
1619,1,1,0.9988298,6.7493944,0.5683965086936951,0.9988298,6.749443,0.9484382,2.9120364
1620,0,1,0.9998642,8.904344,0.6944906115531921,5.5896394e-06,-12.09459,0.9998642,8.904722
1621,1,0,0.3823666,-0.47951525,1.0,0.0008111251,-7.1162767,0.3823666,-0.47951508
1622,1,1,0.99993753,9.680831,0.667040228843689,0.99993753,9.680742,0.16309172,-1.6354017
1623,0,1,0.9997793,8.418413,0.6845374703407288,8.501831e-06,-11.6752205,0.9997793,8.418273
1624,1,1,0.9999752,10.604822,0.6091492772102356,0.9999752,10.603571,0.041253455,-3.145892
1625,0,1,0.9996711,8.019433,0.5380067229270935,0.00031942918,-8.0486555,0.9996711,8.019256
1626,0,1,0.999828,8.667733,0.6212701797485352,2.140833e-05,-10.751709,0.999828,8.667804
1627,0,1,0.9998079,8.557272,0.544620156288147,3.7726822e-05,-10.1851015,0.9998079,8.557089
1628,1,1,0.9712416,3.5196452,0.8405720591545105,0.9712416,3.5196471,0.31242114,-0.78882444
1629,0,1,0.99286324,4.9353337,1.0,0.99286324,4.935337,0.009985762,-4.596559
1630,1,1,0.9999691,10.385527,0.6705659627914429,0.9999691,10.384348,0.87045246,1.9049656
1631,1,1,0.9994555,7.515119,0.8510915637016296,0.9994555,7.5151944,0.43556544,-0.25917935
1632,1,1,0.9762546,3.7163339,0.5960457921028137,0.9762546,3.7163339,0.39294636,-0.43494403
1633,1,1,0.99993515,9.643371,0.7215558290481567,0.99993515,9.64378,0.84213156,1.6741742
1634,1,1,0.99997973,10.806566,0.6580094695091248,0.99997973,10.8085785,0.61036545,0.4488488
1635,0,1,0.8277191,1.5695475,1.0,0.8277191,1.5695478,0.017110897,-4.050781
1636,1,1,0.9999664,10.300445,0.6798614263534546,0.9999664,10.30112,0.66839033,0.7009138
1637,1,1,0.9996927,8.087309,0.5619140863418579,0.9996927,8.087216,0.92397434,2.497613
1638,0,1,0.99988246,9.048612,0.7869699597358704,7.5885446e-06,-11.788863,0.99988246,9.048433
1639,1,0,0.0017346968,-6.3551865,0.5353701710700989,0.0017346968,-6.3551865,0.00026306068,-8.242863
1640,1,1,0.9999273,9.528853,0.6794103980064392,0.9999273,9.528429,0.52525485,0.101105444
1641,0,1,0.9996629,7.994723,1.0,0.9996629,7.9945784,0.96808696,3.4123077
1642,1,1,0.9349523,2.665375,0.6934704184532166,0.9349523,2.6653752,0.7684841,1.1997714
1643,0,1,0.9998006,8.520111,0.678058922290802,1.6777616e-05,-10.995448,0.9998006,8.519837
1644,0,1,0.9999683,10.358857,1.0,0.9999683,10.357592,0.9264823,2.5338695
1645,0,1,0.9999925,11.799243,1.0,0.9999925,11.797764,0.06963452,-2.592317
1646,1,1,0.99949324,7.586969,0.6941878795623779,0.99949324,7.586894,0.7892953,1.320683
1647,1,1,0.99998856,11.378026,0.6385563015937805,0.99998856,11.377302,0.120086476,-1.9916115
1648,1,1,0.999371,7.3707376,0.8050023913383484,0.999371,7.3707952,0.07190044,-2.5578566
1649,0,1,0.99022126,4.617718,1.0,0.99022126,4.6177216,0.0860967,-2.3622537
1650,1,1,0.9999752,10.604822,0.7569094896316528,0.9999752,10.605625,0.6665026,0.69240874
1651,1,1,0.99998426,11.059567,0.7299003601074219,0.99998426,11.056028,0.69271225,0.8128302
1652,0,1,0.9998679,8.931941,0.5952586531639099,4.070366e-05,-10.109152,0.9998679,8.932369
1653,1,1,0.9894482,4.54085,0.8351693749427795,0.9894482,4.540847,0.27980044,-0.9454517
1654,0,1,0.9992718,7.2242203,0.9273158311843872,0.0029086566,-5.837151,0.9992718,7.2241344
1655,0,1,0.9998147,8.59329,1.0,0.9998147,8.5929365,0.46352595,-0.1461558
1656,0,1,0.9999795,10.79487,1.0,0.9999795,10.794382,0.078047775,-2.4691722
1657,0,1,0.99365294,5.053396,1.0,0.13587733,-1.8499622,0.99365294,5.053403
1658,0,1,0.9998604,8.876632,1.0,0.9998604,8.876538,0.017259011,-4.0420113
1659,1,1,0.9999603,10.134203,0.6268371939659119,0.9999603,10.135563,0.4578062,-0.16917765
1660,0,1,0.9995844,7.785316,0.7388021349906921,0.00018927637,-8.572113,0.9995844,7.785425
1661,1,0,0.02001401,-3.8911057,0.7027356028556824,0.014071174,-4.249456,0.02001401,-3.8911057
1662,1,1,0.9999876,11.297982,0.7045224905014038,0.9999876,11.293679,0.5782106,0.31543195
1663,0,1,0.9998529,8.824222,0.6868354678153992,1.6260487e-05,-11.026756,0.9998529,8.824133
1664,0,1,0.99960047,7.8248224,0.785953938961029,0.00013296331,-8.925304,0.99960047,7.824891
1665,0,1,0.9996203,7.8757977,0.7644888758659363,2.646529e-05,-10.53965,0.9996203,7.8757896
1666,1,1,0.9961898,5.566249,0.7138209939002991,0.9961898,5.566247,0.14903809,-1.7421654
1667,0,1,0.9999815,10.898942,1.0,0.9999815,10.901051,0.9458744,2.8608012
1668,1,1,0.99979514,8.492973,0.7453809380531311,0.99979514,8.493015,0.77116865,1.2149217
1669,0,1,0.9998518,8.816954,1.0,0.9998518,8.817423,0.62958306,0.5304285
1670,0,1,0.9981318,6.280916,1.0,0.9981318,6.28088,0.33429116,-0.68884003
1671,1,0,0.0002941587,-8.131097,0.8100063800811768,4.4841276e-05,-10.012337,0.0002941587,-8.131097
1672,0,1,0.9993887,7.3993025,1.0,0.9993887,7.399418,0.69268906,0.81272125
1673,0,1,0.8579514,1.7983782,1.0,0.009424032,-4.6550236,0.8579514,1.7983785
1674,1,1,0.99998987,11.499723,0.8024100661277771,0.99998987,11.501549,0.5816812,0.32967857
1675,1,0,0.00023319677,-8.363395,0.7160090208053589,3.697983e-05,-10.205101,0.00023319677,-8.363395
1676,0,1,0.9997477,8.284614,0.7888814210891724,1.4426682e-05,-11.146417,0.9997477,8.284466
1677,1,0,0.08486241,-2.3780432,1.0,0.063425034,-2.692371,0.08486241,-2.3780432
1678,0,1,0.99980766,8.556032,0.8420732617378235,3.196074e-05,-10.35097,0.99980766,8.556031
1679,0,1,0.9997491,8.290301,1.0,0.9997491,8.29037,0.12199268,-1.9736938
1680,0,1,0.9998627,8.892993,0.8546187281608582,4.8833726e-06,-12.22967,0.9998627,8.892837
1681,1,1,0.9999081,9.294605,0.7515695691108704,0.9999081,9.295207,0.91360843,2.358511
1682,0,1,0.99998975,11.488028,1.0,0.99998975,11.491077,0.9044401,2.2475634
1683,0,1,0.999788,8.458648,0.7805277109146118,3.1336127e-05,-10.3707075,0.999788,8.458587
1684,1,1,0.99978894,8.463157,0.5530858635902405,0.99978894,8.463139,0.034165148,-3.3417869
1685,1,1,0.999992,11.737684,0.6623489856719971,0.999992,11.742386,0.9673808,3.3896914
1686,0,1,0.99711084,5.8438973,1.0,0.99711084,5.843907,0.102121755,-2.1738687
1687,1,1,0.99998164,10.905415,0.7398281097412109,0.99998164,10.907731,0.23671319,-1.1707847
1688,1,1,0.99993694,9.671333,0.7960272431373596,0.99993694,9.672054,0.9004096,2.2017837
1689,0,1,0.7702423,1.2096797,1.0,0.0006948456,-7.271126,0.7702423,1.2096798
1690,1,0,0.00029652988,-8.123066,0.5825170278549194,2.0303209e-05,-10.804711,0.00029652988,-8.123066
1691,0,1,0.99978715,8.454719,0.703170895576477,2.0399142e-05,-10.799997,0.99978715,8.454786
1692,0,1,0.54279613,0.17160438,1.0,0.42509267,-0.30190158,0.54279613,0.17160442
1693,1,1,0.99993575,9.652605,0.6260848045349121,0.99993575,9.653545,0.5636812,0.2561158
1694,0,1,0.99983585,8.714559,0.6428443193435669,1.2707883e-05,-11.273275,0.99983585,8.715046
1695,1,1,0.999979,10.77188,0.6792600154876709,0.999979,10.773807,0.962107,3.2343588
1696,0,1,0.999696,8.098232,0.6310040950775146,1.404169e-05,-11.173466,0.999696,8.09831
1697,1,0,0.31911883,-0.75782424,1.0,0.002109234,-6.159319,0.31911883,-0.7578243
1698,1,0,0.00017717456,-8.638198,0.58903568983078,1.4601567e-05,-11.134367,0.00017717456,-8.638198
1699,1,1,0.9999764,10.654095,0.7024327516555786,0.9999764,10.65608,0.19400348,-1.4242034
1700,1,0,0.0016881613,-6.382426,0.6642232537269592,0.0016881613,-6.382426,0.0012093323,-6.716477
1701,0,1,0.9999323,9.600196,1.0,0.9999323,9.599548,0.19677679,-1.4065626
1702,1,1,0.9999838,11.029714,0.5846350193023682,0.9999838,11.028187,0.95069903,2.9592535
1703,1,1,0.9999795,10.79487,0.7406290173530579,0.9999795,10.792202,0.79854727,1.3772392
1704,0,1,0.9998072,8.5535555,0.7740311622619629,1.3590471e-05,-11.206128,0.9998072,8.553265
1705,1,1,0.9999864,11.206173,0.609460175037384,0.9999864,11.209038,0.7390923,1.0412561
1706,1,1,0.99883765,6.7561483,0.7330081462860107,0.99883765,6.756125,0.95479345,3.0502534
1707,1,1,0.99999046,11.560349,0.8293052315711975,0.99999046,11.555278,0.43169948,-0.27492055
1708,1,1,0.7557566,1.1295542,0.7694687247276306,0.7557566,1.1295542,0.12572841,-1.9392669
1709,0,1,0.9998104,8.570392,1.0,0.9998104,8.570303,0.9086863,2.297699
1710,1,0,0.079842106,-2.4444942,1.0,0.00034482725,-7.972122,0.079842106,-2.4444942
1711,0,1,0.99982494,8.650213,0.6905645728111267,0.00022442023,-8.401766,0.99982494,8.650078
1712,0,1,0.99986696,8.924746,1.0,0.99986696,8.9247875,0.6402102,0.5762767
1713,0,1,0.9998379,8.726983,0.5974176526069641,8.119e-06,-11.721295,0.9998379,8.7274475
1714,1,1,0.99997663,10.6642475,0.6721645593643188,0.99997663,10.6637125,0.6906819,0.8033094
1715,0,1,0.9998227,8.637356,0.7092658877372742,0.0005787183,-7.454116,0.9998227,8.636965
1716,0,1,0.99990654,9.277883,1.0,0.99990654,9.2782135,0.91114366,2.3276799
1717,0,1,0.97096056,3.509631,1.0,0.9421707,2.790691,0.97096056,3.5096314
1718,0,1,0.99997675,10.669362,1.0,0.99997675,10.667106,0.8866794,2.0572624
1719,0,1,0.9999771,10.684867,1.0,0.9999771,10.686434,0.5185553,0.07425525
1720,0,1,0.85946566,1.810859,1.0,0.85946566,1.8108588,0.007051435,-4.947448
1721,0,1,0.99889934,6.810745,1.0,0.99889934,6.8107567,0.9104795,2.319503
1722,0,1,0.9106565,2.3216774,1.0,1.0861524e-05,-11.430273,0.9106565,2.3216777
1723,1,1,0.99998903,11.420586,0.9287917613983154,0.99998903,11.423296,0.25588483,-1.0674684
1724,1,1,0.9999405,9.729719,0.8414961695671082,0.9999405,9.729166,0.786516,1.3040515
1725,0,1,0.99110126,4.712908,1.0,0.99110126,4.712909,0.7481471,1.0887544
1726,0,1,0.99923635,7.176631,0.7207856178283691,0.00029154067,-8.140039,0.99923635,7.176588
1727,0,1,0.9998641,8.903465,0.6801242828369141,3.5727764e-05,-10.239547,0.9998641,8.903221
1728,1,1,0.9999418,9.752011,0.6223910450935364,0.9999418,9.752331,0.7743753,1.2331836
1729,1,1,0.9999789,10.766214,0.6074347496032715,0.9999789,10.767693,0.25413704,-1.0766683
1730,1,0,0.3947818,-0.4272558,1.0,1.9675179e-05,-10.836133,0.3947818,-0.42725575
1731,0,1,0.9998115,8.576068,0.8331279754638672,0.0006600863,-7.3224797,0.9998115,8.575752
1732,1,1,0.99998033,10.83642,0.5332584977149963,0.99998033,10.836075,0.70304257,0.8618286
1733,0,1,0.70258224,0.8596247,1.0,0.70258224,0.8596247,0.5960968,0.389228
1734,0,1,0.9997646,8.354079,0.670552670955658,4.879313e-06,-12.230501,0.9997646,8.353818
1735,1,1,0.99998987,11.499723,0.755914568901062,0.99998987,11.503035,0.06683656,-2.6363301
1736,0,1,0.9999542,9.991697,1.0,0.9999542,9.99197,0.21905495,-1.2711821
1737,0,1,0.58649594,0.34949842,1.0,0.058176517,-2.784336,0.58649594,0.3494984
1738,0,1,0.9997471,8.282253,0.7748863697052002,8.270129e-06,-11.702852,0.9997471,8.282176
1739,0,1,0.7486481,1.0914152,1.0,7.9078e-05,-9.444997,0.7486481,1.0914149
1740,1,1,0.99975604,8.318254,0.743120014667511,0.99975604,8.318124,0.92145556,2.4622896
1741,0,1,0.9998543,8.833996,0.5053687691688538,1.09804205e-05,-11.419386,0.9998543,8.834384
1742,0,1,0.96430045,3.296265,1.0,0.1646529,-1.6240077,0.96430045,3.2962658
1743,1,1,0.9999876,11.297982,0.7716546058654785,0.9999876,11.298071,0.39154285,-0.44083148
1744,1,1,0.999982,10.925087,0.8344616293907166,0.999982,10.923564,0.22918601,-1.212913
1745,1,1,0.99998856,11.378026,0.755108654499054,0.99998856,11.381313,0.69480705,0.82269
1746,1,1,0.99696237,5.793635,0.7237165570259094,0.99696237,5.793645,0.022686431,-3.7630405
1747,1,1,0.99995625,10.03698,0.6261007189750671,0.99995625,10.036585,0.80783445,1.436
1748,1,1,0.99997246,10.49994,0.8583024144172668,0.99997246,10.501852,0.31023532,-0.79901946
1749,1,1,0.9999689,10.377833,0.655878484249115,0.9999689,10.377027,0.5670827,0.26995826
1750,1,0,0.00036294525,-7.9208956,0.7985073328018188,4.01241e-05,-10.123493,0.00036294525,-7.9208956
1751,0,1,0.9999753,10.609642,1.0,0.9999753,10.608034,0.5570147,0.22905497
1752,1,0,0.00025740886,-8.264587,0.5932509899139404,2.9161038e-05,-10.442648,0.00025740886,-8.264587
1753,1,1,0.9999881,11.337203,0.6624391674995422,0.9999881,11.337512,0.49104246,-0.03583409
1754,1,0,0.026014807,-3.6227303,0.8689448833465576,0.017532269,-4.0260243,0.026014807,-3.6227303
1755,0,1,0.9999261,9.512591,1.0,0.9999261,9.512418,0.90008897,2.1982136
1756,0,1,0.99996984,10.408965,1.0,0.99996984,10.41083,0.106957816,-2.1221993
1757,0,1,0.9999685,10.366405,1.0,0.9999685,10.364801,0.9654397,3.329879
1758,1,0,0.056350537,-2.818163,0.793925940990448,0.056350537,-2.818163,0.026325796,-3.6105275
1759,0,1,0.5071832,0.028734734,0.519986093044281,0.5071832,0.028734803,0.005064035,-5.2805147
1760,1,1,0.99998236,10.945155,0.754676342010498,0.99998236,10.945418,0.20029202,-1.3844702
1761,1,1,0.99991393,9.360274,0.8111245036125183,0.99991393,9.3606415,0.041490763,-3.1399083
1762,0,1,0.6097335,0.44619226,1.0,0.005284546,-5.23767,0.6097335,0.44619218
1763,0,1,0.99991477,9.370017,1.0,0.99991477,9.370537,0.90254676,2.2258477
1764,0,1,0.9999622,10.183446,1.0,0.9999622,10.184823,0.3204551,-0.7516811
1765,0,1,0.99999034,11.547926,1.0,0.99999034,11.544179,0.8572902,1.7929635
1766,0,1,0.99974483,8.273335,0.6219985485076904,1.519391e-05,-11.094601,0.99974483,8.27329
1767,0,1,0.99974877,8.288877,0.6065403819084167,4.5320096e-05,-10.001715,0.99974877,8.288795
1768,1,1,0.9999852,11.122088,0.672788143157959,0.9999852,11.125227,0.3598423,-0.5760485
1769,1,1,0.60284585,0.41733706,0.8805434107780457,0.60284585,0.41733676,0.04051594,-3.1647003
1770,1,0,0.0012863574,-6.6546535,0.7662863731384277,0.0007581659,-7.18385,0.0012863574,-6.6546535
1771,0,1,0.9862991,4.276498,1.0,0.017553423,-4.024797,0.9862991,4.2764997
1772,1,1,0.9999857,11.15488,0.6387917399406433,0.9999857,11.158625,0.8796691,1.9893001
1773,0,1,0.9999372,9.675122,1.0,0.9999372,9.674402,0.020997664,-3.8421228
1774,0,1,0.77113384,1.2147245,1.0,0.0010193023,-6.887617,0.77113384,1.2147245
1775,1,1,0.9999752,10.604822,0.6031063199043274,0.9999752,10.607015,0.097642206,-2.2237012
1776,0,1,0.99884987,6.7667284,1.0,0.99884987,6.766713,0.044808347,-3.0595176
1777,1,1,0.9999832,10.993608,0.7118951678276062,0.9999832,10.993972,0.51520294,0.06083037
1778,0,1,0.9998628,8.893862,0.6681556701660156,0.0007274414,-7.2252493,0.9998628,8.89422
1779,1,1,0.9921578,4.840365,0.6103089451789856,0.9921578,4.840369,0.046080265,-3.0301948
1780,1,1,0.99998343,11.0078945,0.8025957942008972,0.99998343,11.008198,0.6949597,0.82341003
1781,1,1,0.9998055,8.544935,0.6744948029518127,0.9998055,8.545036,0.14296453,-1.7908828
1782,1,1,0.9999325,9.603724,0.6087771058082581,0.9999325,9.604334,0.28464487,-0.92153674
1783,0,1,0.847123,1.7122124,1.0,0.0054842085,-5.200383,0.847123,1.7122126
1784,1,1,0.9999889,11.409775,0.671320915222168,0.9999889,11.405651,0.9599808,3.177554
1785,1,1,0.9799258,3.888042,0.784574568271637,0.9799258,3.8880427,0.844191,1.689748
1786,1,0,0.011428807,-4.4601235,0.6138494610786438,0.011428807,-4.4601235,0.0047793575,-5.3386583
1787,0,1,0.99986494,8.909626,0.6250348687171936,9.60885e-06,-11.552816,0.99986494,8.909613
1788,1,1,0.9999827,10.965634,0.7541478276252747,0.9999827,10.966293,0.75822663,1.1429818
1789,0,1,0.9730631,3.5869522,1.0,5.686859e-06,-12.077347,0.9730631,3.5869527
1790,1,1,0.99995303,9.965987,0.5317023396492004,0.99995303,9.965308,0.68416506,0.77297956
1791,1,1,0.9999814,10.89251,0.7930095791816711,0.9999814,10.889613,0.8630163,1.840571
1792,0,1,0.9998596,8.870671,0.536628782749176,0.00010419555,-9.169137,0.9998596,8.870471
1793,1,1,0.99997497,10.595253,0.775964081287384,0.99997497,10.596292,0.10918926,-2.0990493
1794,1,1,0.9999901,11.523535,0.8314710259437561,0.9999901,11.520755,0.21701548,-1.2831442
1795,1,1,0.9999682,10.355104,0.729859471321106,0.9999682,10.353949,0.91966724,2.4378343
1796,1,1,0.99993944,9.7118435,0.7604270577430725,0.99993944,9.712316,0.18750699,-1.4662912
1797,1,1,0.995602,5.4222,0.5973422527313232,0.995602,5.4221888,0.14801894,-1.7502239
1798,1,1,0.9981439,6.287426,0.6896990537643433,0.9981439,6.2874207,0.16121313,-1.6492293
1799,1,1,0.99105245,4.7073874,0.7544974088668823,0.99105245,4.7073946,0.8547966,1.7727282
1800,1,1,0.9999014,9.224482,0.6912229061126709,0.9999014,9.225063,0.062108703,-2.714748
1801,1,0,0.116223514,-2.028689,1.0,2.671705e-05,-10.530182,0.116223514,-2.028689
1802,0,1,0.9609044,3.2018654,1.0,0.9609044,3.2018657,0.82518494,1.5518789
1803,0,1,0.9997749,8.398622,0.7914208173751831,1.1297457e-05,-11.390922,0.9997749,8.398766
1804,1,0,0.20435867,-1.3592719,1.0,6.465744e-06,-11.948986,0.20435867,-1.3592719
1805,1,0,0.00030267372,-8.102552,0.7743195295333862,3.640375e-05,-10.220802,0.00030267372,-8.102552
1806,0,1,0.99954385,7.692223,0.7125570774078369,6.1988335e-06,-11.991143,0.99954385,7.692267
1807,1,1,0.99998534,11.130186,0.913815438747406,0.99998534,11.129412,0.3511001,-0.6142072
1808,0,1,0.9999869,11.241892,1.0,0.9999869,11.2377615,0.4077038,-0.37346607
1809,0,1,0.9999814,10.89251,1.0,0.9999814,10.889857,0.96293706,3.25737
1810,1,0,0.00017574776,-8.646285,0.5247607827186584,4.6448655e-05,-9.977117,0.00017574776,-8.646285
1811,1,1,0.99995947,10.1133995,0.6640984416007996,0.99995947,10.113642,0.9412428,2.7737875
1812,0,1,0.9893805,4.534385,1.0,0.9893805,4.5343823,0.0074198195,-4.896153
1813,0,1,0.9831424,4.065951,1.0,0.004738777,-5.347226,0.9831424,4.0659466
1814,1,1,0.9999776,10.705921,0.7764027118682861,0.9999776,10.707165,0.21987404,-1.2664006
1815,1,0,0.06076292,-2.7380881,1.0,2.672742e-05,-10.529794,0.06076292,-2.7380881
1816,1,1,0.9986858,6.633195,0.612016499042511,0.9986858,6.633237,0.36461937,-0.55537033
1817,1,1,0.9545551,3.0447447,0.7654668092727661,0.9545551,3.0447435,0.5739483,0.29797876
1818,1,1,0.99999225,11.76799,0.8315072059631348,0.99999225,11.770085,0.85381025,1.7648035
1819,1,0,0.0022020391,-6.116167,0.6501335501670837,0.0022020391,-6.116167,0.001332951,-6.619026
1820,1,1,0.99995923,10.107533,0.8329460620880127,0.99995923,10.106707,0.21225534,-1.3113841
1821,1,0,0.00016627357,-8.70171,0.6497988104820251,8.2269966e-05,-9.405422,0.00016627357,-8.70171
1822,0,1,0.84313065,1.6817086,1.0,6.948346e-05,-9.574352,0.84313065,1.6817086
1823,0,1,0.9999807,10.85477,1.0,0.9999807,10.85644,0.08867194,-2.3299594
1824,0,1,0.91908383,2.4299638,1.0,0.91908383,2.429964,0.16735373,-1.6044992
1825,0,1,0.99813014,6.2800217,1.0,0.99813014,6.2800016,0.9903032,4.6262193
1826,1,1,0.999982,10.925087,0.7588043212890625,0.999982,10.92824,0.09734899,-2.2270336
1827,1,1,0.90422213,2.2450435,0.7601885199546814,0.90422213,2.2450435,0.50365466,0.0146188885
1828,1,1,0.99998343,11.0078945,0.794205367565155,0.99998343,11.010384,0.8546885,1.7718575
1829,1,1,0.9999621,10.180296,0.6042835116386414,0.9999621,10.178766,0.31626838,-0.7709744
1830,0,1,0.9997787,8.415715,1.0,0.9997787,8.415759,0.15387125,-1.7045553
1831,1,1,0.53576607,0.143309,1.0,0.53576607,0.14330909,0.28436828,-0.92289543
1832,0,1,0.78125465,1.2729928,1.0,1.5373682e-05,-11.082838,0.78125465,1.2729928
1833,1,1,0.99858993,6.562707,0.7279829978942871,0.99858993,6.562744,0.45816544,-0.16773038
1834,1,1,0.99994695,9.844258,0.7580998539924622,0.99994695,9.843283,0.5067231,0.02689384
1835,1,0,0.08562573,-2.3682542,1.0,8.752152e-06,-11.646202,0.08562573,-2.3682542
1836,1,0,0.00093729905,-6.9715705,0.8134123682975769,0.0006904128,-7.27753,0.00093729905,-6.9715705
1837,1,1,0.9999838,11.029714,0.82366544008255,0.9999838,11.030268,0.4620114,-0.15224767
1838,0,1,0.99989665,9.177243,0.6173813939094543,3.185227e-05,-10.35437,0.99989665,9.177318
1839,1,1,0.5366125,0.1467126,0.8603448867797852,0.5366125,0.14671268,0.10415874,-2.1518471
1840,0,1,0.99972147,8.185698,0.6552790999412537,8.119418e-06,-11.721244,0.99972147,8.185831
1841,1,1,0.9999746,10.581068,0.7021458745002747,0.9999746,10.581718,0.05316131,-2.879798
1842,0,1,0.99964607,7.9460506,1.0,0.99964607,7.9462013,0.98475754,4.168314
1843,1,0,0.00019343437,-8.550379,0.7056235074996948,3.7670055e-05,-10.186607,0.00019343437,-8.550379
1844,1,1,0.99982786,8.667041,0.6027999520301819,0.99982786,8.667329,0.85571563,1.7801524
1845,0,1,0.9998734,8.974349,1.0,0.9998734,8.974401,0.50970566,0.03882739
1846,0,1,0.99971396,8.159083,0.7626323103904724,1.2804474e-05,-11.265703,0.99971396,8.158971
1847,1,0,0.00024151837,-8.328323,0.6592286229133606,0.00014022998,-8.872087,0.00024151837,-8.328323
1848,0,1,0.99998915,11.431515,1.0,0.99998915,11.434013,0.095746435,-2.2454064
1849,1,1,0.9999645,10.245256,0.6997066140174866,0.9999645,10.243978,0.7643336,1.1765871
1850,0,1,0.9953992,5.376909,1.0,0.9953992,5.3769073,0.97348684,3.6032443
1851,0,1,0.9998275,8.664965,0.6780472993850708,6.1236074e-06,-12.003353,0.9998275,8.664856
1852,0,1,0.99832743,6.391722,1.0,0.99832743,6.3917274,0.23171878,-1.1986314
1853,1,1,0.99998164,10.905415,0.7809692621231079,0.99998164,10.904571,0.58325535,0.3361515
1854,0,1,0.99972874,8.212159,0.6372697949409485,0.00045529444,-7.694111,0.99972874,8.212239
1855,1,0,0.00057287683,-7.464267,0.6497581005096436,0.00019540901,-8.54022,0.00057287683,-7.464267
1856,1,1,0.9999131,9.350624,0.8805612325668335,0.9999131,9.351056,0.041714128,-3.1343062
1857,0,1,0.999974,10.557864,1.0,0.999974,10.557172,0.4145626,-0.34513533
1858,1,1,0.9999895,11.465038,0.7535390853881836,0.9999895,11.466043,0.69769794,0.8363596
1859,0,1,0.993779,5.0735846,1.0,0.993779,5.0735974,0.48793644,-0.048263624
1860,1,0,0.27108705,-0.98911434,0.6527996063232422,0.27108705,-0.98911434,0.067405686,-2.627241
1861,1,1,0.9995049,7.610304,0.7491608262062073,0.9995049,7.610265,0.15563096,-1.691102
1862,0,1,0.9999889,11.409775,1.0,0.9999889,11.415062,0.013401716,-4.29888
1863,1,1,0.9998932,9.144338,0.8237084746360779,0.9998932,9.144293,0.93749756,2.7080076
1864,0,1,0.7919188,1.3365306,1.0,1.6155056e-05,-11.033261,0.7919188,1.3365302
1865,0,1,0.6682641,0.7003442,1.0,1.855957e-05,-10.894506,0.6682641,0.7003442
1866,0,1,0.9240318,2.4984317,1.0,0.6970923,0.83348966,0.9240318,2.4984307
1867,1,1,0.99648607,5.6474996,0.614372730255127,0.99648607,5.6475067,0.898873,2.1847641
1868,1,1,0.9999739,10.5532875,0.7055925130844116,0.9999739,10.552233,0.100449204,-2.1922433
1869,1,1,0.9995154,7.6317315,0.592418372631073,0.9995154,7.6316633,0.1684049,-1.5969745
1870,0,1,0.99925965,7.207648,0.6143028736114502,1.1036133e-05,-11.414325,0.99925965,7.207674
1871,0,1,0.99976116,8.339496,0.6717347502708435,7.5684443e-06,-11.791515,0.99976116,8.339628
1872,1,1,0.99986243,8.891258,0.6503451466560364,0.99986243,8.89146,0.7787401,1.2583394
1873,1,0,0.38120145,-0.48445183,0.5101963877677917,0.17413738,-1.5565839,0.38120145,-0.48445165
1874,0,1,0.9985368,6.5256824,1.0,0.9985368,6.5256977,0.86982536,1.8994156
1875,0,1,0.9998338,8.702287,0.6069344878196716,5.724674e-05,-9.768083,0.9998338,8.702313
1876,1,1,0.9999901,11.523535,0.7169431447982788,0.9999901,11.526675,0.3321728,-0.69837403
1877,1,1,0.9999143,9.364438,0.6746358871459961,0.9999143,9.36488,0.88280785,2.0192926
1878,1,1,0.9998721,8.964044,0.7089956998825073,0.9998721,8.963719,0.9335098,2.6418967
1879,1,1,0.9999902,11.535656,0.6074423789978027,0.9999902,11.532967,0.03134181,-3.4309587
1880,0,1,0.9998234,8.641398,1.0,0.9998234,8.641006,0.28894618,-0.9005077
1881,0,1,0.9998307,8.683804,0.7312381863594055,6.395183e-06,-11.959959,0.9998307,8.683655
1882,0,0,0.007965777,-4.824603,0.4984113574028015,0.0070589404,-4.9463763,0.007965777,-4.824603
1883,1,1,0.9999845,11.074835,0.76213538646698,0.9999845,11.073147,0.88772464,2.0677073
1884,1,1,0.9999927,11.831504,0.771125853061676,0.9999927,11.833198,0.45833626,-0.16704212
1885,0,1,0.92137843,2.4612248,1.0,0.92137843,2.4612246,0.10579946,-2.1343846
1886,1,1,0.9999831,10.986541,0.5376722812652588,0.9999831,10.985279,0.17590632,-1.5443326
1887,1,1,0.9999838,11.029714,0.7230588793754578,0.9999838,11.033265,0.1304836,-1.8966897
1888,1,1,0.99715173,5.858192,0.6796778440475464,0.99715173,5.858207,0.011382869,-4.4641976
1889,0,1,0.99985087,8.810537,0.5722341537475586,0.03916802,-3.199939,0.99985087,8.8107195
1890,1,1,0.99997365,10.544196,0.7823420763015747,0.99997365,10.542952,0.90886986,2.299914
1891,1,1,0.99998736,11.278934,0.6349255442619324,0.99998736,11.283316,0.5996602,0.4040494
1892,1,1,0.9999908,11.598571,0.7063930630683899,0.9999908,11.600277,0.6640612,0.6814453
1893,0,1,0.9998369,8.721117,0.6498925089836121,9.072658e-06,-11.610236,0.9998369,8.721046
1894,0,1,0.7826194,1.2809969,1.0,6.035435e-06,-12.017857,0.7826194,1.2809968
1895,1,0,0.00019337222,-8.5507,0.5150730609893799,0.0001069005,-9.143505,0.00019337222,-8.5507
1896,1,1,0.9999733,10.530712,0.8814757466316223,0.9999733,10.532932,0.55468273,0.21960929
1897,0,1,0.9998375,8.724779,0.6203789114952087,6.0688994e-06,-12.012327,0.9998375,8.725013
1898,0,1,0.9998103,8.569763,0.7845283150672913,9.526254e-05,-9.258779,0.9998103,8.569903
1899,0,1,0.84766644,1.7164147,1.0,9.907097e-06,-11.522249,0.84766644,1.7164147
1900,0,1,0.65989906,0.6628444,1.0,0.004153042,-5.4797525,0.65989906,0.6628444
1901,0,1,0.81557983,1.4866827,1.0,2.037515e-05,-10.801174,0.81557983,1.4866829
1902,0,1,0.9998846,9.067038,1.0,0.9998846,9.067009,0.96540004,3.3286896
1903,1,1,0.99998,10.818401,0.4524473249912262,0.99998,10.820361,0.104678914,-2.1462848
1904,1,1,0.9963952,5.6218696,0.6881166100502014,0.9963952,5.6218657,0.7266184,0.97753286
1905,1,1,0.99999404,12.030356,0.7628393769264221,0.99999404,12.023797,0.12053224,-1.9873996
1906,0,1,0.99997354,10.539681,1.0,0.99997354,10.538724,0.86104804,1.824022
1907,0,1,0.99981755,8.608853,0.5182105302810669,7.999412e-06,-11.736135,0.99981755,8.608498
1908,1,1,0.9936702,5.056141,0.5925241112709045,0.9936702,5.0561514,0.21973203,-1.2672286
1909,0,1,0.99984777,8.789964,1.0,0.99984777,8.790123,0.62259775,0.5005889
1910,0,1,0.9997876,8.456962,0.6327855587005615,1.2106149e-05,-11.321785,0.9997876,8.457009
1911,1,1,0.99996626,10.296905,0.8456984162330627,0.99996626,10.296157,0.75135845,1.1058704
1912,0,1,0.99971634,8.167456,1.0,0.99971634,8.167429,0.012700506,-4.3533316
1913,1,1,0.9999739,10.5532875,0.7954332828521729,0.9999739,10.553447,0.43099797,-0.2777806
1914,0,1,0.9997929,8.481976,0.7711966037750244,2.9604429e-05,-10.427557,0.9997929,8.4817505
1915,0,1,0.9998197,8.620686,0.650964617729187,1.5210727e-05,-11.093494,0.9998197,8.6203
1916,0,1,0.66167593,0.67077166,1.0,4.2023963e-05,-10.077229,0.66167593,0.6707717
1917,0,1,0.9997348,8.234833,0.7448475956916809,0.018854756,-3.9519553,0.9997348,8.235012
1918,0,1,0.99998105,10.873462,1.0,0.99998105,10.874602,0.032467727,-3.3945022
1919,1,1,0.9999877,11.307644,0.7763403654098511,0.9999877,11.310289,0.89972264,2.1941462
1920,1,1,0.9999875,11.288412,0.7057816982269287,0.9999875,11.286294,0.48465392,-0.061403662
1921,0,1,0.99968445,8.060887,0.7865329384803772,0.00038359573,-7.8655376,0.99968445,8.061012
1922,0,1,0.9997452,8.274738,0.6068738698959351,9.761088e-06,-11.537097,0.9997452,8.2748375
1923,1,1,0.99943537,7.4787664,0.7507579922676086,0.99943537,7.4788027,0.90604866,2.2663164
1924,0,1,0.99978226,8.432011,0.869847297668457,1.3418299e-05,-11.218878,0.99978226,8.431806
1925,1,1,0.9998584,8.862217,0.7705789804458618,0.9998584,8.862489,0.5227929,0.09123477
1926,1,0,0.00033034352,-8.015047,0.7430587410926819,5.9695547e-05,-9.726193,0.00033034352,-8.015047
1927,1,0,0.4707991,-0.11693674,1.0,0.032195747,-3.4031954,0.4707991,-0.11693667
1928,1,1,0.99751127,5.9934897,0.6743432283401489,0.99751127,5.9934735,0.5087675,0.035073504
1929,0,1,0.99634737,5.608648,1.0,0.99634737,5.6086345,0.83761805,1.6406107
1930,1,0,0.00018252473,-8.608442,0.631247341632843,3.9352042e-05,-10.142923,0.00018252473,-8.608442
1931,1,1,0.9999846,11.082558,0.6097167134284973,0.9999846,11.080235,0.4621974,-0.1514996
1932,1,1,0.99969435,8.092755,0.6963575482368469,0.99969435,8.092636,0.24178192,-1.1429349
1933,0,1,0.99810994,6.2692533,1.0,0.99810994,6.2692375,0.026074633,-3.6203718
1934,0,1,0.9996195,7.8736014,0.7431337237358093,6.4459623e-06,-11.95205,0.9996195,7.873761
1935,0,1,0.99974805,8.286033,1.0,0.99974805,8.28589,0.01721243,-4.044761
1936,1,1,0.9999896,11.476467,0.7839286923408508,0.9999896,11.480137,0.7734205,1.2277272
1937,0,1,0.9999089,9.303726,0.5560631155967712,0.0017962481,-6.320257,0.9999089,9.304159
1938,1,1,0.9999783,10.738357,0.6479676961898804,0.9999783,10.740671,0.87000704,1.9010215
1939,1,1,0.999943,9.772717,0.6605024933815002,0.999943,9.773739,0.35019454,-0.6181841
1940,1,1,0.99999166,11.693882,0.8993493914604187,0.99999166,11.690594,0.4056632,-0.38192287
1941,0,1,0.999778,8.412488,0.566400408744812,0.048377063,-2.9791431,0.999778,8.412275
1942,1,1,0.9999913,11.651917,0.848705530166626,0.9999913,11.649774,0.797799,1.3725942
1943,1,1,0.9999844,11.067172,0.7227065563201904,0.9999844,11.06603,0.9085473,2.2960243
1944,1,1,0.999982,10.925087,0.7427833676338196,0.999982,10.927738,0.09349236,-2.2717197
1945,0,1,0.9998814,9.039524,1.0,0.9998814,9.040068,0.024558919,-3.6818147
1946,0,1,0.99989593,9.170345,0.7667430639266968,1.037241e-05,-11.476351,0.99989593,9.170362
1947,1,1,0.99998593,11.171686,0.637542188167572,0.99998593,11.168491,0.46831834,-0.12689656
1948,0,1,0.99986005,8.874073,0.638705313205719,1.3963811e-05,-11.179028,0.99986005,8.874144
1949,1,1,0.9999622,10.183446,0.8049267530441284,0.9999622,10.1848755,0.9704816,3.4927776
1950,1,1,0.999987,11.251024,0.7404974699020386,0.999987,11.247127,0.80448425,1.4145606
1951,1,0,0.00025643146,-8.268393,0.8349153399467468,1.6566995e-05,-11.008081,0.00025643146,-8.268393
1952,0,1,0.9998667,8.9229555,0.6535789966583252,2.100524e-05,-10.770718,0.9998667,8.923464
1953,0,0,0.15693638,-1.6812019,0.7854169607162476,0.15693638,-1.6812019,0.005501348,-5.1972456
1954,0,1,0.9996119,7.8538957,0.7192369103431702,1.1245936e-05,-11.395493,0.9996119,7.853802
1955,1,1,0.9911204,4.7150793,0.6842589974403381,0.9911204,4.71508,0.6428184,0.587618
1956,0,1,0.75657535,1.1339946,1.0,0.75657535,1.1339948,0.014155468,-4.2433977
1957,1,0,0.079476304,-2.4494839,0.5653928518295288,0.079476304,-2.4494839,0.057151254,-2.8032045
1958,1,1,0.99998105,10.873462,0.7264163494110107,0.99998105,10.870811,0.92950934,2.5791771
1959,1,1,0.99995697,10.053464,0.5729186534881592,0.99995697,10.054676,0.83075684,1.5910006
1960,0,1,0.9986462,6.603485,1.0,0.9986462,6.603498,0.8728576,1.9264643
1961,0,1,0.9998641,8.903465,0.6149541735649109,6.7584847e-06,-11.904705,0.9998641,8.903322
1962,1,1,0.99999106,11.624888,0.7198613882064819,0.99999106,11.621468,0.4507764,-0.19753414
1963,0,1,0.9998317,8.689454,1.0,0.9998317,8.68991,0.16352025,-1.6322656
1964,1,1,0.943098,2.8078399,1.0,0.943098,2.8078413,0.25474274,-1.0734754
1965,1,1,0.9999844,11.067172,0.7523544430732727,0.9999844,11.069037,0.8713174,1.9126576
1966,0,1,0.99984944,8.800989,0.6585309505462646,1.24536455e-05,-11.293485,0.99984944,8.8008175
1967,1,1,0.99992645,9.517443,0.6751636266708374,0.99992645,9.516852,0.91352654,2.3574748
1968,1,1,0.99997306,10.521823,0.7360538840293884,0.99997306,10.521176,0.8640194,1.8490832
1969,1,1,0.99984884,8.797038,0.8152044415473938,0.99984884,8.797477,0.59170073,0.3710005
1970,1,0,0.00058651407,-7.440727,0.9747952818870544,9.5410405e-06,-11.559898,0.00058651407,-7.440727
1971,1,0,0.00025740443,-8.264605,0.6911239624023438,0.00011684735,-9.054525,0.00025740443,-8.264605
1972,1,1,0.9999827,10.965634,0.588782787322998,0.9999827,10.965438,0.98480874,4.171733
1973,0,1,0.9998728,8.969652,0.7546246647834778,1.0299547e-05,-11.4834,0.9998728,8.970197
1974,0,1,0.9998196,8.620025,0.7866764068603516,6.374566e-06,-11.963188,0.9998196,8.620203
1975,1,1,0.9999373,9.677021,0.8607302904129028,0.9999373,9.677062,0.91162723,2.3336678
1976,0,1,0.9999863,11.197439,1.0,0.9999863,11.201752,0.7889192,1.318423
1977,0,1,0.9984106,6.442797,1.0,0.9984106,6.442812,0.06554961,-2.6571512
1978,1,0,0.00016268164,-8.723553,0.6290081739425659,0.00016268164,-8.723553,0.00015759277,-8.755339
1979,1,1,0.99999213,11.752723,0.653952956199646,0.99999213,11.754019,0.7886806,1.3169906
1980,1,1,0.9998838,9.059832,0.658603847026825,0.9998838,9.060299,0.5923912,0.3738595
1981,1,1,0.9999746,10.581068,0.7307773232460022,0.9999746,10.581821,0.6673796,0.69635713
1982,0,1,0.9995592,7.726532,1.0,0.9995592,7.726671,0.76073635,1.1567206
1983,0,1,0.8816675,2.0083165,1.0,8.822386e-06,-11.638209,0.8816675,2.0083165
1984,1,1,0.99998546,11.13835,0.7164533138275146,0.99998546,11.134987,0.16642837,-1.6111546
1985,1,1,0.99998534,11.130186,0.53407883644104,0.99998534,11.130539,0.05049173,-2.9341347
1986,1,1,0.9999299,9.565588,0.7124653458595276,0.9999299,9.565172,0.11448339,-2.0457416
1987,1,1,0.9999906,11.572927,0.7507414817810059,0.9999906,11.57687,0.65142703,0.6253176
1988,0,1,0.9996959,8.09784,0.7567548751831055,0.0043819724,-5.4258647,0.9996959,8.097669
1989,0,1,0.9998492,8.799407,0.7424097061157227,2.0999512e-05,-10.77099,0.9998492,8.799693
1990,0,1,0.9999589,10.0988,1.0,0.9999589,10.098984,0.057308603,-2.8002882
1991,1,0,0.0003355388,-7.9994373,0.7212991118431091,0.00015816104,-8.751739,0.0003355388,-7.9994373
1992,0,1,0.65604097,0.6457007,1.0,2.2292608e-05,-10.711233,0.65604097,0.64570063
1993,0,1,0.99998164,10.905415,1.0,0.99998164,10.906679,0.5269381,0.10785693
1994,1,1,0.94304436,2.8068407,0.724199116230011,0.94304436,2.8068419,0.9147864,2.3735301
1995,0,1,0.9998666,8.922061,0.6954943537712097,1.640869e-05,-11.017683,0.9998666,8.9218
1996,1,0,0.39749503,-0.4159135,0.5946587920188904,0.39749503,-0.41591337,0.021020463,-3.8410144
1997,0,1,0.99979955,8.514743,0.7771784067153931,1.8192863e-05,-10.914463,0.99979955,8.514874
1998,0,1,0.56872314,0.27664348,1.0,0.24311835,-1.1356586,0.56872314,0.27664343
1999,1,1,0.9997453,8.275207,0.7656919360160828,0.9997453,8.275392,0.36718434,-0.54431534
2000,0,1,0.9998729,8.97059,0.6727980375289917,9.114985e-05,-9.302915,0.9998729,8.9705925
2001,0,1,0.99978036,8.423287,1.0,0.99978036,8.423122,0.569537,0.27996248
2002,0,1,0.99998415,11.05202,1.0,0.99998415,11.051468,0.0075048967,-4.8846664
2003,1,1,0.99995196,9.9434,0.6797865629196167,0.99995196,9.942634,0.4548835,-0.18095824
2004,1,1,0.9998965,9.17609,0.638685405254364,0.9998965,9.175705,0.088622555,-2.3305707
2005,1,1,0.99998236,10.945155,0.7536488175392151,0.99998236,10.9442215,0.40641356,-0.37881166
2006,1,0,0.0014827824,-6.512351,0.7241458296775818,0.0014827824,-6.512351,0.0014785153,-6.5152373
2007,1,0,0.23760343,-1.1658639,0.6379446983337402,0.23760343,-1.1658639,0.07097032,-2.571879
2008,1,1,0.9999871,11.2602415,0.7368603348731995,0.9999871,11.258536,0.72433925,0.9660889
2009,0,1,0.984168,4.129763,1.0,0.00013491968,-8.910696,0.984168,4.12976
2010,1,0,0.0016545973,-6.4025416,0.8823426961898804,0.0016545973,-6.4025416,0.00079793535,-7.1326847
2011,1,1,0.9999876,11.297982,0.8871117234230042,0.9999876,11.301635,0.57671434,0.3093
2012,0,1,0.7893719,1.3211436,1.0,0.7893719,1.3211437,0.5290694,0.11640888
2013,1,1,0.9702224,3.4837694,0.7929512858390808,0.9702224,3.483769,0.4630367,-0.14812355
2014,0,1,0.99998236,10.945155,1.0,0.99998236,10.942314,0.2085431,-1.3337297
2015,0,1,0.94933,2.9304218,1.0,0.27645895,-0.962095,0.94933,2.9304214
2016,1,1,0.9999244,9.490261,0.7961944341659546,0.9999244,9.489859,0.79550606,1.35844
2017,1,1,0.99996686,10.314731,0.7846764922142029,0.99996686,10.315241,0.35421106,-0.60057974
2018,0,1,0.99976283,8.346509,0.6520019769668579,7.219332e-05,-9.536091,0.99976283,8.346539
2019,1,1,0.999938,9.688495,0.8476306200027466,0.999938,9.688665,0.63706815,0.5626617
2020,1,1,0.9999573,10.06181,0.7140682339668274,0.9999573,10.061484,0.504122,0.0164886
2021,0,1,0.87305886,1.9282794,1.0,1.0584028e-05,-11.456154,0.87305886,1.9282795
2022,1,1,0.99645567,5.6388555,0.729657769203186,0.99645567,5.6388626,0.60210437,0.4142409
2023,0,1,0.9989073,6.8180356,1.0,0.9989073,6.8180904,0.6328069,0.54427755
2024,0,1,0.99844545,6.4650145,0.8252241611480713,2.1002137e-05,-10.770865,0.99844545,6.465022
2025,0,1,0.931341,2.6074731,1.0,0.0034766379,-5.658207,0.931341,2.6074734
2026,0,1,0.7074324,0.88294625,1.0,0.080092594,-2.4410896,0.7074324,0.8829463
2027,1,1,0.9999801,10.824371,0.6358756422996521,0.9999801,10.8245125,0.737944,1.0353096
2028,0,1,0.53612155,0.14473838,1.0,5.508294e-06,-12.10925,0.53612155,0.14473847
2029,1,1,0.9999769,10.674504,0.7632884979248047,0.9999769,10.675273,0.83235204,1.6023893
2030,1,1,0.99997985,10.812467,0.6237429976463318,0.99997985,10.812765,0.83732516,1.6384592
2031,1,0,0.00037140012,-7.897859,0.9066501259803772,5.5931625e-05,-9.791325,0.00037140012,-7.897859
2032,0,1,0.9996413,7.9326634,0.6422054171562195,0.0023106479,-6.067914,0.9996413,7.9327893
2033,1,1,0.99998116,10.879771,0.5890154838562012,0.99998116,10.879438,0.70559454,0.8740828
2034,0,1,0.9999268,9.522317,1.0,0.9999268,9.522341,0.6727586,0.7206883
2035,0,1,0.99955195,7.7101617,0.8448398113250732,8.557862e-06,-11.668652,0.99955195,7.7101474
2036,0,1,0.99974996,8.293633,0.6325970888137817,7.3057556e-05,-9.52419,0.99974996,8.293484
2037,0,1,0.9998099,8.56788,0.5858437418937683,8.303914e-06,-11.698775,0.9998099,8.568029
2038,1,1,0.8840085,2.03095,0.7204776406288147,0.8840085,2.0309503,0.057781372,-2.791571
2039,1,1,0.9999765,10.659158,0.8894513845443726,0.9999765,10.657831,0.7695737,1.2059056
2040,0,1,0.99984705,8.785275,0.6731281876564026,5.4642974e-06,-12.1172695,0.99984705,8.785576
2041,0,1,0.99998343,11.0078945,1.0,0.99998343,11.01101,0.98849654,4.4535413
2042,1,1,0.9999839,11.037094,0.8454691171646118,0.9999839,11.036074,0.02512413,-3.6584814
2043,1,1,0.9999714,10.461718,0.6276727914810181,0.9999714,10.463696,0.27883205,-0.9502625
2044,0,1,0.99671423,5.7148643,1.0,0.99671423,5.7148495,0.5935744,0.3787615
2045,0,1,0.5707059,0.28473172,1.0,1.2955061e-05,-11.254011,0.5707059,0.2847318
2046,0,1,0.99987817,9.012747,0.6929210424423218,8.042348e-06,-11.730782,0.99987817,9.012539
2047,1,1,0.9999876,11.297982,0.7107660174369812,0.9999876,11.296475,0.7416826,1.0547321
2048,0,1,0.99975914,8.331044,0.5963451266288757,1.517627e-05,-11.095762,0.99975914,8.331115
2049,1,1,0.54193634,0.16814032,0.8629022240638733,0.54193634,0.1681405,0.2651038,-1.0196079
2050,1,1,0.9990815,6.9918413,0.7815154790878296,0.9990815,6.9918394,0.02421829,-3.6961308
2051,0,1,0.999663,7.9950767,0.8175268173217773,1.0576944e-05,-11.456823,0.999663,7.995203
2052,1,1,0.99996614,10.293377,0.6863284111022949,0.99996614,10.291792,0.262354,-1.0337694
2053,0,1,0.99985063,8.80894,0.5016741156578064,0.0002670552,-8.227788,0.99985063,8.808765
2054,1,1,0.9998361,8.716012,0.6401472687721252,0.9998361,8.7161455,0.85270464,1.7559731
2055,0,1,0.96556383,3.3336048,1.0,3.3619002e-05,-10.300385,0.96556383,3.3336053
2056,0,1,0.99978405,8.440259,0.6784008741378784,4.256052e-05,-10.064541,0.99978405,8.44006
2057,1,1,0.993317,5.001484,0.5597094893455505,0.993317,5.0014925,0.49620244,-0.015190467
2058,0,1,0.99728405,5.9058957,1.0,0.99728405,5.905897,0.83395475,1.6139185
2059,1,1,0.9999857,11.15488,0.5615410804748535,0.9999857,11.151876,0.28115007,-0.938764
2060,1,1,0.9995993,7.8218417,0.5073347687721252,0.9995993,7.8219376,0.29831398,-0.8553396
2061,1,1,0.9999877,11.307644,0.7004525065422058,0.9999877,11.308826,0.07199766,-2.5564008
2062,0,1,0.90494555,2.253425,1.0,0.90494555,2.2534251,0.021853475,-3.8012996
2063,0,1,0.9998406,8.744042,0.6341097950935364,1.4431155e-05,-11.146107,0.9998406,8.744215
2064,0,1,0.987867,4.399619,1.0,0.987867,4.399615,0.8834729,2.0257368
2065,1,1,0.9999906,11.572927,0.7637032866477966,0.9999906,11.567351,0.28174728,-0.93581104
2066,0,1,0.999938,9.688495,1.0,0.999938,9.687973,0.83292013,1.606466
2067,1,1,0.9975005,5.989154,0.9212064743041992,0.9975005,5.989137,0.08583173,-2.3656259
2068,0,1,0.9370581,2.7005332,1.0,0.0636117,-2.6892328,0.9370581,2.7005343
2069,0,1,0.65624255,0.6465941,1.0,3.90922e-05,-10.149549,0.65624255,0.6465939
2070,0,1,0.5776144,0.31298795,1.0,1.0628959e-05,-11.451918,0.5776144,0.31298813
2071,0,1,0.8253493,1.5530186,1.0,0.007889379,-4.834317,0.8253493,1.5530186
2072,1,0,0.190374,-1.4475818,0.4788840115070343,0.190374,-1.4475818,0.14867195,-1.7450552
2073,1,1,0.9999708,10.441097,0.7442708015441895,0.9999708,10.439397,0.08505142,-2.3756118
2074,0,1,0.99990034,9.213656,0.5722161531448364,0.011070171,-4.492369,0.99990034,9.214187
2075,0,1,0.9060428,2.2662473,1.0,0.0015706179,-6.4547143,0.9060428,2.266247
2076,1,1,0.5994664,0.40324217,0.631159245967865,0.5994664,0.4032422,0.021194141,-3.8326085
2077,0,1,0.9273704,2.5469809,0.5197761654853821,0.9273704,2.5469804,0.013827384,-4.2671804
2078,1,1,0.9999312,9.584475,0.6368531584739685,0.9999312,9.584843,0.2126223,-1.3091908
2079,0,1,0.8596147,1.8120933,1.0,0.0014681449,-6.5222864,0.8596147,1.8120933
2080,1,1,0.9907658,4.6755652,0.5974937081336975,0.9907658,4.6755676,0.33737168,-0.67502904
2081,0,1,0.60841775,0.44066617,1.0,0.29337695,-0.87903905,0.60841775,0.44066608
2082,1,1,0.9996996,8.11007,0.5095286965370178,0.9996996,8.1098795,0.8890969,2.0815492
2083,0,1,0.9998596,8.870671,0.5240052938461304,0.00023563675,-8.352983,0.9998596,8.870426
2084,1,1,0.99999154,11.679697,0.6080411076545715,0.99999154,11.678843,0.97522265,3.6727347
2085,1,1,0.988766,4.4775143,0.6828913688659668,0.988766,4.4775124,0.5160273,0.06413095
2086,0,1,0.9998747,8.984762,0.49462276697158813,1.070005e-05,-11.445251,0.9998747,8.985195
2087,1,1,0.99998426,11.059567,0.5923172235488892,0.99998426,11.061514,0.09765813,-2.2235205
2088,1,1,0.99995005,9.904465,0.6595419645309448,0.99995005,9.905214,0.93093896,2.6012025
2089,0,0,0.25317743,-1.081737,1.0,0.25098282,-1.0933775,0.25317743,-1.081737
2090,1,1,0.9999627,10.196145,0.7572231888771057,0.9999627,10.195705,0.19148137,-1.4404132
2091,0,1,0.9998965,9.17609,0.722930908203125,5.838083e-05,-9.748465,0.9998965,9.17635
2092,0,1,0.9998691,8.941009,0.4861081540584564,2.2609434e-05,-10.697121,0.9998691,8.940917
2093,0,1,0.9997477,8.284614,0.6433680653572083,1.6435502e-05,-11.01605,0.9997477,8.284434
2094,1,1,0.9999913,11.651917,0.7452381253242493,0.9999913,11.649588,0.25895396,-1.0514125
2095,0,1,0.9998355,8.712382,0.690182089805603,3.3662473e-05,-10.299093,0.9998355,8.712506
2096,1,1,0.9999814,10.89251,0.6874328851699829,0.9999814,10.890988,0.05365259,-2.87008
2097,0,1,0.99979955,8.514743,0.542452871799469,9.383104e-06,-11.576591,0.99979955,8.514614
2098,0,1,0.8033413,1.40731,1.0,2.956036e-05,-10.429047,0.8033413,1.4073098
2099,1,0,0.00019347275,-8.55018,0.7216494083404541,0.00011584199,-9.063168,0.00019347275,-8.55018
2100,1,1,0.99956983,7.7509074,0.7986903190612793,0.99956983,7.750884,0.030920332,-3.444933
2101,1,0,0.024173876,-3.6980119,0.6475553512573242,0.024173876,-3.6980119,0.010042366,-4.5908494
2102,1,1,0.9998863,9.081608,0.536374568939209,0.9998863,9.081909,0.23359299,-1.1881332
2103,0,1,0.9997507,8.296499,0.7917959094047546,6.828168e-06,-11.894447,0.9997507,8.296482
2104,0,1,0.9147589,2.373177,1.0,0.18175799,-1.504482,0.9147589,2.373176
2105,0,1,0.9925021,4.8856053,1.0,0.9925021,4.885609,0.9664216,3.3597176
2106,0,1,0.99979,8.468254,0.765430748462677,7.400083e-05,-9.51136,0.99979,8.468455
2107,1,0,0.39543882,-0.42450687,0.8399038314819336,0.39543882,-0.42450684,0.05171859,-2.908834
2108,0,1,0.9998685,8.936464,0.653113603591919,1.9968551e-05,-10.821332,0.9998685,8.936511
2109,0,1,0.99990237,9.234203,0.572854220867157,2.2956408e-05,-10.6818905,0.99990237,9.234071
2110,0,1,0.9420141,2.7878203,1.0,0.0003500863,-7.9569807,0.9420141,2.7878199
2111,1,1,0.9999908,11.598571,0.6947425007820129,0.9999908,11.594445,0.9696489,3.4641008
2112,1,1,0.9835903,4.093337,0.8017651438713074,0.9835903,4.093339,0.20892921,-1.331392
2113,0,1,0.9999033,9.24402,0.7436878681182861,1.3626641e-05,-11.20347,0.9999033,9.2442045
2114,0,1,0.99982566,8.654308,1.0,0.99982566,8.654181,0.042060524,-3.125675
2115,0,1,0.99998355,11.015115,1.0,0.99998355,11.015267,0.78931034,1.3207732
2116,0,1,0.99987125,8.9575405,0.6582348942756653,7.754902e-06,-11.767178,0.99987125,8.957673
2117,0,1,0.9999162,9.386945,1.0,0.9999162,9.386997,0.89560395,2.1493058
2118,0,1,0.6961303,0.82893777,0.7748062014579773,0.6961303,0.82893777,0.059341006,-2.7632802
2119,1,1,0.99995553,10.020762,0.7172924876213074,0.99995553,10.020327,0.53029615,0.12133326
2120,0,1,0.9997712,8.382337,0.5785149931907654,4.04155e-05,-10.116257,0.9997712,8.382109
2121,1,1,0.9999889,11.409775,0.6817530989646912,0.9999889,11.412533,0.6795583,0.7517426
2122,1,1,0.9999845,11.074835,0.537074625492096,0.9999845,11.071844,0.95409125,3.0341034
2123,0,1,0.99963856,7.925046,0.6403535008430481,1.1755953e-05,-11.351139,0.99963856,7.9249296
2124,1,0,0.42988205,-0.2823324,1.0,0.00044533893,-7.7162294,0.42988205,-0.28233242
2125,0,1,0.9999659,10.286359,1.0,0.9999659,10.284858,0.9392091,2.737597
2126,0,1,0.99997914,10.777578,1.0,0.99997914,10.778176,0.62768143,0.5222831
2127,1,1,0.99952483,7.651366,0.5852217078208923,0.99952483,7.651344,0.50931185,0.03725171
2128,1,1,0.9997594,8.332035,0.6693717837333679,0.9997594,8.332075,0.680532,0.75621766
2129,1,1,0.99602133,5.5228214,0.808127760887146,0.99602133,5.5228286,0.6204234,0.49134552
2130,0,1,0.9999224,9.463798,1.0,0.9999224,9.464559,0.40270346,-0.39421332
2131,0,1,0.9996786,8.04254,0.8474871516227722,0.005511921,-5.195315,0.9996786,8.042534
2132,1,1,0.99998474,11.09034,0.6353912353515625,0.99998474,11.090103,0.13086899,-1.8932972
2133,1,1,0.9998801,9.028528,0.7349506616592407,0.9998801,9.028624,0.85161036,1.7472873
2134,0,1,0.9950519,5.3037953,1.0,0.9950519,5.303793,0.27361444,-0.97636104
2135,1,0,0.00026763589,-8.2256155,0.7579329013824463,0.0001910278,-8.562901,0.00026763589,-8.2256155
2136,1,1,0.99997723,10.690089,0.6900500059127808,0.99997723,10.692128,0.32392123,-0.7358091
2137,1,1,0.9999896,11.476467,0.5859235525131226,0.9999896,11.47928,0.6513619,0.62503105
2138,0,1,0.9951881,5.3318434,1.0,0.9951881,5.331841,0.024610553,-3.6796615
2139,0,1,0.9998809,9.035511,0.6817330121994019,9.825568e-06,-11.530513,0.9998809,9.036127
2140,1,1,0.9999528,9.960924,0.825017511844635,0.9999528,9.962025,0.4977241,-0.009103596
2141,0,1,0.9997894,8.465419,0.6523078680038452,0.0014830402,-6.512177,0.9997894,8.465422
2142,1,1,0.9996296,7.900602,0.612492561340332,0.9996296,7.900659,0.10052992,-2.1913505
2143,1,1,0.999974,10.557864,0.6867220997810364,0.999974,10.557545,0.9548675,3.051968
2144,0,1,0.7273093,0.98101366,1.0,0.0004412662,-7.725421,0.7273093,0.9810137
2145,0,1,0.99998164,10.905415,1.0,0.99998164,10.90546,0.30610043,-0.81841403
2146,0,1,0.9997004,8.112853,0.5830503106117249,1.134122e-05,-11.387055,0.9997004,8.112748
2147,0,1,0.9998041,8.537606,1.0,0.9998041,8.537386,0.14147854,-1.8030636
2148,1,1,0.9759877,3.7048826,0.6584070920944214,0.9759877,3.7048805,0.34892797,-0.62375474
2149,0,1,0.99930525,7.271261,1.0,0.99930525,7.2712555,0.98732865,4.355665
2150,1,0,0.009257231,-4.67305,0.8352462649345398,0.0027896184,-5.879057,0.009257231,-4.67305
2151,0,1,0.9994367,7.481093,1.0,0.9994367,7.481132,0.8773207,1.9672992
2152,1,0,0.00020071118,-8.513443,0.5871322154998779,8.955158e-05,-9.320606,0.00020071118,-8.513443
2153,0,1,0.9998042,8.538215,0.7643974423408508,1.4421663e-05,-11.146765,0.9998042,8.538184
2154,0,1,0.9997975,8.504682,0.7409510016441345,1.3755377e-05,-11.194067,0.9997975,8.504629
2155,0,1,0.9997849,8.444131,0.4757467806339264,2.5699981e-05,-10.5689945,0.9997849,8.444264
2156,0,1,0.99981755,8.608853,0.7231309413909912,5.3048003e-05,-9.84426,0.99981755,8.609007
2157,1,1,0.9999908,11.598571,0.5850415825843811,0.9999908,11.600196,0.12684768,-1.929123
2158,1,1,0.9999857,11.15488,0.8261129260063171,0.9999857,11.152008,0.16462985,-1.6241753
2159,1,1,0.5052974,0.021190433,0.9058453440666199,0.5052974,0.021190464,0.017947745,-4.00218
2160,0,1,0.99984884,8.797038,0.6502289175987244,1.2099938e-05,-11.322298,0.99984884,8.79691
2161,1,0,0.4325698,-0.27137402,0.7674486041069031,0.4325698,-0.27137405,0.04650607,-3.0205503
2162,0,1,0.9998381,8.728455,0.6267505288124084,1.8389517e-05,-10.903711,0.9998381,8.728517
2163,1,1,0.99998283,10.972555,0.7085129022598267,0.99998283,10.972034,0.5493326,0.1979747
2164,0,1,0.99921834,7.1533146,0.7643778920173645,4.049563e-05,-10.114276,0.99921834,7.153267
2165,1,0,0.38247427,-0.4790593,0.7256592512130737,0.38247427,-0.47905922,0.08432756,-2.38495
2166,1,1,0.9999647,10.25199,0.7121425271034241,0.9999647,10.252003,0.6967606,0.83191925
2167,0,1,0.9999651,10.262177,1.0,0.9999651,10.263245,0.7164548,0.92694354
2168,1,1,0.99922276,7.158978,0.6432037949562073,0.99922276,7.1590543,0.76875377,1.2012875
2169,1,1,0.99998426,11.059567,0.7127383351325989,0.99998426,11.063224,0.97412676,3.6283326
2170,0,1,0.9998704,8.951078,0.8066242337226868,1.0835163e-05,-11.432703,0.9998704,8.950803
2171,1,1,0.99995697,10.053464,0.8443111777305603,0.99995697,10.053916,0.9132714,2.3542492
2172,0,1,0.685772,0.7804264,1.0,2.6753485e-05,-10.528819,0.685772,0.7804264
2173,1,0,0.45051703,-0.19858187,1.0,0.0010696036,-6.839397,0.45051703,-0.19858196
2174,1,1,0.9999459,9.824234,0.7090912461280823,0.9999459,9.823476,0.038737234,-3.2114465
2175,1,1,0.99998343,11.0078945,0.6762493848800659,0.99998343,11.006663,0.8428344,1.6794705
2176,0,1,0.9999862,11.188781,1.0,0.9999862,11.184957,0.041866485,-3.1305015
2177,0,1,0.99979395,8.48717,0.5836712121963501,0.020618828,-3.8607163,0.99979395,8.486825
2178,1,1,0.9999783,10.738357,0.704416036605835,0.9999783,10.739656,0.503832,0.015328184
2179,0,1,0.717832,0.933733,1.0,4.5410427e-05,-9.999723,0.717832,0.93373287
2180,1,1,0.99995553,10.020762,0.6873695254325867,0.99995553,10.020309,0.8325028,1.6034698
2181,1,1,0.9981451,6.2880697,0.7145596146583557,0.9981451,6.288087,0.7002745,0.84860545
2182,1,1,0.9999385,9.696217,0.7598864436149597,0.9999385,9.697025,0.26676923,-1.0110765
2183,0,1,0.99981016,8.569135,0.5692951083183289,0.0015319531,-6.4796786,0.99981016,8.568979
2184,0,1,0.9998115,8.576068,0.5808785557746887,0.0005836266,-7.4456654,0.9998115,8.575794
2185,0,1,0.81818575,1.5041038,1.0,5.1596e-06,-12.174646,0.81818575,1.504104
2186,0,1,0.999534,7.670882,0.7502695918083191,5.8150376e-06,-12.055058,0.999534,7.670815
2187,1,1,0.9999722,10.491319,0.7582082748413086,0.9999722,10.492041,0.48602664,-0.055907845
2188,0,1,0.74759954,1.0858505,1.0,0.0044997553,-5.3992224,0.74759954,1.0858505
2189,1,1,0.9998677,8.930138,0.6082144379615784,0.9998677,8.930143,0.7036522,0.8647503
2190,1,1,0.8360382,1.6290406,0.591351330280304,0.8360382,1.6290404,0.19703752,-1.4049138
2191,0,1,0.99979633,8.498811,0.7215316295623779,2.3181352e-05,-10.672139,0.99979633,8.498991
2192,0,1,0.99984884,8.797038,0.8073665499687195,3.6006372e-06,-12.534396,0.99984884,8.797115
2193,0,1,0.9996636,7.9968476,0.6449702978134155,2.6333018e-05,-10.544661,0.9996636,7.996964
2194,1,1,0.9599474,3.176685,0.6512473821640015,0.9599474,3.1766865,0.036025394,-3.286841
2195,0,1,0.9999728,10.513012,1.0,0.9999728,10.513145,0.045840178,-3.0356703
2196,1,0,0.0061458577,-5.085812,0.7068597674369812,0.0061458577,-5.085812,0.0004115957,-7.7950573
2197,0,1,0.99993455,9.634221,1.0,0.99993455,9.63425,0.97355723,3.6059742
2198,0,1,0.9999393,9.709876,1.0,0.9999393,9.708994,0.98856,4.459141
2199,1,1,0.981203,3.9550831,0.6623809337615967,0.981203,3.9550853,0.61478233,0.46745974
2200,0,0,0.012585566,-4.3625393,0.7188736200332642,0.012585566,-4.3625393,0.0069256127,-4.965579
2201,0,1,0.79563785,1.3592504,1.0,1.3871181e-05,-11.185683,0.79563785,1.3592505
2202,1,1,0.98570806,4.2336645,0.742868185043335,0.98570806,4.2336655,0.41271576,-0.35274965
2203,0,1,0.9894911,4.5449686,1.0,0.9894911,4.5449758,0.04969948,-2.9507837
2204,1,1,0.99993145,9.587947,0.590188205242157,0.99993145,9.587845,0.10294657,-2.1649053
2205,0,1,0.99989367,9.148812,0.6249444484710693,1.6873715e-05,-10.989737,0.99989367,9.148373
2206,0,1,0.99965,7.9572315,0.6450726389884949,0.0017812059,-6.328682,0.99965,7.9572735
2207,0,1,0.999974,10.557864,1.0,0.999974,10.556772,0.7265304,0.97708964
2208,1,1,0.9999639,10.228617,0.6869058012962341,0.9999639,10.229744,0.24873011,-1.1053965
2209,1,1,0.9999851,11.114057,0.6606342792510986,0.9999851,11.113007,0.7583421,1.1436116
2210,1,1,0.9999782,10.732877,0.7637463212013245,0.9999782,10.734135,0.71149576,0.90265965
2211,0,1,0.9998547,8.836453,0.5966172218322754,0.00017420498,-8.655104,0.9998547,8.836559
2212,0,1,0.7845013,1.2920934,1.0,0.7845013,1.2920935,0.17139369,-1.575782
2213,1,1,0.99997795,10.722008,0.7593719959259033,0.99997795,10.720255,0.88600796,2.0505974
2214,1,1,0.99997807,10.7274275,0.6709280610084534,0.99997807,10.729127,0.60209614,0.4142066
2215,1,1,0.9999795,10.79487,0.732706606388092,0.9999795,10.793422,0.764582,1.1779666
2216,0,1,0.99892324,6.832723,1.0,0.99892324,6.8327127,0.18844317,-1.4601579
2217,0,1,0.9999871,11.2602415,1.0,0.9999871,11.257132,0.009622577,-4.633974
2218,1,1,0.99997365,10.544196,0.6145031452178955,0.99997365,10.543105,0.91540456,2.3814862
2219,0,1,0.999811,8.573541,0.6211714148521423,0.018542668,-3.968964,0.999811,8.573366
2220,0,1,0.99998844,11.367662,1.0,0.99998844,11.362869,0.87474823,1.9436105
2221,1,1,0.99999,11.511559,0.677092969417572,0.99999,11.514317,0.30802798,-0.8093548
2222,0,0,0.043916248,-3.0805612,0.5909454822540283,0.043916248,-3.0805612,0.0297381,-3.485137
2223,1,1,0.99998593,11.171686,0.7602190375328064,0.99998593,11.168322,0.3007836,-0.8435693
2224,1,0,0.37500364,-0.5108101,1.0,0.37500364,-0.51081014,0.37144354,-0.526029
2225,0,1,0.821478,1.5263933,1.0,9.570998e-05,-9.254092,0.821478,1.5263933
2226,1,1,0.9986015,6.570953,0.7657602429389954,0.9986015,6.5709543,0.85568213,1.7798805
2227,1,0,0.06363262,-2.6888816,0.5538533926010132,0.06363262,-2.6888816,0.045925878,-3.0337126
2228,0,1,0.9997923,8.479101,0.5561581254005432,0.0010582282,-6.8501005,0.9997923,8.4791
2229,1,1,0.9999541,9.989096,0.5975796580314636,0.9999541,9.987871,0.931128,2.604148
2230,0,1,0.9997969,8.501741,0.7329722046852112,1.1465968e-05,-11.376116,0.9997969,8.5018425
2231,1,1,0.9999461,9.8286495,0.6982859373092651,0.9999461,9.82814,0.6068116,0.4339293
2232,1,1,0.9999825,10.951935,0.6277004480361938,0.9999825,10.95065,0.22970827,-1.2099591
2233,0,1,0.96860474,3.4292,1.0,0.96860474,3.4291975,0.96610016,3.3498576
2234,0,1,0.9999738,10.548732,1.0,0.9999738,10.547892,0.025243018,-3.6536386
2235,1,1,0.9993051,7.271089,0.634063720703125,0.9993051,7.2710977,0.35206273,-0.6099845
2236,0,1,0.99976796,8.368365,0.8079620003700256,1.6665781e-05,-11.002136,0.99976796,8.368408
2237,0,1,0.6417574,0.58300006,1.0,5.741845e-06,-12.067724,0.6417574,0.5830001
2238,0,1,0.9998995,9.2053175,0.7065523862838745,0.00012338304,-9.000093,0.9998995,9.205164
2239,1,1,0.99999166,11.693882,0.7935207486152649,0.99999166,11.696275,0.5983835,0.3987341
2240,1,1,0.99998784,11.3174,0.6048520803451538,0.99998784,11.317697,0.4676487,-0.129586
2241,0,1,0.53544945,0.14203613,1.0,0.00030793002,-8.08533,0.53544945,0.14203621
2242,1,1,0.9999865,11.214984,0.7144991755485535,0.9999865,11.21825,0.46572205,-0.13732703
2243,0,1,0.99994993,9.902081,1.0,0.99994993,9.902974,0.71747583,0.931975
2244,1,0,0.00024186014,-8.326909,0.8354998230934143,8.855522e-06,-11.63446,0.00024186014,-8.326909
2245,0,1,0.99990416,9.25269,0.5524067878723145,9.864898e-06,-11.526518,0.99990416,9.25338
2246,1,0,0.026997468,-3.5846436,0.8521174788475037,0.026997468,-3.5846436,0.011720567,-4.4346204
2247,1,0,0.00018770003,-8.580478,0.7430842518806458,1.6917316e-05,-10.987156,0.00018770003,-8.580478
2248,0,1,0.99997616,10.644044,1.0,0.99997616,10.644813,0.91684926,2.4002879
2249,0,1,0.99998677,11.2328415,1.0,0.99998677,11.230477,0.73530746,1.0217198
2250,1,1,0.9999677,10.340234,0.8489782214164734,0.9999677,10.340766,0.6692116,0.70462155
2251,0,1,0.9999659,10.286359,1.0,0.9999659,10.287576,0.5382335,0.15323325
2252,0,1,0.9998104,8.570392,0.5679896473884583,2.243518e-05,-10.704858,0.9998104,8.570459
2253,0,1,0.9997079,8.138045,0.6205313205718994,0.0013621871,-6.5973005,0.9997079,8.138089
2254,1,1,0.9999914,11.66571,0.761201024055481,0.9999914,11.670874,0.6513815,0.62511706
2255,1,1,0.9999528,9.960924,0.7134753465652466,0.9999528,9.960321,0.2774788,-0.95700216
2256,1,1,0.9999881,11.337203,0.7257439494132996,0.9999881,11.339884,0.22145633,-1.2571996
2257,1,0,0.0003308932,-8.013384,0.6116923689842224,2.7273774e-05,-10.509558,0.0003308932,-8.013384
2258,0,1,0.9998827,9.050642,0.6998201608657837,0.001541115,-6.4737067,0.9998827,9.050419
2259,0,1,0.9998337,8.70157,0.7515854835510254,0.00016483424,-8.710405,0.9998337,8.701889
2260,0,1,0.9997626,8.345505,0.6780167818069458,2.2346652e-05,-10.708812,0.9997626,8.345618
2261,0,1,0.9997291,8.213478,0.8037460446357727,6.0769104e-05,-9.708368,0.9997291,8.213614
2262,1,0,0.0028160815,-5.869589,0.7243205308914185,0.0028160815,-5.869589,0.0016003302,-6.4359436
2263,1,1,0.9999845,11.074835,0.5973113179206848,0.9999845,11.071994,0.03501953,-3.316202
2264,1,1,0.99984646,8.781385,0.834266722202301,0.99984646,8.781506,0.4462484,-0.2158404
2265,0,1,0.9998215,8.630654,0.5469577312469482,0.007183687,-4.928733,0.9998215,8.630312
2266,0,1,0.9996184,7.8707848,1.0,0.9996184,7.870849,0.668728,0.7024374
2267,0,1,0.9998698,8.946488,0.7113161683082581,0.4129829,-0.35164785,0.9998698,8.946674
2268,0,0,0.078997806,-2.4560423,0.576816201210022,0.078997806,-2.4560423,0.024167847,-3.6982675
2269,0,1,0.9998242,8.646135,0.5708188414573669,2.023868e-05,-10.807895,0.9998242,8.645739
2270,0,1,0.99929845,7.2615213,1.0,0.99929845,7.2615995,0.023756806,-3.7158427
2271,0,1,0.9998406,8.744042,0.7477084398269653,0.00015671509,-8.760924,0.9998406,8.744049
2272,0,1,0.98790574,4.4028563,1.0,0.98790574,4.402857,0.03040142,-3.4623928
2273,1,0,0.00045451868,-7.695817,0.8908543586730957,9.555629e-06,-11.558371,0.00045451868,-7.695817
2274,1,0,0.00025979057,-8.255375,0.6561692357063293,9.969546e-06,-11.515965,0.00025979057,-8.255375
2275,1,1,0.99914765,7.0666647,0.770664632320404,0.99914765,7.066617,0.69221705,0.8105048
2276,0,1,0.9997702,8.378177,0.814476728439331,5.9496804e-05,-9.729528,0.9997702,8.378052
2277,1,1,0.9991295,7.0455422,0.5712626576423645,0.9991295,7.0454617,0.94555867,2.8546517
2278,0,1,0.99974805,8.286033,0.8321213722229004,3.499988e-05,-10.260131,0.99974805,8.285957
2279,0,1,0.85172474,1.748193,1.0,7.884434e-05,-9.447956,0.85172474,1.7481933
2280,1,1,0.9999887,11.388497,0.8750892281532288,0.9999887,11.389657,0.51458466,0.05835515
2281,0,1,0.9993326,7.3114634,1.0,0.9993326,7.311431,0.021515423,-3.817235
2282,1,1,0.99998295,10.979524,0.686611533164978,0.99998295,10.978015,0.8484704,1.7226543
2283,0,1,0.9998938,9.149935,0.5292650461196899,2.8474542e-05,-10.466472,0.9998938,9.1501045
2284,1,1,0.9997054,8.12951,0.778210461139679,0.9997054,8.129564,0.44950825,-0.20265774
2285,0,1,0.8799044,1.991525,1.0,2.1258005e-05,-10.758756,0.8799044,1.991525
2286,1,1,0.99998236,10.945155,0.7398837208747864,0.99998236,10.941845,0.47300535,-0.10808356
2287,1,1,0.99919385,7.122431,0.7031987309455872,0.99919385,7.1224537,0.38493705,-0.46864474
2288,0,1,0.99856085,6.5422597,1.0,0.99856085,6.542247,0.49401313,-0.023948513
2289,1,1,0.99956363,7.7365937,0.7027460336685181,0.99956363,7.7366786,0.8851629,2.042257
2290,0,1,0.99458283,5.2127504,1.0,0.99458283,5.212749,0.83788466,1.6425724
2291,1,0,0.0003266892,-8.026175,0.8901950120925903,0.00018368893,-8.602083,0.0003266892,-8.026175
2292,1,1,0.99998283,10.972555,0.6825441718101501,0.99998283,10.972772,0.6317266,0.539631
2293,1,1,0.9999858,11.163247,0.5178487300872803,0.9999858,11.166784,0.55918837,0.23786855
2294,0,1,0.9998425,8.7560835,0.573185920715332,8.527474e-06,-11.672209,0.9998425,8.756287
2295,1,1,0.9998522,8.81937,0.7203961610794067,0.9998522,8.819317,0.38246974,-0.47907853
2296,1,1,0.99993587,9.654463,0.6957665681838989,0.99993587,9.655245,0.0424693,-3.1155763
2297,1,1,0.99980897,8.562874,0.6452845931053162,0.99980897,8.562838,0.4412078,-0.23626156
2298,0,1,0.9759295,3.7024033,1.0,2.1094893e-05,-10.7664585,0.9759295,3.7024038
2299,1,0,0.020689053,-3.8572445,0.7790765166282654,0.020689053,-3.8572445,0.013596384,-4.2842617
2300,1,1,0.99969447,8.093146,0.4616039991378784,0.99969447,8.093139,0.43571797,-0.258559
2301,0,1,0.9851612,4.195559,1.0,0.12868969,-1.9125941,0.9851612,4.1955566
2302,0,1,0.9997696,8.375585,1.0,0.9997696,8.375803,0.0073622637,-4.9039984
2303,0,1,0.8242153,1.5451717,1.0,3.171097e-05,-10.358816,0.8242153,1.5451722
2304,1,1,0.9997738,8.393867,0.7533461451530457,0.9997738,8.393802,0.891568,2.106858
2305,1,1,0.99997723,10.690089,0.718136191368103,0.99997723,10.690123,0.3054525,-0.8214663
2306,1,1,0.9999845,11.074835,0.5637705326080322,0.9999845,11.077156,0.78704464,1.3072022
2307,0,1,0.9989104,6.8208795,1.0,0.9989104,6.8209143,0.06480385,-2.6693912
2308,1,1,0.99998176,10.911929,0.5837610363960266,0.99998176,10.914721,0.69589585,0.8278296
2309,0,1,0.9995968,7.8156114,0.5287862420082092,0.00026793842,-8.224485,0.9995968,7.81548
2310,1,1,0.9998536,8.829097,0.8113162517547607,0.9998536,8.829539,0.08700262,-2.3507948
2311,1,1,0.99999297,11.8648405,0.5889031291007996,0.99999297,11.858901,0.8329256,1.6065052
2312,0,1,0.9998578,8.858017,0.5318038463592529,0.00029088266,-8.1423,0.9998578,8.858449
2313,0,1,0.99976915,8.373517,0.6501441597938538,0.005729573,-5.1563683,0.99976915,8.373272
2314,1,1,0.9999701,10.416903,0.7707089781761169,0.9999701,10.416602,0.736467,1.0276859
2315,1,1,0.9999881,11.337203,0.6570507884025574,0.9999881,11.332393,0.54995626,0.20049407
2316,1,1,0.99392503,5.0974855,0.5410249829292297,0.99392503,5.0974884,0.8461461,1.704689
2317,1,0,0.00036017623,-7.928557,0.7321980595588684,0.00036017623,-7.928557,0.00031622066,-8.058754
2318,1,0,0.23811482,-1.1630429,0.5677682757377625,0.23811482,-1.1630429,0.20941111,-1.3284787
2319,1,1,0.9999701,10.416903,0.7123944759368896,0.9999701,10.4180565,0.7592549,1.1485989
2320,1,0,0.0007534985,-7.1900296,0.7514880895614624,0.0007534985,-7.1900296,0.0004186011,-7.7781734
2321,1,1,0.9999745,10.576384,0.7396941184997559,0.9999745,10.575809,0.20317197,-1.3665862
2322,0,1,0.99982566,8.654308,0.6056938767433167,2.1646203e-05,-10.740659,0.99982566,8.654336
2323,0,1,0.999902,9.230547,1.0,0.999902,9.230257,0.8905179,2.0960414
2324,0,1,0.99985397,8.831543,1.0,0.99985397,8.83137,0.028161053,-3.5412502
2325,0,1,0.9998745,8.9828615,0.7173579931259155,0.0022736962,-6.084072,0.9998745,8.983379
2326,0,1,0.9963535,5.6103363,1.0,0.9963535,5.6103334,0.015805628,-4.1314573
2327,0,1,0.9997807,8.424917,1.0,0.9997807,8.424891,0.7249498,0.96914876
2328,0,1,0.9995939,7.8085384,1.0,0.9995939,7.8084326,0.7835163,1.2862763
2329,0,1,0.9195943,2.4368474,1.0,1.892421e-05,-10.87505,0.9195943,2.4368467
2330,1,1,0.9999113,9.3302555,0.6964983344078064,0.9999113,9.330345,0.5487152,0.19548073
2331,0,1,0.7347175,1.0186907,1.0,0.7347175,1.0186907,0.014434931,-4.223564
2332,0,1,0.9999702,10.420895,1.0,0.9999702,10.419197,0.13390534,-1.8668611
2333,0,1,0.9999926,11.815244,1.0,0.9999926,11.812406,0.91956276,2.436421
2334,0,1,0.99994564,9.819838,1.0,0.99994564,9.820963,0.932744,2.6296244
2335,0,0,0.04561307,-3.040875,0.5542519092559814,0.03961643,-3.188089,0.04561307,-3.040875
2336,1,0,0.016944412,-4.0607276,0.817559540271759,0.012892863,-4.3381047,0.016944412,-4.0607276
2337,0,1,0.8978641,2.1737146,1.0,0.27017123,-0.99375397,0.8978641,2.1737142
2338,1,0,0.00023706003,-8.34696,0.7125811576843262,1.297983e-05,-11.252101,0.00023706003,-8.34696
2339,0,1,0.9999894,11.453738,1.0,0.9999894,11.45112,0.7901582,1.3258795
2340,1,1,0.9999751,10.600026,0.7378828525543213,0.9999751,10.597946,0.68117243,0.7591651
2341,0,1,0.99986935,8.942832,0.7972719073295593,8.804903e-06,-11.640193,0.99986935,8.942762
2342,1,1,0.99997747,10.700616,0.5271022319793701,0.99997747,10.703011,0.6223183,0.49939984
2343,0,1,0.6928434,0.8134461,1.0,0.00013209059,-8.9318905,0.6928434,0.8134463
2344,1,1,0.9999757,10.624241,0.5908897519111633,0.9999757,10.625278,0.6719219,0.7168907
2345,0,1,0.9996051,7.8365316,0.8011581301689148,0.000105261104,-9.158961,0.9996051,7.8365893
2346,0,1,0.9995777,7.769375,1.0,0.9995777,7.7692785,0.6422771,0.5852613
2347,0,1,0.9996271,7.893863,1.0,0.9996271,7.893815,0.052514367,-2.892725
2348,0,1,0.999974,10.557864,1.0,0.999974,10.5575485,0.071954034,-2.5570538
2349,1,0,0.00064420234,-7.3468533,0.7759788632392883,0.00043010383,-7.751054,0.00064420234,-7.3468533
2350,1,1,0.9999287,9.548723,0.7416332960128784,0.9999287,9.548524,0.9125078,2.344646
2351,0,1,0.9999858,11.163247,1.0,0.9999858,11.162324,0.9067939,2.2751017
2352,0,1,0.9998405,8.743295,0.7364844083786011,8.66605e-06,-11.656089,0.9998405,8.743732
2353,0,1,0.99957246,7.7570257,1.0,0.99957246,7.7569356,0.10316565,-2.1625352
2354,0,1,0.99547714,5.394078,1.0,0.99547714,5.394067,0.9162051,2.391868
2355,1,0,0.0007513418,-7.1928983,0.780837893486023,0.0007513418,-7.1928983,0.00072735996,-7.2253613
2356,1,1,0.99998975,11.488028,0.5733047723770142,0.99998975,11.4914055,0.019947968,-3.8944783
2357,1,1,0.99998236,10.945155,0.7359256744384766,0.99998236,10.9444065,0.9509256,2.964098
2358,0,1,0.9998791,9.020606,0.5640432238578796,9.10799e-05,-9.303682,0.9998791,9.020653
2359,0,1,0.99983597,8.715285,0.7835291028022766,0.0016372022,-6.413128,0.99983597,8.715118
2360,1,1,0.9999535,9.9761915,0.7080105543136597,0.9999535,9.976368,0.8562067,1.7841349
2361,1,1,0.9998178,8.610161,0.7338606715202332,0.9998178,8.609891,0.74380267,1.0658277
2362,0,1,0.8394826,1.6543834,0.7585204839706421,0.8394826,1.6543832,0.0089579215,-4.7062187
2363,1,1,0.99997187,10.478525,0.5290192365646362,0.99997187,10.476988,0.6440823,0.5931269
2364,1,0,0.0002559198,-8.2703905,0.7252533435821533,8.379331e-05,-9.3870735,0.0002559198,-8.2703905
2365,1,0,0.00033542846,-7.9997663,0.7826540470123291,1.0682441e-05,-11.446898,0.00033542846,-7.9997663
2366,0,1,0.99995255,9.955886,1.0,0.99995255,9.957141,0.8254052,1.5534067
2367,1,1,0.99998534,11.130186,0.77457594871521,0.99998534,11.133106,0.7451197,1.0727506
2368,0,1,0.5179013,0.07163582,1.0,0.23482533,-1.1812623,0.5179013,0.07163566
2369,1,1,0.939457,2.7419481,0.7187854051589966,0.939457,2.741949,0.0094529465,-4.651931
2370,1,1,0.99990594,9.271524,0.5596250891685486,0.99990594,9.271907,0.34155458,-0.6563741
2371,1,1,0.9999865,11.214984,0.5541057586669922,0.9999865,11.219416,0.90688056,2.2761278
2372,1,1,0.99999094,11.611643,0.7936379909515381,0.99999094,11.608505,0.9416599,2.7813559
2373,1,1,0.9999887,11.388497,0.586841881275177,0.9999887,11.38732,0.17222662,-1.5699282
2374,1,1,0.9997383,8.247958,0.7589324712753296,0.9997383,8.248158,0.97047293,3.4924774
2375,0,1,0.9700384,3.4774196,1.0,7.673047e-06,-11.777789,0.9700384,3.477419
2376,1,0,0.4162714,-0.33809873,1.0,0.00016277288,-8.722992,0.4162714,-0.33809868
2377,1,1,0.9999238,9.482405,0.608656108379364,0.9999238,9.481878,0.11189554,-2.0715237
2378,1,1,0.99999154,11.679697,0.7161465883255005,0.99999154,11.682441,0.37411097,-0.5146206
2379,0,1,0.88275415,2.0187736,1.0,2.5514973e-05,-10.57622,0.88275415,2.018774
2380,0,1,0.9999751,10.600026,1.0,0.9999751,10.60103,0.34721842,-0.63128865
2381,1,1,0.99994767,9.857834,0.7911973595619202,0.99994767,9.858852,0.9239765,2.4976435
2382,1,1,0.99784887,6.139608,0.668012797832489,0.99784887,6.1395926,0.010087757,-4.5862937
2383,1,0,0.00020775865,-8.478926,0.7369425892829895,1.7429202e-05,-10.957346,0.00020775865,-8.478926
2384,0,1,0.7553809,1.12752,1.0,0.0016021996,-6.4347744,0.7553809,1.1275202
2385,1,1,0.999915,9.372819,0.8664955496788025,0.999915,9.372379,0.49508283,-0.019669518
2386,0,1,0.7322674,1.0061569,1.0,8.022293e-06,-11.733278,0.7322674,1.0061567
2387,0,1,0.99998903,11.420586,1.0,0.99998903,11.425188,0.19734327,-1.4029825
2388,0,1,0.9998809,9.035511,0.6747969388961792,0.0036219126,-5.6171246,0.9998809,9.035341
2389,1,0,0.00025629508,-8.268925,0.7532281279563904,4.670485e-05,-9.971616,0.00025629508,-8.268925
2390,1,1,0.9998622,8.889526,0.5943364500999451,0.9998622,8.889527,0.9707409,3.5018678
2391,1,1,0.9977227,6.0824785,0.682323157787323,0.9977227,6.082464,0.353273,-0.60468316
2392,1,1,0.999961,10.152386,0.6392500996589661,0.999961,10.152644,0.8423263,1.6756397
2393,1,1,0.9999294,9.558808,0.7554596066474915,0.9999294,9.558156,0.75386256,1.1193202
2394,0,1,0.9998746,8.983811,0.6877636313438416,0.0033186327,-5.7048783,0.9998746,8.983696
2395,1,0,0.04791586,-2.9892068,0.6402047872543335,0.04791586,-2.9892068,0.019855646,-3.8992114
2396,0,1,0.9998715,8.9593935,0.6451972126960754,8.042301e-06,-11.730787,0.9998715,8.959207
2397,1,1,0.99999046,11.560349,0.7234883308410645,0.99999046,11.562063,0.13799849,-1.8320143
2398,0,1,0.69988436,0.8467472,1.0,1.740321e-05,-10.958838,0.69988436,0.84674704
2399,1,0,0.00045203872,-7.7012906,0.6310040354728699,0.00045203872,-7.7012906,0.00022985972,-8.377811
2400,0,1,0.9999826,10.958761,1.0,0.9999826,10.958999,0.3953934,-0.42469662
2401,0,1,0.99987876,9.017652,0.6434024572372437,1.2895844e-05,-11.258593,0.99987876,9.018129
2402,0,1,0.9999664,10.300445,1.0,0.9999664,10.299847,0.8657197,1.8636315
2403,0,1,0.9998698,8.946488,0.5999482870101929,0.0005646502,-7.4787393,0.9998698,8.946199
2404,1,1,0.99991524,9.3756275,0.681637704372406,0.99991524,9.375889,0.8816669,2.0083103
2405,0,1,0.99979967,8.515338,0.6291897892951965,1.6062499e-05,-11.039007,0.99979967,8.515011
2406,1,1,0.9998894,9.109242,0.6350851058959961,0.9998894,9.109777,0.45156708,-0.194341
2407,0,1,0.7632824,1.1707603,1.0,0.00017980431,-8.623462,0.7632824,1.1707604
2408,1,1,0.93990606,2.749871,0.607526957988739,0.93990606,2.7498703,0.52617514,0.104796305
2409,0,1,0.9992329,7.1721106,1.0,0.9992329,7.172093,0.48335585,-0.06660114
2410,0,1,0.9998903,9.117902,0.6693007349967957,8.00806e-06,-11.735054,0.9998903,9.117617
2411,1,1,0.9999776,10.705921,0.7831133008003235,0.9999776,10.708122,0.5403222,0.1616396
2412,0,1,0.99988806,9.097458,0.6696059107780457,2.7443362e-05,-10.503359,0.99988806,9.097633
2413,1,1,0.9999894,11.453738,0.666896402835846,0.9999894,11.458285,0.63935685,0.5725737
2414,0,1,0.99982965,8.6774845,0.5742954015731812,0.00016851835,-8.688297,0.99982965,8.677418
2415,1,0,0.07077958,-2.5747755,1.0,0.01755062,-4.0249596,0.07077958,-2.5747755
2416,1,1,0.99769163,6.068903,0.6217225790023804,0.99769163,6.0689178,0.9816675,3.9805777
2417,1,1,0.9968721,5.7642694,0.7555351853370667,0.9968721,5.764264,0.6741548,0.72703725
2418,1,1,0.9999738,10.548732,0.7444789409637451,0.9999738,10.550718,0.73346496,1.0122743
2419,1,0,0.040825058,-3.1567774,0.8377792239189148,0.040825058,-3.1567774,0.023162832,-3.741771
2420,0,1,0.99981326,8.585599,0.7965761423110962,6.052542e-06,-12.015026,0.99981326,8.585447
2421,0,1,0.9997737,8.393339,1.0,0.9997737,8.393484,0.36761537,-0.54246056
2422,1,1,0.99998415,11.05202,0.8944898247718811,0.99998415,11.050312,0.6354795,0.5557972
2423,0,1,0.98953956,4.5496397,1.0,0.0023506237,-6.050721,0.98953956,4.5496407
2424,0,1,0.99942493,7.460451,1.0,0.99942493,7.460398,0.9159124,2.3880615
2425,1,1,0.9999882,11.347254,0.7052190899848938,0.9999882,11.346163,0.48166835,-0.07335945
2426,0,1,0.9998223,8.635341,0.5785138010978699,1.5873326e-05,-11.050855,0.9998223,8.6354
2427,0,1,0.999882,9.044562,0.5270758271217346,3.4965153e-05,-10.261124,0.999882,9.044564
2428,1,0,0.00022479714,-8.400087,0.7035441398620605,2.69764e-05,-10.520521,0.00022479714,-8.400087
2429,1,1,0.99992144,9.451583,0.8096621036529541,0.99992144,9.451897,0.14349802,-1.7865354
2430,0,1,0.8490185,1.7269238,1.0,1.2100723e-05,-11.322233,0.8490185,1.7269241
2431,1,0,0.00023168731,-8.36989,0.695957601070404,1.2525445e-05,-11.287736,0.00023168731,-8.36989
2432,1,1,0.9999839,11.037094,0.7614947557449341,0.9999839,11.039324,0.4226301,-0.31198585
2433,0,1,0.9999325,9.603724,1.0,0.9999325,9.604553,0.26060587,-1.0428219
2434,0,1,0.99987376,8.977179,1.0,0.99987376,8.977758,0.5762456,0.30738005
2435,1,1,0.99996114,10.155449,0.745011031627655,0.99996114,10.1556425,0.9840947,4.1250715
2436,1,1,0.99997294,10.517408,0.7178819179534912,0.99997294,10.518375,0.65403885,0.63684034
2437,0,1,0.99997914,10.777578,1.0,0.99997914,10.778784,0.96552336,3.3323882
2438,0,1,0.9996105,7.850215,0.6183388233184814,9.982295e-06,-11.514688,0.9996105,7.8501024
2439,1,1,0.99996686,10.314731,0.6359656453132629,0.99996686,10.314198,0.10879726,-2.1030858
2440,1,1,0.999899,9.200583,0.6791993379592896,0.999899,9.201037,0.07218316,-2.5536275
2441,0,1,0.9999535,9.9761915,1.0,0.9999535,9.975372,0.025202693,-3.6552787
2442,0,1,0.9996706,8.017983,0.7727267146110535,7.8636505e-05,-9.450596,0.9996706,8.018126
2443,0,1,0.972933,3.5819998,1.0,2.9148332e-05,-10.443084,0.972933,3.5819983
2444,1,0,0.48723194,-0.05108327,1.0,7.1878235e-06,-11.843115,0.48723194,-0.051083446
2445,0,1,0.98185927,3.9912882,1.0,1.0673612e-05,-11.447725,0.98185927,3.9912863
2446,0,1,0.99988616,9.08056,1.0,0.99988616,9.080837,0.8399135,1.6575843
2447,1,1,0.99999285,11.848034,0.7214329838752747,0.99999285,11.855406,0.96516454,3.3216639
2448,0,1,0.9996644,7.999332,0.644144594669342,0.011920363,-4.4175153,0.9996644,7.99914
2449,0,1,0.8556029,1.7792394,1.0,6.166642e-05,-9.693709,0.8556029,1.7792395
2450,1,1,0.60945606,0.4450264,0.6996268630027771,0.60945606,0.4450263,0.28960618,-0.89729744
2451,0,1,0.99983907,8.7343645,0.8407090902328491,6.243167e-05,-9.6813755,0.99983907,8.7348
2452,1,1,0.9999913,11.651917,0.7539750933647156,0.9999913,11.655727,0.5585563,0.23530516
2453,1,1,0.99994636,9.833084,0.7280768156051636,0.99994636,9.832346,0.09630874,-2.2389288
2454,1,1,0.96929014,3.45198,0.6196742057800293,0.96929014,3.451979,0.46899003,-0.124199316
2455,0,1,0.9999434,9.779014,1.0,0.9999434,9.779252,0.89996904,2.196881
2456,1,1,0.9999728,10.513012,0.591235339641571,0.9999728,10.514381,0.035603814,-3.2990494
2457,1,1,0.98585653,4.244258,0.6544260382652283,0.98585653,4.244258,0.06459365,-2.672865
2458,1,1,0.99992514,9.49977,0.6778064966201782,0.99992514,9.500446,0.7417752,1.0552155
2459,1,1,0.93801224,2.716826,0.6411868333816528,0.93801224,2.716826,0.64770424,0.6089632
2460,1,0,0.0013797126,-6.5844994,0.5102167725563049,0.0013797126,-6.5844994,0.0009598987,-6.9477224
2461,1,1,0.99998665,11.223873,0.6320825219154358,0.99998665,11.223127,0.09898679,-2.2085335
2462,0,1,0.99987495,8.986668,1.0,0.99987495,8.986766,0.19977306,-1.3877134
2463,0,1,0.9998671,8.925643,0.5953851342201233,1.378353e-05,-11.192022,0.9998671,8.925356
2464,0,0,0.14312854,-1.7895448,0.8860204815864563,0.14312854,-1.7895448,0.0139261875,-4.25996
2465,1,1,0.9990251,6.932207,0.6833450198173523,0.9990251,6.9322186,0.84687597,1.7103059
2466,1,0,0.47981086,-0.08080054,0.688069224357605,0.08973071,-2.3169274,0.47981086,-0.08080052
2467,1,1,0.99998415,11.05202,0.6922180652618408,0.99998415,11.053846,0.68091005,0.757957
2468,1,0,0.0002412404,-8.329475,0.7912808656692505,0.00014479597,-8.84004,0.0002412404,-8.329475
2469,0,1,0.99983144,8.688039,0.47275832295417786,2.0788026e-05,-10.781113,0.99983144,8.688533
2470,0,1,0.9998704,8.951078,1.0,0.9998704,8.951182,0.35053092,-0.6167064
2471,0,1,0.9989164,6.8263707,1.0,0.9989164,6.826377,0.42564636,-0.2996363
2472,1,1,0.9999683,10.358857,0.820646345615387,0.9999683,10.357169,0.1213966,-1.9792708
2473,0,1,0.9999254,9.50296,1.0,0.9999254,9.503211,0.8882197,2.0726833
2474,0,1,0.99973696,8.242959,0.7291880249977112,9.3093186e-05,-9.2818165,0.99973696,8.243093
2475,0,1,0.9999454,9.815461,1.0,0.9999454,9.814669,0.8611815,1.8251379
2476,0,1,0.99983215,8.692292,1.0,0.99983215,8.692352,0.016429596,-4.092105
2477,1,1,0.99998283,10.972555,0.8153069019317627,0.99998283,10.972758,0.79017675,1.3259912
2478,0,1,0.8407079,1.6635046,1.0,0.010258988,-4.569289,0.8407079,1.6635046
2479,1,0,0.28884703,-0.9009903,0.5787484049797058,0.28884703,-0.9009903,0.10138063,-2.1819775
2480,0,1,0.99987376,8.977179,0.807902991771698,1.5041924e-05,-11.104654,0.99987376,8.9776
2481,1,1,0.9999856,11.14658,0.7013801336288452,0.9999856,11.144276,0.12272906,-1.9668367
2482,1,1,0.99996233,10.186605,0.6528425216674805,0.99996233,10.187208,0.8170497,1.4964855
2483,0,1,0.71347934,0.91234285,1.0,0.0009878587,-6.9189825,0.71347934,0.91234314
2484,1,1,0.99256295,4.893816,0.5983160734176636,0.99256295,4.893811,0.6634987,0.6789248
2485,1,1,0.9999865,11.214984,0.8193681836128235,0.9999865,11.216458,0.7548099,1.1244321
2486,1,0,0.00031376298,-8.066559,0.6760561466217041,0.00015577264,-8.766957,0.00031376298,-8.066559
2487,1,1,0.99997246,10.49994,0.7495607733726501,0.99997246,10.50045,0.5238099,0.09531165
2488,1,1,0.9996903,8.079578,0.5929207801818848,0.9996903,8.079466,0.03782908,-3.236114
2489,1,1,0.99996126,10.158522,0.6791446208953857,0.99996126,10.159185,0.21955578,-1.268257
2490,1,1,0.9999794,10.789073,0.7567138671875,0.9999794,10.788346,0.87568897,1.9522239
2491,1,0,0.00030865043,-8.082993,0.7421469688415527,1.2606057e-05,-11.281321,0.00030865043,-8.082993
2492,0,1,0.9997181,8.173781,0.4313026964664459,0.00019951405,-8.519426,0.9997181,8.17396
2493,1,0,0.0015486269,-6.468837,0.8066900968551636,0.0015486269,-6.468837,0.00074053206,-7.207401
2494,0,1,0.74073523,1.0497935,1.0,1.6513553e-05,-11.0113125,0.74073523,1.0497935
2495,0,1,0.7496568,1.0967827,1.0,4.8988027e-06,-12.226515,0.7496568,1.0967829
2496,1,1,0.99974686,8.281311,0.7072699666023254,0.99974686,8.281387,0.28641063,-0.91288114
2497,1,1,0.9999925,11.799243,0.6238521337509155,0.9999925,11.794389,0.88139,2.005659
2498,1,1,0.99999034,11.547926,0.6477560997009277,0.99999034,11.546677,0.5606731,0.24389419
2499,0,1,0.69642586,0.83033544,1.0,1.8558701e-05,-10.894553,0.69642586,0.8303353
2500,1,1,0.9925237,4.888517,0.6733335256576538,0.9925237,4.8885183,0.10857829,-2.1053462
2501,1,1,0.9999764,10.654095,0.7214245796203613,0.9999764,10.654173,0.4632281,-0.1473536
2502,0,1,0.7273377,0.98115695,1.0,6.1673277e-06,-11.996239,0.7273377,0.98115695
2503,1,1,0.9999579,10.075875,0.7099625468254089,0.9999579,10.076033,0.4019181,-0.39747924
2504,1,1,0.9999881,11.337203,0.6316711902618408,0.9999881,11.3361225,0.5014175,0.00567016
2505,1,1,0.9999881,11.337203,0.7492359280586243,0.9999881,11.336088,0.67719066,0.74089116
2506,1,0,0.00021311601,-8.453461,0.613310694694519,0.00021311601,-8.453461,0.0001491391,-8.810482
2507,0,1,0.9781754,3.8026514,1.0,0.9781754,3.8026514,0.22494096,-1.2371013
2508,1,0,0.26540107,-1.0180826,0.8992546200752258,0.1366021,-1.8438033,0.26540107,-1.0180826
2509,1,1,0.9994006,7.4190083,0.5195456147193909,0.9994006,7.419095,0.6586673,0.65736085
2510,0,1,0.99697256,5.797006,1.0,0.99697256,5.7969975,0.9494662,2.9332585
2511,1,0,0.0015824791,-6.447179,0.618441641330719,0.0015824791,-6.447179,0.00023664608,-8.348708
2512,1,1,0.9999572,10.05902,0.5342947244644165,0.9999572,10.059499,0.37215516,-0.5229821
2513,1,1,0.9999589,10.0988,0.6878035664558411,0.9999589,10.099377,0.6811161,0.75890565
2514,0,1,0.96920097,3.4489887,1.0,0.031900823,-3.4127028,0.96920097,3.4489906
2515,1,1,0.99998105,10.873462,0.6817348599433899,0.99998105,10.875857,0.22809887,-1.2190773
2516,0,1,0.9997259,8.201664,0.6816626191139221,0.00016289896,-8.722218,0.9997259,8.201599
2517,0,1,0.9994374,7.482364,1.0,0.9994374,7.4823008,0.27270293,-0.980952
2518,1,1,0.9998908,9.12226,0.7637697458267212,0.9998908,9.122335,0.38552076,-0.46618006
2519,1,1,0.9774395,3.7687368,0.8699068427085876,0.9774395,3.768736,0.7597406,1.1512579
2520,1,0,0.00022202863,-8.412482,0.8434925079345703,4.8840593e-05,-9.9269,0.00022202863,-8.412482
2521,0,1,0.9996532,7.9664736,1.0,0.9996532,7.966627,0.31019872,-0.7991904
2522,1,1,0.99998426,11.059567,0.7810046672821045,0.99998426,11.060459,0.7319128,1.004349
2523,0,1,0.9976199,6.0382414,1.0,0.9976199,6.038271,0.5743449,0.29960048
2524,1,1,0.99986506,8.910509,0.7161402702331543,0.99986506,8.91054,0.18401597,-1.4893723
2525,0,1,0.99998903,11.420586,1.0,0.99998903,11.424377,0.9743936,3.6389723
2526,1,1,0.99995625,10.03698,0.5551508665084839,0.99995625,10.037937,0.57776624,0.31361043
2527,0,1,0.9998863,9.081608,0.6743309497833252,7.902448e-06,-11.74833,0.9998863,9.081903
2528,1,1,0.9999808,10.860962,0.6240742206573486,0.9999808,10.861887,0.07554202,-2.5045185
2529,1,1,0.9969285,5.7825174,0.7583872079849243,0.9969285,5.782501,0.13632843,-1.8461256
2530,0,1,0.999879,9.01962,0.666854202747345,0.010694347,-4.527288,0.999879,9.020166
2531,0,1,0.9984981,6.4995093,1.0,0.9984981,6.4994774,0.90104306,2.2088675
2532,0,1,0.89798635,2.1750484,1.0,0.0012198961,-6.707769,0.89798635,2.1750486
2533,1,1,0.9997285,8.21128,0.7985022068023682,0.9997285,8.211294,0.97880095,3.8323705
2534,1,1,0.9999876,11.297982,0.6369249820709229,0.9999876,11.297683,0.6726395,0.7201474
2535,0,1,0.999892,9.133238,0.7448077201843262,0.00013722255,-8.893769,0.999892,9.133207
2536,1,1,0.9999715,10.465893,0.8749493360519409,0.9999715,10.466353,0.79880613,1.3788495
2537,0,1,0.9998381,8.728455,1.0,0.9998381,8.728982,0.019964123,-3.8936524
2538,1,1,0.9998952,9.163495,0.7995105385780334,0.9998952,9.163282,0.7292742,0.9909434
2539,0,1,0.9707299,3.5014813,1.0,0.0033839697,-5.685316,0.9707299,3.5014806
2540,0,1,0.7977815,1.3724861,1.0,1.12059815e-05,-11.399052,0.7977815,1.3724859
2541,1,1,0.99994767,9.857834,0.6959738731384277,0.99994767,9.85851,0.7532425,1.1159811
2542,1,1,0.99938416,7.3919153,0.5481362342834473,0.99938416,7.3919067,0.2332938,-1.189805
2543,1,1,0.97572756,3.6938417,0.5112016797065735,0.97572756,3.6938412,0.6241864,0.50735563
2544,1,1,0.9998715,8.9593935,0.8592151403427124,0.9998715,8.959314,0.6358709,0.5574868
2545,1,1,0.99995255,9.955886,0.6772345900535583,0.99995255,9.955467,0.7221222,0.9550129
2546,0,1,0.78978795,1.3236477,1.0,2.0987338e-05,-10.77157,0.78978795,1.3236477
2547,1,0,0.17720512,-1.5353991,1.0,3.1058582e-05,-10.379604,0.17720512,-1.535399
2548,1,1,0.9999647,10.25199,0.646264374256134,0.9999647,10.250509,0.8414425,1.6690006
2549,1,1,0.99995816,10.081557,0.6301259994506836,0.99995816,10.081972,0.120948575,-1.9834778
2550,1,1,0.9999728,10.513012,0.5916025638580322,0.9999728,10.511097,0.8020187,1.3989594
2551,1,1,0.99987257,8.967779,0.7972216606140137,0.99987257,8.967995,0.7788616,1.2590446
2552,1,1,0.99998105,10.873462,0.8191801905632019,0.99998105,10.875571,0.935855,2.6803136
2553,0,1,0.9999659,10.286359,1.0,0.9999659,10.286395,0.013871838,-4.2639256
2554,0,1,0.9834688,4.0858345,1.0,0.9834688,4.0858364,0.354727,-0.598325
2555,1,1,0.9615168,3.21829,0.7624581456184387,0.95236176,2.9953094,0.9615168,3.218289
2556,1,0,0.005041421,-5.285013,0.7076201438903809,0.0014898132,-6.5076137,0.005041421,-5.285013
2557,0,1,0.9997217,8.186554,0.6819493174552917,2.1186826e-05,-10.76211,0.9997217,8.186445
2558,0,1,0.98777556,4.392019,1.0,0.98777556,4.3920183,0.8482583,1.7210054
2559,1,1,0.99997354,10.539681,0.6778679490089417,0.99997354,10.539988,0.432778,-0.2705258
2560,0,1,0.9997248,8.197757,0.7009958624839783,1.523593e-05,-11.091839,0.9997248,8.197664
2561,0,1,0.5264819,0.106026925,1.0,5.7308625e-05,-9.767002,0.5264819,0.10602702
2562,0,1,0.9999559,10.028838,1.0,0.9999559,10.029891,0.46177813,-0.15318644
2563,1,1,0.9954301,5.383686,0.6618472933769226,0.9954301,5.383695,0.8175096,1.4995652
2564,0,1,0.9999058,9.270258,0.6106298565864563,4.154647e-05,-10.088656,0.9999058,9.270008
2565,1,1,0.9999814,10.89251,0.7137616872787476,0.9999814,10.892671,0.8868763,2.0592237
2566,0,1,0.99989545,9.165773,0.6707373261451721,9.758863e-06,-11.537325,0.99989545,9.16536
2567,1,1,0.99983263,8.695137,0.750927746295929,0.99983263,8.69542,0.5912411,0.36909842
2568,1,1,0.9999894,11.453738,0.5742038488388062,0.9999894,11.452789,0.7900824,1.325422
2569,0,1,0.9999424,9.762311,1.0,0.9999424,9.7616205,0.8371792,1.6373876
2570,1,1,0.9999714,10.461718,0.7881873250007629,0.9999714,10.462369,0.03296459,-3.378801
2571,0,1,0.9999528,9.960924,1.0,0.9999528,9.9599495,0.880286,1.9951413
2572,1,1,0.99997497,10.595253,0.7871018052101135,0.99997497,10.592914,0.9394288,2.7414532
2573,0,1,0.9999454,9.815461,1.0,0.9999454,9.816146,0.9621782,3.2363143
2574,1,1,0.9927429,4.918491,0.6475605964660645,0.9927429,4.9184885,0.8040156,1.4115837
2575,1,1,0.99226004,4.8535886,0.8836172819137573,0.99226004,4.853589,0.22048956,-1.2628158
2576,1,0,0.39597028,-0.42228425,0.7483258247375488,0.39597028,-0.4222843,0.03700933,-3.2588737
2577,0,1,0.99982893,8.673294,0.6608433723449707,8.414178e-05,-9.382923,0.99982893,8.673422
2578,0,1,0.79222655,1.3383992,1.0,0.79222655,1.3383989,0.17638166,-1.5410571
2579,1,0,0.0059515596,-5.1181326,0.7253059148788452,0.0059515596,-5.1181326,0.0018628777,-6.283768
2580,0,1,0.99997413,10.562462,1.0,0.99997413,10.560344,0.25578347,-1.0680008
2581,1,1,0.9749672,3.6622162,0.8434906005859375,0.9749672,3.6622152,0.31329122,-0.78477716
2582,1,1,0.9999769,10.674504,0.7665566802024841,0.9999769,10.6769905,0.92085,2.4539518
2583,0,1,0.99952495,7.6516175,0.8468154072761536,7.465952e-06,-11.80515,0.99952495,7.651635
2584,1,0,0.3266344,-0.7234469,1.0,0.24611408,-1.1194459,0.3266344,-0.72344685
2585,1,1,0.99996305,10.205776,0.7063434720039368,0.99996305,10.204833,0.2149471,-1.2953591
2586,0,1,0.97209483,3.5506415,1.0,2.1087792e-05,-10.766795,0.97209483,3.5506415
2587,0,1,0.99985194,8.817759,0.7585552930831909,6.659228e-06,-11.9195,0.99985194,8.818098
2588,0,1,0.99966764,8.008973,1.0,0.99966764,8.008965,0.77326787,1.2268566
2589,0,1,0.93836063,2.7228336,1.0,0.0186763,-3.961647,0.93836063,2.722834
2590,0,1,0.88859946,2.0765145,1.0,0.00011189695,-9.09782,0.88859946,2.0765145
2591,1,1,0.9999753,10.609642,0.6200563311576843,0.9999753,10.609894,0.9789697,3.8405344
2592,0,1,0.9999789,10.766214,1.0,0.9999789,10.7653475,0.9281498,2.558611
2593,0,1,0.95744246,3.1134086,1.0,0.95744246,3.113409,0.029689826,-3.4868114
2594,0,1,0.650066,0.6193294,1.0,4.8095208e-05,-9.94228,0.650066,0.61932945
2595,0,1,0.9642001,3.293353,1.0,0.9642001,3.2933517,0.035412677,-3.3046305
2596,1,1,0.9998247,8.648852,0.7024104595184326,0.9998247,8.648767,0.47948733,-0.08209659
2597,1,1,0.90919495,2.3038447,0.6705214977264404,0.90919495,2.303844,0.30412295,-0.8277409
2598,1,0,0.0002804106,-8.178975,0.8272950649261475,0.00019965241,-8.518733,0.0002804106,-8.178975
2599,0,1,0.99990284,9.2390995,1.0,0.99990284,9.23867,0.08945613,-2.3202937
2600,1,1,0.9999157,9.38127,0.5763052701950073,0.9999157,9.380715,0.14195901,-1.7991135
2601,1,1,0.99998665,11.223873,0.6349132061004639,0.99998665,11.226935,0.95042574,2.9534388
2602,1,1,0.9997571,8.322663,0.663979709148407,0.9997571,8.322576,0.47401235,-0.10404436
2603,0,1,0.6777008,0.74322563,1.0,0.05918931,-2.766001,0.6777008,0.7432258
2604,0,1,0.9999099,9.314254,1.0,0.9999099,9.314707,0.85271835,1.7560824
2605,1,1,0.9999938,11.991136,0.7634374499320984,0.9999938,11.990426,0.24552862,-1.1226038
2606,0,1,0.9995938,7.8082447,0.7418797612190247,8.6941445e-06,-11.652852,0.9995938,7.8080654
2607,1,1,0.9999831,10.986541,0.63375324010849,0.9999831,10.987507,0.1467108,-1.7606351
2608,0,1,0.7150098,0.9198415,1.0,1.9984078e-05,-10.820555,0.7150098,0.9198417
2609,1,0,0.10399261,-2.1536288,0.5486685633659363,0.08205703,-2.4147208,0.10399261,-2.1536288
2610,0,1,0.9998497,8.802574,0.5810713171958923,2.5824518e-05,-10.56416,0.9998497,8.803025
2611,1,1,0.99994016,9.723725,0.6396018862724304,0.99994016,9.723522,0.8735488,1.9327079
2612,1,1,0.96995014,3.4743867,0.6313537955284119,0.96995014,3.4743865,0.15154047,-1.7225697
2613,1,1,0.99999297,11.8648405,0.8345380425453186,0.99999297,11.868288,0.31428966,-0.78014016
2614,1,1,0.99959046,7.800058,0.5901190638542175,0.99959046,7.8001313,0.08872788,-2.3292675
2615,1,1,0.9428823,2.8038275,0.7767961621284485,0.9428823,2.803827,0.37053013,-0.5299431
2616,0,1,0.999979,10.77188,1.0,0.999979,10.770578,0.50301486,0.012059487
2617,0,1,0.9999708,10.441097,1.0,0.9999708,10.440081,0.5306404,0.12271531
2618,1,1,0.9990816,6.9919715,0.6994832754135132,0.9990816,6.9920006,0.308486,-0.8072068
2619,1,1,0.99995637,10.039708,0.5409708023071289,0.99995637,10.038624,0.9698146,3.4697454
2620,1,1,0.99438655,5.1769614,0.6788618564605713,0.99438655,5.176964,0.97060376,3.4970505
2621,1,0,0.029453663,-3.495041,0.5466837882995605,0.029453663,-3.495041,0.0018861028,-6.2713547
2622,1,1,0.9999927,11.831504,0.7155030369758606,0.9999927,11.829987,0.41886076,-0.327452
2623,1,1,0.9050019,2.2540798,0.7832424640655518,0.9050019,2.2540796,0.27722058,-0.95829046
2624,1,1,0.99998236,10.945155,0.5695903897285461,0.99998236,10.94795,0.22138193,-1.2576312
2625,0,1,0.8862794,2.0532877,1.0,6.5358363e-06,-11.938204,0.8862794,2.053288
2626,1,1,0.9999484,9.871595,0.5824391841888428,0.9999484,9.870663,0.75236475,1.1112645
2627,0,1,0.9999826,10.958761,1.0,0.9999826,10.955643,0.9496453,2.9369953
2628,0,1,0.9992723,7.224876,0.8709543347358704,4.390938e-06,-12.335963,0.9992723,7.2249155
2629,0,1,0.96353245,3.2741833,1.0,8.44102e-06,-11.682399,0.96353245,3.2741828
2630,0,1,0.99965847,7.98172,0.625590980052948,3.2254902e-05,-10.341808,0.99965847,7.98178
2631,1,1,0.99999356,11.953395,0.7040179371833801,0.99999356,11.94888,0.30024144,-0.8461484
2632,1,1,0.9547494,3.0492332,0.7119231820106506,0.9547494,3.0492325,0.5956247,0.3872673
2633,0,1,0.97077316,3.5030055,1.0,1.105734e-05,-11.412405,0.97077316,3.5030046
2634,1,1,0.9999758,10.629155,0.5843128561973572,0.9999758,10.626808,0.37157154,-0.52548075
2635,1,1,0.9999622,10.183446,0.6982077360153198,0.9999622,10.182301,0.3430885,-0.64956087
2636,1,1,0.99987733,9.005919,0.6881901621818542,0.99987733,9.005823,0.8837022,2.027966
2637,1,0,0.002345435,-6.052936,0.6969943642616272,0.000756298,-7.1863184,0.002345435,-6.052936
2638,1,1,0.99998236,10.945155,0.73850017786026,0.99998236,10.948221,0.33193392,-0.69945115
2639,0,1,0.9999838,11.029714,1.0,0.9999838,11.028223,0.8585595,1.8033769
2640,0,1,0.9993482,7.3351564,0.8659465312957764,9.186022e-06,-11.597818,0.9993482,7.3351245
2641,0,1,0.7916275,1.3347638,1.0,4.1801854e-05,-10.082528,0.7916275,1.334764
2642,0,1,0.99995327,9.971077,1.0,0.99995327,9.971965,0.6718748,0.71667695
2643,0,1,0.6633412,0.6782196,1.0,9.38629e-06,-11.576251,0.6633412,0.67821956
2644,1,1,0.99999046,11.560349,0.6501650810241699,0.99999046,11.556707,0.23085971,-1.2034632
2645,1,1,0.9998031,8.532749,0.7725433111190796,0.9998031,8.5326395,0.11690993,-2.0220234
2646,0,1,0.99982774,8.666348,0.6472181081771851,4.722036e-05,-9.960638,0.99982774,8.666582
2647,0,1,0.99984324,8.760636,0.7608582973480225,1.690385e-05,-10.987952,0.99984324,8.7611065
2648,0,1,0.9997346,8.233933,0.33586782217025757,8.18268e-05,-9.410824,0.9997346,8.233904
2649,1,1,0.9999571,10.056238,0.6695027351379395,0.9999571,10.055996,0.20298515,-1.3677405
2650,1,1,0.9999516,9.935984,0.6924482583999634,0.9999516,9.936791,0.9285128,2.5640664
2651,1,1,0.9998944,9.155562,0.8006178140640259,0.9998944,9.1556,0.8687464,1.8899198
2652,1,1,0.5819158,0.33064288,0.8406128883361816,0.37757474,-0.4998551,0.5819158,0.33064288
2653,1,1,0.99922466,7.161437,0.8338046669960022,0.99922466,7.161422,0.36295006,-0.5625828
2654,0,1,0.988441,4.4486637,1.0,0.988441,4.448658,0.038681794,-3.2129364
2655,0,1,0.9998292,8.674689,0.7307602167129517,7.6549884e-05,-9.477491,0.9998292,8.674822
2656,0,0,0.044444572,-3.06805,0.513076901435852,0.044444572,-3.06805,0.0146752475,-4.206809
2657,0,1,0.99973696,8.242959,0.6063988208770752,0.00091702165,-6.993462,0.99973696,8.243087
2658,1,1,0.9999635,10.218763,0.6714227795600891,0.9999635,10.217795,0.5952519,0.3857198
2659,0,1,0.9996407,7.9310026,0.7229242920875549,6.8387253e-06,-11.892902,0.9996407,7.931184
2660,1,0,0.28932285,-0.8986751,1.0,0.01917871,-3.9345894,0.28932285,-0.8986751
2661,0,1,0.99985075,8.809738,0.6887689828872681,9.635856e-06,-11.55001,0.99985075,8.809736
2662,1,1,0.9999827,10.965634,0.6230233311653137,0.9999827,10.968346,0.9777908,3.7847867
2663,1,1,0.99998164,10.905415,0.7069075107574463,0.99998164,10.908333,0.95759827,3.1172388
2664,0,1,0.6936243,0.8171184,1.0,1.919754e-05,-10.860709,0.6936243,0.81711847
2665,0,1,0.99996626,10.296905,1.0,0.99996626,10.297212,0.023203624,-3.7399697
2666,0,1,0.5421097,0.16883884,1.0,0.5421097,0.16883895,0.5297861,0.11928582
2667,0,1,0.9998135,8.586877,0.8357537984848022,3.236484e-05,-10.338406,0.9998135,8.586779
2668,1,1,0.9999918,11.70827,0.628654420375824,0.9999918,11.707504,0.95953435,3.165994
2669,1,1,0.9734461,3.6016648,0.6667292714118958,0.9734461,3.6016629,0.5280136,0.112171814
2670,0,1,0.99855393,6.53746,1.0,0.99855393,6.537506,0.07578417,-2.5010562
2671,1,0,0.049094066,-2.963677,0.6855785250663757,0.049094066,-2.963677,0.00576743,-5.1497445
2672,0,1,0.9998498,8.803368,0.6706812977790833,9.166193e-06,-11.599979,0.9998498,8.803783
2673,1,1,0.9999691,10.385527,0.8145143389701843,0.9999691,10.385526,0.13669538,-1.8430126
2674,0,1,0.97126806,3.5205932,1.0,0.97126806,3.5205932,0.9484153,2.911568
2675,1,1,0.99997604,10.639056,0.8623042702674866,0.99997604,10.638608,0.950214,2.9489543
2676,1,0,0.49901146,-0.003954171,1.0,8.280103e-06,-11.701647,0.49901146,-0.0039541423
2677,0,1,0.99978656,8.451921,0.7650147080421448,0.0006604276,-7.3219624,0.99978656,8.451639
2678,0,1,0.7813545,1.2735772,1.0,1.8193781e-05,-10.9144125,0.7813545,1.2735775
2679,0,1,0.66895926,0.70348173,1.0,0.21505901,-1.2946961,0.66895926,0.7034818
2680,0,1,0.9998356,8.713107,0.7359423041343689,0.00013235422,-8.929896,0.9998356,8.712964
2681,0,1,0.99817204,6.3027277,1.0,0.99817204,6.3027573,0.011042653,-4.494886
2682,1,1,0.99998677,11.2328415,0.6095865368843079,0.99998677,11.234813,0.9827339,4.0415974
2683,1,1,0.99998987,11.499723,0.6348715424537659,0.99998987,11.504323,0.8150132,1.4829199
2684,1,1,0.99978286,8.434752,0.6421087384223938,0.99978286,8.434832,0.22496982,-1.2369356
2685,1,1,0.99997914,10.777578,0.6624644994735718,0.99997914,10.775953,0.8544805,1.7701839
2686,1,1,0.7552112,1.1266015,0.5378288626670837,0.7552112,1.1266016,0.1575973,-1.6762152
2687,1,1,0.999977,10.679672,0.7513709664344788,0.999977,10.681711,0.61845976,0.48301584
2688,0,1,0.99966764,8.008973,0.6017288565635681,2.0740858e-05,-10.783384,0.99966764,8.00908
2689,1,0,0.0031283326,-5.764122,0.8111058473587036,0.0031283326,-5.764122,0.0012797609,-6.6598015
2690,0,1,0.95434654,3.0399475,1.0,2.7282047e-05,-10.509254,0.95434654,3.039948
2691,1,1,0.5271676,0.10877764,0.695761501789093,0.5271676,0.108777575,0.45234686,-0.19119272
2692,1,1,0.999974,10.557864,0.5863006711006165,0.999974,10.5579405,0.32706556,-0.72148734
2693,0,1,0.9995402,7.6842804,0.7984957695007324,0.0012426026,-6.689304,0.9995402,7.684289
2694,0,1,0.99943715,7.4819403,1.0,0.99943715,7.482069,0.59236467,0.3737495
2695,0,1,0.9993838,7.391334,0.6343067288398743,3.5184643e-05,-10.254866,0.9993838,7.3912983
2696,0,1,0.9997831,8.435851,0.7657400965690613,6.931623e-05,-9.576762,0.9997831,8.435547
2697,0,1,0.9994423,7.4910946,0.7449964284896851,1.477546e-05,-11.122528,0.9994423,7.491064
2698,1,1,0.9999604,10.137211,0.7573400735855103,0.9999604,10.138294,0.9447321,2.838709
2699,1,1,0.9999609,10.149332,0.5628177523612976,0.9999609,10.150175,0.9314002,2.6083984
2700,0,1,0.9998714,8.958467,1.0,0.9998714,8.958345,0.012261663,-4.3889403
2701,1,1,0.99993455,9.634221,0.572587788105011,0.99993455,9.6347065,0.67099684,0.71269715
2702,1,0,0.0003989873,-7.826182,0.7359450459480286,0.0003989873,-7.826182,0.0002579464,-8.262501
2703,1,1,0.9999416,9.747921,0.6107901334762573,0.9999416,9.748815,0.261278,-1.0393367
2704,0,1,0.9998331,8.69799,0.5643190145492554,1.02868935e-05,-11.48463,0.9998331,8.698231
2705,1,1,0.9999865,11.214984,0.8391897082328796,0.9999865,11.216067,0.914002,2.3635087
2706,1,0,0.0002704869,-8.215016,0.74159836769104,1.1557063e-05,-11.368202,0.0002704869,-8.215016
2707,0,1,0.9997174,8.171247,0.7966032028198242,7.836582e-05,-9.454044,0.9997174,8.171112
2708,1,0,0.075479046,-2.5054207,0.7895339727401733,0.075479046,-2.5054207,0.046685122,-3.0165198
2709,0,1,0.9998504,8.807344,1.0,0.9998504,8.807557,0.8227422,1.5350378
2710,1,0,0.00017235876,-8.66576,0.7393550872802734,5.398719e-05,-9.82671,0.00017235876,-8.66576
2711,0,1,0.9277268,2.552284,1.0,2.4074514e-05,-10.634333,0.9277268,2.5522838
2712,0,1,0.7959299,1.3610476,1.0,8.1118105e-06,-11.722181,0.7959299,1.3610479
2713,1,1,0.9999757,10.624241,0.493001252412796,0.9999757,10.623533,0.26287177,-1.0310956
2714,1,1,0.99999046,11.560349,0.5714102387428284,0.99999046,11.564285,0.7011035,0.85255814
2715,1,1,0.9999455,9.817647,0.7109082937240601,0.9999455,9.817692,0.615362,0.4699081
2716,1,0,0.31305048,-0.7858963,1.0,0.007496061,-4.8858533,0.31305048,-0.7858964
2717,1,1,0.9999763,10.649056,0.7897465229034424,0.9999763,10.649624,0.12075722,-1.985279
2718,0,1,0.9999368,9.669445,1.0,0.9999368,9.668642,0.0072928905,-4.9135356
2719,0,1,0.999918,9.408514,1.0,0.999918,9.408236,0.028263519,-3.5375128
2720,0,1,0.99998987,11.499723,1.0,0.99998987,11.497685,0.020081593,-3.8876657
2721,0,1,0.99930954,7.2774615,1.0,0.99930954,7.2774673,0.011926222,-4.417018
2722,1,1,0.9999627,10.196145,0.7938233017921448,0.9999627,10.197767,0.26211208,-1.0350196
2723,1,1,0.9999105,9.32089,0.7183300852775574,0.9999105,9.320459,0.18784098,-1.4641004
2724,0,1,0.64596087,0.60133153,0.6179818511009216,0.64596087,0.6013315,0.0098322695,-4.6122046
2725,0,1,0.9999349,9.639701,1.0,0.9999349,9.639519,0.6443214,0.59417003
2726,1,1,0.9999515,9.933523,0.5363972783088684,0.9999515,9.933886,0.6078169,0.43814456
2727,0,1,0.9999914,11.66571,1.0,0.9999914,11.6628,0.27774844,-0.95565766
2728,1,1,0.9999684,10.362624,0.6546513438224792,0.9999684,10.3631115,0.5331281,0.13270682
2729,0,1,0.99999225,11.76799,1.0,0.99999225,11.764242,0.96176153,3.2249243
2730,1,1,0.9999888,11.399079,0.5466556549072266,0.9999888,11.394118,0.38580108,-0.46499693
2731,1,1,0.9999416,9.747921,0.4956844449043274,0.9999416,9.7476015,0.3843839,-0.4709819
2732,1,1,0.7632098,1.1703585,0.6301279067993164,0.7632098,1.1703587,0.10583276,-2.1340327
2733,0,1,0.9998605,8.877486,0.663240909576416,2.9152308e-05,-10.442947,0.9998605,8.877767
2734,1,1,0.99969447,8.093146,0.6319052577018738,0.99969447,8.092993,0.78226954,1.2789414
2735,0,1,0.9998053,8.54371,0.6052509546279907,1.2999527e-05,-11.250585,0.9998053,8.543861
2736,0,1,0.999982,10.925087,1.0,0.999982,10.927741,0.0924325,-2.2842894
2737,1,1,0.9999702,10.420895,0.5911231637001038,0.9999702,10.42146,0.9760439,3.7072806
2738,0,1,0.9999491,9.8855505,1.0,0.9999491,9.885611,0.054947726,-2.844858
2739,1,0,0.015110058,-4.1771693,0.6582891941070557,0.01275532,-4.3489695,0.015110058,-4.1771693
2740,1,0,0.00016898163,-8.685552,0.5207685828208923,2.3755798e-05,-10.64766,0.00016898163,-8.685552
2741,0,1,0.98872,4.47338,1.0,0.98872,4.473379,0.9301351,2.5887651
2742,1,0,0.000774723,-7.16223,0.7625114917755127,0.00072371797,-7.230385,0.000774723,-7.16223
2743,1,0,0.00021645568,-8.437908,0.6504586338996887,3.5300458e-05,-10.251579,0.00021645568,-8.437908
2744,0,1,0.9998324,8.693713,0.7503166794776917,0.00022960913,-8.378902,0.9998324,8.694089
2745,1,1,0.99998724,11.269544,0.8466769456863403,0.99998724,11.271017,0.8845182,2.0359306
2746,0,1,0.99198616,4.8185387,1.0,0.99198616,4.818535,0.853311,1.7608093
2747,1,1,0.9998499,8.804162,0.7162764072418213,0.9998499,8.804493,0.46072692,-0.15741646
2748,1,1,0.99997306,10.521823,0.5901550650596619,0.99997306,10.5238,0.9075498,2.2840788
2749,0,1,0.55295956,0.21263579,1.0,0.55295956,0.21263582,0.025684193,-3.6358597
2750,0,1,0.998858,6.7738094,1.0,0.998858,6.7738223,0.6219531,0.49784666
2751,1,1,0.96352494,3.2739697,0.738770067691803,0.96352494,3.2739706,0.22490767,-1.2372922
2752,1,1,0.99998593,11.171686,0.6110846996307373,0.99998593,11.168201,0.9183934,2.4207153
2753,1,1,0.9999362,9.660055,0.6551547050476074,0.9999362,9.659594,0.58302575,0.33520687
2754,1,0,0.07167282,-2.5612726,0.6952325701713562,0.07167282,-2.5612726,0.049545098,-2.9540575
2755,1,1,0.99998045,10.842499,0.8003870248794556,0.99998045,10.841606,0.32691565,-0.7221684
2756,1,0,0.00022667284,-8.391776,0.646823525428772,3.0044046e-05,-10.412816,0.00022667284,-8.391776
2757,1,1,0.99998415,11.05202,0.6253330707550049,0.99998415,11.049412,0.40592813,-0.38082415
2758,1,0,0.36622953,-0.54842657,1.0,6.3996736e-06,-11.959257,0.36622953,-0.5484266
2759,0,1,0.9999169,9.395516,1.0,0.9999169,9.396109,0.6596594,0.66177666
2760,1,1,0.9999776,10.705921,0.6878987550735474,0.9999776,10.703701,0.9926394,4.9042344
2761,0,1,0.9871213,4.3392167,1.0,0.9871213,4.339219,0.027146937,-3.5789688
2762,0,1,0.99806887,6.2477164,1.0,0.99806887,6.247726,0.15815085,-1.6720515
2763,1,1,0.9999875,11.288412,0.6255486011505127,0.9999875,11.285865,0.83655435,1.6328108
2764,0,1,0.999757,8.322172,0.6557514071464539,0.0054150396,-5.2131453,0.999757,8.322353
2765,1,1,0.99998736,11.278934,0.6680155992507935,0.99998736,11.280123,0.49365637,-0.025376037
2766,0,1,0.9920135,4.8219857,1.0,0.9920135,4.8219833,0.045283996,-3.0484602
2767,1,0,0.00035861353,-7.9329066,0.6430567502975464,5.3763397e-05,-9.830864,0.00035861353,-7.9329066
2768,0,1,0.6456715,0.60006636,1.0,9.760705e-06,-11.537136,0.6456715,0.6000663
2769,1,1,0.9999819,10.918487,0.6824809908866882,0.9999819,10.915497,0.19165577,-1.4392872
2770,1,0,0.09229548,-2.2859237,0.7467374205589294,0.09229548,-2.2859237,0.016109742,-4.11209
2771,0,1,0.87899595,1.9829563,1.0,0.87899595,1.9829565,0.017168427,-4.0473657
2772,0,1,0.9999002,9.212461,0.6872479319572449,3.869109e-05,-10.1598625,0.9999002,9.212873
2773,1,1,0.9999882,11.347254,0.7045959234237671,0.9999882,11.351354,0.16108972,-1.6501423
2774,1,0,0.26702422,-1.0097733,0.788128674030304,0.26702422,-1.0097733,0.19832256,-1.3968115
2775,0,1,0.68254894,0.76551056,1.0,0.68254894,0.7655107,0.008126154,-4.804508
2776,1,1,0.99997425,10.567081,0.7029358744621277,0.99997425,10.567591,0.6277263,0.5224749
2777,0,1,0.9995011,7.6026244,0.7861228585243225,1.3882338e-05,-11.184879,0.9995011,7.602689
2778,1,1,0.99998605,11.180198,0.8571329712867737,0.99998605,11.178158,0.77144045,1.216463
2779,1,1,0.9999887,11.388497,0.7039275169372559,0.9999887,11.3911295,0.91594017,2.3884225
2780,1,0,0.00047779919,-7.645842,0.6721444725990295,0.00013025856,-8.945859,0.00047779919,-7.645842
2781,1,1,0.9997776,8.410878,0.5568989515304565,0.9997776,8.410599,0.3769652,-0.50244945
2782,1,1,0.99926764,7.2185025,0.701320469379425,0.99926764,7.218508,0.046665087,-3.01697
2783,1,1,0.9999043,9.253935,0.6954317092895508,0.9999043,9.253648,0.9245429,2.5057359
2784,1,1,0.99996996,10.412926,0.7789884209632874,0.99996996,10.41317,0.3438215,-0.6463102
2785,1,0,0.00039701533,-7.8311386,0.7556760907173157,6.921172e-06,-11.8809185,0.00039701533,-7.8311386
2786,0,1,0.9195928,2.4368272,1.0,0.9195928,2.4368265,0.08678925,-2.353484
2787,1,1,0.999992,11.737684,0.7205942273139954,0.999992,11.732695,0.5813047,0.3281318
2788,0,1,0.9999131,9.350624,1.0,0.9999131,9.350768,0.9433187,2.8119607
2789,0,1,0.99997246,10.49994,1.0,0.99997246,10.500263,0.74932706,1.0950265
2790,0,1,0.99995387,9.983914,1.0,0.99995387,9.984032,0.07329268,-2.537177
2791,0,1,0.6383604,0.5682548,1.0,0.6383604,0.5682546,0.073309325,-2.536932
2792,0,1,0.9998,8.517125,0.5830832719802856,1.093853e-05,-11.423208,0.9998,8.51675
2793,1,0,0.00056413567,-7.4796515,0.6988887190818787,0.00042673454,-7.7589216,0.00056413567,-7.4796515
2794,1,1,0.9965598,5.6687794,0.693828821182251,0.9965598,5.6687956,0.48547107,-0.0581322
2795,1,0,0.0018985883,-6.2647443,0.7176104784011841,0.0018985883,-6.2647443,0.00054301217,-7.5178356
2796,1,1,0.7851231,1.2957753,0.8094190359115601,0.7851231,1.2957754,0.3755702,-0.5083934
2797,0,1,0.93282545,2.6309235,1.0,0.04591288,-3.0340092,0.93282545,2.6309226
2798,0,1,0.9999479,9.8624,1.0,0.9999479,9.863552,0.02290071,-3.7534204
2799,0,1,0.85787594,1.7977592,1.0,0.19863395,-1.3948542,0.85787594,1.7977598
2800,1,1,0.99998724,11.269544,0.8720634579658508,0.99998724,11.273076,0.7026262,0.85983527
2801,1,1,0.9999924,11.783494,0.6290715336799622,0.9999924,11.787046,0.6038786,0.4216525
2802,1,1,0.9999727,10.5086355,0.6400238871574402,0.9999727,10.507156,0.24327402,-1.1348127
2803,0,1,0.99996054,10.140227,1.0,0.99996054,10.141407,0.8726845,1.9249053
2804,0,1,0.9981831,6.3087893,1.0,0.9981831,6.308834,0.95149356,2.9763374
2805,1,1,0.9932817,4.9961824,0.823485791683197,0.9932817,4.9961796,0.08567079,-2.3676786
2806,1,1,0.9999851,11.114057,0.844119131565094,0.9999851,11.114302,0.7202414,0.9456595
2807,1,1,0.9902636,4.622098,0.8410235643386841,0.9902636,4.622102,0.023171568,-3.741385
2808,0,1,0.6709901,0.7126666,1.0,0.00071945105,-7.2363024,0.6709901,0.7126665
2809,1,1,0.9999527,9.958402,0.608509361743927,0.9999527,9.958031,0.816956,1.4958587
2810,1,1,0.99998116,10.879771,0.6729400753974915,0.99998116,10.881134,0.6715731,0.7153086
2811,1,1,0.9998721,8.964044,0.7484910488128662,0.9998721,8.964291,0.18715343,-1.4686136
2812,0,1,0.9998043,8.538824,0.5896948575973511,4.4419412e-05,-10.02179,0.9998043,8.539019
2813,0,1,0.99980193,8.5267105,0.7234596610069275,3.154749e-05,-10.363985,0.99980193,8.526474
2814,0,1,0.6714617,0.7148035,1.0,5.334517e-06,-12.141307,0.6714617,0.7148036
2815,0,1,0.868088,1.8841581,1.0,4.968444e-05,-9.909769,0.868088,1.8841585
2816,1,1,0.9997217,8.186554,0.7087146639823914,0.9997217,8.186559,0.20274016,-1.3692555
2817,1,1,0.99993014,9.568995,0.6571438908576965,0.99993014,9.569064,0.17063682,-1.5811207
2818,1,1,0.9999808,10.860962,0.8219159245491028,0.9999808,10.860382,0.25926214,-1.0498072
2819,1,1,0.9999795,10.79487,0.666706383228302,0.9999795,10.794792,0.94054174,2.7611809
2820,1,1,0.99932814,7.3047833,0.8159971833229065,0.99932814,7.304755,0.48338076,-0.066501446
2821,0,1,0.99998367,11.0223875,1.0,0.99998367,11.022996,0.97389066,3.6190066
2822,0,1,0.8731125,1.9287635,1.0,0.8731125,1.928763,0.54466474,0.17913644
2823,1,1,0.9999615,10.164695,0.4872277081012726,0.9999615,10.164473,0.5404715,0.16224097
2824,1,1,0.9999722,10.491319,0.65488201379776,0.9999722,10.489519,0.6201881,0.49034682
2825,0,1,0.93519455,2.669365,1.0,0.0009206395,-6.989521,0.93519455,2.6693645
2826,1,1,0.99998283,10.972555,0.6280794739723206,0.99998283,10.97076,0.80840945,1.4397085
2827,1,1,0.99729294,5.9091797,0.6624972820281982,0.99729294,5.909175,0.19416986,-1.4231397
2828,0,1,0.99984634,8.780609,0.6138032078742981,0.00086686434,-7.049761,0.99984634,8.78067
2829,0,1,0.999985,11.106089,1.0,0.999985,11.107598,0.8073639,1.4329715
2830,0,1,0.9997918,8.476808,0.7317693829536438,0.00013682326,-8.896684,0.9997918,8.476649
2831,1,1,0.9999795,10.79487,0.5882646441459656,0.9999795,10.795,0.4887573,-0.044978246
2832,1,1,0.9999814,10.89251,0.8414103388786316,0.9999814,10.891843,0.937899,2.7148807
2833,1,1,0.99998164,10.905415,0.6659679412841797,0.99998164,10.904167,0.7297785,0.99349934
2834,1,1,0.9999851,11.114057,0.7728937268257141,0.9999851,11.112325,0.28653607,-0.91226745
2835,0,1,0.8608242,1.8221526,1.0,5.0668095e-05,-9.890163,0.8608242,1.8221521
2836,1,0,0.00021049977,-8.465816,0.6316666007041931,4.7963622e-05,-9.94502,0.00021049977,-8.465816
2837,0,1,0.9999881,11.337203,1.0,0.9999881,11.3371935,0.046502706,-3.020626
2838,1,1,0.9999554,10.018085,0.5366402864456177,0.9999554,10.018614,0.70398134,0.86632943
2839,1,1,0.9999833,11.000726,0.8028600215911865,0.9999833,11.002775,0.8775685,1.9696035
2840,1,0,0.00028999936,-8.145342,0.7942473292350769,1.43704665e-05,-11.150321,0.00028999936,-8.145342
2841,1,1,0.99997556,10.61935,0.6728119254112244,0.99997556,10.618301,0.007166791,-4.9311047
2842,0,1,0.9617828,3.2255032,1.0,0.9617828,3.2255037,0.17754012,-1.5331031
2843,1,1,0.9950412,5.3016186,0.7946070432662964,0.9950412,5.301609,0.13215852,-1.8820069
2844,0,1,0.99997365,10.544196,1.0,0.99997365,10.544102,0.03669526,-3.2677221
2845,1,1,0.896963,2.1639266,0.6232609748840332,0.896963,2.1639268,0.38501775,-0.46830404
2846,1,1,0.9999838,11.029714,0.7587578296661377,0.9999838,11.027039,0.39516094,-0.4256691
2847,1,1,0.9999778,10.716617,0.845869243144989,0.9999778,10.718489,0.68724173,0.78725547
2848,1,1,0.9997687,8.371453,0.7124784588813782,0.9997687,8.371612,0.87238836,1.9222429
2849,0,1,0.9999871,11.2602415,1.0,0.9999871,11.258777,0.7622036,1.1647986
2850,1,1,0.99997663,10.6642475,0.7362518906593323,0.99997663,10.663102,0.63435155,0.55093116
2851,1,1,0.9999926,11.815244,0.568695068359375,0.9999926,11.813904,0.09318353,-2.2753692
2852,0,1,0.55345005,0.2146202,1.0,3.3719665e-05,-10.297396,0.55345005,0.21462023
2853,1,0,0.0036685034,-5.604296,0.5732060074806213,0.0036685034,-5.604296,0.0010742724,-6.8350368
2854,1,1,0.9997948,8.491229,0.8631114959716797,0.9997948,8.491186,0.17279832,-1.5659235
2855,0,1,0.5099381,0.039757777,1.0,0.00010488287,-9.162561,0.5099381,0.039757848
2856,0,1,0.82429963,1.5457541,1.0,8.328666e-06,-11.695799,0.82429963,1.545754
2857,1,1,0.99996805,10.351366,0.8210281133651733,0.99996805,10.351326,0.05060667,-2.9317398
2858,1,1,0.9741333,3.6285923,0.6500898599624634,0.9741333,3.628592,0.75276023,1.113388
2859,1,1,0.9998342,8.704441,0.4689501225948334,0.9998342,8.704612,0.2895825,-0.89741266
2860,0,1,0.60269237,0.416696,1.0,1.4679798e-05,-11.129024,0.60269237,0.41669598
2861,1,1,0.99996424,10.238567,0.7045637369155884,0.99996424,10.236959,0.54435503,0.17788786
2862,0,1,0.9270721,2.54256,1.0,1.7476988e-05,-10.954608,0.9270721,2.5425596
2863,0,1,0.7489113,1.0928144,1.0,0.7489113,1.0928146,0.11355815,-2.0549004
2864,0,1,0.9998518,8.816954,0.7889725565910339,2.692202e-05,-10.522539,0.9998518,8.817493
2865,0,1,0.9998342,8.704441,0.7330543994903564,0.00020500553,-8.492269,0.9998342,8.704639
2866,0,1,0.9999846,11.082558,1.0,0.9999846,11.080483,0.8393787,1.6536126
2867,0,1,0.636547,0.56040835,1.0,5.854601e-06,-12.048277,0.636547,0.56040823
2868,0,1,0.9998493,8.800198,1.0,0.9998493,8.800598,0.74664587,1.0808026
2869,0,1,0.84593606,1.703076,1.0,1.5732881e-05,-11.059742,0.84593606,1.703076
2870,0,1,0.99550337,5.3999195,1.0,0.99550337,5.399904,0.06003766,-2.7508678
2871,0,1,0.99991477,9.370017,0.6735022068023682,1.5970396e-05,-11.044758,0.99991477,9.370153
2872,0,1,0.9998392,8.7351055,0.7315732836723328,9.7436634e-05,-9.236211,0.9998392,8.734986
2873,1,0,0.23586567,-1.1754811,1.0,5.150082e-05,-9.873861,0.23586567,-1.1754811
2874,0,1,0.9805447,3.9199882,1.0,0.9515701,2.9779947,0.9805447,3.9199896
2875,1,1,0.9995198,7.6408796,0.8526955842971802,0.9995198,7.6407976,0.7158188,0.9238151
2876,1,1,0.9999796,10.800701,0.8653367161750793,0.9999796,10.798286,0.08736493,-2.3462422
2877,0,1,0.9999516,9.935984,1.0,0.9999516,9.936266,0.35296017,-0.60605276
2878,1,1,0.99998677,11.2328415,0.800022542476654,0.99998677,11.232972,0.8180479,1.5031774
2879,0,1,0.99998796,11.327252,1.0,0.99998796,11.325563,0.9849509,4.1812744
2880,1,1,0.9999738,10.548732,0.6921090483665466,0.9999738,10.550791,0.8067387,1.4289562
2881,0,1,0.99964154,7.9333286,1.0,0.99964154,7.933316,0.8347257,1.6194963
2882,0,1,0.99964106,7.9319987,0.7136089205741882,7.1157806e-06,-11.8531885,0.99964106,7.932044
2883,0,1,0.9998142,8.59072,0.6588678956031799,0.0008255615,-7.098621,0.9998142,8.590376
2884,0,1,0.99981683,8.604939,0.8788484930992126,3.149377e-05,-10.365689,0.99981683,8.60479
2885,1,1,0.67819834,0.7455044,0.7085545659065247,0.67819834,0.7455043,0.063840754,-2.6853938
2886,0,1,0.9999509,9.921312,1.0,0.9999509,9.92105,0.04026529,-3.1711671
2887,1,0,0.00025522898,-8.273094,0.6735259890556335,1.2808051e-05,-11.265424,0.00025522898,-8.273094
2888,1,1,0.99998,10.818401,0.7779117822647095,0.99998,10.818138,0.86299443,1.8403865
2889,0,1,0.9996513,7.9609866,0.761564314365387,1.4267817e-05,-11.15749,0.9996513,7.960988
2890,1,1,0.99996746,10.332881,0.7340736985206604,0.99996746,10.332422,0.96059126,3.193561
2891,1,1,0.9999291,9.553753,0.6711097359657288,0.9999291,9.554222,0.076515585,-2.4906595
2892,1,1,0.9999845,11.074835,0.7767226099967957,0.9999845,11.072466,0.22450164,-1.2396228
2893,0,1,0.9152464,2.3794456,1.0,1.4028867e-05,-11.174379,0.9152464,2.379446
2894,0,1,0.999577,7.7676816,0.6257263422012329,8.942374e-06,-11.624701,0.999577,7.767768
2895,0,1,0.9999716,10.470086,1.0,0.9999716,10.470865,0.586271,0.348571
2896,0,1,0.99997556,10.61935,1.0,0.99997556,10.618137,0.34474623,-0.642214
2897,1,0,0.00021247611,-8.456469,0.6061850786209106,6.480605e-05,-9.644047,0.00021247611,-8.456469
2898,0,1,0.9998011,8.522506,0.6052415370941162,0.0022926475,-6.0757527,0.9998011,8.5222225
2899,1,1,0.99917126,7.0947714,0.7607972025871277,0.99917126,7.0947685,0.23875317,-1.1595275
2900,1,1,0.99985206,8.818564,0.6981629133224487,0.99985206,8.818623,0.95533764,3.0629354
2901,1,1,0.9998134,8.586238,0.8214104771614075,0.9998134,8.586139,0.83384556,1.6131306
2902,0,1,0.9998994,9.204132,0.6027231216430664,1.7889866e-05,-10.931258,0.9998994,9.204784
2903,1,1,0.999972,10.482772,0.7646398544311523,0.999972,10.483398,0.27304,-0.97925323
2904,0,1,0.56372446,0.25629157,1.0,0.56372446,0.25629157,0.21340792,-1.3045043
2905,0,1,0.99995553,10.020762,1.0,0.99995553,10.021593,0.010043784,-4.590707
2906,1,0,0.00030500386,-8.094881,0.7742389440536499,1.2230129e-05,-11.311596,0.00030500386,-8.094881
2907,0,1,0.9998772,9.004949,0.7191675901412964,7.9185826e-05,-9.443634,0.9998772,9.00461
2908,1,1,0.9999418,9.752011,0.6091168522834778,0.9999418,9.75278,0.86721015,1.876514
2909,0,1,0.99979144,8.475091,0.8054406642913818,1.9990197e-05,-10.820249,0.99979144,8.475088
2910,1,0,0.081904896,-2.4167423,0.7528090476989746,0.081904896,-2.4167423,0.036300313,-3.2789533
2911,1,1,0.97057074,3.495895,0.6023973822593689,0.97057074,3.4958966,0.6497044,0.61774004
2912,1,0,0.0001721075,-8.667219,0.6680846810340881,8.7707685e-06,-11.644077,0.0001721075,-8.667219
2913,1,1,0.9999604,10.137211,0.52267986536026,0.9999604,10.13698,0.66420287,0.6820804
2914,1,1,0.99994695,9.844258,0.6757516860961914,0.99994695,9.845218,0.9129595,2.3503184
2915,0,1,0.999992,11.737684,1.0,0.999992,11.744136,0.09421222,-2.2632551
2916,0,1,0.9995827,7.7813067,1.0,0.9995827,7.781251,0.77671254,1.2466104
2917,0,1,0.9999219,9.457672,1.0,0.9999219,9.458484,0.9849782,4.183118
2918,1,1,0.9999347,9.6360445,0.6040051579475403,0.9999347,9.63533,0.18752193,-1.466193
2919,0,1,0.99998987,11.499723,1.0,0.99998987,11.496342,0.96549404,3.3315074
2920,0,1,0.9998679,8.931941,0.5003456473350525,8.197645e-05,-9.408997,0.9998679,8.93182
2921,0,1,0.99983203,8.691582,1.0,0.99983203,8.691469,0.16312635,-1.635148
2922,0,1,0.9999782,10.732877,1.0,0.9999782,10.732285,0.9444789,2.8338711
2923,0,1,0.9988991,6.810528,1.0,0.9988991,6.8105264,0.012054579,-4.406183
2924,1,1,0.9997893,8.464853,0.6985651254653931,0.9997893,8.464603,0.5500468,0.20085993
2925,0,1,0.9998915,9.128832,0.5890421271324158,1.50688875e-05,-11.102863,0.9998915,9.129138
2926,1,0,0.0012221355,-6.7059326,0.653549313545227,0.0005790135,-7.4536057,0.0012221355,-6.7059326
2927,1,0,0.025640694,-3.6375995,0.7566298842430115,0.0113258995,-4.4692726,0.025640694,-3.6375995
2928,1,1,0.99998283,10.972555,0.6743471026420593,0.99998283,10.974508,0.67863995,0.7475286
2929,0,1,0.9998023,8.528519,0.7293795347213745,1.0298171e-05,-11.483534,0.9998023,8.528406
2930,0,1,0.9997764,8.405531,0.722650945186615,0.00011381625,-9.0808115,0.9997764,8.405308
2931,0,1,0.98904884,4.5032983,1.0,0.98904884,4.503305,0.10471162,-2.1459358
2932,1,0,0.18298289,-1.4962673,1.0,1.44254855e-05,-11.1465,0.18298289,-1.4962673
2933,0,1,0.9998227,8.637356,0.734274685382843,0.00026261815,-8.244547,0.9998227,8.637133
2934,1,1,0.9999436,9.783234,0.6919299364089966,0.9999436,9.782289,0.035854664,-3.2917683
2935,1,1,0.9999863,11.197439,0.6736228466033936,0.9999863,11.200228,0.8520552,1.7508119
2936,1,1,0.99976534,8.357123,0.571593701839447,0.99976534,8.357124,0.6901357,0.80075395
2937,1,1,0.99993956,9.713814,0.8642458319664001,0.99993956,9.714781,0.23425043,-1.1844645
2938,0,1,0.9941186,5.130057,1.0,0.9941186,5.1300592,0.1534418,-1.7078576
2939,1,1,0.9961826,5.5643663,0.6314164400100708,0.9961826,5.5643606,0.0790803,-2.454909
2940,1,1,0.9999902,11.535656,0.7299673557281494,0.9999902,11.530044,0.607922,0.43858582
2941,1,1,0.99994266,9.76646,0.7863035202026367,0.99994266,9.765688,0.91042876,2.3188822
2942,1,1,0.99945563,7.5153384,0.8325682878494263,0.99945563,7.515339,0.3340369,-0.6899829
2943,1,1,0.9998958,9.169201,0.5913962721824646,0.9998958,9.169431,0.6848783,0.7762823
2944,1,1,0.9999652,10.265596,0.7707239389419556,0.9999652,10.265931,0.7134877,0.91238356
2945,0,1,0.9999713,10.45756,1.0,0.9999713,10.457207,0.0078275865,-4.8422427
2946,0,1,0.80829763,1.4389863,1.0,0.00030208906,-8.104486,0.80829763,1.4389863
2947,0,1,0.99993813,9.690419,1.0,0.99993813,9.690122,0.06456015,-2.6734195
2948,1,1,0.99998045,10.842499,0.5782381892204285,0.99998045,10.844968,0.09926316,-2.2054386
2949,0,1,0.9997291,8.213478,0.6587173342704773,5.1697494e-05,-9.870049,0.9997291,8.213646
2950,0,1,0.9998374,8.724046,0.5953304171562195,7.2109688e-06,-11.8399,0.9998374,8.724228
2951,0,1,0.9998142,8.59072,0.7304037809371948,7.6263937e-06,-11.783888,0.9998142,8.590901
2952,0,1,0.9981641,6.2983923,1.0,0.9981641,6.2983828,0.02581227,-3.630754
2953,1,1,0.99991274,9.346518,0.814211368560791,0.99991274,9.346883,0.50296146,0.011845931
2954,1,1,0.9998516,8.815346,0.8011228442192078,0.9998516,8.81583,0.20594655,-1.349534
2955,0,0,0.37267172,-0.52077204,0.8246339559555054,0.37267172,-0.5207721,0.0073328963,-4.908025
2956,1,1,0.9999658,10.282868,0.5800996422767639,0.9999658,10.283492,0.9837392,4.1026034
2957,0,1,0.9996246,7.8871694,1.0,0.9996246,7.8872614,0.0105839735,-4.537774
2958,1,0,0.064452924,-2.6751964,0.6918034553527832,0.064452924,-2.6751964,0.0013594714,-6.599299
2959,0,1,0.6801011,0.7542364,1.0,6.235759e-05,-9.682563,0.6801011,0.7542363
2960,1,1,0.99998355,11.015115,0.7665507793426514,0.99998355,11.01175,0.17984438,-1.5174022
2961,0,1,0.9994887,7.578065,1.0,0.9994887,7.5781336,0.21362096,-1.3032357
2962,0,1,0.999967,10.318335,1.0,0.999967,10.31818,0.06261413,-2.706104
2963,1,1,0.9998048,8.541264,0.7919939160346985,0.9998048,8.540892,0.7518865,1.108699
2964,1,1,0.9999223,9.462263,0.6303276419639587,0.9999223,9.462364,0.7697709,1.2070185
2965,1,1,0.99996233,10.186605,0.6033903360366821,0.99996233,10.187482,0.7895016,1.3219239
2966,1,0,0.00024123372,-8.329503,0.7460601925849915,4.1978383e-05,-10.078314,0.00024123372,-8.329503
2967,0,1,0.9999701,10.416903,1.0,0.9999701,10.416189,0.060655218,-2.739977
2968,1,1,0.99996006,10.128215,0.783898651599884,0.99996006,10.128096,0.5822539,0.3320325
2969,0,1,0.9997435,8.2682085,0.7520349025726318,8.652597e-06,-11.657642,0.9997435,8.268208
2970,0,1,0.9999789,10.766214,1.0,0.9999789,10.768415,0.8873123,2.0635772
2971,1,1,0.9999728,10.513012,0.6161494255065918,0.9999728,10.512711,0.5768599,0.30989626
2972,0,1,0.99981827,8.612782,0.674241304397583,8.435026e-06,-11.683109,0.99981827,8.612606
2973,1,0,0.09989381,-2.198405,1.0,0.05655644,-2.8142974,0.09989381,-2.198405
2974,1,1,0.9999752,10.604822,0.8451005220413208,0.9999752,10.603503,0.4944008,-0.022397727
2975,1,0,0.00031405207,-8.065638,0.6747105121612549,0.00031405207,-8.065638,0.00024546284,-8.3121195
2976,0,1,0.9201331,2.4441571,1.0,9.858954e-06,-11.527121,0.9201331,2.4441566
2977,0,1,0.8122797,1.4648917,1.0,3.0957777e-05,-10.382855,0.8122797,1.4648916
2978,1,1,0.99995494,10.007446,0.685960054397583,0.99995494,10.007097,0.5642073,0.25825492
2979,0,1,0.9999014,9.224482,1.0,0.9999014,9.224117,0.9470592,2.8841872
2980,1,1,0.99997306,10.521823,0.7196199893951416,0.99997306,10.523785,0.9187168,2.4250386
2981,0,1,0.99984133,8.748541,0.7407388687133789,1.1348565e-05,-11.386408,0.99984133,8.748833
2982,0,1,0.9998653,8.912277,0.6597390174865723,1.800339e-05,-10.9249325,0.9998653,8.912069
2983,1,0,0.00033904082,-7.989051,0.4683563709259033,0.00033904082,-7.989051,0.00019071042,-8.564564
2984,0,1,0.5304406,0.121913336,1.0,0.00023761127,-8.344637,0.5304406,0.12191344
2985,0,1,0.9998939,9.151057,1.0,0.9998939,9.1510105,0.055563662,-2.8330588
2986,0,1,0.9999796,10.800701,1.0,0.9999796,10.797961,0.9130058,2.3509016
2987,1,1,0.9999844,11.067172,0.6902097463607788,0.9999844,11.063508,0.11742024,-2.0170898
2988,1,1,0.99997485,10.590502,0.7471039891242981,0.99997485,10.590939,0.21757402,-1.2798601
2989,1,1,0.9998884,9.100658,0.7429491877555847,0.9998884,9.100872,0.42932814,-0.2845929
2990,0,1,0.999869,8.940098,0.6415481567382812,1.2075569e-05,-11.324314,0.999869,8.939976
2991,1,1,0.9999547,10.002169,0.6010375618934631,0.9999547,10.001564,0.93216795,2.6204772
2992,0,1,0.9999918,11.70827,1.0,0.9999918,11.70557,0.07270279,-2.5458944
2993,1,1,0.999944,9.789597,0.5338479280471802,0.999944,9.789488,0.6478604,0.60964745
2994,0,1,0.54812336,0.19309117,1.0,0.00010381352,-9.172811,0.54812336,0.19309115
2995,1,1,0.9999609,10.149332,0.7761505246162415,0.9999609,10.148275,0.87741107,1.9681392
2996,0,1,0.99978834,8.460336,0.6726325750350952,1.9588626e-05,-10.840542,0.99978834,8.460345
2997,1,1,0.99998045,10.842499,0.8138934373855591,0.99998045,10.840504,0.28167808,-0.93615294
2998,1,1,0.9995554,7.7179112,0.6359464526176453,0.9995554,7.717847,0.9660682,3.3488822
2999,0,1,0.99976486,8.355093,0.6876804828643799,0.0002499693,-8.293922,0.99976486,8.355208
3000,0,1,0.9950236,5.2980614,1.0,0.9950236,5.298055,0.86531067,1.8601177
3001,1,0,0.40817854,-0.37150028,1.0,1.9310188e-05,-10.854858,0.40817854,-0.3715002
3002,0,1,0.9997998,8.515934,0.655246913433075,5.339194e-06,-12.14043,0.9997998,8.516114
3003,0,1,0.99998784,11.3174,1.0,0.99998784,11.317719,0.9348632,2.6639113
3004,1,0,0.011914809,-4.417987,0.821996808052063,0.011914809,-4.417987,0.010468276,-4.5488825
3005,0,1,0.99997556,10.61935,1.0,0.99997556,10.618931,0.06051726,-2.742401
3006,0,1,0.9995378,7.6791058,0.8619108200073242,2.368156e-05,-10.65079,0.9995378,7.6789517
3007,1,1,0.999967,10.318335,0.6735936999320984,0.999967,10.317692,0.52029693,0.08123237
3008,0,1,0.99986947,8.943745,0.8505082130432129,7.0534065e-06,-11.861993,0.99986947,8.943838
3009,0,1,0.94487906,2.8415272,1.0,0.0006797039,-7.2931733,0.94487906,2.841528
3010,1,1,0.999984,11.044529,0.5886620283126831,0.999984,11.047346,0.2899029,-0.89585567
3011,1,1,0.9999639,10.228617,0.7482635378837585,0.9999639,10.228442,0.2251398,-1.2359611
3012,1,1,0.9999615,10.164695,0.5865194201469421,0.9999615,10.163446,0.9430366,2.8066964
3013,1,0,0.49664593,-0.013416483,1.0,1.3206567e-05,-11.234783,0.49664593,-0.013416573
3014,1,1,0.99998915,11.431515,0.8280708193778992,0.99998915,11.435801,0.1066723,-2.125192
3015,1,1,0.998487,6.4921436,0.7513155937194824,0.998487,6.49213,0.46328384,-0.14712948
3016,0,1,0.99988663,9.084758,1.0,0.99988663,9.084929,0.029044112,-3.5094652
3017,1,0,0.0014537423,-6.5321593,0.7682471871376038,0.0014537423,-6.5321593,0.00051869097,-7.5636835
3018,0,1,0.9998766,9.000105,0.6566020250320435,0.00038593332,-7.85946,0.9998766,9.000494
3019,0,1,0.9998273,8.663929,0.7794438004493713,9.674658e-06,-11.545991,0.9998273,8.663792
3020,0,1,0.9998354,8.711658,0.8070149421691895,1.0086025e-05,-11.50435,0.9998354,8.711997
3021,1,0,0.00027618028,-8.1941805,0.7313092350959778,1.08401655e-05,-11.432241,0.00027618028,-8.1941805
3022,1,1,0.9999839,11.037094,0.8069252371788025,0.9999839,11.040072,0.7275385,0.98216975
3023,0,1,0.9997762,8.404465,0.6453170776367188,5.224669e-05,-9.859482,0.9997762,8.40419
3024,1,1,0.9984933,6.496335,0.6789414286613464,0.9984933,6.496341,0.8531157,1.7592499
3025,1,1,0.99996746,10.332881,0.6889832615852356,0.99996746,10.33252,0.216592,-1.2856383
3026,1,0,0.0005154934,-7.5698705,0.6795398592948914,0.00011893531,-9.036812,0.0005154934,-7.5698705
3027,1,1,0.96100163,3.2044563,0.6300542950630188,0.96100163,3.2044547,0.8236278,1.541122
3028,0,1,0.6526426,0.6306755,1.0,9.760794e-05,-9.234454,0.6526426,0.63067555
3029,0,1,0.99979633,8.498811,0.6378254890441895,4.5280703e-06,-12.30521,0.99979633,8.498429
3030,1,1,0.99998164,10.905415,0.5196293592453003,0.99998164,10.905392,0.89401644,2.1324406
3031,1,1,0.9997938,8.486591,0.6563558578491211,0.9997938,8.486356,0.92566216,2.5218887
3032,1,1,0.9999695,10.397177,0.661694347858429,0.9999695,10.398155,0.08641834,-2.358173
3033,0,1,0.99981815,8.612125,0.8740543723106384,0.00041765365,-7.7804403,0.99981815,8.611741
3034,1,1,0.9999732,10.5262575,0.8950510621070862,0.9999732,10.527136,0.124648534,-1.9491274
3035,1,1,0.99998,10.818401,0.6117296814918518,0.99998,10.816402,0.3639038,-0.55846035
3036,1,1,0.99992883,9.550397,0.8387753963470459,0.99992883,9.5513,0.8699691,1.900686
3037,1,1,0.9998846,9.067038,0.7268346548080444,0.9998846,9.067212,0.4583783,-0.16687298
3038,0,1,0.9998679,8.931941,0.6851551532745361,3.6038648e-05,-10.230883,0.9998679,8.93165
3039,0,1,0.9961882,5.5658407,1.0,0.9961882,5.565851,0.041121308,-3.149238
3040,0,1,0.6475003,0.60806936,1.0,6.545471e-05,-9.634087,0.6475003,0.6080692
3041,0,1,0.58361185,0.33761817,1.0,4.5336954e-05,-10.001343,0.58361185,0.33761823
3042,1,1,0.9983423,6.4006505,0.6789723038673401,0.9983423,6.4006495,0.9811705,3.953319
3043,1,1,0.7672026,1.1925825,0.7635059356689453,0.7672026,1.1925825,0.45424756,-0.18352318
3044,1,1,0.9999801,10.824371,0.8200263977050781,0.9999801,10.822235,0.6168312,0.47611964
3045,0,1,0.9998394,8.736589,0.7413589954376221,2.0227662e-05,-10.808439,0.9998394,8.736551
3046,0,1,0.99929667,7.258974,0.7017383575439453,0.13974416,-1.8174164,0.99929667,7.259057
3047,1,1,0.9999776,10.705921,0.8208305835723877,0.9999776,10.707352,0.3055998,-0.820772
3048,0,1,0.83584833,1.6276563,1.0,0.0002497363,-8.294855,0.83584833,1.6276562
3049,1,1,0.99997604,10.639056,0.614639401435852,0.99997604,10.636667,0.74847513,1.0904963
3050,0,1,0.77603453,1.2427052,1.0,0.28402275,-0.92459404,0.77603453,1.242705
3051,0,1,0.99996066,10.143253,1.0,0.99996066,10.142383,0.5651315,0.2620146
3052,1,1,0.99994934,9.890245,0.701335072517395,0.99994934,9.891081,0.9591126,3.155187
3053,0,1,0.9997923,8.479101,0.6714500188827515,1.5009553e-05,-11.106809,0.9997923,8.4788885
3054,1,1,0.99996483,10.255375,0.7623206973075867,0.99996483,10.254837,0.0729457,-2.542297
3055,0,1,0.9327665,2.6299832,1.0,0.9327665,2.6299832,0.061500594,-2.7252355
3056,0,1,0.9994868,7.5743394,1.0,0.9994868,7.5744004,0.9411754,2.7725692
3057,1,1,0.999985,11.106089,0.6665313243865967,0.999985,11.103275,0.72685707,0.97873455
3058,1,1,0.99989843,9.194697,0.7423641085624695,0.99989843,9.1951275,0.69508016,0.8239783
3059,0,1,0.9998634,8.898215,0.583251416683197,4.400664e-05,-10.031126,0.9998634,8.898762
3060,1,1,0.99999285,11.848034,0.6871559619903564,0.99999285,11.856015,0.78709936,1.3075287
3061,1,1,0.9999063,9.275334,0.5852848887443542,0.9999063,9.275707,0.041360173,-3.143197
3062,1,1,0.99997544,10.614485,0.596497118473053,0.99997544,10.61523,0.121849686,-1.9750295
3063,1,1,0.9963181,5.600638,0.7642488479614258,0.9963181,5.6006308,0.41399816,-0.3474614
3064,0,1,0.9999777,10.711254,1.0,0.9999777,10.710358,0.5063074,0.02523116
3065,0,1,0.99981207,8.579235,0.675313413143158,2.8848011e-05,-10.453441,0.99981207,8.579022
3066,1,1,0.99988675,9.08581,0.7834003567695618,0.99988675,9.0854225,0.13521598,-1.8556063
3067,0,1,0.99965394,7.968539,0.6197357773780823,0.0021539468,-6.138297,0.99965394,7.9685574
3068,1,1,0.9999839,11.037094,0.7827510833740234,0.9999839,11.034812,0.81100905,1.45658
3069,0,1,0.99984896,8.797827,0.4749261736869812,9.0767e-06,-11.609791,0.99984896,8.79801
3070,0,1,0.97071326,3.5008962,1.0,0.93009233,2.588109,0.97071326,3.500898
3071,0,1,0.99990773,9.290721,1.0,0.99990773,9.290735,0.5717348,0.2889325
3072,0,1,0.77227646,1.2212102,1.0,2.8926854e-05,-10.450711,0.77227646,1.2212101
3073,0,1,0.5113848,0.045547027,1.0,0.0003947404,-7.8368874,0.5113848,0.04554714
3074,0,0,0.100270085,-2.1942272,1.0,0.100270085,-2.1942272,0.058568586,-2.777203
3075,1,1,0.99998224,10.938421,0.8020223379135132,0.99998224,10.941686,0.75555915,1.1284846
3076,1,1,0.9999441,9.791726,0.9355939030647278,0.9999441,9.792658,0.5650648,0.26174343
3077,0,1,0.9998634,8.898215,1.0,0.9998634,8.898058,0.29137394,-0.8887205
3078,1,1,0.99999213,11.752723,0.7724247574806213,0.99999213,11.754599,0.89851665,2.1808505
3079,0,1,0.9999635,10.218763,1.0,0.9999635,10.217201,0.049653877,-2.9517498
3080,1,1,0.9999862,11.188781,0.5656695365905762,0.9999862,11.191349,0.9087108,2.2979937
3081,1,0,0.00064140296,-7.351211,0.7441381216049194,0.00064140296,-7.351211,0.0004972853,-7.6058493
3082,1,1,0.9999615,10.164695,0.7307904958724976,0.9999615,10.163334,0.706468,0.87829125
3083,0,1,0.99993706,9.673226,1.0,0.99993706,9.673334,0.33728325,-0.67542464
3084,0,1,0.9998739,8.978124,0.7479292750358582,1.545291e-05,-11.077698,0.9998739,8.97822
3085,0,1,0.9997584,8.328078,0.7573394179344177,7.481369e-05,-9.500435,0.9997584,8.328182
3086,0,1,0.99978536,8.446351,0.6693649888038635,1.7896778e-05,-10.930872,0.99978536,8.446539
3087,1,1,0.99998057,10.848616,0.5789475440979004,0.99998057,10.851127,0.9238645,2.49605
3088,1,1,0.99263644,4.9038215,0.783335268497467,0.99263644,4.9038258,0.12478061,-1.9479175
3089,1,1,0.9999894,11.453738,0.7108504772186279,0.9999894,11.452326,0.44837445,-0.2072407
3090,1,1,0.9999453,9.81328,0.6533507108688354,0.9999453,9.812647,0.92870164,2.5669136
3091,1,1,0.99999,11.511559,0.507637083530426,0.99999,11.512951,0.07489985,-2.51375
3092,0,1,0.9998628,8.893862,0.5335233211517334,7.118644e-06,-11.852786,0.9998628,8.894146
3093,1,1,0.9998647,8.907862,0.5782777070999146,0.9998647,8.908081,0.93925315,2.7383697
3094,0,1,0.6308057,0.5356747,1.0,0.022961967,-3.7506864,0.6308057,0.5356747
3095,1,1,0.9980829,6.25501,0.6551738977432251,0.9980829,6.254986,0.8289316,1.5780743
3096,1,0,0.076310426,-2.4935665,1.0,1.2512431e-05,-11.288775,0.076310426,-2.4935665
3097,0,1,0.9993992,7.4166226,0.8688507676124573,9.791415e-06,-11.533995,0.9993992,7.4167004
3098,1,1,0.99998903,11.420586,0.8527328372001648,0.99998903,11.4176035,0.37501732,-0.51075184
3099,0,1,0.9997099,8.145009,1.0,0.9997099,8.145124,0.15086244,-1.7278528
3100,1,1,0.9998259,8.655677,0.7542116045951843,0.9998259,8.655495,0.78343785,1.2858139
3101,0,1,0.9247851,2.5092118,1.0,0.000154499,-8.775168,0.9247851,2.509212
3102,1,1,0.9999752,10.604822,0.7463030219078064,0.9999752,10.603113,0.3665983,-0.54683816
3103,0,1,0.9999751,10.600026,1.0,0.9999751,10.601535,0.65403056,0.63680387
3104,1,0,0.12503028,-1.9456333,0.6911209225654602,0.12503028,-1.9456333,0.049880084,-2.9469664
3105,1,1,0.9999883,11.357406,0.6420032382011414,0.9999883,11.356186,0.81051296,1.4533467
3106,0,1,0.96631485,3.3564327,1.0,0.44138804,-0.23553067,0.96631485,3.3564305
3107,1,0,0.41651934,-0.3370784,1.0,2.164635e-05,-10.740652,0.41651934,-0.33707842
3108,0,1,0.99997354,10.539681,1.0,0.99997354,10.541307,0.96748793,3.3930907
3109,0,1,0.8178723,1.5019981,1.0,0.18597694,-1.476366,0.8178723,1.5019982
3110,1,0,0.49705705,-0.011771853,1.0,0.008278442,-4.7857876,0.49705705,-0.011771917
3111,1,1,0.99996054,10.140227,0.5313796401023865,0.99996054,10.140276,0.0077562737,-4.8514667
3112,1,1,0.99997914,10.777578,0.7565516829490662,0.99997914,10.776182,0.95665205,3.0941794
3113,1,1,0.99997544,10.614485,0.7403913140296936,0.99997544,10.615791,0.3532218,-0.60490716
3114,1,1,0.76966965,1.2064468,0.7226032018661499,0.76966965,1.206447,0.24807997,-1.1088789
3115,1,1,0.99997795,10.722008,0.8812754154205322,0.99997795,10.723254,0.8409617,1.6654012
3116,1,1,0.9999374,9.678925,0.5924719572067261,0.9999374,9.679776,0.26337534,-1.0284983
3117,0,1,0.99975234,8.303217,0.8668574094772339,1.5789892e-05,-11.056125,0.99975234,8.303179
3118,0,1,0.8902274,2.0930657,1.0,0.8902274,2.0930657,0.36663663,-0.54667294
3119,1,1,0.99991584,9.382686,0.7537518739700317,0.99991584,9.382439,0.9661312,3.3508039
3120,1,1,0.99553514,5.4070415,0.9462703466415405,0.99553514,5.407043,0.3319504,-0.69937694
3121,0,1,0.999818,8.61147,1.0,0.999818,8.6110735,0.17894077,-1.5235404
3122,0,1,0.9997863,8.450805,0.7109938263893127,3.025171e-05,-10.405928,0.9997863,8.450573
3123,0,1,0.84688455,1.7103722,1.0,0.84688455,1.710372,0.014070149,-4.24953
3124,1,1,0.9998555,8.842214,0.5884717702865601,0.9998555,8.842728,0.39681777,-0.41874212
3125,1,1,0.99998534,11.130186,0.7123156785964966,0.99998534,11.131664,0.73230386,1.0063428
3126,0,1,0.99998415,11.05202,1.0,0.99998415,11.0485115,0.9738995,3.6193519
3127,0,1,0.99974936,8.291252,0.7652828693389893,2.2632279e-05,-10.696111,0.99974936,8.291052
3128,0,1,0.9998192,8.618044,0.5849307775497437,1.4939321e-05,-11.111499,0.9998192,8.618058
3129,1,1,0.9999491,9.8855505,0.7081968188285828,0.9999491,9.886577,0.8512486,1.7444274
3130,1,1,0.9998535,8.828282,0.9098966121673584,0.9998535,8.828768,0.47497267,-0.10019314
3131,1,0,0.0028821044,-5.8463483,0.4812173545360565,0.0028821044,-5.8463483,0.00062819367,-7.3720336
3132,0,1,0.9996069,7.841072,1.0,0.9996069,7.8410087,0.016316056,-4.099155
3133,0,1,0.999579,7.772486,0.8711947202682495,7.651967e-05,-9.477886,0.999579,7.772601
3134,0,1,0.9999778,10.716617,1.0,0.9999778,10.71596,0.4643821,-0.14271326
3135,1,0,0.0028477057,-5.85839,0.617281973361969,0.0028477057,-5.85839,0.00203934,-6.1930876
3136,0,1,0.6160584,0.47285137,1.0,2.7094977e-05,-10.516135,0.6160584,0.47285134
3137,0,1,0.99970883,8.141316,0.8820092678070068,8.5403e-05,-9.368044,0.99970883,8.141411
3138,0,1,0.9997714,8.383379,1.0,0.9997714,8.383402,0.6294518,0.5298658
3139,1,0,0.00034832954,-7.9620132,0.7195743322372437,0.00025099982,-8.289807,0.00034832954,-7.9620132
3140,1,1,0.9999857,11.15488,0.7678795456886292,0.9999857,11.156128,0.45477733,-0.1813863
3141,1,0,0.0026478637,-5.9313507,0.8005176782608032,0.0024164775,-6.023025,0.0026478637,-5.9313507
3142,1,0,0.01666537,-4.0776167,0.5975878834724426,0.01666537,-4.0776167,0.0019968876,-6.2141666
3143,1,1,0.9999932,11.899327,0.7883056402206421,0.9999932,11.90505,0.40715575,-0.37573594
3144,0,1,0.9999341,9.626962,1.0,0.9999341,9.626174,0.9661171,3.3503726
3145,1,1,0.999977,10.679672,0.7346577048301697,0.999977,10.679969,0.4484747,-0.20683558
3146,1,0,0.00024611971,-8.309446,0.6712056994438171,4.1281426e-05,-10.095057,0.00024611971,-8.309446
3147,1,1,0.9999801,10.824371,0.547082781791687,0.9999801,10.822439,0.45733914,-0.17105927
3148,0,1,0.9997309,8.220102,0.7106336355209351,6.6299835e-06,-11.923902,0.9997309,8.220152
3149,0,1,0.99958915,7.7968597,0.7714866399765015,7.458858e-06,-11.806101,0.99958915,7.796735
3150,0,1,0.99983823,8.729192,1.0,0.99983823,8.729376,0.014482099,-4.220254
3151,0,1,0.96258765,3.2476244,1.0,0.96258765,3.2476249,0.94677347,2.878502
3152,0,1,0.7587417,1.1457931,1.0,7.750484e-05,-9.465093,0.7587417,1.1457933
3153,1,1,0.9978892,6.158585,0.7569693922996521,0.9978892,6.1586094,0.81082904,1.4554064
3154,1,1,0.99987996,9.0275345,0.6371104717254639,0.99987996,9.027615,0.75645155,1.1333226
3155,0,1,0.9999907,11.585667,1.0,0.9999907,11.584269,0.27652818,-0.96174896
3156,1,0,0.00018304744,-8.605582,0.5275771021842957,1.740565e-05,-10.958698,0.00018304744,-8.605582
3157,0,1,0.99993086,9.579288,1.0,0.99993086,9.579138,0.13744059,-1.8367122
3158,1,1,0.9996648,8.000399,0.6029274463653564,0.9996648,8.000305,0.13098845,-1.8922472
3159,1,0,0.0005082653,-7.5839987,0.5239890813827515,0.0003837014,-7.865262,0.0005082653,-7.5839987
3160,1,1,0.9999889,11.409775,0.8443622589111328,0.9999889,11.410663,0.4007182,-0.40247348
3161,0,1,0.9998863,9.081608,0.5476678013801575,7.069292e-06,-11.859743,0.9998863,9.082085
3162,0,1,0.9982535,6.3484073,0.83595210313797,0.010435149,-4.5520854,0.9982535,6.3483953
3163,0,1,0.99996996,10.412926,1.0,0.99996996,10.411507,0.5278578,0.1115465
3164,1,0,0.00026613154,-8.231254,0.7072249054908752,2.4229894e-05,-10.627899,0.00026613154,-8.231254
3165,1,1,0.9999012,9.222066,0.6658066511154175,0.9999012,9.222353,0.9309252,2.6009893
3166,0,1,0.999926,9.51098,1.0,0.999926,9.510326,0.71890527,0.93903804
3167,0,1,0.9999801,10.824371,1.0,0.9999801,10.824616,0.04151164,-3.1393836
3168,1,1,0.99996877,10.374009,0.7371841669082642,0.99996877,10.373801,0.91083986,2.323933
3169,0,1,0.9996313,7.9051194,0.6876093745231628,5.0415925e-05,-9.895153,0.9996313,7.905168
3170,1,1,0.99998295,10.979524,0.6000884771347046,0.99998295,10.9797125,0.97451925,3.64402
3171,1,1,0.9999697,10.405021,0.7491504549980164,0.9999697,10.40493,0.8431381,1.6817653
3172,0,1,0.72916937,0.99041235,1.0,7.2298426e-06,-11.837286,0.72916937,0.99041235
3173,0,1,0.9996766,8.036251,0.7541665434837341,0.00021827557,-8.429534,0.9996766,8.036126
3174,1,1,0.99994326,9.776911,0.6513788104057312,0.99994326,9.7764,0.36313772,-0.56177115
3175,1,1,0.99997747,10.700616,0.6349127292633057,0.99997747,10.699142,0.27245906,-0.9821819
3176,0,1,0.9997025,8.1198435,0.579218327999115,5.2581272e-05,-9.853098,0.9997025,8.119862
3177,1,1,0.9998994,9.204132,0.6675904393196106,0.9998994,9.20384,0.4078534,-0.37284654
3178,1,1,0.9996557,7.9737215,0.7440615892410278,0.9996557,7.973798,0.45331624,-0.1872804
3179,0,1,0.5792953,0.31988114,1.0,1.4609703e-05,-11.13381,0.5792953,0.3198811
3180,0,1,0.9999839,11.037094,1.0,0.9999839,11.040808,0.9626869,3.2503827
3181,0,1,0.9997863,8.450805,0.6397771239280701,2.6684405e-05,-10.5314045,0.9997863,8.450792
3182,0,1,0.9997993,8.513555,0.8027278184890747,6.9737e-06,-11.873358,0.9997993,8.513235
3183,0,1,0.9997478,8.285087,0.6991078853607178,8.411987e-06,-11.685844,0.9997478,8.2849455
3184,0,1,0.97348964,3.6033516,1.0,7.404809e-06,-11.813374,0.97348964,3.6033502
3185,0,1,0.9998909,9.123352,0.5392417907714844,8.13219e-06,-11.719672,0.9998909,9.123314
3186,1,1,0.99998057,10.848616,0.6441513895988464,0.99998057,10.850481,0.6956917,0.8268653
3187,1,0,0.0009433816,-6.965096,0.6108520030975342,0.0009433816,-6.965096,0.0006953733,-7.270366
3188,1,1,0.9999418,9.752011,0.8235030174255371,0.9999418,9.751463,0.974774,3.6543305
3189,1,1,0.99971896,8.176747,0.6237021088600159,0.99971896,8.17677,0.58244264,0.3328089
3190,1,1,0.999987,11.251024,0.692903459072113,0.999987,11.247471,0.107670955,-2.1147552
3191,1,1,0.9970788,5.832827,0.613990068435669,0.9970788,5.8328257,0.5585724,0.23537034
3192,1,1,0.9999838,11.029714,0.55936199426651,0.9999838,11.030064,0.7406067,1.0491244
3193,1,1,0.9999826,10.958761,0.586877167224884,0.9999826,10.96146,0.19303742,-1.4303932
3194,1,1,0.9999809,10.867192,0.6086999773979187,0.9999809,10.869212,0.71277463,0.90889806
3195,1,1,0.9999536,9.97876,0.6509084105491638,0.9999536,9.977669,0.05107365,-2.9220624
3196,1,1,0.99992895,9.5520735,0.7039803266525269,0.99992895,9.551765,0.88117963,2.0036485
3197,0,1,0.9618989,3.2286668,1.0,5.2367046e-05,-9.857181,0.9618989,3.2286673
3198,1,1,0.9999807,10.85477,0.5892497301101685,0.9999807,10.856626,0.8430448,1.6810602
3199,1,1,0.99997604,10.639056,0.7939009666442871,0.99997604,10.639134,0.88180643,2.0096493
3200,1,0,0.0002916018,-8.13983,0.7285552620887756,3.8950795e-05,-10.1531725,0.0002916018,-8.13983
3201,0,1,0.9996377,7.922739,1.0,0.9996377,7.9226127,0.8871948,2.0624022
3202,1,1,0.9999114,9.3316,0.8214268088340759,0.9999114,9.331755,0.062070437,-2.715405
3203,1,1,0.99970406,8.125068,0.5337833762168884,0.99970406,8.125161,0.74600184,1.0774012
3204,0,1,0.9997956,8.495304,0.6187602877616882,5.0161085e-05,-9.900221,0.9997956,8.495217
3205,0,1,0.99985695,8.852165,0.6964194774627686,8.717117e-06,-11.650213,0.99985695,8.852325
3206,0,1,0.99969983,8.110865,0.592198371887207,1.6682128e-05,-11.001156,0.99969983,8.110669
3207,1,1,0.9999653,10.269028,0.6531466245651245,0.9999653,10.267916,0.4491104,-0.20426579
3208,0,1,0.9999,9.210074,0.5169568657875061,8.943065e-06,-11.624623,0.9999,9.209587
3209,1,1,0.9999316,9.589687,0.7178847789764404,0.9999316,9.589377,0.07889244,-2.4574914
3210,0,1,0.50650215,0.026010118,1.0,3.410782e-05,-10.28595,0.50650215,0.026010096
3211,1,1,0.99997187,10.478525,0.5158942341804504,0.99997187,10.479993,0.8217646,1.5283484
3212,0,1,0.9999783,10.738357,1.0,0.9999783,10.738252,0.9536297,3.0236144
3213,0,1,0.99976784,8.367851,0.5596408247947693,0.0001893484,-8.5717325,0.99976784,8.367826
3214,0,1,0.99968934,8.076503,0.6186089515686035,8.786047e-06,-11.642337,0.99968934,8.07629
3215,1,1,0.99998677,11.2328415,0.44626954197883606,0.99998677,11.228835,0.92161226,2.4644578
3216,0,1,0.99977165,8.384423,0.6658434271812439,1.1193336e-05,-11.400181,0.99977165,8.384431
3217,1,1,0.99993944,9.7118435,0.8338930010795593,0.99993944,9.71101,0.12517388,-1.9443213
3218,1,1,0.99997425,10.567081,0.8471474647521973,0.99997425,10.566046,0.09200139,-2.2894392
3219,0,1,0.6682048,0.7000767,1.0,0.6682048,0.7000766,0.06934749,-2.596756
3220,0,1,0.99997795,10.722008,1.0,0.99997795,10.719394,0.9770395,3.7507493
3221,1,1,0.99996376,10.225321,0.6796942353248596,0.99996376,10.225729,0.8324428,1.6030402
3222,1,0,0.00022587049,-8.395323,0.7087628841400146,9.122876e-06,-11.604716,0.00022587049,-8.395323
3223,1,0,0.00028157464,-8.174831,0.74372398853302,0.00021431992,-8.447826,0.00028157464,-8.174831
3224,0,1,0.9816976,3.9822521,1.0,0.9816976,3.9822483,0.64184684,0.583389
3225,1,1,0.9999869,11.241892,0.5918045043945312,0.9999869,11.244846,0.7311496,1.000463
3226,1,1,0.9999913,11.651917,0.47663789987564087,0.9999913,11.6538925,0.509793,0.03917694
3227,0,1,0.9988249,6.7452216,0.873010516166687,0.01191793,-4.4177217,0.9988249,6.745269
3228,0,1,0.9989446,6.8527613,0.7880608439445496,7.6595725e-06,-11.779547,0.9989446,6.852706
3229,1,1,0.99998486,11.098183,0.708696722984314,0.99998486,11.099778,0.7501427,1.0993733
3230,1,1,0.9996216,7.8792586,0.8030270338058472,0.9996216,7.879339,0.75224966,1.1106465
3231,1,1,0.7192163,0.9405774,0.8682813048362732,0.2076132,-1.3393729,0.7192163,0.94057745
3232,0,1,0.89235204,2.1149945,1.0,0.89235204,2.1149945,0.66163063,0.6705692
3233,0,1,0.9996712,8.019795,0.7332748770713806,7.5101134e-06,-11.7992525,0.9996712,8.019586
3234,1,1,0.99998057,10.848616,0.6284198760986328,0.99998057,10.849555,0.70744395,0.8830023
3235,0,1,0.9999405,9.729719,1.0,0.9999405,9.729229,0.6537876,0.6357302
3236,1,1,0.9999727,10.5086355,0.690697431564331,0.9999727,10.510205,0.017500553,-4.0278673
3237,0,1,0.99963987,7.928682,0.8152858018875122,1.5436295e-05,-11.0787735,0.99963987,7.9286504
3238,0,1,0.9998864,9.082657,0.7152827978134155,0.00019121477,-8.561922,0.9998864,9.082807
3239,0,1,0.9990483,6.9563007,1.0,0.9990483,6.9563437,0.30680746,-0.81508744
3240,1,1,0.9999857,11.15488,0.6549211740493774,0.9999857,11.158491,0.17766453,-1.5322512
3241,0,1,0.8943957,2.1364493,1.0,6.1366145e-06,-12.001231,0.8943957,2.136449
3242,0,1,0.99982184,8.63266,0.5661211013793945,6.583353e-06,-11.93096,0.99982184,8.63234
3243,0,1,0.99972993,8.216564,0.7769079804420471,1.2885787e-05,-11.259373,0.99972993,8.216683
3244,1,1,0.99996364,10.222037,0.6489748954772949,0.99996364,10.223097,0.6098221,0.44656444
3245,0,1,0.9998266,8.659794,0.7666051983833313,4.633585e-06,-12.282175,0.9998266,8.659761
3246,1,1,0.53292155,0.13187699,0.6257023811340332,0.53292155,0.1318769,0.22077832,-1.2611364
3247,0,1,0.9999865,11.214984,1.0,0.9999865,11.210921,0.22769962,-1.2213463
3248,0,1,0.99960726,7.841983,0.6665506362915039,1.3503794e-05,-11.212526,0.99960726,7.841936
3249,1,1,0.9999126,9.345152,0.7164217829704285,0.9999126,9.344944,0.9084117,2.294394
3250,1,1,0.9999598,10.122262,0.7425193190574646,0.9999598,10.1236925,0.07227433,-2.552267
3251,1,1,0.9999473,9.851023,0.7616419196128845,0.9999473,9.850867,0.25322506,-1.0814853
3252,0,1,0.999806,8.547391,1.0,0.999806,8.547413,0.06733949,-2.6282945
3253,0,1,0.9768456,3.7421448,1.0,0.9768456,3.7421463,0.9323229,2.622932
3254,0,1,0.99979717,8.502916,0.7775498032569885,9.2011695e-05,-9.293503,0.99979717,8.502665
3255,0,1,0.99997103,10.449295,1.0,0.99997103,10.45042,0.22735867,-1.2232862
3256,1,1,0.99920243,7.1331434,0.6977596879005432,0.99920243,7.1330986,0.98275214,4.0426664
3257,1,1,0.99995863,10.0930195,0.6339959502220154,0.99995863,10.092966,0.7892699,1.3205304
3258,1,1,0.999652,7.963041,0.5407211184501648,0.999652,7.9629292,0.7786549,1.257845
3259,0,1,0.9880023,4.41097,1.0,0.9880023,4.4109735,0.94330907,2.8117807
3260,1,1,0.9999863,11.197439,0.8080303072929382,0.9999863,11.194706,0.10223116,-2.172676
3261,1,1,0.9999763,10.649056,0.74871826171875,0.9999763,10.650702,0.88822466,2.072734
3262,1,1,0.9999516,9.935984,0.7617987990379333,0.9999516,9.936024,0.08898589,-2.3260806
3263,0,1,0.9998971,9.181868,1.0,0.9998971,9.18194,0.91425115,2.366682
3264,0,1,0.9991327,7.0492496,1.0,0.9991327,7.0491667,0.5763527,0.30781865
3265,0,1,0.9997787,8.415715,0.7413250207901001,0.00015922754,-8.745017,0.9997787,8.415552
3266,1,0,0.20949818,-1.3279529,0.7490560412406921,0.20949818,-1.3279529,0.12635887,-1.9335437
3267,0,1,0.99999213,11.752723,1.0,0.99999213,11.758995,0.37745145,-0.5003796
3268,0,0,0.097575195,-2.224462,0.5708543658256531,0.097575195,-2.224462,0.014071584,-4.2494264
3269,1,1,0.99995553,10.020762,0.757801353931427,0.99995553,10.0203905,0.2325406,-1.1940207
3270,1,1,0.99915993,7.0811872,0.6322389245033264,0.99915993,7.08117,0.6029504,0.4177738
3271,1,1,0.9902069,4.6162357,0.7998530268669128,0.9902069,4.616233,0.94322455,2.8102005
3272,1,1,0.9998393,8.735847,0.7513130307197571,0.9998393,8.736378,0.2572597,-1.0602604
3273,0,1,0.83587116,1.6278228,1.0,6.941373e-05,-9.5753565,0.83587116,1.6278224
3274,0,1,0.6498983,0.6185922,1.0,0.0003252705,-8.030528,0.6498983,0.61859226
3275,0,1,0.9999448,9.804603,1.0,0.9999448,9.805597,0.5460563,0.1847487
3276,1,1,0.99995804,10.078712,0.835696816444397,0.99995804,10.077726,0.37108096,-0.5275822
3277,1,1,0.99990594,9.271524,0.7056355476379395,0.99990594,9.272039,0.48853573,-0.0458652
3278,0,1,0.9939247,5.0974264,1.0,0.9939247,5.0974283,0.6149721,0.46826106
3279,0,0,0.43467632,-0.26279688,0.7535259127616882,0.43467632,-0.26279682,0.07259241,-2.5475328
3280,1,0,0.00077459123,-7.1624002,0.7730455994606018,0.0004969958,-7.606432,0.00077459123,-7.1624002
3281,0,1,0.99950886,7.6182857,0.5510929226875305,1.3975561e-05,-11.178186,0.99950886,7.618219
3282,0,1,0.99978477,8.443577,0.7939172983169556,5.98527e-05,-9.723564,0.99978477,8.443764
3283,1,1,0.99937314,7.374157,0.8439419269561768,0.99937314,7.374076,0.9407642,2.7651663
3284,1,1,0.9999771,10.684867,0.6317107677459717,0.9999771,10.6863365,0.9094086,2.3064353
3285,0,1,0.99997723,10.690089,1.0,0.99997723,10.692368,0.18543643,-1.4799403
3286,0,0,0.3514499,-0.6126721,0.7877593040466309,0.3514499,-0.61267215,0.033171892,-3.3723178
3287,1,1,0.99998903,11.420586,0.7115553021430969,0.99998903,11.419159,0.17855376,-1.5261767
3288,1,1,0.97130716,3.521995,0.7405406832695007,0.97130716,3.5219955,0.07931653,-2.4516697
3289,0,1,0.671457,0.7147822,1.0,0.41220328,-0.35486454,0.671457,0.7147822
3290,1,1,0.9985983,6.5686507,0.5774649977684021,0.9985983,6.5686255,0.94022745,2.7555757
3291,0,1,0.99770385,6.0742226,1.0,0.99770385,6.0742025,0.010834473,-4.5141287
3292,0,1,0.9997584,8.328078,0.705902099609375,0.05331403,-2.8767679,0.9997584,8.328224
3293,0,1,0.7590019,1.1472152,1.0,1.1047538e-05,-11.413292,0.7590019,1.1472151
3294,1,1,0.9980484,6.237165,0.8918883204460144,0.9980484,6.237191,0.22653854,-1.2279608
3295,0,1,0.96753883,3.394711,1.0,0.96753883,3.394711,0.81704813,1.4964752
3296,0,1,0.9997899,8.467687,0.6732043623924255,6.512877e-05,-9.639079,0.9997899,8.467888
3297,0,1,0.8808977,2.0009587,1.0,3.1973515e-05,-10.350571,0.8808977,2.0009587
3298,1,1,0.99885607,6.772139,0.7673665881156921,0.99885607,6.772146,0.9572098,3.1077142
3299,0,1,0.9997384,8.248414,0.8565935492515564,1.8500901e-05,-10.897673,0.9997384,8.248502
3300,1,1,0.9999763,10.649056,0.7559981942176819,0.9999763,10.651002,0.7680977,1.197601
3301,1,1,0.9999871,11.2602415,0.571647047996521,0.9999871,11.261519,0.24797651,-1.1094335
3302,0,1,0.9997873,8.455278,0.7236598134040833,6.5225104e-05,-9.637601,0.9997873,8.455223
3303,1,1,0.99997675,10.669362,0.6455438137054443,0.99997675,10.66786,0.6042883,0.42336556
3304,0,1,0.9999217,9.454623,1.0,0.9999217,9.454278,0.88249147,2.0162382
3305,1,1,0.99999046,11.560349,0.8073301315307617,0.99999046,11.556522,0.4936594,-0.025363803
3306,1,1,0.99993896,9.7039995,0.8854114413261414,0.99993896,9.704581,0.32529995,-0.7295205
3307,1,1,0.9999844,11.067172,0.6834436655044556,0.9999844,11.067088,0.73982847,1.0450771
3308,0,1,0.9997938,8.486591,0.6673735976219177,1.0918914e-05,-11.425003,0.9997938,8.486267
3309,1,1,0.9919911,4.819161,0.8366096019744873,0.9919911,4.819162,0.6500084,0.6190761
3310,1,0,0.12614505,-1.9354819,1.0,3.6081972e-05,-10.229681,0.12614505,-1.9354819
3311,0,1,0.9999193,9.424633,1.0,0.9999193,9.425328,0.9026187,2.2266662
3312,0,1,0.99983025,8.68099,0.766287088394165,5.320103e-06,-12.144012,0.99983025,8.681042
3313,0,1,0.9997677,8.367338,0.5141085982322693,1.3636312e-05,-11.202761,0.9997677,8.3674555
3314,0,1,0.9999839,11.037094,1.0,0.9999839,11.035915,0.86474735,1.8552933
3315,0,0,0.015610633,-4.144069,0.8014664053916931,0.006797654,-4.984357,0.015610633,-4.144069
3316,1,1,0.99997985,10.812467,0.6563653349876404,0.99997985,10.812148,0.8883073,2.0735664
3317,0,1,0.57640153,0.30801854,1.0,8.103313e-06,-11.723229,0.57640153,0.3080185
3318,1,1,0.9999914,11.66571,0.6264798045158386,0.9999914,11.664312,0.8651964,1.859138
3319,0,1,0.9998136,8.587517,0.6610757112503052,9.438676e-06,-11.570685,0.9998136,8.587542
3320,1,1,0.99998474,11.09034,0.8264713287353516,0.99998474,11.090279,0.16285436,-1.6371417
3321,1,1,0.999331,7.3090534,0.7609401345252991,0.999331,7.308979,0.61856407,0.48345792
3322,1,1,0.9999933,11.9170265,0.7531828284263611,0.9999933,11.924043,0.9250159,2.5125356
3323,1,1,0.9999367,9.66756,0.6432106494903564,0.9999367,9.667404,0.8691445,1.8934157
3324,1,1,0.9995797,7.774187,0.7564894556999207,0.9995797,7.77427,0.16968732,-1.5878448
3325,0,1,0.9984724,6.482524,0.7956876158714294,3.7408794e-05,-10.193567,0.9984724,6.482553
3326,0,1,0.9998572,8.853833,0.5534651875495911,7.973416e-06,-11.739389,0.9998572,8.854141
3327,1,0,0.004126656,-5.4861526,0.6539809703826904,0.004126656,-5.4861526,0.003757625,-5.5802035
3328,1,0,0.0026666971,-5.9242444,0.7326717376708984,0.0012629632,-6.673031,0.0026666971,-5.9242444
3329,0,1,0.9995646,7.7387824,0.8286887407302856,9.336113e-05,-9.278942,0.9995646,7.7387753
3330,0,1,0.9997433,8.267279,0.5908005833625793,1.3570668e-05,-11.207586,0.9997433,8.267103
3331,1,0,0.029475426,-3.4942799,0.6281895637512207,0.029475426,-3.4942799,0.015838677,-4.129335
3332,0,1,0.99881554,6.7372804,1.0,0.99881554,6.737213,0.045462355,-3.0443425
3333,0,1,0.95969605,3.1701672,1.0,0.0028324246,-5.8637857,0.95969605,3.170167
3334,1,1,0.99997354,10.539681,0.851111888885498,0.99997354,10.537675,0.68306744,0.76790464
3335,1,1,0.9954253,5.3826256,0.63926762342453,0.9954253,5.382618,0.44126582,-0.23602644
3336,0,1,0.99998534,11.130186,1.0,0.99998534,11.128247,0.054546468,-2.8526118
3337,1,1,0.99998677,11.2328415,0.6669081449508667,0.99998677,11.228769,0.6609984,0.66774684
3338,1,1,0.9999894,11.453738,0.5373658537864685,0.9999894,11.456831,0.21779302,-1.2785742
3339,1,0,0.018786838,-3.9556332,1.0,0.0032521512,-5.725181,0.018786838,-3.9556332
3340,0,1,0.9998155,8.597805,0.779057502746582,9.742088e-06,-11.539045,0.9998155,8.597769
3341,0,1,0.99986935,8.942832,1.0,0.99986935,8.94264,0.37001947,-0.53213334
3342,1,0,0.0007668947,-7.172394,0.6367911100387573,0.0007668947,-7.172394,0.0005766689,-7.4576654
3343,0,1,0.9992131,7.1466217,1.0,0.9992131,7.146675,0.046670415,-3.0168502
3344,1,1,0.9999496,9.894962,0.7776533365249634,0.9999496,9.894487,0.48874307,-0.04503548
3345,0,1,0.99985754,8.856341,1.0,0.99985754,8.856754,0.9411692,2.7724574
3346,0,1,0.9998671,8.925643,0.5999090671539307,7.685841e-06,-11.776123,0.9998671,8.926223
3347,1,0,0.00022956054,-8.379114,0.6455180048942566,1.2565236e-05,-11.284564,0.00022956054,-8.379114
3348,0,1,0.99997747,10.700616,1.0,0.99997747,10.699541,0.92801213,2.5565474
3349,0,1,0.99169415,4.782455,1.0,0.99169415,4.782455,0.15417714,-1.7022078
3350,0,1,0.9960621,5.533162,1.0,0.9960621,5.5331674,0.007841793,-4.840415
3351,0,1,0.9997482,8.286506,1.0,0.9997482,8.286287,0.066138975,-2.6475694
3352,0,1,0.9998534,8.827469,0.7050212621688843,5.1703362e-05,-9.869936,0.9998534,8.8276005
3353,0,1,0.9999585,10.090141,1.0,0.9999585,10.090412,0.91965294,2.4376414
3354,1,0,0.019093579,-3.939125,0.6594610810279846,0.011821613,-4.425934,0.019093579,-3.939125
3355,1,1,0.9999875,11.288412,0.7161396741867065,0.9999875,11.291604,0.027351387,-3.5712557
3356,0,1,0.68134844,0.7599756,1.0,0.15373872,-1.7055736,0.68134844,0.7599757
3357,0,1,0.99969006,8.078809,1.0,0.99969006,8.0786295,0.8722448,1.920954
3358,1,1,0.9999002,9.212461,0.604682207107544,0.9999002,9.213079,0.84100944,1.6657577
3359,1,1,0.9999888,11.399079,0.8841956257820129,0.9999888,11.40089,0.6461145,0.6020033
3360,1,1,0.9999933,11.9170265,0.5954266786575317,0.9999933,11.9152975,0.4483702,-0.20725805
3361,1,1,0.9999888,11.399079,0.6566218137741089,0.9999888,11.399242,0.973279,3.5952191
3362,0,1,0.7152685,0.92111135,1.0,4.4279477e-06,-12.32757,0.7152685,0.9211112
3363,1,1,0.999977,10.679672,0.741327702999115,0.999977,10.679821,0.020078393,-3.8878284
3364,0,1,0.9998677,8.930138,0.7736881971359253,6.633639e-06,-11.92335,0.9998677,8.929965
3365,0,1,0.8160485,1.4898016,1.0,0.008648584,-4.7416735,0.8160485,1.4898016
3366,1,1,0.99909425,7.005839,0.6537126302719116,0.99909425,7.005847,0.7325414,1.007555
3367,0,1,0.9999865,11.214984,1.0,0.9999865,11.217579,0.55034935,0.20208237
3368,1,1,0.99996185,10.1740265,0.5428436398506165,0.99996185,10.175267,0.18626003,-1.4744971
3369,0,1,0.9998253,8.652259,0.7590553164482117,1.8629898e-05,-10.890724,0.9998253,8.651917
3370,1,1,0.99994564,9.819838,0.677612841129303,0.99994564,9.820565,0.7636022,1.1725312
3371,0,1,0.9997831,8.435851,0.8124462366104126,0.00013718434,-8.894048,0.9997831,8.435694
3372,0,1,0.9996302,7.902213,0.6477769613265991,4.88552e-06,-12.22923,0.9996302,7.902387
3373,0,1,0.7813823,1.2737402,1.0,1.00754305e-05,-11.505401,0.7813823,1.27374
3374,1,0,0.0006675727,-7.3111944,0.6428532600402832,0.0006675727,-7.3111944,0.00018829032,-8.577337
3375,1,1,0.9999603,10.134203,0.5797039270401001,0.9999603,10.133833,0.23940009,-1.1559713
3376,0,1,0.99997926,10.783309,1.0,0.99997926,10.784503,0.9415835,2.7799656
3377,1,1,0.9999932,11.899327,0.6708166003227234,0.9999932,11.901351,0.96683025,3.3723855
3378,1,1,0.9999839,11.037094,0.5932611227035522,0.9999839,11.0352,0.62521565,0.51174587
3379,1,1,0.9991154,7.0294986,0.7314116358757019,0.9991154,7.029461,0.72347504,0.96176517
3380,0,1,0.9998468,8.783718,0.6355923414230347,0.019792143,-3.9024796,0.9998468,8.783785
3381,0,1,0.9997632,8.348019,1.0,0.9997632,8.34787,0.04563142,-3.0404534
3382,1,1,0.9999542,9.991697,0.740363597869873,0.9999542,9.9923725,0.8918333,2.1096058
3383,1,1,0.9999871,11.2602415,0.6321273446083069,0.9999871,11.257347,0.8732916,1.9303815
3384,0,1,0.99992573,9.507765,1.0,0.99992573,9.5076475,0.026466854,-3.6050386
3385,1,1,0.9999844,11.067172,0.6897598505020142,0.9999844,11.070555,0.60662824,0.43316096
3386,1,0,0.0050603966,-5.281237,0.6120695471763611,0.0050603966,-5.281237,0.002533467,-5.97563
3387,0,1,0.99985766,8.857179,0.7065367698669434,6.4268042e-06,-11.955027,0.99985766,8.85766
3388,1,1,0.99997175,10.474297,0.7795414924621582,0.99997175,10.4756775,0.64291996,0.58806026
3389,1,1,0.95048577,2.954713,0.7106143236160278,0.95048577,2.954713,0.62292093,0.5019645
3390,0,1,0.9998006,8.520111,0.7529714703559875,1.632629e-05,-11.022717,0.9998006,8.520031
3391,0,1,0.70976263,0.89423156,1.0,7.115783e-05,-9.550539,0.70976263,0.8942317
3392,0,1,0.5302148,0.12100655,1.0,2.1216223e-05,-10.760723,0.5302148,0.121006645
3393,0,1,0.9997676,8.366824,0.7746028900146484,6.149266e-05,-9.696531,0.9997676,8.366643
3394,1,1,0.9999875,11.288412,0.8101899027824402,0.9999875,11.289197,0.5270392,0.1082623
3395,1,1,0.99998546,11.13835,0.7592611908912659,0.99998546,11.1407175,0.05092828,-2.925066
3396,1,1,0.9999777,10.711254,0.6854586005210876,0.9999777,10.708845,0.26879326,-1.0007538
3397,1,1,0.9999232,9.474609,0.7809417247772217,0.9999232,9.474469,0.7592718,1.1486915
3398,0,1,0.598651,0.3998474,1.0,1.51038475e-05,-11.100546,0.598651,0.39984742
3399,1,1,0.9998975,9.18535,0.7097209095954895,0.9998975,9.185015,0.049325626,-2.9587278
3400,0,1,0.8877255,2.0677156,1.0,2.0406807e-05,-10.799622,0.8877255,2.0677156
3401,0,1,0.99990284,9.2390995,1.0,0.99990284,9.238836,0.79335386,1.3452616
3402,1,1,0.9998209,8.62732,0.5707935094833374,0.9998209,8.626838,0.6062004,0.43136826
3403,1,1,0.9879362,4.405409,0.7278215885162354,0.9879362,4.405408,0.53550804,0.14227174
3404,1,1,0.9999715,10.465893,0.47271570563316345,0.9999715,10.466051,0.4000858,-0.40510756
3405,0,1,0.9997875,8.456401,0.7009106874465942,1.8382856e-05,-10.904074,0.9997875,8.456527
3406,1,1,0.9998598,8.872371,0.7715253829956055,0.9998598,8.872438,0.56884974,0.2771596
3407,1,1,0.9997857,8.448019,0.545694887638092,0.9997857,8.447761,0.22840519,-1.2173384
3408,0,1,0.99981135,8.575436,0.7708747386932373,5.6289146e-06,-12.087588,0.99981135,8.575482
3409,1,1,0.9999801,10.824371,0.6552042961120605,0.9999801,10.821657,0.7236797,0.96278834
3410,0,1,0.9997832,8.436401,0.6886667013168335,7.667129e-06,-11.778561,0.9997832,8.436171
3411,0,1,0.9997633,8.348522,0.7131857872009277,2.0376821e-05,-10.801092,0.9997633,8.348458
3412,1,1,0.99998844,11.367662,0.5816213488578796,0.99998844,11.36865,0.73511505,1.0207317
3413,1,1,0.7751255,1.2374825,0.7193750143051147,0.20248757,-1.3708189,0.7751255,1.2374827
3414,0,1,0.99994564,9.819838,1.0,0.99994564,9.818983,0.04325705,-3.0963745
3415,0,1,0.99996245,10.189775,1.0,0.99996245,10.188465,0.13075322,-1.8943152
3416,0,1,0.57315415,0.2947318,0.6972261667251587,0.57315415,0.2947318,0.15794912,-1.6735675
3417,1,1,0.99997175,10.474297,0.48898938298225403,0.99997175,10.475706,0.36467287,-0.55513936
3418,0,1,0.99988425,9.063943,0.6437938809394836,4.4149815e-06,-12.3305025,0.99988425,9.063823
3419,0,1,0.5962646,0.3899248,1.0,0.00022190143,-8.413055,0.5962646,0.38992465
3420,1,1,0.9999831,10.986541,0.6941148042678833,0.9999831,10.983231,0.73041475,0.9967278
3421,1,1,0.99996734,10.329225,0.8968237638473511,0.99996734,10.329351,0.6479678,0.6101184
3422,1,1,0.9999337,9.621551,0.7927579879760742,0.9999337,9.622021,0.7789684,1.2596648
3423,1,1,0.9960729,5.5359163,0.6976030468940735,0.9960729,5.5359044,0.7566482,1.1343902
3424,1,1,0.97599185,3.7050607,0.6316705346107483,0.97599185,3.705059,0.5892795,0.36098754
3425,0,1,0.99996924,10.389395,1.0,0.99996924,10.39051,0.02345144,-3.7290926
3426,1,1,0.999984,11.044529,0.6033880114555359,0.999984,11.041863,0.87036353,1.9041771
3427,0,1,0.9849303,4.1798835,1.0,0.9849303,4.1798844,0.26162735,-1.0375274
3428,0,1,0.99987864,9.016668,1.0,0.99987864,9.016426,0.7566279,1.13428
3429,1,1,0.99998343,11.0078945,0.8123207092285156,0.99998343,11.005131,0.95643336,3.0889199
3430,0,1,0.66091585,0.6673782,1.0,0.00026215732,-8.246304,0.66091585,0.66737807
3431,1,1,0.999985,11.106089,0.701448380947113,0.999985,11.106251,0.19276361,-1.432152
3432,0,1,0.9211826,2.4585242,1.0,5.1900715e-05,-9.866126,0.9211826,2.4585233
3433,0,1,0.99997616,10.644044,1.0,0.99997616,10.643319,0.9028769,2.229607
3434,0,1,0.9998747,8.984762,0.5312973260879517,1.359362e-05,-11.205896,0.9998747,8.9847
3435,0,1,0.99988616,9.08056,1.0,0.99988616,9.080339,0.010844729,-4.513172
3436,0,1,0.9786925,3.827157,1.0,0.9786925,3.827159,0.9760113,3.7058916
3437,0,1,0.998393,6.4317775,1.0,0.998393,6.4317923,0.88637054,2.054192
3438,0,1,0.92500955,2.5124433,1.0,0.2446448,-1.1273807,0.92500955,2.5124435
3439,0,1,0.99977773,8.411415,0.8431434631347656,1.4627966e-05,-11.132561,0.99977773,8.411417
3440,1,0,0.0003133152,-8.067987,0.7457792162895203,1.1422552e-05,-11.3799095,0.0003133152,-8.067987
3441,0,1,0.9998685,8.936464,1.0,0.9998685,8.936731,0.23740637,-1.1669519
3442,0,1,0.9998753,8.9895315,0.7554010152816772,2.7831615e-05,-10.48931,0.9998753,8.98963
3443,1,1,0.9999914,11.66571,0.6885677576065063,0.9999914,11.6602745,0.7684246,1.1994365
3444,1,1,0.99970716,8.135599,0.630408525466919,0.99970716,8.135708,0.11233212,-2.0671377
3445,1,1,0.9999591,10.104614,0.7635725736618042,0.9999591,10.104229,0.14394881,-1.7828723
3446,1,1,0.99993336,9.616169,0.5073142647743225,0.99993336,9.616528,0.33511987,-0.6851185
3447,0,1,0.9993154,7.285963,1.0,0.9993154,7.285957,0.9432865,2.8113575
3448,1,1,0.99986255,8.892125,0.6574139595031738,0.99986255,8.892542,0.08529192,-2.3725252
3449,1,1,0.993541,5.0358014,0.8638689517974854,0.993541,5.0358124,0.7959658,1.3612685
3450,1,1,0.9999784,10.743867,0.6631725430488586,0.9999784,10.745178,0.37756398,-0.4999008
3451,1,1,0.999982,10.925087,0.7292119264602661,0.999982,10.925474,0.81624734,1.4911264
3452,0,1,0.9998747,8.984762,0.6078693866729736,1.3726508e-05,-11.196168,0.9998747,8.984488
3453,1,1,0.9999821,10.931732,0.8041720986366272,0.9999821,10.928469,0.5565473,0.22716105
3454,1,1,0.9999808,10.860962,0.7189006209373474,0.9999808,10.863554,0.84972125,1.7324167
3455,1,1,0.9988519,6.768494,0.5186801552772522,0.9988519,6.768495,0.278882,-0.95001394
3456,1,1,0.99999034,11.547926,0.658987820148468,0.99999034,11.551973,0.4498576,-0.20124596
3457,0,1,0.9999263,9.515823,1.0,0.9999263,9.515673,0.45672694,-0.17352626
3458,1,0,0.0094841095,-4.648608,0.46124711632728577,0.0094841095,-4.648608,0.0020394798,-6.193019
3459,1,1,0.9999901,11.523535,0.744264543056488,0.9999901,11.518332,0.5666608,0.26824018
3460,0,1,0.53205067,0.12837872,1.0,5.857131e-06,-12.047845,0.53205067,0.12837869
3461,0,1,0.9996031,7.831411,1.0,0.9996031,7.8312216,0.489072,-0.04371886
3462,0,1,0.8775577,1.9695028,0.6910334825515747,0.8775577,1.9695022,0.00604533,-5.1024055
3463,0,1,0.99998367,11.0223875,1.0,0.99998367,11.024768,0.07135667,-2.5660338
3464,1,1,0.99996114,10.155449,0.46592915058135986,0.99996114,10.156052,0.74731183,1.0843261
3465,0,1,0.739274,1.0421987,1.0,1.3148733e-05,-11.239172,0.739274,1.0421987
3466,1,1,0.9957806,5.463831,0.7342488169670105,0.9957806,5.46383,0.27838334,-0.95249486
3467,0,1,0.99990904,9.305037,1.0,0.99990904,9.305037,0.8788164,1.98127
3468,1,1,0.9999089,9.303726,0.6006026268005371,0.9999089,9.304249,0.9836232,4.095373
3469,1,1,0.9999505,9.914057,0.7547838091850281,0.9999505,9.915047,0.6737889,0.72537225
3470,0,1,0.9999474,9.853288,1.0,0.9999474,9.853525,0.03585502,-3.291758
3471,0,1,0.8550335,1.774638,1.0,0.8550335,1.7746378,0.8221856,1.5312254
3472,1,1,0.9999758,10.629155,0.7107448577880859,0.9999758,10.626814,0.60758084,0.43715474
3473,0,1,0.88151807,2.006885,1.0,0.062493518,-2.7081609,0.88151807,2.0068853
3474,0,1,0.99986625,8.919383,0.7426750659942627,8.880149e-06,-11.631683,0.99986625,8.919406
3475,1,1,0.99995816,10.081557,0.5879853367805481,0.99995816,10.081924,0.30263594,-0.834777
3476,1,1,0.999944,9.789597,0.7708530426025391,0.999944,9.790022,0.35135654,-0.6130818
3477,0,1,0.9997501,8.29411,0.604488730430603,0.00028786968,-8.152715,0.9997501,8.294296
3478,1,1,0.99997973,10.806566,0.7634977698326111,0.99997973,10.804573,0.86797845,1.8832016
3479,0,1,0.99989045,9.11899,1.0,0.99989045,9.118691,0.085700944,-2.3672938
3480,1,1,0.9998585,8.863059,0.6603525876998901,0.9998585,8.862957,0.6549577,0.6409037
3481,0,1,0.9999765,10.659158,1.0,0.9999765,10.659517,0.93085825,2.5999477
3482,1,0,0.016866202,-4.0654335,0.808426022529602,0.0036218024,-5.617155,0.016866202,-4.0654335
3483,0,1,0.99966896,8.012928,0.6866517066955566,4.276211e-05,-10.059815,0.99966896,8.013037
3484,0,1,0.73043835,0.99684775,1.0,0.73043835,0.9968475,0.105950095,-2.1327934
3485,1,1,0.99993587,9.654463,0.6514973640441895,0.99993587,9.654981,0.8420566,1.67361
3486,1,0,0.00030279206,-8.102161,0.7371223568916321,0.00017792267,-8.633984,0.00030279206,-8.102161
3487,0,1,0.9999838,11.029714,1.0,0.9999838,11.026731,0.84498644,1.6958082
3488,0,1,0.9485344,2.914005,1.0,1.6620674e-05,-11.004847,0.9485344,2.9140055
3489,1,1,0.9998603,8.875778,0.6087034344673157,0.9998603,8.875882,0.803705,1.4096134
3490,0,1,0.99853563,6.524867,1.0,0.99853563,6.5248613,0.86041844,1.8187696
3491,1,1,0.99935955,7.352696,0.9118916988372803,0.99935955,7.3527174,0.7915819,1.3344873
3492,1,1,0.9998474,8.787618,0.880891740322113,0.9998474,8.787771,0.97456723,3.6459546
3493,0,1,0.9998447,8.769805,0.8476370573043823,1.0734052e-05,-11.442079,0.9998447,8.770189
3494,0,1,0.9999758,10.629155,1.0,0.9999758,10.631451,0.43559164,-0.25907284
3495,0,1,0.99987245,8.966844,0.6602434515953064,0.057845257,-2.7903981,0.99987245,8.967275
3496,0,1,0.6426365,0.58682567,0.6636319756507874,0.6426365,0.5868259,0.014274839,-4.234879
3497,0,1,0.9855143,4.2200003,1.0,0.9855143,4.220002,0.79945487,1.3828907
3498,0,1,0.9988617,6.7770543,1.0,0.9988617,6.77705,0.6084453,0.44078168
3499,0,1,0.99992335,9.476164,1.0,0.99992335,9.475775,0.04442718,-3.0684595
3500,0,1,0.56351286,0.25543123,1.0,3.5681933e-05,-10.24083,0.56351286,0.25543126
3501,1,1,0.99998724,11.269544,0.6495382189750671,0.99998724,11.270058,0.8409,1.6649396
3502,1,1,0.99998796,11.327252,0.6229466795921326,0.99998796,11.327274,0.67114425,0.7133648
3503,0,1,0.9998381,8.728455,0.7194888591766357,3.5578265e-05,-10.24374,0.9998381,8.72876
3504,0,1,0.9994678,7.5379405,1.0,0.9994678,7.537999,0.915991,2.3890822
3505,1,1,0.9999776,10.705921,0.6365624070167542,0.9999776,10.706895,0.83114636,1.5937734
3506,0,1,0.9999274,9.530495,1.0,0.9999274,9.530254,0.012909062,-4.3368325
3507,0,1,0.99997866,10.754978,1.0,0.99997866,10.754146,0.58103216,0.32701218
3508,1,1,0.9999871,11.2602415,0.6868075132369995,0.9999871,11.264782,0.18743439,-1.4667678
3509,0,1,0.99982774,8.666348,0.5597890019416809,5.1844967e-05,-9.867201,0.99982774,8.666481
3510,1,1,0.9999528,9.960924,0.8304315805435181,0.9999528,9.96036,0.944605,2.8362775
3511,0,1,0.9958846,5.488895,1.0,0.9958846,5.48891,0.024207696,-3.6965792
3512,1,1,0.99998605,11.180198,0.6436274647712708,0.99998605,11.178029,0.9686413,3.4304023
3513,1,1,0.99998355,11.015115,0.5404431223869324,0.99998355,11.015132,0.16711438,-1.6062179
3514,1,1,0.96739274,3.3900697,0.6619174480438232,0.96739274,3.39007,0.64484185,0.5964419
3515,1,1,0.8680267,1.8836226,0.7691916823387146,0.8680267,1.8836226,0.5574024,0.23062643
3516,0,1,0.9998952,9.163495,1.0,0.9998952,9.1635685,0.46877706,-0.12505466
3517,0,1,0.9998491,8.798616,0.5848876237869263,7.960762e-05,-9.438321,0.9998491,8.7985325
3518,0,1,0.9997528,8.305144,1.0,0.9997528,8.305189,0.0099607045,-4.599097
3519,0,1,0.99923444,7.1741343,1.0,0.99923444,7.1740823,0.9811297,3.9511173
3520,0,1,0.7571737,1.1372464,1.0,6.480352e-05,-9.644086,0.7571737,1.1372464
3521,1,0,0.03680564,-3.264604,0.7996869087219238,0.03680564,-3.264604,0.031468146,-3.4268055
3522,0,1,0.8844977,2.0357294,1.0,0.8844977,2.0357292,0.15349355,-1.7074592
3523,0,1,0.9997956,8.495304,0.6092441082000732,1.8523957e-05,-10.896427,0.9997956,8.494979
3524,1,1,0.9999652,10.265596,0.6838075518608093,0.9999652,10.265224,0.94509506,2.8456829
3525,0,1,0.99986553,8.914049,0.6274478435516357,9.137025e-06,-11.603167,0.99986553,8.914099
3526,1,1,0.9999778,10.716617,0.5897523164749146,0.9999778,10.715002,0.054830164,-2.847124
3527,1,1,0.96070534,3.196579,0.6195012331008911,0.96070534,3.1965785,0.7875393,1.3101563
3528,0,1,0.99993706,9.673226,1.0,0.99993706,9.673345,0.42676565,-0.2950594
3529,0,1,0.99625707,5.5841355,1.0,0.99625707,5.5841427,0.005981317,-5.1131153
3530,1,1,0.9941737,5.1395307,0.8081837296485901,0.9941737,5.1395235,0.6675611,0.69717497
3531,1,1,0.99997854,10.749407,0.6665517091751099,0.99997854,10.751116,0.7441626,1.0677174
3532,1,1,0.99998164,10.905415,0.725196123123169,0.99998164,10.903324,0.65011984,0.61956584
3533,0,1,0.9998683,8.934653,1.0,0.9998683,8.934732,0.091709144,-2.2929425
3534,1,1,0.9712387,3.5195405,0.7407681941986084,0.9712387,3.5195427,0.4064685,-0.37858367
3535,0,1,0.9269192,2.540301,1.0,0.00031226463,-8.071347,0.9269192,2.5403018
3536,1,1,0.99995804,10.078712,0.680561363697052,0.99995804,10.079212,0.9484512,2.9123008
3537,0,1,0.9997929,8.481976,0.6304410696029663,0.024606679,-3.679823,0.9997929,8.481749
3538,1,1,0.99998784,11.3174,0.6128295660018921,0.99998784,11.322113,0.27907878,-0.94903576
3539,0,1,0.95882076,3.14777,1.0,1.4533565e-05,-11.139035,0.95882076,3.1477714
3540,0,1,0.9449487,2.8428648,1.0,0.9449487,2.8428655,0.7427869,1.0605042
3541,1,1,0.9985885,6.5616918,0.5866910815238953,0.9985885,6.561677,0.23569295,-1.1764398
3542,0,1,0.9999037,9.247726,0.5914842486381531,0.00034560869,-7.9698577,0.9999037,9.24844
3543,0,1,0.9994098,7.43445,0.6789333820343018,1.6786691e-05,-10.994907,0.9994098,7.43448
3544,1,0,0.00020318583,-8.501186,0.7417022585868835,2.952681e-05,-10.430182,0.00020318583,-8.501186
3545,1,1,0.9999602,10.131205,0.5705440044403076,0.9999602,10.130476,0.8018362,1.3978105
3546,0,1,0.99970144,8.116242,0.6825314164161682,1.0432428e-05,-11.470581,0.99970144,8.116465
3547,0,1,0.9996785,8.042169,0.7975869178771973,4.1617135e-05,-10.086957,0.9996785,8.0422945
3548,0,1,0.51588905,0.06357755,1.0,0.002513182,-5.9836893,0.51588905,0.06357757
3549,1,1,0.5628765,0.25284457,0.6668023467063904,0.5628765,0.25284457,0.021330994,-3.8260324
3550,1,1,0.99998915,11.431515,0.707526445388794,0.99998915,11.431908,0.6191183,0.4858073
3551,1,1,0.9999094,9.308976,0.6961525678634644,0.9999094,9.309277,0.89973056,2.1942341
3552,1,1,0.99999046,11.560349,0.625181257724762,0.99999046,11.558677,0.9431459,2.8087323
3553,1,0,0.012530415,-4.3669868,0.6929970383644104,0.012530415,-4.3669868,0.008988427,-4.7027884
3554,0,1,0.999833,8.697277,0.8671064972877502,6.3112934e-06,-11.973164,0.999833,8.6977005
3555,0,1,0.98125744,3.9580379,1.0,0.016772825,-4.07108,0.98125744,3.958039
3556,1,1,0.999889,9.106015,0.8285768032073975,0.999889,9.105897,0.83431435,1.6165179
3557,1,1,0.99999094,11.611643,0.653436541557312,0.99999094,11.614912,0.48291466,-0.06836811
3558,1,1,0.999984,11.044529,0.7386519908905029,0.999984,11.042422,0.02290375,-3.7532845
3559,1,1,0.9690957,3.4454682,0.5792480111122131,0.9690957,3.4454699,0.70258677,0.8596464
3560,1,0,0.2674697,-1.0074984,0.8541741371154785,0.24367456,-1.1326381,0.2674697,-1.0074985
3561,1,1,0.9999864,11.206173,0.7890518307685852,0.9999864,11.208996,0.65931445,0.66024053
3562,1,1,0.98914146,4.5118856,0.7207996249198914,0.98914146,4.51188,0.1486904,-1.7449095
3563,1,1,0.9999813,10.886121,0.7728317379951477,0.9999813,10.887332,0.0778323,-2.4721706
3564,0,1,0.9954501,5.3880854,1.0,0.9954501,5.388077,0.36027646,-0.5741645
3565,1,1,0.9999515,9.933523,0.748518168926239,0.9999515,9.934145,0.6732364,0.72285974
3566,0,1,0.71421605,0.91594946,1.0,0.028345052,-3.5345483,0.71421605,0.9159494
3567,0,1,0.867376,1.8779547,1.0,7.1983673e-06,-11.841649,0.867376,1.8779552
3568,0,1,0.93610936,2.6845596,1.0,0.00019082718,-8.5639515,0.93610936,2.6845593
3569,0,0,0.39773244,-0.41492233,0.672484815120697,0.39773244,-0.41492227,0.240082,-1.15223
3570,0,1,0.9998253,8.652259,0.724524736404419,3.3783715e-05,-10.295498,0.9998253,8.651991
3571,1,1,0.9985788,6.554822,0.6932185292243958,0.9985788,6.5547824,0.18584087,-1.4772651
3572,1,1,0.9999933,11.9170265,0.7320059537887573,0.9999933,11.925821,0.7755786,1.240084
3573,0,1,0.99990845,9.298504,1.0,0.99990845,9.298581,0.026935872,-3.586991
3574,0,1,0.9998299,8.678885,0.651017963886261,8.724735e-06,-11.64934,0.9998299,8.679079
3575,1,1,0.9999877,11.307644,0.7119655609130859,0.9999877,11.304153,0.709801,0.8944179
3576,0,1,0.7753973,1.2390425,1.0,2.4034096e-05,-10.636013,0.7753973,1.2390424
3577,0,1,0.999869,8.940098,0.5750047564506531,0.0018325007,-6.3002396,0.999869,8.940103
3578,0,1,0.9713443,3.5233283,1.0,0.09287631,-2.2790103,0.9713443,3.5233295
3579,1,1,0.9999784,10.743867,0.6845996975898743,0.9999784,10.744869,0.63683844,0.5616683
3580,0,1,0.9999132,9.351997,1.0,0.9999132,9.352179,0.016443472,-4.0912466
3581,0,1,0.9998393,8.735847,1.0,0.9998393,8.736013,0.05897122,-2.7699242
3582,1,1,0.9318851,2.616014,0.7806880474090576,0.9318851,2.6160138,0.4631051,-0.14784834
3583,0,1,0.738748,1.0394715,1.0,0.022347631,-3.7784338,0.738748,1.0394714
3584,1,0,0.0001112259,-9.103836,0.5374400615692139,1.17921645e-05,-11.348063,0.0001112259,-9.103836
3585,1,1,0.99998367,11.0223875,0.7109912037849426,0.99998367,11.025179,0.36372277,-0.55924237
3586,0,1,0.9997917,8.476235,0.6562497019767761,1.370277e-05,-11.197899,0.9997917,8.476065
3587,0,1,0.9998816,9.041536,0.6608017683029175,1.586196e-05,-11.051571,0.9998816,9.041803
3588,0,1,0.9998006,8.520111,0.8206173777580261,0.00011792764,-9.045321,0.9998006,8.520281
3589,1,1,0.99291706,4.9429584,0.8368345499038696,0.99291706,4.942952,0.28778642,-0.9061592
3590,1,1,0.99995625,10.03698,0.6269506812095642,0.99995625,10.035797,0.78208447,1.2778552
3591,0,1,0.6552243,0.64208364,1.0,4.0490726e-05,-10.114397,0.6552243,0.6420835
3592,1,1,0.99996495,10.25877,0.6421006321907043,0.99996495,10.257986,0.3053166,-0.82210684
3593,0,1,0.99942267,7.456518,0.8365215063095093,6.4876094e-06,-11.94561,0.99942267,7.4565187
3594,1,1,0.99996936,10.393278,0.6650806665420532,0.99996936,10.393786,0.51487625,0.05952257
3595,0,1,0.53365874,0.13483892,1.0,1.6130994e-05,-11.034752,0.53365874,0.13483891
3596,0,1,0.9999826,10.958761,1.0,0.9999826,10.955875,0.07389645,-2.5283213
3597,0,0,0.07402629,-2.5264256,0.6920002698898315,0.07402629,-2.5264256,0.025708709,-3.6348805
3598,0,1,0.81751287,1.4995869,1.0,1.1179935e-05,-11.401379,0.81751287,1.4995867
3599,1,1,0.9999838,11.029714,0.697279691696167,0.9999838,11.029949,0.8813113,2.004907
3600,0,1,0.5554353,0.22265649,1.0,2.872242e-05,-10.457804,0.5554353,0.22265658
3601,1,1,0.9760671,3.7082784,0.728263258934021,0.9760671,3.7082791,0.56023407,0.2421121
3602,1,1,0.9999703,10.424903,0.6807583570480347,0.9999703,10.426316,0.5006483,0.0025933161
3603,0,0,0.2962628,-0.8651581,1.0,0.2962628,-0.865158,0.013812202,-4.2682943
3604,0,1,0.99987495,8.986668,0.5215900540351868,1.810164e-05,-10.91949,0.99987495,8.986734
3605,1,1,0.979884,3.88592,0.679470956325531,0.979884,3.885922,0.08865457,-2.3301744
3606,1,0,0.00044262267,-7.72235,0.8613258004188538,0.00016572354,-8.705024,0.00044262267,-7.72235
3607,1,1,0.9999883,11.357406,0.7109849452972412,0.9999883,11.357733,0.9515395,2.9773335
3608,0,1,0.79916865,1.3811065,1.0,0.37576133,-0.5075786,0.79916865,1.3811064
3609,0,1,0.5575782,0.23133904,0.7621557712554932,0.5575782,0.23133904,0.06942771,-2.5955138
3610,1,1,0.99998236,10.945155,0.8016906380653381,0.99998236,10.945351,0.9055774,2.2607923
3611,1,1,0.9994678,7.5379405,0.7519307136535645,0.9994678,7.5378504,0.98561525,4.2270947
3612,1,1,0.9998727,8.968715,0.8131981492042542,0.9998727,8.968819,0.23462747,-1.1823636
3613,0,1,0.99989057,9.120078,0.4866040050983429,0.0004906268,-7.619336,0.99989057,9.119713
3614,1,1,0.99997854,10.749407,0.719854474067688,0.99997854,10.748798,0.620542,0.4918495
3615,1,0,0.25608864,-1.0663983,0.7126445770263672,0.023692504,-3.7186189,0.25608864,-1.0663981
3616,0,1,0.99977905,8.417334,0.837632417678833,1.29867885e-05,-11.251565,0.99977905,8.417136
3617,1,1,0.99850625,6.504969,0.5801297426223755,0.99850625,6.5050125,0.8926969,2.1185904
3618,0,1,0.99954623,7.697466,0.6046319007873535,1.6499953e-05,-11.012136,0.99954623,7.6975007
3619,1,1,0.9999757,10.624241,0.6831588745117188,0.9999757,10.624334,0.7876377,1.3107444
3620,0,1,0.9996382,7.9240565,0.7728870511054993,6.3135817e-06,-11.972801,0.9996382,7.924185
3621,1,0,0.0001806267,-8.618897,0.559897780418396,5.0592782e-05,-9.891651,0.0001806267,-8.618897
3622,1,1,0.9999591,10.104614,0.8153316378593445,0.9999591,10.104054,0.38044146,-0.4876749
3623,1,1,0.99992096,9.445531,0.7624272704124451,0.99992096,9.445854,0.5706848,0.28464562
3624,0,1,0.999757,8.322172,0.7666978240013123,0.0007279581,-7.224539,0.999757,8.322201
3625,0,1,0.99984777,8.789964,0.6956723928451538,8.203095e-06,-11.710991,0.99984777,8.790032
3626,1,1,0.9999653,10.269028,0.6424338221549988,0.9999653,10.269609,0.94840884,2.911435
3627,1,1,0.99991274,9.346518,0.7866764068603516,0.99991274,9.346206,0.5820289,0.33110785
3628,1,0,0.0014740995,-6.518233,0.7147936224937439,0.0014740995,-6.518233,0.00076058327,-7.180664
3629,1,1,0.9999243,9.488685,0.5499607920646667,0.9999243,9.489429,0.07906,-2.4551878
3630,1,1,0.999962,10.177156,0.8933833837509155,0.999962,10.176868,0.6753994,0.73270875
3631,1,1,0.99999106,11.624888,0.7605782747268677,0.99999106,11.619204,0.55024695,0.2016685
3632,0,1,0.9999685,10.366405,1.0,0.9999685,10.368295,0.024480097,-3.68511
3633,0,1,0.999961,10.152386,1.0,0.999961,10.153146,0.09661395,-2.235427
3634,0,1,0.9998447,8.769805,0.6147826910018921,0.00598276,-5.1128726,0.9998447,8.770178
3635,1,1,0.9999924,11.783494,0.6479307413101196,0.9999924,11.786821,0.93740785,2.706479
3636,1,1,0.9999876,11.297982,0.6026355028152466,0.9999876,11.294994,0.29903752,-0.85188544
3637,0,1,0.9998566,8.8496685,0.7347027659416199,1.4823673e-05,-11.11927,0.9998566,8.850222
3638,1,1,0.9999584,10.087272,0.6759448647499084,0.9999584,10.087845,0.46763912,-0.12962481
3639,0,1,0.999613,7.856665,1.0,0.999613,7.8564897,0.16240191,-1.6404641
3640,0,1,0.6578576,0.6537615,1.0,7.681042e-05,-9.474093,0.6578576,0.6537615
3641,1,1,0.99995565,10.023447,0.6765270233154297,0.99995565,10.024393,0.6881438,0.79145586
3642,1,0,0.00019690246,-8.532605,0.762451171875,3.7635513e-05,-10.187525,0.00019690246,-8.532605
3643,1,1,0.9999932,11.899327,0.6529605388641357,0.9999932,11.892848,0.08600685,-2.3633962
3644,1,1,0.9999796,10.800701,0.7632964849472046,0.9999796,10.802284,0.84347993,1.6843519
3645,1,1,0.9999888,11.399079,0.7263025045394897,0.9999888,11.399811,0.06537688,-2.6599746
3646,1,1,0.99997675,10.669362,0.6487761735916138,0.99997675,10.668782,0.706385,0.8778911
3647,1,1,0.9970893,5.836456,0.7857399582862854,0.9970893,5.836463,0.7788483,1.2589674
3648,0,1,0.99998236,10.945155,1.0,0.99998236,10.945438,0.66576135,0.6890762
3649,1,1,0.9999782,10.732877,0.6946662664413452,0.9999782,10.733898,0.84378463,1.6866617
3650,0,1,0.99975294,8.305627,0.8372699022293091,1.2382649e-05,-11.299202,0.99975294,8.305445
3651,1,1,0.9933339,5.0040283,0.7090975046157837,0.9933339,5.004026,0.5112833,0.045140743
3652,1,1,0.99997663,10.6642475,0.7321920990943909,0.99997663,10.664532,0.13490659,-1.8582548
3653,1,0,0.3112377,-0.7943393,0.7596687078475952,0.3112377,-0.7943394,0.19269417,-1.4325982
3654,0,1,0.9998869,9.0868635,0.6528891324996948,1.8195517e-05,-10.914317,0.9998869,9.086925
3655,0,1,0.7653848,1.1824319,1.0,2.051747e-05,-10.794213,0.7653848,1.1824319
3656,1,1,0.9999467,9.839773,0.8620139360427856,0.9999467,9.839059,0.72494453,0.96912235
3657,0,1,0.9995135,7.6278014,0.8458321690559387,2.1797965e-05,-10.733672,0.9995135,7.627862
3658,0,1,0.9998404,8.742547,0.6384361386299133,0.0023222952,-6.0628743,0.9998404,8.7428665
3659,1,0,0.0002758866,-8.195245,0.7764921188354492,6.412644e-05,-9.65459,0.0002758866,-8.195245
3660,1,1,0.99998546,11.13835,0.7752208113670349,0.99998546,11.137247,0.6922201,0.810519
3661,1,1,0.99996805,10.351366,0.8210448622703552,0.99996805,10.35026,0.9171078,2.4036841
3662,1,1,0.99998343,11.0078945,0.8456821441650391,0.99998343,11.010765,0.96780485,3.4032154
3663,0,0,0.25392228,-1.0778015,0.6559981107711792,0.25392228,-1.0778015,0.010297093,-4.565543
3664,1,0,0.07677838,-2.486946,0.6026453375816345,0.07677838,-2.486946,0.016553797,-4.0844474
3665,1,1,0.9998623,8.890392,0.7136973142623901,0.9998623,8.890347,0.5341277,0.13672349
3666,1,1,0.9999788,10.76058,0.6527979969978333,0.9999788,10.75798,0.6376307,0.56509554
3667,1,1,0.99989474,9.158955,0.8487169742584229,0.99989474,9.159399,0.072391756,-2.550517
3668,1,1,0.9999367,9.66756,0.6260536313056946,0.9999367,9.668558,0.93749756,2.7080088
3669,0,1,0.9718364,3.5411568,1.0,2.3081842e-05,-10.676441,0.9718364,3.5411584
3670,0,1,0.9998425,8.7560835,1.0,0.9998425,8.756607,0.9106894,2.322082
3671,0,1,0.9997944,8.489487,0.5747450590133667,1.597914e-05,-11.04421,0.9997944,8.489307
3672,1,1,0.99988043,9.031515,0.6929624080657959,0.99988043,9.0318985,0.84909916,1.7275529
3673,1,1,0.67910296,0.74965245,0.760144054889679,0.67910296,0.7496525,0.07979794,-2.4450955
3674,1,1,0.9999901,11.523535,0.781830906867981,0.9999901,11.523994,0.66979927,0.7072772
3675,1,1,0.9988827,6.795732,0.651749849319458,0.9988827,6.795682,0.8261101,1.5583056
3676,0,1,0.99966586,8.003606,0.7220653891563416,2.19506e-05,-10.726694,0.99966586,8.003704
3677,1,1,0.99998236,10.945155,0.6000333428382874,0.99998236,10.944775,0.51523346,0.060952738
3678,1,1,0.99999166,11.693882,0.6348644495010376,0.99999166,11.698599,0.8290048,1.5785909
3679,0,1,0.99956244,7.7338643,0.6738585829734802,9.553673e-05,-9.255904,0.99956244,7.7339344
3680,1,1,0.99999034,11.547926,0.736137866973877,0.99999034,11.54669,0.85080844,1.7409561
3681,0,1,0.99976104,8.338996,0.6457440257072449,1.7761638e-05,-10.938452,0.99976104,8.338846
3682,0,1,0.7176248,0.9327101,1.0,3.1608106e-05,-10.362065,0.7176248,0.9327101
3683,1,1,0.9999697,10.405021,0.6030290722846985,0.9999697,10.405653,0.05208478,-2.9013922
3684,0,1,0.9996245,7.886852,0.7170334458351135,0.0101453215,-4.5805454,0.9996245,7.8868637
3685,0,1,0.9992963,7.2584653,0.8758445978164673,1.3863181e-05,-11.18626,0.9992963,7.2585206
3686,0,1,0.99795413,6.189884,1.0,0.99795413,6.1899037,0.7135365,0.91262275
3687,1,1,0.9999727,10.5086355,0.5997541546821594,0.9999727,10.509455,0.59105086,0.3683114
3688,1,1,0.99806577,6.24611,0.7952266335487366,0.99806577,6.2461042,0.45906773,-0.16409624
3689,1,0,0.00022787876,-8.386469,0.7214133739471436,0.00020028334,-8.515577,0.00022787876,-8.386469
3690,0,1,0.8627901,1.8386596,1.0,0.8627901,1.83866,0.13901938,-1.8234587
3691,1,1,0.99972886,8.212599,0.5493259429931641,0.99972886,8.212462,0.20778385,-1.3383359
3692,0,1,0.99135125,4.741654,1.0,0.99135125,4.7416544,0.07691321,-2.4850457
3693,0,1,0.95952797,3.1658304,1.0,0.95952797,3.1658306,0.12824965,-1.9165243
3694,0,1,0.8098938,1.4493202,1.0,0.00027320333,-8.205021,0.8098938,1.4493206
3695,0,1,0.99681026,5.7446203,1.0,0.99681026,5.7446256,0.045236945,-3.049549
3696,0,1,0.9981357,6.282996,1.0,0.9981357,6.283017,0.93817234,2.719582
3697,0,1,0.93902427,2.7343655,1.0,5.3582253e-06,-12.136872,0.93902427,2.734366
3698,1,1,0.9999865,11.214984,0.7581081390380859,0.9999865,11.210911,0.36539748,-0.55201304
3699,1,1,0.9999838,11.029714,0.5422288179397583,0.9999838,11.030056,0.64382476,0.59200376
3700,0,1,0.9300905,2.5880802,1.0,1.2119155e-05,-11.320711,0.9300905,2.58808
3701,1,0,0.00019559878,-8.539249,0.5917481780052185,3.1255517e-05,-10.373283,0.00019559878,-8.539249
3702,0,1,0.784488,1.2920148,1.0,0.0005632476,-7.481228,0.784488,1.2920148
3703,1,1,0.9999485,9.873908,0.6195314526557922,0.9999485,9.874483,0.9344958,2.6578927
3704,0,1,0.9998017,8.525508,0.8012792468070984,0.00022675132,-8.39143,0.9998017,8.525488
3705,1,1,0.9999871,11.2602415,0.7635865211486816,0.9999871,11.263107,0.4239233,-0.30668825
3706,1,1,0.99998724,11.269544,0.8136957883834839,0.99998724,11.26564,0.3681089,-0.54033816
3707,1,1,0.9999784,10.743867,0.5833095908164978,0.9999784,10.7442875,0.7894676,1.321719
3708,1,1,0.99987185,8.962181,0.6235107779502869,0.99987185,8.9625435,0.6684356,0.701118
3709,0,1,0.9996834,8.057492,0.6915561556816101,1.2903765e-05,-11.257978,0.9996834,8.057487
3710,0,1,0.9998574,8.855505,0.6069585680961609,1.2620877e-05,-11.280146,0.9998574,8.855553
3711,0,1,0.9999565,10.042444,1.0,0.9999565,10.041406,0.17562039,-1.5463063
3712,0,1,0.99949014,7.5808682,0.8505221605300903,6.8024947e-06,-11.898214,0.99949014,7.580948
3713,0,1,0.99985313,8.825844,0.6910718679428101,0.0005340641,-7.5344605,0.99985313,8.825851
3714,1,0,0.00014853479,-8.814543,0.6285616755485535,2.1206191e-05,-10.761196,0.00014853479,-8.814543
3715,1,1,0.9999615,10.164695,0.9581230878829956,0.9999615,10.165541,0.27746144,-0.9570888
3716,1,1,0.9989022,6.81335,0.7885884046554565,0.9989022,6.813387,0.47598645,-0.096128196
3717,1,1,0.9999862,11.188781,0.8166692852973938,0.9999862,11.188117,0.7496955,1.0969886
3718,0,1,0.99980325,8.533355,0.7137705087661743,6.181767e-05,-9.691259,0.99980325,8.533474
3719,0,1,0.9993445,7.329499,0.7621719837188721,2.1835769e-05,-10.731939,0.9993445,7.3294663
3720,1,1,0.9304654,2.5938604,0.642612099647522,0.9304654,2.5938609,0.73509187,1.0206122
3721,1,1,0.99998796,11.327252,0.7106305360794067,0.99998796,11.329974,0.63437736,0.5510422
3722,1,0,0.0002200117,-8.42161,0.6526905298233032,9.2355585e-05,-9.289772,0.0002200117,-8.42161
3723,1,1,0.9999807,10.85477,0.639509916305542,0.9999807,10.853292,0.19312553,-1.4298277
3724,1,1,0.99998736,11.278934,0.6321614980697632,0.99998736,11.280321,0.6222377,0.49905705
3725,1,0,0.00979502,-4.616038,0.7655321955680847,0.005005252,-5.2922497,0.00979502,-4.616038
3726,1,1,0.99985623,8.8471775,0.8206133842468262,0.99985623,8.847087,0.679534,0.7516312
3727,1,1,0.9999894,11.453738,0.8161348104476929,0.9999894,11.453988,0.14032443,-1.812598
3728,0,1,0.99986935,8.942832,0.5002555251121521,0.00012939447,-8.952516,0.99986935,8.942866
3729,0,1,0.6438736,0.59221655,1.0,1.4738237e-05,-11.125051,0.6438736,0.59221655
3730,1,1,0.9999825,10.951935,0.7446791529655457,0.9999825,10.953853,0.9501605,2.9478228
3731,1,1,0.9989718,6.8789363,0.7261707782745361,0.9989718,6.8788643,0.18353952,-1.4925485
3732,1,1,0.99999034,11.547926,0.7208282351493835,0.99999034,11.552809,0.95385236,3.028664
3733,1,1,0.9800039,3.892019,0.8636085391044617,0.9800039,3.8920164,0.32869256,-0.7141044
3734,0,1,0.642152,0.5847168,1.0,2.7352386e-05,-10.50668,0.642152,0.5847169
3735,1,1,0.9999851,11.114057,0.6276431679725647,0.9999851,11.1150675,0.015446902,-4.1547794
3736,0,1,0.99917233,7.096068,1.0,0.99917233,7.0959797,0.018831024,-3.953239
3737,1,1,0.99991524,9.3756275,0.6258649230003357,0.99991524,9.375553,0.9877973,4.393824
3738,0,1,0.93787175,2.7144125,1.0,2.517243e-05,-10.589736,0.93787175,2.7144113
3739,0,0,0.05002804,-2.9438488,1.0,0.05002804,-2.9438488,0.02960257,-3.4898446
3740,1,1,0.9997881,8.45921,0.646798312664032,0.9997881,8.459225,0.8523995,1.7535465
3741,0,1,0.85472786,1.7721744,1.0,5.517589e-06,-12.107564,0.85472786,1.7721746
3742,1,1,0.99990916,9.306348,0.7504205107688904,0.99990916,9.307076,0.6835387,0.7700821
3743,0,0,0.26639372,-1.0129972,0.6975198984146118,0.26639372,-1.0129972,0.013643077,-4.280786
3744,0,1,0.9591169,3.1552956,1.0,0.9591169,3.1552968,0.19158182,-1.4397645
3745,0,1,0.9486784,2.9169576,1.0,0.9486784,2.9169576,0.02650174,-3.6036856
3746,0,1,0.9999509,9.921312,1.0,0.9999509,9.921169,0.8288023,1.5771625
3747,0,1,0.9998621,8.888661,0.634308397769928,7.663065e-06,-11.779091,0.9998621,8.888834
3748,0,1,0.9997602,8.335509,0.6911202669143677,1.7173956e-05,-10.972099,0.9997602,8.335596
3749,0,1,0.9617814,3.2254643,1.0,7.4436524e-05,-9.505489,0.9617814,3.2254639
3750,1,1,0.9999802,10.830378,0.7408227324485779,0.9999802,10.830005,0.14688316,-1.759259
3751,1,0,0.000331977,-8.010113,0.7581204771995544,0.00019502631,-8.542181,0.000331977,-8.010113
3752,0,1,0.9997012,8.115444,0.76412034034729,5.8544516e-05,-9.745665,0.9997012,8.11564
3753,1,0,0.3961916,-0.42135897,0.874781608581543,0.3961916,-0.42135906,0.05327043,-2.8776321
3754,1,1,0.99998534,11.130186,0.5786380767822266,0.99998534,11.1340275,0.8962879,2.1566434
3755,0,1,0.9997532,8.306593,0.9225056767463684,6.8474696e-06,-11.891624,0.9997532,8.306679
3756,0,1,0.60657734,0.43294773,1.0,2.802783e-05,-10.482285,0.60657734,0.43294778
3757,1,1,0.99998796,11.327252,0.5236161351203918,0.99998796,11.329434,0.6481548,0.6109382
3758,1,1,0.99968255,8.054859,0.55687415599823,0.99968255,8.054642,0.1636953,-1.6309862
3759,0,1,0.99811566,6.2722907,1.0,0.99811566,6.272252,0.59830326,0.39840046
3760,1,0,0.00029493857,-8.1284485,0.7374776601791382,2.036703e-05,-10.801573,0.00029493857,-8.1284485
3761,0,1,0.8493085,1.7291877,1.0,0.8493085,1.7291878,0.01711603,-4.0504756
3762,0,1,0.999708,8.1384535,0.6250180602073669,0.0003197933,-8.047516,0.999708,8.138498
3763,1,1,0.9999857,11.15488,0.8709700107574463,0.9999857,11.157449,0.28954643,-0.8975879
3764,1,0,0.00018594241,-8.589888,0.766577422618866,4.8200586e-06,-12.24272,0.00018594241,-8.589888
3765,1,0,0.2881351,-0.90445864,0.8675767779350281,0.2881351,-0.9044586,0.09253118,-2.2831135
3766,1,1,0.99977845,8.4146385,0.6452605724334717,0.99977845,8.414443,0.07468752,-2.5168185
3767,1,1,0.99997866,10.754978,0.6057224273681641,0.99997866,10.756111,0.05558226,-2.8327045
3768,0,1,0.9997639,8.351045,0.5473836064338684,0.0013530317,-6.6040535,0.9997639,8.351149
3769,0,1,0.9999348,9.637871,1.0,0.9999348,9.63717,0.026630953,-3.598689
3770,0,0,0.22892818,-1.2143731,0.6848036646842957,0.22892818,-1.2143732,0.010545661,-4.541439
3771,1,1,0.9999838,11.029714,0.8690712451934814,0.9999838,11.03148,0.06389726,-2.6844487
3772,0,1,0.85591227,1.7817456,1.0,4.0252493e-05,-10.120298,0.85591227,1.781746
3773,0,1,0.99988794,9.096394,1.0,0.99988794,9.09609,0.08609413,-2.3622863
3774,1,1,0.99994767,9.857834,0.6875235438346863,0.99994767,9.857408,0.6993573,0.8442392
3775,1,1,0.9998241,8.645457,0.7194135189056396,0.9998241,8.645192,0.29212523,-0.88508457
3776,0,1,0.99976736,8.365799,0.5905769467353821,2.4822624e-05,-10.60373,0.99976736,8.365839
3777,1,1,0.99594045,5.5026145,0.7595546841621399,0.99594045,5.5026007,0.07554996,-2.5044048
3778,1,1,0.99991,9.3155775,0.7104998230934143,0.99991,9.315421,0.21386652,-1.3017746
3779,0,1,0.9997812,8.427094,0.40515899658203125,3.4319248e-05,-10.27977,0.9997812,8.427086
3780,0,1,0.9998324,8.693713,0.8911400437355042,3.0854295e-05,-10.386204,0.9998324,8.694107
3781,0,1,0.999526,7.6538796,0.7981531023979187,0.00840377,-4.7706356,0.999526,7.653941
3782,1,1,0.9998436,8.76292,0.4890182912349701,0.9998436,8.762873,0.983208,4.0699177
3783,1,1,0.686035,0.781647,0.6847410798072815,0.686035,0.7816471,0.09653353,-2.2363486
3784,0,1,0.9998741,8.980016,0.673703670501709,7.5270996e-06,-11.796993,0.9998741,8.980497
3785,1,0,0.10336809,-2.1603491,0.7583456635475159,0.10336809,-2.1603491,0.03246842,-3.3944802
3786,0,1,0.9997354,8.237083,0.7152206301689148,3.2737466e-05,-10.326958,0.9997354,8.237129
3787,0,1,0.99987197,8.963112,1.0,0.99987197,8.963556,0.42744055,-0.29230136
3788,1,1,0.9927274,4.9163423,0.6072399020195007,0.9927274,4.916347,0.8470074,1.7113199
3789,0,1,0.9999857,11.15488,1.0,0.9999857,11.157373,0.3114318,-0.793434
3790,0,1,0.8693921,1.8955945,1.0,0.18725368,-1.4679546,0.8693921,1.8955945
3791,0,1,0.9947519,5.2446218,1.0,0.9947519,5.244612,0.25483492,-1.0729898
3792,1,1,0.99877816,6.7061787,0.6332710981369019,0.99877816,6.706199,0.7462724,1.078829
3793,1,0,0.009839492,-4.611463,0.5758107304573059,0.009839492,-4.611463,0.0028916067,-5.843047
3794,1,0,0.09821847,-2.217178,0.7819957733154297,0.09821847,-2.2171779,0.042215843,-3.121827
3795,0,1,0.99987364,8.976234,0.6114764213562012,0.016464654,-4.0899377,0.99987364,8.9762745
3796,1,1,0.999966,10.289862,0.7041268944740295,0.999966,10.289369,0.95601845,3.0790076
3797,0,1,0.88828534,2.073345,1.0,4.1892163e-05,-10.08037,0.88828534,2.0733454
3798,0,1,0.9993476,7.334242,1.0,0.9993476,7.334173,0.2635319,-1.0276915
3799,0,1,0.99047333,4.644088,1.0,0.99047333,4.644086,0.9560396,3.07951
3800,1,1,0.9999801,10.824371,0.6309545636177063,0.9999801,10.825207,0.14780419,-1.7519279
3801,1,0,0.0495089,-2.9548264,0.6482800841331482,0.0495089,-2.9548264,0.009945814,-4.600608
3802,0,1,0.9998671,8.925643,0.6647550463676453,6.622976e-05,-9.622314,0.9998671,8.925528
3803,1,1,0.9999795,10.79487,0.7769650816917419,0.9999795,10.794483,0.58209187,0.33136666
3804,0,1,0.9997929,8.481976,0.6137733459472656,4.262607e-06,-12.365625,0.9997929,8.48188
3805,1,1,0.9999869,11.241892,0.7959755659103394,0.9999869,11.245405,0.9339687,2.6493132
3806,0,1,0.99964786,7.9511175,0.6928855180740356,4.8886614e-06,-12.228587,0.99964786,7.9511333
3807,1,1,0.9999883,11.357406,0.9361019730567932,0.9999883,11.35556,0.29600143,-0.8664119
3808,1,1,0.9999801,10.824371,0.6470527648925781,0.9999801,10.826199,0.36294815,-0.5625911
3809,1,1,0.99988854,9.1017275,0.7650941014289856,0.99988854,9.10219,0.5759763,0.30627722
3810,0,1,0.9998448,8.770573,0.6493842005729675,8.385926e-05,-9.386287,0.9998448,8.770516
3811,1,1,0.9998952,9.163495,0.3979237675666809,0.9998952,9.164098,0.49067596,-0.03730057
3812,1,1,0.9999722,10.491319,0.7553632259368896,0.9999722,10.490406,0.9808512,3.9361777
3813,1,1,0.99993634,9.661925,0.7212125062942505,0.99993634,9.66196,0.4552691,-0.17940336
3814,1,1,0.8562246,1.7842803,0.6381218433380127,0.8562246,1.7842803,0.853875,1.7653226
3815,1,0,0.0018266652,-6.303435,0.7486129999160767,0.0018266652,-6.303435,0.00030605483,-8.09144
3816,0,1,0.78318995,1.2843536,1.0,5.9658314e-06,-12.029456,0.78318995,1.2843535
3817,0,1,0.9997733,8.39176,0.7697396874427795,1.8693505e-05,-10.887316,0.9997733,8.391627
3818,1,1,0.9985141,6.510258,0.6261762976646423,0.9985141,6.510238,0.59615934,0.38948768
3819,1,1,0.99990344,9.2452545,0.7318495512008667,0.99990344,9.245123,0.73041105,0.9967091
3820,1,0,0.47251776,-0.110039905,1.0,0.23971123,-1.1542634,0.47251776,-0.11004001
3821,1,1,0.99998426,11.059567,0.7480992078781128,0.99998426,11.056664,0.59566694,0.38744265
3822,0,1,0.54741764,0.1902423,1.0,0.00077454216,-7.1624637,0.54741764,0.19024235
3823,0,1,0.9998485,8.794674,0.4868859350681305,6.232756e-05,-9.683044,0.9998485,8.795147
3824,1,1,0.99998426,11.059567,0.6067420244216919,0.99998426,11.05994,0.013273568,-4.308618
3825,1,0,0.00039766188,-7.8295107,0.8459100723266602,1.7993863e-05,-10.925462,0.00039766188,-7.8295107
3826,1,1,0.99984527,8.77365,0.8148488998413086,0.99984527,8.773479,0.62100345,0.4938097
3827,0,1,0.99994135,9.743848,1.0,0.99994135,9.743155,0.7301539,0.9954039
3828,0,1,0.7271607,0.98026454,1.0,9.735559e-06,-11.539716,0.7271607,0.98026454
3829,0,1,0.99997723,10.690089,1.0,0.99997723,10.68877,0.83667856,1.6337196
3830,1,1,0.9999857,11.15488,0.7572968602180481,0.9999857,11.155326,0.89931464,2.1896324
3831,0,1,0.99979705,8.502329,0.8721606135368347,0.00049339357,-7.61371,0.99979705,8.502431
3832,0,1,0.9998797,9.02555,0.6645998358726501,0.05378724,-2.8674312,0.9998797,9.026027
3833,1,0,0.00037582824,-7.8860025,0.7351350784301758,0.0003757254,-7.8862762,0.00037582824,-7.8860025
3834,1,1,0.9999243,9.488685,0.663506805896759,0.9999243,9.488377,0.20798787,-1.3370969
3835,0,1,0.99997735,10.695338,1.0,0.99997735,10.696003,0.98933077,4.529663
3836,1,1,0.9999825,10.951935,0.7982694506645203,0.9999825,10.952845,0.57611215,0.30683362
3837,0,1,0.9998821,9.045573,1.0,0.9998821,9.04528,0.029110547,-3.507112
3838,1,1,0.9999845,11.074835,0.7373120784759521,0.9999845,11.07807,0.53129107,0.12532812
3839,0,1,0.99977726,8.409271,0.7009085416793823,1.1410869e-05,-11.380933,0.99977726,8.409186
3840,1,1,0.9998368,8.7203865,0.6784647703170776,0.9998368,8.720905,0.5766984,0.3092347
3841,0,1,0.9998934,9.146573,0.667635440826416,1.2271954e-05,-11.308182,0.9998934,9.147071
3842,0,1,0.99819946,6.317868,1.0,0.99819946,6.317881,0.9485398,2.9141142
3843,1,1,0.9995383,7.6801386,0.7900389432907104,0.9995383,7.680077,0.61333835,0.46136665
3844,1,1,0.999979,10.77188,0.6570964455604553,0.999979,10.77014,0.97445786,3.641553
3845,1,0,0.01666572,-4.077595,0.5778350830078125,0.012649105,-4.357439,0.01666572,-4.077595
3846,1,1,0.9999039,9.250205,0.6693819165229797,0.9999039,9.250645,0.40388525,-0.3893023
3847,1,0,0.00030534485,-8.093763,0.8984435200691223,0.00012325216,-9.001155,0.00030534485,-8.093763
3848,1,1,0.8876919,2.067379,0.8245874643325806,0.8876919,2.0673788,0.4165661,-0.3368861
3849,0,1,0.9996389,7.9260364,0.8655272722244263,4.622595e-06,-12.28455,0.9996389,7.926155
3850,1,0,0.00024811746,-8.30136,0.7324958443641663,0.00018125227,-8.615439,0.00024811746,-8.30136
3851,0,1,0.9435079,2.815504,1.0,3.7478854e-05,-10.191696,0.9435079,2.8155046
3852,1,1,0.9999436,9.783234,0.8828195333480835,0.9999436,9.783739,0.23718534,-1.1681733
3853,1,1,0.9999722,10.491319,0.7561385035514832,0.9999722,10.490346,0.7246407,0.96759945
3854,1,1,0.99999166,11.693882,0.7133322358131409,0.99999166,11.697323,0.14290366,-1.7913797
3855,0,1,0.57742876,0.312227,1.0,2.4828614e-05,-10.603489,0.57742876,0.312227
3856,1,1,0.99992883,9.550397,0.644294261932373,0.99992883,9.550415,0.8480498,1.7193868
3857,1,0,0.00075257826,-7.1912527,0.6585268974304199,0.00075257826,-7.1912527,0.0006523616,-7.334259
3858,1,0,0.47922048,-0.083165936,0.7502482533454895,0.47922048,-0.083165914,0.20134534,-1.3779072
3859,1,1,0.9999902,11.535656,0.6312441825866699,0.9999902,11.541418,0.9215577,2.4637024
3860,1,1,0.9999783,10.738357,0.6881811022758484,0.9999783,10.737137,0.44167975,-0.23434752
3861,0,1,0.99973005,8.217006,0.8657690286636353,0.00012991,-8.948539,0.99973005,8.217197
3862,1,1,0.999972,10.482772,0.6818971633911133,0.999972,10.480968,0.38446668,-0.4706319
3863,0,1,0.9998745,8.9828615,0.5983224511146545,1.6823344e-05,-10.992726,0.9998745,8.982843
3864,1,1,0.9999136,9.356127,0.5158954858779907,0.9999136,9.356726,0.25723666,-1.0603809
3865,0,1,0.9999541,9.989096,1.0,0.9999541,9.987934,0.3171063,-0.7671021
3866,1,1,0.9999827,10.965634,0.6043567657470703,0.9999827,10.964655,0.3178211,-0.7638033
3867,1,0,0.00017344471,-8.659478,0.5874279141426086,1.3240665e-05,-11.232204,0.00017344471,-8.659478
3868,1,1,0.999949,9.883211,0.8240527510643005,0.999949,9.882664,0.9087771,2.2987936
3869,0,1,0.99987185,8.962181,0.6258040070533752,2.6700596e-05,-10.530798,0.99987185,8.96272
3870,0,1,0.9997558,8.317278,0.48062968254089355,1.1302327e-05,-11.390491,0.9997558,8.317076
3871,1,1,0.99962056,7.876426,0.8951024413108826,0.99962056,7.876609,0.39397326,-0.43064094
3872,0,1,0.9998258,8.654992,0.6893688440322876,1.1381188e-05,-11.383537,0.9998258,8.654676
3873,1,1,0.9999852,11.122088,0.5056304931640625,0.9999852,11.12333,0.10373486,-2.156398
3874,0,1,0.9998529,8.824222,0.7683055400848389,1.6211048e-05,-11.029801,0.9998529,8.824009
3875,0,1,0.8953081,2.1461458,1.0,0.8953081,2.146146,0.4807753,-0.07693672
3876,0,1,0.9991949,7.1237636,0.673728883266449,0.017622855,-4.0207787,0.9991949,7.123721
3877,1,1,0.7811163,1.2721835,0.6458892226219177,0.7811163,1.2721834,0.19333257,-1.4284996
3878,1,1,0.9999778,10.716617,0.7708758115768433,0.9999778,10.717274,0.33681792,-0.67750716
3879,0,1,0.9994097,7.434248,0.8039692044258118,0.00010311333,-9.179579,0.9994097,7.4342465
3880,1,1,0.99994934,9.890245,0.6964455246925354,0.99994934,9.890495,0.24147011,-1.1446365
3881,1,1,0.63973314,0.57420605,0.6540855169296265,0.63973314,0.57420594,0.5573509,0.23041773
3882,0,1,0.98386186,4.1103005,1.0,0.98386186,4.110302,0.038885564,-3.2074704
3883,0,1,0.8431236,1.6816555,1.0,9.019422e-06,-11.616121,0.8431236,1.6816554
3884,1,1,0.9999813,10.886121,0.5367473363876343,0.9999813,10.88825,0.66094714,0.667518
3885,0,1,0.9477845,2.8987474,1.0,1.6869788e-05,-10.989969,0.9477845,2.898747
3886,0,1,0.51970464,0.07885945,1.0,9.014959e-06,-11.616616,0.51970464,0.07885945
3887,0,1,0.9525704,2.999917,1.0,1.3097996e-05,-11.243038,0.9525704,2.999916
3888,0,1,0.9987676,6.6975703,0.7364434003829956,6.631002e-06,-11.923748,0.9987676,6.697547
3889,1,1,0.9999101,9.316903,0.5952357053756714,0.9999101,9.317338,0.8372944,1.6382332
3890,0,1,0.98947173,4.5431075,1.0,0.98947173,4.543111,0.8779027,1.972718
3891,1,1,0.99998975,11.488028,0.7238460183143616,0.99998975,11.489842,0.693302,0.81560206
3892,1,1,0.9999646,10.248617,0.6306273341178894,0.9999646,10.247598,0.14165208,-1.8016356
3893,0,1,0.9947627,5.2467017,1.0,0.9947627,5.2466936,0.58654076,0.34968323
3894,0,1,0.9999865,11.214984,1.0,0.9999865,11.210676,0.9240515,2.4987125
3895,0,1,0.9985153,6.511062,1.0,0.9985153,6.511058,0.9710481,3.5127392
3896,1,0,0.00022631524,-8.393355,0.6784982681274414,4.282034e-05,-10.0584545,0.00022631524,-8.393355
3897,0,1,0.99967575,8.033673,0.6348371505737305,1.2460298e-05,-11.292951,0.99967575,8.033684
3898,1,1,0.9999664,10.300445,0.7044912576675415,0.9999664,10.299023,0.48070636,-0.07721287
3899,0,1,0.95834583,3.1358073,1.0,0.95834583,3.1358066,0.1691612,-1.5915836
3900,0,1,0.67561454,0.7336902,1.0,8.667331e-06,-11.655941,0.67561454,0.7336904
3901,1,1,0.9998312,8.6866255,0.6003397107124329,0.9998312,8.686449,0.23434605,-1.1839315
3902,0,1,0.9914404,4.752107,1.0,0.9914404,4.752112,0.009012798,-4.700056
3903,0,1,0.64402604,0.59288156,1.0,9.221588e-06,-11.593954,0.64402604,0.59288174
3904,1,0,0.3345352,-0.6877435,1.0,0.11979186,-1.9944025,0.3345352,-0.68774366
3905,0,1,0.9994746,7.5507965,0.6903727650642395,1.3268601e-05,-11.230097,0.9994746,7.55066
3906,1,1,0.99998045,10.842499,0.5663183927536011,0.99998045,10.844958,0.4829478,-0.06823537
3907,0,1,0.99984896,8.797827,0.6949672698974609,5.189633e-06,-12.168842,0.99984896,8.798079
3908,1,1,0.9999269,9.523947,0.5854454636573792,0.9999269,9.523508,0.47180188,-0.11291234
3909,0,0,0.37369165,-0.5164118,0.7608243823051453,0.37369165,-0.5164118,0.24534978,-1.1235695
3910,1,0,0.003976721,-5.523313,0.6440785527229309,0.003976721,-5.523313,0.0023466216,-6.052429
3911,0,1,0.9999734,10.535187,1.0,0.9999734,10.535418,0.46109092,-0.15595166
3912,1,0,0.21442652,-1.2984469,0.6517961621284485,0.21442652,-1.2984469,0.09615699,-2.2406735
3913,1,1,0.9999831,10.986541,0.6909547448158264,0.9999831,10.9849615,0.6849571,0.7766475
3914,0,1,0.9998073,8.554173,0.7293026447296143,0.037130043,-3.255492,0.9998073,8.554217
3915,0,1,0.97784525,3.7872996,1.0,2.3119203e-05,-10.674824,0.97784525,3.7872996
3916,0,1,0.99998724,11.269544,1.0,0.99998724,11.271349,0.9143341,2.3677423
3917,1,0,0.0002456581,-8.311324,0.8564941883087158,5.5683413e-06,-12.098408,0.0002456581,-8.311324
3918,0,1,0.9997887,8.462028,1.0,0.9997887,8.462109,0.04431553,-3.0710926
3919,1,1,0.9999821,10.931732,0.6849353909492493,0.9999821,10.93271,0.2795891,-0.9465008
3920,0,1,0.9978509,6.1405525,1.0,0.9978509,6.140541,0.61914593,0.4859246
3921,1,1,0.99998784,11.3174,0.5159443020820618,0.99998784,11.319326,0.18211445,-1.5020871
3922,0,1,0.9999323,9.600196,1.0,0.9999323,9.601122,0.33208182,-0.69878423
3923,0,1,0.9999418,9.752011,1.0,0.9999418,9.753046,0.42670947,-0.29528937
3924,1,1,0.9136486,2.3590212,0.7806952595710754,0.9136486,2.3590214,0.17319734,-1.5631344
3925,1,1,0.9983375,6.3977733,0.5279085040092468,0.9983375,6.397778,0.19694678,-1.4054874
3926,0,1,0.9993667,7.363934,0.555549144744873,7.227134e-06,-11.837661,0.9993667,7.3639216
3927,1,1,0.9999429,9.770628,0.8748499751091003,0.9999429,9.771265,0.26641145,-1.0129064
3928,0,1,0.9973916,5.946399,1.0,0.9973916,5.9463873,0.57895744,0.31849495
3929,1,1,0.9995944,7.809714,0.791310727596283,0.9995944,7.809607,0.7806673,1.2695591
3930,0,1,0.9995658,7.741525,1.0,0.9995658,7.7416472,0.90834945,2.2936456
3931,0,1,0.999913,9.349254,0.6466525793075562,1.0625594e-05,-11.452234,0.999913,9.349737
3932,0,1,0.9998128,8.583049,0.6594456434249878,8.481472e-06,-11.677618,0.9998128,8.582748
3933,0,1,0.9998721,8.964044,0.5032729506492615,0.0060112667,-5.1080904,0.9998721,8.9643345
3934,1,1,0.99991953,9.427592,0.6810441017150879,0.99991953,9.427943,0.85201126,1.7504638
3935,0,1,0.9998926,9.138773,0.7687755823135376,1.7540387e-05,-10.950987,0.9998926,9.138902
3936,1,1,0.5731659,0.29477972,0.6862450838088989,0.54197425,0.16829307,0.5731659,0.2947798
3937,0,1,0.52755225,0.11032073,1.0,1.0515053e-05,-11.462692,0.52755225,0.110320844
3938,0,0,0.07150114,-2.5638556,0.5280312895774841,0.07150114,-2.5638556,0.019347433,-3.9256585
3939,1,1,0.9999924,11.783494,0.6238097548484802,0.9999924,11.790577,0.28798345,-0.9051981
3940,1,1,0.9999645,10.245256,0.7308629751205444,0.9999645,10.246665,0.9290077,2.5715466
3941,0,1,0.6951359,0.8242412,1.0,5.7028083e-05,-9.77191,0.6951359,0.8242414
3942,1,1,0.99998045,10.842499,0.5990880131721497,0.99998045,10.843722,0.863407,1.8438804
3943,1,1,0.99994886,9.8808775,0.8228306174278259,0.99994886,9.88025,0.16574144,-1.6161144
3944,0,1,0.9990024,6.9091573,1.0,0.9990024,6.909136,0.019350184,-3.9255135
3945,0,1,0.8438537,1.6871859,1.0,0.22729866,-1.2236278,0.8438537,1.6871861
3946,0,1,0.9998299,8.678885,0.6691924929618835,0.0002143232,-8.447811,0.9998299,8.679022
3947,1,1,0.99992466,9.493421,0.5195581316947937,0.99992466,9.493767,0.94118166,2.7726827
3948,1,1,0.9999304,9.572414,0.621786892414093,0.9999304,9.572019,0.098989695,-2.2085009
3949,0,1,0.7573714,1.138322,1.0,1.8152447e-05,-10.916687,0.7573714,1.1383219
3950,1,0,0.49227944,-0.030884735,1.0,0.00023370556,-8.361215,0.49227944,-0.03088478
3951,0,1,0.9998241,8.645457,1.0,0.9998241,8.645389,0.5294482,0.117929235
3952,0,1,0.9284454,2.5630507,1.0,6.178354e-06,-11.994452,0.9284454,2.5630505
3953,0,1,0.9998272,8.663239,0.7114117741584778,8.87384e-05,-9.329729,0.9998272,8.662897
3954,0,1,0.9998429,8.758357,0.6325965523719788,6.886386e-05,-9.58331,0.9998429,8.758353
3955,1,1,0.9999598,10.122262,0.5688275694847107,0.9999598,10.122935,0.35979277,-0.57626367
3956,0,1,0.9998902,9.116816,0.6523022055625916,0.00067415583,-7.301375,0.9998902,9.117071
3957,0,1,0.99953294,7.6685815,0.8146828413009644,1.4452903e-05,-11.144601,0.99953294,7.6685977
3958,0,1,0.9994103,7.435259,1.0,0.9994103,7.435149,0.43776798,-0.25022557
3959,1,1,0.9999732,10.5262575,0.6504042148590088,0.9999732,10.52742,0.62003183,0.48968357
3960,1,1,0.99897987,6.8868012,0.6760691404342651,0.99897987,6.886781,0.9654075,3.3289115
3961,1,1,0.99995875,10.095905,0.8268933296203613,0.99995875,10.095041,0.94423425,2.8292146
3962,1,1,0.9999908,11.598571,0.7715286016464233,0.9999908,11.604611,0.87677556,1.9622438
3963,1,1,0.9999778,10.716617,0.7358996868133545,0.9999778,10.717356,0.5334699,0.13408019
3964,1,1,0.9694644,3.4578512,0.4870556592941284,0.9694644,3.4578524,0.7320223,1.0049074
3965,1,1,0.9999379,9.686573,0.5622732639312744,0.9999379,9.6867,0.19930936,-1.3906164
3966,0,1,0.9998963,9.173788,0.6117627620697021,4.4517034e-05,-10.019594,0.9998963,9.173979
3967,1,1,0.99983704,8.7218485,0.7092161178588867,0.99983704,8.7219715,0.909299,2.3051057
3968,1,0,0.09283071,-2.2795515,0.8118364810943604,0.0639254,-2.6839783,0.09283071,-2.2795515
3969,0,0,0.13568601,-1.8515925,0.7249002456665039,0.13568601,-1.8515927,0.05607797,-2.8233006
3970,1,1,0.9999844,11.067172,0.6216016411781311,0.9999844,11.068084,0.95533854,3.0629537
3971,0,1,0.9997888,8.462592,0.6081103086471558,5.261569e-06,-12.155076,0.9997888,8.462357
3972,1,1,0.9372587,2.7039397,0.6829079389572144,0.9372587,2.7039394,0.25374737,-1.078725
3973,0,1,0.9675803,3.3960328,1.0,1.733991e-05,-10.962482,0.9675803,3.396034
3974,0,0,0.0034938278,-5.6532574,0.6829962134361267,0.0031095184,-5.770173,0.0034938278,-5.6532574
3975,1,1,0.9999908,11.598571,0.678300678730011,0.9999908,11.594167,0.8057569,1.4226716
3976,0,1,0.81173605,1.4613303,0.6824125051498413,0.81173605,1.4613304,0.018892547,-3.9499145
3977,0,1,0.9997497,8.292681,0.724586546421051,8.413038e-06,-11.6857195,0.9997497,8.292871
3978,1,1,0.99998474,11.09034,0.8143693804740906,0.99998474,11.093028,0.14189799,-1.7996145
3979,0,1,0.77573353,1.2409741,1.0,0.00061325356,-7.3961186,0.77573353,1.2409742
3980,1,1,0.5746532,0.30086195,0.7537158131599426,0.5746532,0.30086192,0.43918544,-0.2444685
3981,0,1,0.9999378,9.684655,1.0,0.9999378,9.683951,0.048508104,-2.9763002
3982,0,1,0.9996754,8.032571,0.6080552339553833,1.4226378e-05,-11.1603985,0.9996754,8.032491
3983,1,1,0.9999393,9.709876,0.6895093321800232,0.9999393,9.710617,0.5841387,0.33978677
3984,0,1,0.99982953,8.676785,0.7011346817016602,3.6407466e-05,-10.2207,0.99982953,8.676645
3985,0,1,0.70729834,0.88229865,1.0,0.0065073827,-5.0282893,0.70729834,0.8822987
3986,1,1,0.9999888,11.399079,0.8366369009017944,0.9999888,11.395579,0.32990125,-0.7086319
3987,0,1,0.99986565,8.914936,1.0,0.99986565,8.915047,0.27651763,-0.9618016
3988,0,1,0.99982435,8.646813,1.0,0.99982435,8.6464405,0.0070651905,-4.945485
3989,1,1,0.9999449,9.806766,0.9261852502822876,0.9999449,9.805831,0.34774205,-0.6289791
3990,1,1,0.999382,7.388435,0.8140831589698792,0.999382,7.3884153,0.8529983,1.7583134
3991,1,1,0.9998305,8.682396,0.49213314056396484,0.9998305,8.682655,0.7883424,1.3149625
3992,0,1,0.9998179,8.610815,0.5924683213233948,1.1166766e-05,-11.402557,0.9998179,8.6107025
3993,0,1,0.9997936,8.4854355,0.7402853965759277,1.1456645e-05,-11.376929,0.9997936,8.4852295
3994,1,1,0.99033946,4.629998,0.5123475193977356,0.99033946,4.6299925,0.18751524,-1.466237
3995,0,1,0.97511613,3.6683369,1.0,0.97511613,3.6683364,0.25487837,-1.072761
3996,0,1,0.9999877,11.307644,1.0,0.9999877,11.307768,0.0947393,-2.2570941
3997,0,1,0.9996561,7.974761,0.8623077273368835,4.7125e-05,-9.96266,0.9996561,7.9748163
3998,1,1,0.998604,6.572747,0.6735567450523376,0.998604,6.572707,0.64831674,0.6116483
3999,1,1,0.99997246,10.49994,0.710088312625885,0.99997246,10.500266,0.5222076,0.08888902
4000,0,1,0.99979514,8.492973,0.7709038257598877,0.0007530474,-7.190629,0.99979514,8.4927845
4001,0,1,0.9997868,8.453039,0.7102136015892029,1.2936023e-05,-11.255482,0.9997868,8.453047
