index,label,blank_logit_both,blank_logit_img_only,blank_logit_txt_only,drop_logit_both,drop_logit_img_only,drop_logit_txt_only,blank_score_both,blank_score_img_only,blank_score_txt_only,drop_score_both,drop_score_img_only,drop_score_txt_only
0,1,2.4233103,-0.42512655,0.17497492,2.4233103,0.00015553832,-0.8191404,0.9185877,0.39529064,0.5436325,0.9185877,0.5000389,0.30594617
1,1,5.370487,2.7890708,-0.41710988,5.370487,5.382512,-0.7225679,0.9953696,0.9420824,0.39720857,0.9953696,0.9954248,0.32682776
2,0,-5.4267035,-5.1421933,-0.41612658,-5.4267035,-4.9578104,-0.85395145,0.0043783146,0.0058108917,0.397444,0.0043783146,0.0069792485,0.2986046
3,1,1.3630776,-0.41352174,-0.27475435,1.3630776,0.052897513,-0.91476375,0.79625946,0.398068,0.43174025,0.79625946,0.51322126,0.28602603
4,0,2.5162125,-0.09653263,-0.47548944,2.5162125,0.98502344,-0.7879956,0.9252706,0.47588557,0.3833178,0.9252706,0.7281038,0.31259924
5,0,-5.1106305,-5.468159,-0.5475061,-5.1106305,-4.8039536,-0.8751701,0.005996108,0.0042012664,0.3664432,0.005996108,0.008130625,0.29417965
6,0,4.8750963,0.5782717,-0.19482991,4.8750963,1.7455184,-0.85893047,0.9924234,0.64066964,0.451446,0.9924234,0.85138667,0.29756284
7,1,-0.15359549,0.029465944,-0.4833612,-0.15359549,0.6030688,-0.80722725,0.46167648,0.50736594,0.38145873,0.46167648,0.6463581,0.30848166
8,1,5.4623384,1.1612356,-0.07650645,5.4623384,3.2999701,-0.8524791,0.9957743,0.7615571,0.48088267,0.9957743,0.96442777,0.29891306
9,0,-7.829564,-7.4424243,-0.60682666,-7.829564,-5.8461185,-0.72172356,0.0003976407,0.0005855202,0.3527834,0.0003976407,0.002882765,0.32701355
10,1,5.7063346,1.5895617,-0.35597622,5.7063346,3.8867188,-0.87007844,0.99668616,0.8305544,0.41193396,0.99668616,0.9798997,0.295238
11,1,2.4340801,-0.26699343,-0.5703012,2.4340801,0.41256058,-0.8181658,0.9193895,0.43364537,0.3611673,0.9193895,0.6017017,0.30615315
12,1,3.3366928,-1.1428528,-0.25251505,3.3366928,-1.502709,-0.8321042,0.9656663,0.24179697,0.43720457,0.9656663,0.18202181,0.3032003
13,0,-3.9469306,-1.6826319,-0.5894275,-3.9469306,-1.7656157,-0.7864318,0.018947933,0.15674728,0.35676622,0.018947933,0.1460884,0.31293535
14,0,-5.8987384,-5.906874,-0.57306004,-5.8987384,-4.6511636,-0.8592546,0.0027354,0.0027132959,0.36053103,0.0027354,0.0094601335,0.2974951
15,1,3.4667711,2.215316,-0.49706545,3.4667711,5.00978,-0.8725591,0.96972734,0.90161645,0.37823054,0.96972734,0.99337184,0.29472208
16,0,1.4144733,1.7274526,-0.59660316,1.4144733,4.2001214,-0.9308885,0.80447054,0.8490863,0.35512123,0.80447054,0.9852277,0.2827445
17,1,0.40972584,-0.528729,0.09823279,0.40972584,-0.2698102,-0.9316475,0.6010221,0.37081337,0.52453846,0.6010221,0.43295372,0.2825906
18,1,4.070623,0.92941105,0.94924545,4.070623,2.6525557,-0.81680727,0.9832197,0.7169558,0.72096336,0.9832197,0.9341683,0.3064418
19,1,1.1215014,0.46529692,-0.51214856,1.1215014,1.5332811,-1.1888114,0.7542671,0.61427,0.37468997,0.7542671,0.82248586,0.23347159
20,1,1.601804,0.118121,-0.45582467,1.601804,0.9998234,-0.8284854,0.8322704,0.529496,0.3879768,0.8322704,0.73102385,0.3039654
21,0,-3.0575,-2.7945323,-0.6037845,-3.0575,-3.785593,-0.8617356,0.044894785,0.057620354,0.35347834,0.044894785,0.02219175,0.29697686
22,0,-0.04035622,0.7116003,-0.5360714,-0.04035622,2.1399727,-0.6918726,0.48991233,0.6707547,0.36910194,0.48991233,0.89472806,0.33361664
23,1,4.7014613,0.96228206,-0.5239382,4.7014613,2.9745698,-0.76320136,0.99099976,0.72357845,0.37193182,0.99099976,0.95141196,0.31795162
24,0,-3.533072,-4.570946,-0.18914612,-3.533072,-3.698782,-0.78128505,0.028385738,0.010242175,0.45285398,0.028385738,0.024155717,0.31404302
25,0,-6.7441063,-6.4489546,-0.5265901,-6.7441063,-5.362086,-0.78761137,0.0011764152,0.001579676,0.37131253,0.0011764152,0.004669207,0.3126818
26,0,-0.0030165315,-3.4054568,-0.6141712,-0.0030165315,-2.8727283,-0.9240843,0.49924582,0.03212536,0.3511083,0.49924582,0.053518284,0.28412643
27,0,-0.8409266,-0.69071347,-0.613787,-0.8409266,-0.57564956,-0.7864405,0.30133966,0.33387437,0.35119578,0.30133966,0.3599342,0.31293347
28,0,-5.673322,-1.66994,-0.563637,-5.673322,-1.436422,-0.7204174,0.0034246615,0.15843217,0.36270633,0.0034246615,0.19210003,0.32730108
29,1,4.5200677,0.44755235,-0.20504606,4.5200677,1.9582777,-0.8093975,0.98922896,0.6100572,0.44891736,0.98922896,0.8763464,0.3080189
30,1,3.9791398,0.4773994,-0.48111135,3.9791398,1.6519482,-0.7047793,0.98164165,0.6171336,0.38198975,0.98164165,0.8391542,0.33075345
31,0,3.3494134,-1.8373603,-0.28373268,3.3494134,-1.9237034,-0.7962178,0.96608555,0.13736379,0.4295389,0.96608555,0.12744914,0.31083515
32,1,2.088711,-0.14733216,-0.41363096,2.088711,0.8615695,-0.7675037,0.8898011,0.46323347,0.39804178,0.8898011,0.70298845,0.31701934
33,0,1.1906356,-0.74360883,-0.5609251,1.1906356,-0.6975359,-0.87601495,0.7668547,0.32221547,0.36333346,0.7668547,0.33235878,0.29400426
34,1,4.391246,1.4384567,-0.40257537,4.391246,3.5066533,-0.73615956,0.98776627,0.80821556,0.4006937,0.98776627,0.9708765,0.32384452
35,1,4.3084116,-1.3324251,-0.30736944,4.3084116,-1.683823,-0.7085215,0.9867237,0.2087585,0.42375696,0.9867237,0.1565899,0.32992563
36,0,3.3965962,1.4334555,-0.33733252,3.3965962,3.8844676,-0.76070786,0.96759796,0.80743915,0.4164576,0.96759796,0.9798554,0.31849262
37,1,2.4776034,-1.217171,-0.46240687,2.4776034,-1.2716315,-0.7244722,0.9225567,0.2284347,0.38641497,0.9225567,0.2189781,0.32640892
38,0,-5.2236276,-6.4711924,-0.45076793,-5.2236276,-5.711517,-0.7034032,0.005358877,0.001544989,0.3891782,0.005358877,0.0032967469,0.3310581
39,0,-1.9447938,-2.4538813,-0.08899486,-1.9447938,-2.1858997,-0.9330704,0.12512214,0.079155184,0.47776595,0.12512214,0.10102387,0.2823022
40,1,5.2627134,-0.31950104,-0.34818015,5.2627134,0.013598204,-0.6701498,0.9948455,0.42079735,0.41382378,0.9948455,0.5033995,0.33846328
41,0,-3.284095,-4.213913,0.004142225,-3.284095,-3.6290185,-0.96906555,0.036120873,0.014572879,0.5010356,0.036120873,0.02585595,0.2750668
42,0,-4.6061034,-4.6971674,-0.51383984,-4.6061034,-3.8837368,-0.74432373,0.009891846,0.009038635,0.37429377,0.009891846,0.020159053,0.3220594
43,1,3.085056,0.08608651,-0.34197062,3.085056,1.3640236,-0.81257546,0.95627207,0.52150834,0.41533083,0.95627207,0.7964129,0.30734193
44,1,2.6539562,1.4101614,-0.54288065,2.6539562,3.4468553,-0.7249987,0.9342544,0.8037914,0.3675177,0.9342544,0.96913725,0.32629317
45,1,-2.389076,-1.8769829,-0.5845965,-2.389076,-2.8556142,-0.8196031,0.084009506,0.1327358,0.35787565,0.084009506,0.054391835,0.3058479
46,0,-3.789973,-4.2467327,-0.2652579,-3.789973,-5.3579526,-0.82314306,0.022096904,0.014109002,0.43407163,0.022096904,0.0046884553,0.30509686
47,1,3.091533,1.0224262,-0.45433772,3.091533,2.8947458,-0.9917805,0.9565422,0.7354449,0.38832992,0.9565422,0.94758606,0.27056053
48,0,-2.933544,-2.5586166,-0.52894413,-2.933544,-3.8164062,-0.795251,0.050520062,0.07184974,0.3707632,0.050520062,0.021532878,0.3110423
49,0,-6.3481617,-6.0886893,-0.52941585,-6.3481617,-4.911776,-0.86254895,0.0017469042,0.002263246,0.37065312,0.0017469042,0.0073056403,0.29680708
50,1,4.2823935,0.9087556,-0.12823273,4.2823935,2.6025796,-0.77279425,0.98637855,0.7127455,0.4679857,0.98637855,0.9310274,0.31587493
51,1,1.6177348,1.9128815,-0.47878492,1.6177348,4.8328342,-0.8527329,0.8344825,0.87134254,0.3825391,0.8344825,0.99209905,0.2988599
52,1,4.3683453,-0.99074006,-0.45054024,4.3683453,-1.3586938,-0.87713546,0.98748636,0.2707659,0.38923237,0.98748636,0.20445266,0.29377174
53,1,0.48485118,1.153024,-0.5619289,0.48485118,3.3007526,-0.6891232,0.6188928,0.7600628,0.36310127,0.6188928,0.9644546,0.33422816
54,0,-6.15536,-4.4332623,-0.57519495,-6.15536,-4.333802,-0.87800103,0.0021175826,0.011736307,0.360039,0.0021175826,0.0129477335,0.29359218
55,0,-4.1315837,-1.1608267,-0.58756876,-4.1315837,-0.76852167,-0.75128496,0.015803663,0.23851709,0.3571929,0.015803663,0.31679899,0.32054138
56,0,0.21168436,-1.0230075,-0.5401473,0.21168436,-1.207063,-0.7259183,0.55272436,0.264442,0.3681533,0.55272436,0.23022114,0.32609108
57,1,2.7894793,0.9817341,-0.2929979,2.7894793,2.4319158,-0.95070946,0.94210464,0.72745216,0.42727008,0.94210464,0.9192289,0.27874216
58,1,3.1651475,2.100611,-0.5348147,3.1651475,4.729907,-0.77288216,0.9595014,0.8909625,0.36939463,0.9595014,0.9912499,0.31585598
59,1,1.7446508,-0.49779907,-0.42030066,1.7446508,-0.33370516,-0.72356266,0.8512768,0.37805805,0.3964448,0.8512768,0.41733935,0.32660893
60,0,0.8599795,0.65078485,-0.58062106,0.8599795,1.9617467,-0.7536528,0.7026563,0.6571873,0.3587897,0.7026563,0.87672186,0.3200259
61,1,6.3977656,1.4250034,-0.24857807,6.3977656,4.1759744,-0.8543811,0.9983375,0.80612165,0.43817353,0.9983375,0.9848721,0.29851463
62,1,2.306392,0.4045835,-0.35357323,2.306392,1.7397541,-0.8175638,0.90940505,0.59978837,0.41251618,0.90940505,0.8506558,0.30628106
63,1,2.3055563,0.8136579,-0.24073482,2.3055563,2.5066843,-0.88957125,0.90933615,0.6928884,0.44010532,0.90933615,0.92460907,0.2911983
64,1,1.3266367,-0.3499327,-0.43208265,1.3266367,0.07049969,-0.77994573,0.7902838,0.41339874,0.3936291,0.7902838,0.51761764,0.31433156
65,1,4.8461432,1.5961134,-0.14787081,4.8461432,4.6541395,-0.671034,0.99220264,0.8314745,0.46309948,0.99220264,0.99056774,0.3382654
66,0,-3.2316573,-3.000452,-0.40451628,-3.2316573,-3.1939406,-0.7387129,0.037991628,0.04740545,0.40022773,0.037991628,0.039394382,0.32328567
67,0,-5.475585,-5.68656,-0.39902908,-5.475585,-5.052784,-0.805015,0.0041703135,0.0033797768,0.40154564,0.0041703135,0.0063509224,0.3089538
68,0,-3.6403608,-2.7158973,-0.52145475,-3.6403608,-2.0476365,-0.8572746,0.025571795,0.06204178,0.37251213,0.025571795,0.11429142,0.29790905
69,1,3.1904948,2.0625951,-0.42934406,3.1904948,5.1951313,-0.83779395,0.96047497,0.8872141,0.39428297,0.96047497,0.9944871,0.3019996
70,1,3.7981298,-0.29877988,-0.36902064,3.7981298,0.521868,-0.7747905,0.97807866,0.4258558,0.40877768,0.97807866,0.62758446,0.31544372
71,1,6.4021044,1.8453654,-0.5003016,6.4021044,3.7324617,-0.70841146,0.99834466,0.8635821,0.3774698,0.99834466,0.97662556,0.32994995
72,1,-1.589779,-2.1413007,-0.49163878,-1.589779,-3.3384905,-0.7138809,0.16941498,0.105146945,0.37950757,0.16941498,0.034274086,0.32874185
73,0,-5.8089075,-2.4102805,-0.5789208,-5.8089075,-3.5532508,-0.80560637,0.0029917292,0.08239211,0.35918096,0.0029917292,0.027834471,0.30882755
74,0,-3.5741644,-3.4816856,-0.5458927,-3.5741644,-2.542283,-0.87422043,0.027274111,0.029837849,0.36681786,0.027274111,0.07294663,0.29437688
75,0,-4.1249747,-4.4192843,-0.55587953,-4.1249747,-2.738103,-0.68797547,0.015906787,0.011899543,0.3645014,0.015906787,0.060762074,0.3344836
76,1,1.7486436,-0.16411217,-0.63840604,1.7486436,0.09408331,-0.89500695,0.85178167,0.4590638,0.34560695,0.85178167,0.5235035,0.29007766
77,0,-4.5788956,-5.4303017,-0.54936135,-4.5788956,-5.242934,-0.7359903,0.010161905,0.004362657,0.3660126,0.010161905,0.0052569457,0.32388157
78,0,-2.1760683,-2.7947547,-0.60040224,-2.1760683,-4.412981,-0.7253349,0.10192025,0.05760828,0.3542517,0.10192025,0.011973885,0.3262193
79,0,-3.305184,-0.41897786,-0.58655244,-3.305184,-0.22778136,-0.7717197,0.03539378,0.39676136,0.35742632,0.03539378,0.4432996,0.3161072
80,0,-3.268375,-1.3078245,-0.5874806,-3.268375,-1.5499523,-0.73605067,0.036672194,0.2128511,0.35721317,0.036672194,0.17509316,0.32386833
81,0,1.6586995,1.2660804,-0.41217843,1.6586995,3.190806,-0.9292522,0.84006333,0.7800711,0.39838988,0.84006333,0.9604869,0.28307644
82,0,0.6998329,-1.2854317,-0.5066568,0.6998329,-1.5681611,-0.69401836,0.6681507,0.21662703,0.37597755,0.6681507,0.1724787,0.33313978
83,1,-3.048239,-2.030707,-0.5407874,-3.048239,-2.4086277,-0.70310557,0.045293562,0.1160164,0.36800444,0.045293562,0.082517155,0.33112404
84,1,3.908184,0.54309654,-0.47886539,3.908184,1.8685578,-0.77588314,0.98031825,0.6325324,0.38252008,0.98031825,0.8662913,0.31520784
85,0,2.7081125,-0.45055965,-0.49337435,2.7081125,0.12255466,-0.76738197,0.93750364,0.38922772,0.37909898,0.93750364,0.53060037,0.31704572
86,1,0.77628714,-1.7755599,-0.5710803,0.77628714,-2.3728466,-0.8695134,0.68487936,0.14485225,0.3609876,0.68487936,0.08526685,0.29535556
87,0,-3.462325,-3.8246253,-0.36340374,-3.462325,-4.310831,-0.857465,0.03040342,0.021360388,0.4101358,0.03040342,0.013244616,0.29786924
88,1,3.282655,1.2666582,-0.5119455,3.282655,4.064537,-0.84247565,0.9638289,0.78017014,0.37473756,0.9638289,0.98311895,0.30101365
89,1,5.583192,1.3814608,-0.17294309,5.583192,3.587726,-0.9050614,0.9962535,0.7992255,0.45687166,0.9962535,0.9730833,0.2880115
90,1,5.288006,1.2307385,-0.25477314,5.288006,3.2776544,-0.7131928,0.99497354,0.7739478,0.436649,0.99497354,0.9636542,0.32889372
91,0,-4.0027075,-4.3124347,-0.45388776,-4.0027075,-2.8308725,-0.80236256,0.01793845,0.013223674,0.3884368,0.01793845,0.055678505,0.3095204
92,1,5.448161,1.8707798,-0.21011788,5.448161,4.5469027,-0.98006207,0.99571425,0.8665485,0.44766292,0.99571425,0.9895112,0.27287948
93,1,4.797627,1.078122,-0.541582,4.797627,3.089699,-0.81250036,0.9918182,0.7461384,0.36781964,0.9918182,0.95646584,0.30735794
94,1,2.3124056,1.0601127,-0.5474081,2.3124056,3.0216298,-0.711424,0.9098993,0.74271214,0.36646596,0.9098993,0.95354176,0.32928425
95,1,2.0133142,0.631934,-0.45343393,2.0133142,2.0472403,-0.75003344,0.88218796,0.6529278,0.38854465,0.88218796,0.88566846,0.320814
96,1,-1.0212194,-0.06208849,-0.54207313,-1.0212194,0.7310526,-0.72088534,0.26478994,0.48448288,0.36770546,0.26478994,0.6750362,0.32719806
97,1,0.2048803,1.4905806,-0.11300692,0.2048803,3.876367,-0.94250184,0.55104166,0.8161654,0.4717783,0.55104166,0.9796949,0.28039524
98,1,3.0719738,2.1877751,-0.4068405,3.0719738,5.3300037,-0.7931033,0.9557218,0.8991463,0.39966995,0.9557218,0.9951793,0.31150272
99,0,-1.266585,-1.7737216,-0.38897622,-1.266585,-2.1452003,-0.6782464,0.21984242,0.14508012,0.40396374,0.21984242,0.1047806,0.3366528
100,1,0.81916404,0.37720686,-0.5453503,0.81916404,1.3501853,-0.8821239,0.6940589,0.59319925,0.36694387,0.6940589,0.79415995,0.29273784
101,0,-5.1094093,-2.833219,-0.5536358,-5.1094093,-3.2353573,-0.8649976,0.006003391,0.055555254,0.3650213,0.006003391,0.03785663,0.29629627
102,0,-1.473031,0.08801785,-0.29469147,-1.473031,1.0508258,-0.9894365,0.18648234,0.52199024,0.4268557,0.18648234,0.7409335,0.2710234
103,1,4.616349,1.840919,-0.33213142,4.616349,4.5382137,-0.73729366,0.99020797,0.8630574,0.41772214,0.99020797,0.98942065,0.3235962
104,1,4.66335,1.5045286,-0.36024454,4.66335,3.6023188,-0.91514134,0.99065334,0.8182489,0.41090035,0.99065334,0.973463,0.2859489
105,1,3.0130763,2.563017,-0.5548731,3.0130763,5.074129,-0.7684864,0.9531614,0.92844313,0.36473456,0.9531614,0.99378234,0.3168066
106,0,-4.4145794,-4.331073,-0.5459101,-4.4145794,-3.0042028,-0.7559754,0.011954991,0.012982661,0.3668138,0.011954991,0.04723636,0.31952065
107,1,4.8808928,1.2610328,-0.46260726,4.8808928,3.1714454,-0.8903961,0.99246687,0.77920383,0.38636747,0.99246687,0.95974547,0.2910281
108,1,2.852145,2.3927956,-0.48572767,2.852145,5.5757337,-0.81472003,0.94542944,0.9162763,0.38090053,0.94542944,0.9962256,0.3068856
109,1,2.9059281,1.9257672,-0.60167503,2.9059281,4.5231633,-0.77953166,0.9481387,0.8727802,0.35396057,0.9481387,0.989262,0.31442085
110,0,0.07334024,0.22775713,-0.5036681,0.07334024,1.3226755,-0.75447834,0.5183269,0.55669445,0.37667903,0.5183269,0.7896265,0.31984627
111,1,6.270396,1.5258619,-0.3453313,6.270396,4.024524,-0.70344853,0.9981121,0.82140005,0.414515,0.9981121,0.98244184,0.33104807
112,0,-2.4638,-0.91940695,-0.580809,-2.4638,-1.1231836,-0.93062466,0.07843523,0.28507873,0.35874647,0.07843523,0.24542125,0.282798
113,1,4.7482786,0.06956068,-0.4453301,4.7482786,1.0347981,-0.7208129,0.9914078,0.51738316,0.39047167,0.9914078,0.73784506,0.327214
114,0,0.1293349,-1.3393196,-0.5388579,0.1293349,-1.8140346,-0.8477248,0.5322887,0.20762198,0.36845332,0.5322887,0.14015122,0.29991037
115,1,4.7794623,0.50404024,-0.5275979,4.7794623,1.4317229,-0.7774358,0.9916694,0.6234084,0.37107733,0.9916694,0.8071696,0.3148728
116,0,1.5177813,-0.38929448,-0.5313475,1.5177813,-0.077069536,-0.71294296,0.82021147,0.40388712,0.37020266,0.82021147,0.48074213,0.32894886
117,0,-2.149143,-2.17943,-0.22097921,-2.149143,-3.4670296,-0.7576489,0.104411334,0.101612955,0.44497892,0.104411334,0.030265039,0.31915694
118,1,3.699093,0.32448798,-0.09098394,3.699093,1.6896864,-0.94702196,0.97585166,0.58041763,0.47726965,0.97585166,0.84418297,0.27948412
119,0,-6.160045,-5.558278,-0.42951375,-6.160045,-5.0206103,-0.81025845,0.0021077062,0.0038406022,0.39424244,0.0021077062,0.0065572155,0.3078354
120,1,2.928331,-0.6207329,-0.45204085,2.928331,-0.33364043,-0.91131216,0.9492293,0.34961477,0.38887566,0.9492293,0.41735515,0.2867314
121,1,1.2872673,-1.798718,-0.5248561,1.2872673,-1.8798621,-0.8590443,0.78368425,0.14200719,0.37171742,0.78368425,0.13240471,0.29753906
122,1,4.636407,1.4073522,-0.04981163,4.636407,3.7323146,-0.97302896,0.9904006,0.803348,0.48754966,0.9904006,0.9766223,0.27427715
123,1,2.4004369,-1.0520269,-0.5672582,2.4004369,-0.95660245,-0.73850536,0.9168606,0.25883606,0.36186972,0.9168606,0.27755895,0.32333106
124,1,6.4532375,0.84850204,-0.4427549,6.4532375,2.458597,-0.74786663,0.99842703,0.70025283,0.39108473,0.99842703,0.9211878,0.32128632
125,1,3.9411664,1.7735952,-0.03395079,3.9411664,4.0590334,-0.9603801,0.98094463,0.8549042,0.49151316,0.98094463,0.98302734,0.2768021
126,1,1.0707552,-0.295767,-0.4263414,1.0707552,0.64788723,-0.90839756,0.7447405,0.4265926,0.3950003,0.7447405,0.6565342,0.28732786
127,0,-6.1768246,-3.1330342,-0.51829004,-6.1768246,-2.960098,-0.7508935,0.0020727077,0.041765008,0.37325215,0.0020727077,0.049261417,0.32062665
128,1,7.23964,1.4565656,-0.49497765,7.23964,3.7815943,-0.73237145,0.999283,0.81100684,0.37872168,0.999283,0.9777213,0.32467452
129,1,4.848501,0.21430276,-0.34563267,4.848501,1.5632764,-0.9120631,0.9922208,0.5533716,0.41444188,0.9922208,0.826823,0.28657785
130,1,4.758643,2.0304263,-0.52807486,4.758643,4.192025,-0.69107985,0.9914957,0.88395476,0.370966,0.9914957,0.98510945,0.3337929
131,1,0.8066461,1.0385567,-0.54704267,0.8066461,2.7802892,-0.6839231,0.6913943,0.73857147,0.36655083,0.6913943,0.9416014,0.33538628
132,0,-6.0504203,-4.941346,-0.5152471,-6.0504203,-3.8827424,-0.74558675,0.0023513294,0.0070942855,0.37396428,0.0023513294,0.020178705,0.3217837
133,1,3.2687066,1.1595993,-0.5687624,3.2687066,3.0127623,-0.7479446,0.9633395,0.7612599,0.36152247,0.9633395,0.95314735,0.32126933
134,0,-4.6266723,-3.745504,-0.55425173,-4.6266723,-3.1073728,-0.7664014,0.009692413,0.02307852,0.3648785,0.009692413,0.04280416,0.31725806
135,0,-4.3995905,-2.3076925,-0.71893966,-4.3995905,-2.6088023,-0.7627801,0.012133341,0.090487875,0.32762653,0.012133341,0.06857406,0.31804296
136,1,0.94628865,1.7216235,-0.5491978,0.94628865,4.0827413,-0.81758857,0.72036815,0.8483378,0.36605057,0.72036815,0.9834184,0.30627578
137,0,3.9088862,1.3329092,-0.58559585,3.9088862,3.344689,-0.878626,0.9803318,0.79132146,0.357646,0.9803318,0.9659305,0.29346257
138,0,0.42545414,-0.60142195,-0.20634438,0.42545414,0.14047799,-0.9776361,0.60478765,0.35401845,0.44859615,0.60478765,0.53506184,0.2733611
139,1,3.8850334,0.40406567,-0.3646591,3.8850334,1.4068068,-0.8605387,0.9798665,0.5996641,0.4098322,0.9798665,0.8032618,0.29722682
140,0,-4.8080344,-4.5498266,-0.5536647,-4.8080344,-3.7039108,-0.7866062,0.008097781,0.0104585,0.3650146,0.008097781,0.024035113,0.31289786
141,0,0.8322351,0.9366836,-0.5429983,0.8322351,2.3703282,-0.76137185,0.69682735,0.71842927,0.36749035,0.69682735,0.9145365,0.3183485
142,1,4.4899898,0.25299096,-0.50102437,4.4899898,0.6606159,-0.7274326,0.9889037,0.5629125,0.37729996,0.9889037,0.65939873,0.32575837
143,1,5.5006814,1.8053308,-0.46264628,5.5006814,3.9134037,-0.83388853,0.99593264,0.85879654,0.3863582,0.99593264,0.9804186,0.30282348
144,1,6.132391,1.5332717,-0.20926064,6.132391,3.5583804,-0.81706786,0.9978333,0.8224845,0.44787493,0.9978333,0.972304,0.30638644
145,1,5.2454877,2.179832,-0.5067785,5.2454877,5.2687197,-0.65271294,0.99475646,0.8984238,0.37594903,0.99475646,0.9948762,0.34237844
146,0,6.737267,1.4285055,-0.18137236,6.737267,3.577941,-0.6863809,0.99881554,0.80666834,0.4547808,0.99881554,0.97282594,0.33483863
147,0,-0.1525228,-3.198118,-0.04413402,-0.1525228,-2.772512,-0.942525,0.46194303,0.03923661,0.48896828,0.46194303,0.05882778,0.28039056
148,1,2.8975918,0.21737276,-0.49534976,2.8975918,0.9866632,-0.8527439,0.94772726,0.5541302,0.3786341,0.94772726,0.7284283,0.29885757
149,0,-3.2697678,-2.4682946,-0.5007988,-3.2697678,-3.3997624,-0.80421335,0.036623023,0.07811095,0.37735298,0.036623023,0.03230289,0.30912498
150,1,-0.47644657,-0.9565964,-0.4839945,-0.47644657,-0.9104283,-0.75788796,0.38309157,0.27756017,0.3813093,0.38309157,0.2869122,0.31910497
151,1,2.4134948,-0.07136741,-0.39885503,2.4134948,0.9841906,-0.7658505,0.91785055,0.48216575,0.40158746,0.91785055,0.72793895,0.31737742
152,0,2.9115398,0.21396214,-0.3489651,2.9115398,0.9186807,-0.7866565,0.94841397,0.5532874,0.4136334,0.94841397,0.71477324,0.31288704
153,1,1.057412,1.0297544,-0.013135761,1.057412,2.9628372,-0.9977299,0.74219567,0.73686826,0.49671614,0.74219567,0.9508667,0.269388
154,0,-3.936267,-4.0354204,-0.6215201,-3.936267,-5.476744,-0.68906194,0.019147182,0.017371155,0.3494358,0.019147182,0.0041655023,0.3342418
155,1,6.4828815,1.2132839,-0.11052598,6.4828815,3.397424,-0.7017466,0.99847287,0.7708795,0.47239664,0.99847287,0.96762395,0.3314251
156,0,2.10602,-0.7068099,-0.4782392,2.10602,-0.64162976,-0.7445147,0.8914869,0.33030415,0.382668,0.8914869,0.34487823,0.3220177
157,1,0.6327423,0.1141755,-0.56626284,0.6327423,1.080929,-0.9134654,0.653111,0.5285129,0.36209962,0.653111,0.74666977,0.28629124
158,1,2.7350082,-0.53425545,-0.34143794,2.7350082,-0.26767576,-0.84453976,0.93906105,0.36952493,0.41546023,0.93906105,0.43347776,0.30057955
159,0,-2.9741778,-3.3855333,-0.3835291,-2.9741778,-4.5364323,-0.83557004,0.048606157,0.032750655,0.40527597,0.048606157,0.010598034,0.3024686
160,0,0.11708912,0.90707374,-0.2562797,0.11708912,2.4825697,-0.72385573,0.5292389,0.712401,0.43627843,0.5292389,0.92291087,0.3265445
161,0,-1.2030206,-1.3629823,-0.31296873,-1.2030206,-0.88497156,-0.859992,0.23093832,0.20375603,0.42239025,0.23093832,0.29214862,0.29734102
162,1,5.6090107,0.9105813,-0.10855794,5.6090107,2.5231507,-0.8788587,0.9963486,0.7131191,0.4728872,0.9963486,0.9257489,0.29341435
163,1,1.2243346,0.1960637,-0.27131814,1.2243346,0.963246,-0.8248371,0.7728255,0.5488595,0.43258354,0.7728255,0.7237713,0.30473784
164,1,-3.5566797,-2.3842964,-0.36782765,-3.5566797,-3.004882,-0.8998291,0.027741838,0.08437804,0.40906605,0.027741838,0.047205802,0.28908563
165,1,2.6391273,1.2555165,-0.47855186,2.6391273,2.580975,-0.7653791,0.93333775,0.7782534,0.38259417,0.93333775,0.92962706,0.31747952
166,1,5.5932474,1.1734232,0.27010646,5.5932474,3.0117304,-0.9146395,0.9962909,0.7637632,0.567119,0.9962909,0.9531012,0.28605142
167,1,5.4545794,1.4398768,-0.23340102,5.4545794,3.9963202,-0.7920052,0.9957416,0.80843556,0.4419132,0.9957416,0.9819487,0.31173828
168,0,-4.606647,-2.4775953,-0.5973636,-4.606647,-2.6060686,-0.7728218,0.009886524,0.07744383,0.3549471,0.009886524,0.06874887,0.315869
169,1,2.6451867,-0.26391557,-0.21040136,2.6451867,0.085187495,-0.8411852,0.9337137,0.43440142,0.44759285,0.9337137,0.521284,0.30128524
170,0,1.0902162,-0.16448781,-0.49886614,1.0902162,0.47026262,-0.80523574,0.7484224,0.45897052,0.37780717,0.7484224,0.6154459,0.30890664
171,1,5.641206,0.67429894,-0.4970094,5.641206,2.3633604,-0.8434549,0.99646395,0.6624651,0.37824374,0.99646395,0.9139904,0.30080765
172,0,3.2541208,0.04018894,-0.34516442,3.2541208,0.6941033,-0.95234025,0.9628209,0.5100459,0.41455555,0.9628209,0.66687906,0.27841443
173,0,-5.535256,-4.133129,-0.47916117,-5.535256,-3.1305628,-0.80763805,0.0039296956,0.015779644,0.38245022,0.0039296956,0.041864023,0.30839404
174,1,2.0213957,-0.41658235,0.0005330518,2.0213957,-0.05871445,-0.8478047,0.8830252,0.39733484,0.5001333,0.8830252,0.48532557,0.29989356
175,1,5.810931,1.9508219,-0.35096776,5.810931,4.671678,-0.6826266,0.9970143,0.8755362,0.41314775,0.9970143,0.9907302,0.3356753
176,0,4.126992,0.33110863,-0.30353072,4.126992,1.7283021,-0.7879547,0.9841248,0.58202904,0.42469457,0.9841248,0.84919506,0.31260803
177,0,-3.8609118,-3.3466353,-0.29695764,-3.8609118,-2.8884358,-0.93615854,0.02061488,0.034005515,0.42630136,0.02061488,0.05272819,0.28167695
178,1,3.1810212,1.2570074,-0.5255889,3.1810212,3.580891,-0.7061529,0.96011376,0.7785105,0.37154627,0.96011376,0.9729038,0.33044946
179,1,2.1126552,0.96915007,-0.21415232,2.1126552,2.2674227,-0.93673414,0.8921271,0.7249501,0.4466656,0.8921271,0.90614283,0.2815605
180,1,1.4167272,0.16910064,-0.31068408,1.4167272,1.4870803,-0.99045277,0.8048248,0.5421747,0.4229478,0.8048248,0.8156396,0.27082264
181,1,4.152619,0.6742022,-0.51553655,4.152619,2.335868,-0.7255735,0.98452014,0.66244346,0.37389654,0.98452014,0.9118043,0.32616684
182,1,3.6757698,1.3115302,-0.25042522,3.6757698,3.3698635,-0.78358823,0.9752958,0.7877691,0.43771887,0.9752958,0.96674925,0.31354707
183,0,-6.6669416,-6.6893487,-0.41211462,-6.6669416,-5.8915043,-0.8303961,0.0012706673,0.001242547,0.39840516,0.0012706673,0.0027552054,0.30356133
184,0,-4.867812,-2.2785807,-0.5554764,-4.867812,-3.294546,-0.884855,0.0076314844,0.0929125,0.36459476,0.0076314844,0.035758775,0.29217273
185,1,4.0137053,1.5022663,0.039515734,4.0137053,4.3019514,-0.89668703,0.9822543,0.8179123,0.5098776,0.9822543,0.9866389,0.2897318
186,0,-1.0993242,-1.8213985,-0.5230419,-1.0993242,-2.1154017,-0.87047356,0.24986653,0.13926615,0.3721412,0.24986653,0.10760885,0.29515576
187,0,4.0872273,0.25237936,-0.5024264,4.0872273,0.89777696,-0.688803,0.98349136,0.562762,0.37697062,0.98349136,0.71049243,0.3342994
188,1,1.9993985,1.5720136,-0.55485547,1.9993985,4.2058134,-0.77441967,0.8807339,0.82807046,0.36473864,0.8807339,0.9853103,0.3155238
189,0,-3.849646,-4.7530026,-0.47494298,-3.849646,-3.7657752,-0.84290683,0.020843565,0.008551989,0.38344696,0.020843565,0.022625877,0.30092293
190,1,2.9834452,0.4400189,-0.36386904,2.9834452,2.0683851,-0.8943099,0.9518206,0.6082635,0.41002333,0.9518206,0.88779217,0.2902212
191,1,4.384947,0.036266237,-0.15938786,4.384947,1.0661441,-0.75720096,0.98768985,0.50906557,0.4602372,0.98768985,0.7438629,0.31925428
192,0,-0.77600086,-0.84215605,-0.54416454,-0.77600086,-0.64902806,-0.7775313,0.31518242,0.30108088,0.36721936,0.31518242,0.34320858,0.31485218
193,0,0.6997856,-0.02112016,-0.54903936,0.6997856,0.6088924,-0.8200365,0.6681403,0.4947202,0.36608732,0.6681403,0.64768815,0.3057559
194,1,4.8501997,2.3146632,-0.34655935,4.8501997,5.284943,-0.97361374,0.992234,0.9100842,0.41421703,0.992234,0.9949582,0.2741608
195,1,4.9245253,1.4806706,-0.5582392,4.9245253,3.8196676,-0.73702407,0.9927862,0.81467384,0.36395496,0.9927862,0.9785357,0.32365522
196,1,1.7372178,1.029495,-0.31731665,1.7372178,2.6750326,-0.8793161,0.85033333,0.736818,0.42132983,0.85033333,0.93553716,0.29331952
197,1,5.462636,2.0657163,-0.5049631,5.462636,4.2915487,-0.6827577,0.99577564,0.8875261,0.37637502,0.99577564,0.98650104,0.3356461
198,0,-7.011527,-6.8208227,-0.2387106,-7.011527,-5.6887074,-0.83009565,0.00090061914,0.0010896345,0.44060415,0.00090061914,0.0033725519,0.30362484
199,1,4.3266954,0.36612856,-0.3805138,4.3266954,1.2912419,-0.8026455,0.9869611,0.5905232,0.406003,0.9869611,0.7843573,0.3094599
200,1,3.232615,1.5785236,-0.3568723,3.232615,3.8745959,-0.8109708,0.96204334,0.82899535,0.41171688,0.96204334,0.9796596,0.30768368
201,1,7.0823035,2.9427269,-0.22607824,7.0823035,6.4519734,-0.70479894,0.9991609,0.9499186,0.44371998,0.9991609,0.9984251,0.33074912
202,1,7.8809624,2.5338511,-0.225949,7.8809624,5.4812894,-0.73328453,0.9996222,0.92648107,0.4437518,0.9996222,0.9958533,0.32447436
203,1,-2.3156362,-2.4626677,-0.35349688,-2.3156362,-2.3088725,-0.83515215,0.089836225,0.0785171,0.41253468,0.089836225,0.09039081,0.30255678
204,0,-1.3120569,-4.0048447,-0.36199707,-1.3120569,-3.9011366,-1.0240731,0.21214285,0.01790084,0.41047618,0.21214285,0.019818215,0.26423475
205,1,4.671129,1.9255822,-0.55266726,4.671129,4.9317846,-0.7137058,0.9907251,0.87275964,0.36524582,0.9907251,0.9928381,0.3287805
206,1,1.4902952,-0.83587,-0.53170747,1.4902952,-0.16531928,-0.70693517,0.8161226,0.30240533,0.37011874,0.8161226,0.45876405,0.3302764
207,0,0.57917106,-1.9515598,-0.4336936,0.57917106,-2.9742332,-0.85126716,0.64087665,0.124383375,0.39324468,0.64087665,0.048603605,0.2991671
208,0,-3.1483388,-0.7940347,-0.20366809,-3.1483388,-0.9488803,-0.9645864,0.041156784,0.31130302,0.44925827,0.041156784,0.27911004,0.27596086
209,0,3.3157902,-0.2434846,-0.30045384,3.3157902,0.3435915,-0.8512159,0.9649666,0.4394278,0.42544654,0.9649666,0.5850627,0.29917786
210,1,1.4719177,-0.5407293,-0.4762668,1.4719177,0.60689133,-0.88415015,0.81334865,0.36801797,0.38313404,0.81334865,0.6472314,0.2923185
211,1,0.6562309,-0.70463765,-0.4284256,0.6562309,-0.16976109,-0.8720714,0.6584132,0.33078483,0.39450234,0.6584132,0.45766133,0.29482347
212,0,-1.0414436,-0.75646675,-0.57634974,-1.0414436,-0.3490356,-0.7939569,0.26087156,0.31941384,0.35977295,0.26087156,0.41361633,0.31131968
213,0,-5.3902483,-4.3295794,-0.5580571,-5.3902483,-3.9364324,-0.9864177,0.0045401338,0.013001813,0.36399713,0.0045401338,0.019144075,0.27162024
214,0,1.1913881,-1.2291775,-0.48553178,1.1913881,-1.4193597,-0.8950212,0.76698923,0.22632542,0.3809467,0.76698923,0.19476198,0.2900747
215,0,-5.228011,-4.790992,-0.5271341,-5.228011,-4.322935,-0.802804,0.005335562,0.008235825,0.37118557,0.005335562,0.013087353,0.30942604
216,0,-1.1654229,0.7273742,-0.63376135,-1.1654229,1.9499652,-0.78334177,0.2376833,0.6742288,0.34665814,0.2376833,0.87544286,0.31360012
217,0,-2.527161,-1.5491215,-0.55928737,-2.527161,-1.7482669,-0.6779325,0.0739759,0.17521319,0.36371237,0.0739759,0.14826591,0.3367229
218,0,2.6585312,0.76982486,-0.2432048,2.6585312,2.2464159,-0.8791742,0.93453485,0.683483,0.43949673,0.93453485,0.904341,0.29334894
219,0,-5.881624,-2.6191006,-0.59154624,-5.881624,-3.9777472,-0.7108732,0.002782486,0.06791921,0.35628018,0.002782486,0.018383501,0.32940593
220,0,2.9629724,-2.795013,-0.17934586,2.9629724,-4.2683563,-0.81451577,0.9508731,0.057594262,0.4552833,0.9508731,0.013811358,0.30692905
221,0,-0.6643482,-0.97080636,-0.5342631,-0.6643482,-0.95256466,-0.66773593,0.33976352,0.2747198,0.36952314,0.33976352,0.27836934,0.33900398
222,0,-5.7543817,-3.360816,-0.48814043,-5.7543817,-3.858298,-0.851969,0.0031588553,0.03354276,0.38033175,0.0031588553,0.020667717,0.29901996
223,1,3.006422,0.012922406,-0.5742749,3.006422,0.28876126,-0.743073,0.9528634,0.5032306,0.360251,0.9528634,0.5716928,0.32233253
224,0,-7.049557,-5.361701,-0.4187358,-7.049557,-5.163933,-0.8928589,0.0008670407,0.0046709958,0.39681932,0.0008670407,0.0056866403,0.2905202
225,1,4.470061,-0.21211584,-0.4666445,4.470061,0.6631867,-0.77649593,0.9886829,0.44716898,0.38541073,0.9886829,0.6599759,0.31507558
226,0,1.6390332,-1.7680521,-0.29839516,1.6390332,-2.8328586,-0.9091823,0.83740336,0.14578474,0.4259498,0.83740336,0.05557417,0.28716716
227,1,2.9118872,0.6880026,-0.045305014,2.9118872,1.9827061,-0.81017727,0.94843096,0.6655224,0.48867565,0.94843096,0.8789693,0.30785272
228,0,-0.012566552,-1.72155,-0.46831816,-0.012566552,-1.9653252,-0.8781591,0.49685845,0.15167163,0.38501438,0.49685845,0.12289189,0.29355937
229,1,3.963235,1.7026541,-0.5607297,3.963235,4.3947506,-0.85129076,0.98135275,0.8458811,0.36337867,0.98135275,0.98780847,0.29916218
230,0,2.3311248,-0.0074421763,-0.1640954,2.3311248,0.20341668,-0.8252658,0.9114222,0.49813947,0.45906797,0.9114222,0.5506795,0.30464703
231,0,4.7243357,0.38291258,-0.40767074,4.7243357,1.4201913,-0.7901174,0.9912015,0.59457535,0.39947078,0.9912015,0.8053684,0.31214345
232,1,4.1537676,0.75160885,-0.31196725,4.1537676,2.4409053,-0.89942163,0.9845377,0.67952913,0.42263466,0.9845377,0.91989386,0.28916937
233,1,3.5219548,1.1467015,-0.35935313,3.5219548,2.8826978,-0.87713504,0.971306,0.75890785,0.41111615,0.971306,0.94698447,0.29377183
234,0,2.6293907,1.3739698,0.09781217,2.6293907,3.6746888,-0.9035773,0.93272936,0.7980208,0.52443355,0.93272936,0.97526985,0.28831592
235,0,-5.0628815,-4.3761597,-0.5852134,-5.0628815,-3.6897423,-0.7219298,0.006287518,0.012417422,0.3577339,0.006287518,0.02436972,0.3269682
236,0,-1.2264533,0.14978114,-0.59584594,-1.2264533,1.2670715,-0.70902264,0.2268028,0.53737545,0.35529467,0.2268028,0.780241,0.32981482
237,0,1.1094364,1.5764246,-0.3508335,1.1094364,3.764086,-0.841992,0.752024,0.82869756,0.4131803,0.752024,0.9773367,0.30111542
238,0,-0.89829975,-1.7666734,0.053681184,-0.89829975,-2.1425688,-0.94772553,0.2894,0.1459565,0.5134171,0.2894,0.10502768,0.27934244
239,0,0.9020281,-1.1694522,-0.56577647,0.9020281,-1.5637591,-0.7295662,0.71136606,0.23695402,0.36221197,0.71136606,0.17310789,0.32528993
240,0,-6.986187,-7.216707,-0.60326433,-6.986187,-6.16763,-1.0530053,0.00092371117,0.00073367736,0.35359725,0.00092371117,0.002091813,0.25864843
241,0,-5.961595,-5.860728,-0.5910011,-5.961595,-4.849143,-0.8264686,0.0025691825,0.0028410747,0.3564052,0.0025691825,0.007774178,0.3043923
242,1,0.5597366,-0.6220828,-0.16219586,0.5597366,-0.27634948,-0.99080104,0.6363916,0.3493079,0.45953965,0.6363916,0.431349,0.2707539
243,0,-6.507535,-2.9086795,-0.56399715,-6.507535,-3.838228,-0.7632375,0.0014899302,0.051726166,0.3626231,0.0014899302,0.021077879,0.31794378
244,1,5.3078375,1.267867,-0.264475,5.3078375,3.6059012,-0.7119857,0.9950717,0.7803774,0.434264,0.9950717,0.9735554,0.3291602
245,0,-0.15005273,0.055995375,-0.5041177,-0.15005273,1.2465383,-0.8327806,0.46255705,0.5139952,0.37657347,0.46255705,0.7767,0.30305743
246,1,4.0365877,0.7475507,-0.4417922,4.0365877,2.471749,-0.8311285,0.98264873,0.6786448,0.39131403,0.98264873,0.92213744,0.3034065
247,1,3.0916572,1.4091877,-0.36890712,3.0916572,3.4132724,-0.763245,0.9565473,0.80363774,0.4088051,0.9565473,0.96811676,0.31794217
248,1,4.2897596,1.3236177,-0.5035647,4.2897596,3.7770858,-0.8616985,0.98647714,0.789783,0.37670332,0.98647714,0.9776229,0.2969846
249,1,4.6068153,-0.49581614,-0.12669605,4.6068153,-0.027474433,-0.76885176,0.99011517,0.3785244,0.4683683,0.99011517,0.49313182,0.31672755
250,1,6.5047474,0.87192714,-0.47282562,6.5047474,2.660594,-0.76145864,0.99850595,0.70514655,0.38394767,0.99850595,0.9346609,0.31832966
251,0,-0.99048907,-2.3362875,-0.5675511,-0.99048907,-3.611261,-0.762189,0.2708155,0.08816189,0.3618021,0.2708155,0.026307,0.3181712
252,1,4.02267,0.6432129,-0.47432876,4.02267,2.3145118,-0.7608031,0.98240983,0.65547943,0.3835922,0.98240983,0.91007185,0.31847194
253,1,4.154388,0.6638585,-0.55441225,4.154388,1.9107268,-0.8714324,0.9845471,0.6601266,0.36484134,0.9845471,0.8711008,0.29495633
254,0,-0.40727133,-1.8182832,-0.5198275,-0.40727133,-2.1642683,-0.749819,0.3995666,0.13963999,0.3728926,0.3995666,0.10300541,0.32086074
255,1,1.6835924,2.4192133,-0.54001456,1.6835924,5.765392,-0.86621195,0.8433796,0.9182807,0.36818418,0.8433796,0.99687564,0.29604313
256,0,-3.5331419,-2.321601,-0.48958325,-3.5331419,-3.1692877,-0.83737826,0.028383812,0.08934971,0.37999174,0.028383812,0.040337984,0.30208725
257,0,3.4767106,-0.72510326,-0.37854818,3.4767106,0.064071745,-0.73730254,0.9700178,0.3262702,0.40647712,0.9700178,0.51601243,0.32359427
258,1,5.8509994,1.1606189,-0.20284513,5.8509994,3.3453202,-0.82794845,0.9971312,0.7614451,0.44946188,0.9971312,0.9659513,0.30407903
259,0,-7.176696,-4.0628624,-0.5223657,-7.176696,-4.1919403,-0.72049356,0.0007636051,0.016908888,0.37229925,0.0007636051,0.014891807,0.3272843
260,1,4.2562184,1.9024218,-0.25112975,4.2562184,4.1551447,-0.9547903,0.98602235,0.87016535,0.43754545,0.98602235,0.98455864,0.27792248
261,0,-3.050047,-1.5035498,-0.23140796,-3.050047,-1.731646,-0.81013674,0.04521545,0.18189667,0.44240478,0.04521545,0.15037717,0.30786136
262,1,5.386218,0.80510354,-0.36062986,5.386218,2.1122491,-0.73459566,0.99544156,0.69106513,0.4108071,0.99544156,0.89208806,0.32418707
263,0,-5.6311674,-4.755048,-0.5528903,-5.6311674,-3.742598,-0.71693254,0.0035715862,0.008534666,0.3651941,0.0035715862,0.023144126,0.32806882
264,1,2.4507673,-1.2458324,-0.33047852,2.4507673,-0.88773745,-0.83458287,0.9206175,0.2234224,0.41812417,0.9206175,0.29157695,0.30267692
265,0,-4.0614295,-0.08367218,-0.58356047,-4.0614295,0.6717808,-0.7090092,0.016932722,0.47909415,0.35811374,0.016932722,0.66190183,0.3298178
266,1,5.959435,0.47977248,-0.22138485,5.959435,1.9309804,-0.8053192,0.9974253,0.61769414,0.4448787,0.9974253,0.8733579,0.30888885
267,0,-5.5620203,-5.6862187,-0.51325065,-5.5620203,-5.1397586,-0.7360657,0.003826312,0.0033809268,0.37443182,0.003826312,0.0058249747,0.3238651
268,1,5.62698,0.64889,-0.27604103,5.62698,1.8663567,-0.72358966,0.9964135,0.6567603,0.43142462,0.9964135,0.8660362,0.326603
269,1,5.926301,1.7060416,-0.4384695,5.926301,4.500756,-0.8083654,0.9973387,0.8463221,0.39210573,0.9973387,0.98902124,0.30823892
270,0,-1.0768805,1.165764,-0.6020024,-1.0768805,3.060589,-0.78715813,0.2540968,0.7623785,0.3538857,0.2540968,0.95523745,0.3127792
271,0,-1.0908226,-1.5813594,-0.31189293,-1.0908226,-2.2800708,-0.86026704,0.2514634,0.17060305,0.42265278,0.2514634,0.092787,0.29728356
272,0,0.92987794,1.7952616,-0.5506137,0.92987794,4.349623,-0.720996,0.71705055,0.8575711,0.365722,0.71705055,0.9872529,0.3271737
273,0,-3.7760649,-3.2096994,-0.1338683,-3.7760649,-3.2325456,-0.91230273,0.022399448,0.038802344,0.4665828,0.022399448,0.037959177,0.28652886
274,1,1.255219,1.0890424,-0.57968795,1.255219,2.5821815,-0.88377565,0.778202,0.7482014,0.3590044,0.778202,0.929706,0.29239598
275,1,-3.0360904,-3.1872778,-0.48114264,-3.0360904,-3.8993692,-0.8827634,0.045821805,0.0396473,0.38198233,0.045821805,0.019852577,0.29260546
276,0,-1.6400551,-1.6569042,-0.44966164,-1.6400551,-1.7965486,-0.7901504,0.16245757,0.160178,0.38944125,0.16245757,0.14227171,0.31213638
277,0,-2.0351765,-0.9376267,-0.55790824,-2.0351765,-0.39534873,-0.8068833,0.115558796,0.28137997,0.3640316,0.115558796,0.4024304,0.30855504
278,1,5.2819343,1.5596483,-0.2821953,5.2819343,4.0084033,-0.7924563,0.9949431,0.8263029,0.42991567,0.9949431,0.98216164,0.31164148
279,0,-3.86508,-1.900655,-0.5094677,-3.86508,-3.2145343,-0.86893535,0.02053089,0.13003436,0.3753183,0.02053089,0.038622417,0.29547587
280,1,4.8971825,0.5219801,-0.1084511,4.8971825,1.7490486,-0.8804121,0.99258775,0.6276107,0.47291377,0.99258775,0.85183275,0.2930924
281,1,3.6659248,-0.21043408,-0.5497694,3.6659248,0.489363,-0.8283334,0.97505754,0.44758472,0.36591792,0.97505754,0.6199563,0.30399758
282,1,3.9466996,1.5357704,-0.6754153,3.9466996,4.045836,-0.79280746,0.9810478,0.82284904,0.33728534,0.9810478,0.9828058,0.31156617
283,1,1.2777636,-0.43503153,-0.031555034,1.2777636,0.20574284,-0.90805686,0.78206885,0.3929255,0.4921119,0.78206885,0.55125505,0.28739762
284,1,2.9384687,-0.28473067,-0.5626853,2.9384687,-0.07386771,-0.6799786,0.9497156,0.42929438,0.36292636,0.9497156,0.48154145,0.33626607
285,0,-2.53051,-4.0497627,-0.51588595,-2.53051,-3.4511654,-0.8226818,0.07374681,0.017128028,0.37381476,0.07374681,0.030734124,0.30519468
286,0,-1.184827,-1.8036399,-0.552673,-1.184827,-1.1501558,-0.73742855,0.23418543,0.14140856,0.36524448,0.23418543,0.24046065,0.32356668
287,0,-5.85649,-4.5726814,-0.55892915,-5.85649,-4.3494473,-0.7346324,0.0028531053,0.010224601,0.36379525,0.0028531053,0.012749305,0.324179
288,1,5.0819964,2.0020676,0.17420003,5.0819964,4.8951244,-0.7859208,0.9938308,0.881014,0.54344016,0.9938308,0.99257255,0.31304523
289,1,4.9801397,-0.35043564,-0.32773438,4.9801397,0.40463313,-0.77115554,0.9931738,0.4132768,0.41879198,0.9931738,0.5998003,0.3162292
290,0,-4.7686725,-2.7226164,-0.54443014,-4.7686725,-2.6025069,-0.7776528,0.008420145,0.06165193,0.3671576,0.008420145,0.06897725,0.31482598
291,1,5.320753,1.6545773,-0.5257515,5.320753,4.2729845,-0.9139431,0.9951348,0.8395087,0.37150836,0.9951348,0.98625153,0.28619364
292,0,1.1964813,-0.81677294,-0.46021482,1.1964813,-0.77371967,-0.7991257,0.76789826,0.30644912,0.38693485,0.76789826,0.315675,0.31021258
293,0,0.635628,-0.110764086,-0.3783337,0.635628,0.47368625,-0.81437445,0.6537645,0.47233728,0.4065289,0.6537645,0.6162559,0.30695912
294,1,4.9098535,1.2005352,-0.47716066,4.9098535,3.4448419,-0.77877593,0.9926804,0.76862,0.38292283,0.9926804,0.96907693,0.31458375
295,0,-1.1270378,-3.7426016,-0.5488858,-1.1270378,-3.8895304,-0.8611793,0.24470818,0.023144046,0.36612296,0.24470818,0.02004493,0.29709303
296,1,-1.2878492,-1.2940929,-0.3939445,-1.2878492,-1.0199702,-0.79787695,0.21621709,0.21516083,0.40276814,0.21621709,0.26503322,0.31047982
297,0,2.883266,-0.13308856,-0.43784004,2.883266,0.6676065,-0.7616348,0.947013,0.46677688,0.39225578,0.947013,0.660967,0.31829143
298,0,-2.1766067,-3.364101,-0.59384274,-2.1766067,-4.1814575,-0.75752497,0.10187098,0.033436432,0.35575363,0.10187098,0.015046374,0.31918386
299,0,-1.3484466,-0.9924602,-0.52235115,-1.3484466,-0.61096054,-0.9344142,0.20612445,0.2704264,0.37230262,0.20612445,0.3518401,0.28203002
300,1,7.1089277,2.1168222,-0.46883,7.1089277,5.000322,-0.86228085,0.9991829,0.8925275,0.38489324,0.9991829,0.99330926,0.29686302
301,1,-0.19378898,-2.0103552,-0.5349205,-0.19378898,-2.906059,-0.71932507,0.45170382,0.11811997,0.36936998,0.45170382,0.051854856,0.32754162
302,1,5.024312,1.2374641,0.082855076,5.024312,3.783432,-0.9384976,0.9934669,0.7751223,0.52070194,0.9934669,0.97776127,0.28120393
303,1,4.3551016,1.2403427,-0.47263825,4.3551016,3.513131,-0.6607381,0.9873217,0.7756237,0.38399202,0.9873217,0.971059,0.34057385
304,1,1.9272186,-0.7283244,-0.4512629,1.9272186,-0.25708416,-0.76666963,0.8729412,0.3255625,0.38906056,0.8729412,0.4360806,0.31719998
305,1,5.573499,1.5473051,0.024988867,5.573499,3.6603584,-0.8416631,0.9962172,0.82452416,0.50624686,0.9962172,0.97492176,0.30118462
306,1,3.1001043,0.13166136,-0.4111558,3.1001043,0.9328957,-0.8052572,0.956897,0.53286785,0.398635,0.956897,0.7176624,0.30890208
307,0,0.47762507,-1.3995004,-0.28192478,0.47762507,-2.3104696,-0.948722,0.6171869,0.19789542,0.42998195,0.6171869,0.090259574,0.2791419
308,1,3.0576265,0.16537929,-0.561009,3.0576265,1.0864693,-0.7165607,0.95511067,0.5412508,0.36331403,0.95511067,0.7477163,0.32815078
309,1,1.8391082,-0.16360873,-0.2652133,1.8391082,0.13133809,-0.8456475,0.86284316,0.4591888,0.4340826,0.86284316,0.5327874,0.30034667
310,0,-2.5713735,-1.5348439,-0.55697286,-2.5713735,-1.1785483,-0.68518883,0.07100365,0.17728606,0.3642482,0.07100365,0.23531331,0.3351042
311,1,3.928199,1.4514266,0.024690729,3.928199,3.530858,-0.8617822,0.98070073,0.8102179,0.50617236,0.98070073,0.9715531,0.29696712
312,1,2.970755,-1.1313207,-0.0877832,2.970755,-1.2813542,-0.86688393,0.95123523,0.24391745,0.47806823,0.95123523,0.2173198,0.29590312
313,1,3.9448462,1.5110505,-0.36703572,3.9448462,3.8955598,-0.8053429,0.98101324,0.8192168,0.4092575,0.98101324,0.98007315,0.3088838
314,1,2.4228756,0.93513066,-0.056917746,2.4228756,3.258238,-0.8544618,0.9185551,0.71811503,0.48577434,0.9185551,0.96296805,0.29849774
315,1,7.0386257,1.782163,-0.32660967,7.0386257,4.1119404,-0.9329171,0.9991234,0.8559637,0.41906577,0.9991234,0.98388785,0.28233328
316,0,-2.8185208,-3.669005,-0.5629247,-2.8185208,-4.1168146,-0.85456663,0.056331515,0.024867665,0.362871,0.056331515,0.016035032,0.29847577
317,1,3.6268196,2.3165157,-0.083029255,3.6268196,5.6995325,-0.9119624,0.97408867,0.91023564,0.4792546,0.97408867,0.99666363,0.28659844
318,0,-3.7654681,-3.0620794,-0.40748549,-3.7654681,-4.4654756,-0.8229464,0.02263267,0.044698827,0.3995152,0.02263267,0.011368497,0.3051386
319,1,4.363199,1.9414687,-0.43426508,4.363199,4.9355817,-0.851019,0.9874227,0.8745134,0.39310834,0.9874227,0.99286497,0.29921913
320,1,0.69859904,-0.14539784,-0.4130458,0.69859904,0.25865686,-0.80573195,0.66787714,0.46371442,0.398182,0.66787714,0.5643061,0.30880076
321,0,-4.3325834,-2.234074,-0.5621532,-4.3325834,-3.279082,-0.7600869,0.012963319,0.09673209,0.36304942,0.012963319,0.03629581,0.3186274
322,0,-4.6870995,-4.865929,-0.5268744,-4.6870995,-4.195923,-0.7902689,0.00912926,0.0076457583,0.37124616,0.00912926,0.014833496,0.31211093
323,0,-1.4534961,-2.0648558,-0.5566262,-1.4534961,-1.2538743,-0.82374763,0.18946409,0.11255987,0.36432844,0.18946409,0.2220302,0.3049687
324,0,-0.84082544,-0.27456108,-0.5004414,-0.84082544,0.16249031,-0.9532956,0.30136093,0.4317877,0.37743697,0.30136093,0.5405334,0.27822253
325,1,-3.0441535,-1.1433141,-0.53218395,-3.0441535,-1.5491408,-0.84181476,0.045470558,0.2417124,0.37000766,0.045470558,0.1752104,0.3011527
326,0,4.3651166,0.7814795,-0.2781178,4.3651166,2.391468,-0.8381209,0.9874464,0.6859989,0.4309153,0.9874464,0.91617435,0.3019307
327,0,0.5518628,0.38983008,-0.12777695,0.5518628,1.5396581,-0.9101075,0.6345677,0.5962418,0.46809915,0.6345677,0.82341504,0.28697783
328,1,3.0583277,0.24635246,0.1521442,3.0583277,1.5720997,-0.78472805,0.95514065,0.5612785,0.5379628,0.95514065,0.82808274,0.31330177
329,1,4.7187753,0.59922224,-0.010287255,4.7187753,1.7917131,-0.9588081,0.9911528,0.6454783,0.49742824,0.9911528,0.8571372,0.2771169
330,0,-1.448638,0.20008555,-0.024359867,-1.448638,0.8630613,-0.9588425,0.19021128,0.5498552,0.49391028,0.19021128,0.7032998,0.27711
331,0,0.049229026,-2.781019,-0.45178318,0.049229026,-3.3692677,-0.8093629,0.5123048,0.058358535,0.38893688,0.5123048,0.033269852,0.30802625
332,1,2.3660235,-1.0512263,-0.35641313,2.3660235,-0.33993775,-0.90000606,0.9141994,0.2589897,0.41182813,0.9141994,0.41582462,0.28904924
333,1,2.3755035,0.064189285,-0.5659934,2.3755035,0.7531921,-0.8264835,0.9149402,0.5160418,0.36216182,0.9149402,0.6798738,0.30438912
334,1,0.8498657,0.5604162,-0.05854944,0.8498657,1.5270045,-0.8752773,0.70053893,0.6365488,0.4853668,0.70053893,0.8215676,0.29415742
335,0,-4.741107,-5.606685,-0.5590752,-4.741107,-5.5049553,-0.7524515,0.008653441,0.0036597822,0.36376148,0.008653441,0.0040501,0.32028738
336,0,1.2554001,1.1788416,-0.2941598,1.2554001,3.0054946,-0.8495171,0.77823323,0.7647395,0.4269858,0.77823323,0.95282173,0.29953417
337,1,3.2074645,1.5213463,-0.3987208,3.2074645,3.9048505,-0.8443576,0.9611142,0.82073665,0.4016197,0.9611142,0.98025376,0.3006178
338,0,-6.3432317,-5.7701607,-0.5632096,-6.3432317,-4.0327616,-0.78777444,0.0017555224,0.0031095569,0.36280516,0.0017555224,0.017416598,0.31264675
339,0,-2.051402,0.6907019,-0.6186708,-2.051402,2.5007548,-0.85890365,0.11391079,0.66612303,0.3500838,0.11391079,0.92419475,0.29756847
340,0,1.3979352,-0.20705053,-0.17617434,1.3979352,0.6700794,-0.8976915,0.80185604,0.44842148,0.45606998,0.80185604,0.66152096,0.28952512
341,1,2.7472994,-0.6009344,-0.3050593,2.7472994,-0.01431936,-0.7422273,0.9397606,0.35412994,0.42432117,0.9397606,0.4964202,0.32251728
342,1,5.0033445,-0.22571751,-0.2859079,5.0033445,0.40215757,-0.8096886,0.9933294,0.443809,0.42900598,0.9933294,0.5992059,0.30795684
343,0,3.4792821,1.8470793,-0.48301464,3.4792821,4.489793,-0.7894865,0.9700925,0.86378384,0.38154054,0.9700925,0.9889016,0.31227893
344,0,-5.2681036,-5.304757,0.24807903,-5.2681036,-4.243765,-0.8507426,0.005126953,0.0049433466,0.5617036,0.005126953,0.014150345,0.2992771
345,1,4.373009,0.75626504,-0.4147137,4.373009,2.1935751,-0.8152659,0.98754394,0.6805423,0.39778242,0.98754394,0.8996711,0.30676952
346,1,3.76472,0.6776005,-0.47323415,3.76472,2.040436,-0.66058344,0.97735083,0.66320294,0.38385105,0.97735083,0.8849777,0.34060854
347,1,2.3180435,0.58946675,-0.3667406,2.3180435,2.027008,-0.9104756,0.9103604,0.64324284,0.40932882,0.9103604,0.88360375,0.28690252
348,0,-3.9967465,-3.343368,-0.62936604,-3.9967465,-4.0212708,-0.9262574,0.018043766,0.03411301,0.3476543,0.018043766,0.017614337,0.2836846
349,0,-5.233307,-4.9101872,-0.5599624,-5.233307,-5.581302,-0.7337922,0.005307531,0.0073171724,0.36355618,0.005307531,0.0037535143,0.3243631
350,1,6.466851,1.8979834,-0.45066208,6.466851,4.1842775,-0.9068862,0.99844825,0.8696631,0.3892034,0.99844825,0.9849954,0.28763744
351,1,5.860291,0.21486574,-0.4482055,5.860291,1.3332077,-0.76058793,0.9971577,0.5535107,0.38978752,0.9971577,0.79137075,0.31851864
352,1,3.416727,-0.43092614,-0.2207871,3.416727,0.28226674,-0.7501494,0.9682233,0.3939052,0.44502637,0.9682233,0.57010186,0.32078874
353,0,-1.6978732,-1.6138854,-0.51862067,-1.6978732,-2.5882907,-0.9452147,0.15474324,0.16604987,0.37317485,0.15474324,0.06989582,0.2798482
354,1,-1.0011836,-0.44346452,-0.2585681,-1.0011836,0.26896417,-0.8455037,0.26870877,0.39091575,0.4357157,0.26870877,0.56683856,0.30037692
355,0,-6.5548906,-6.475896,-0.47922522,-6.5548906,-5.2841287,-1.0809406,0.0014211161,0.0015377502,0.38243508,0.0014211161,0.005045859,0.25332806
356,0,-6.193724,-5.549752,-0.60526735,-6.193724,-4.4337845,-0.7411858,0.0020380449,0.003873359,0.35313955,0.0020380449,0.011730253,0.3227449
357,0,-2.6710372,-0.36581743,-0.46154198,-2.6710372,0.31996208,-0.74012387,0.064704165,0.40955204,0.3866201,0.064704165,0.579315,0.32297704
358,1,4.4864316,0.84740645,-0.15705812,4.4864316,2.75524,-0.94965875,0.98886466,0.70002276,0.460816,0.98886466,0.9402086,0.27895343
359,0,-4.9822817,-5.014386,-0.5491551,-4.9822817,-5.7410455,-0.654707,0.006811679,0.0065978863,0.36606047,0.006811679,0.0032011291,0.34192958
360,1,4.9888406,1.9377176,-0.13619122,4.9888406,4.8540335,-0.74330825,0.9932326,0.87410116,0.46600473,0.9932326,0.99226344,0.32228112
361,1,4.44355,0.6726364,-0.24824485,4.44355,2.2091553,-0.7216469,0.9883824,0.6620932,0.43825558,0.9883824,0.9010687,0.32703045
362,1,5.8753695,1.6635501,-0.46763355,5.8753695,4.640345,-0.6888522,0.99720013,0.840714,0.3851765,0.99720013,0.9904379,0.33428848
363,1,-0.9588705,-3.4722786,-0.4526634,-0.9588705,-3.1078155,-0.7968198,0.2771044,0.030111365,0.38872772,0.2771044,0.042786025,0.3107062
364,1,-0.17188479,0.8167374,-0.3764941,-0.17188479,2.2259238,-0.84346247,0.45713428,0.6935434,0.4069727,0.45713428,0.90255344,0.30080605
365,1,1.7095816,1.516302,-0.5266151,1.7095816,4.0003486,-0.8974668,0.846782,0.81999326,0.37130672,0.846782,0.98201996,0.28957134
366,0,-2.6848426,-3.9472756,0.027288545,-2.6848426,-4.331624,-0.8202908,0.06387371,0.018941522,0.5068217,0.06387371,0.012975601,0.3057019
367,1,1.7069737,1.1631746,-0.30973774,1.7069737,3.0189102,-0.8324673,0.8464433,0.76190907,0.42317876,0.8464433,0.9534211,0.30312362
368,0,-3.2490077,-2.5819612,-0.5044303,-3.2490077,-3.3823519,-0.7451105,0.03736256,0.07030843,0.3765001,0.03736256,0.032851588,0.32188764
369,0,-2.0327103,-2.264595,-0.40579557,-2.0327103,-3.0724635,-0.81594956,0.11581111,0.09409794,0.39992067,0.11581111,0.044257507,0.30662414
370,1,5.2340827,2.2890904,-0.5280129,5.2340827,5.6029963,-0.8194003,0.9946965,0.9079694,0.37098047,0.9946965,0.99632674,0.30589095
371,1,4.8818016,1.9568248,-0.029676892,4.8818016,4.679983,-0.80762887,0.9924737,0.8761889,0.49258134,0.9924737,0.99080616,0.308396
372,0,-4.610205,-4.6671085,-0.5203158,-4.610205,-2.8511257,-0.6732984,0.009851755,0.009311882,0.3727784,0.009851755,0.054623153,0.33775866
373,1,2.6792343,1.7777503,-0.3085615,2.6792343,4.4427724,-0.93445694,0.9357901,0.8554188,0.42346585,0.9357901,0.98837346,0.28202137
374,1,3.032188,0.2395007,-0.4125575,3.032188,1.1353369,-0.8274802,0.95400727,0.55959064,0.39829904,0.95400727,0.75682247,0.30417812
375,1,4.6140895,0.5308803,-0.5503193,4.6140895,2.526323,-0.69881785,0.9901861,0.6296884,0.3657903,0.9901861,0.9259667,0.33207437
376,1,1.8015119,-0.14828321,-0.15025395,1.8015119,0.25956398,-0.8591052,0.8583329,0.462997,0.462507,0.8583329,0.5645291,0.2975263
377,0,5.967719,0.33354276,-0.49162793,5.967719,1.5038571,-0.7769971,0.99744654,0.5826211,0.37951013,0.99744654,0.81814903,0.31496745
378,0,-2.5806074,-1.438415,-0.57191896,-2.5806074,-1.5495834,-0.7131964,0.07039697,0.19179091,0.36079413,0.07039697,0.17514645,0.32889295
379,1,6.8981104,1.302642,-0.3726093,6.8981104,3.1807985,-0.78187555,0.9989913,0.7862793,0.40791067,0.9989913,0.9601053,0.3139158
380,1,2.0896177,0.8257072,-0.5537213,2.0896177,2.599487,-0.7803469,0.88988996,0.69544643,0.36500147,0.88988996,0.9308285,0.3142451
381,1,1.3349289,0.77088845,-0.5375363,1.3349289,2.5170076,-0.7469461,0.79165477,0.683713,0.36876088,0.79165477,0.9253255,0.32148707
382,0,1.0424116,-0.07358019,-0.5241779,1.0424116,0.6158288,-0.72328186,0.73931503,0.48161322,0.37187582,0.73931503,0.6492692,0.32667068
383,0,-5.1193657,-4.263916,-0.5517012,-5.1193657,-3.2676086,-0.8007369,0.0059442692,0.013871969,0.3654698,0.0059442692,0.036699276,0.30986792
384,1,5.9825983,2.6434119,-0.45112532,5.9825983,6.082868,-0.7186558,0.9974841,0.93360376,0.38909328,0.9974841,0.9977235,0.32768905
385,0,0.6489177,-0.3586411,-0.48097673,0.6489177,0.2667457,-0.8450243,0.65676653,0.41128853,0.3820215,0.65676653,0.5662938,0.30047765
386,0,1.8553643,-2.2533782,-0.31703815,1.8553643,-3.2243662,-0.8758633,0.86475575,0.09505847,0.42139775,0.86475575,0.038259007,0.29403573
387,0,-2.837795,-2.3690326,-0.6023792,-2.837795,-3.5854504,-0.7349555,0.05531565,0.0855648,0.35379955,0.05531565,0.02697628,0.3241082
388,1,4.2233253,-0.56969047,-0.5085953,4.2233253,-0.29987353,-0.72266066,0.98556167,0.36130825,0.3755229,0.98556167,0.4255884,0.32680735
389,1,-2.0256853,-2.282282,-0.38501137,-2.0256853,-2.8368952,-0.7559335,0.1165324,0.09260102,0.40491876,0.1165324,0.055362683,0.31952977
390,1,3.2706037,0.9322394,-0.07600051,3.2706037,2.5747547,-0.89382637,0.96340644,0.71752936,0.48100898,0.96340644,0.92921907,0.29032084
391,1,1.8146883,-1.5320015,-0.5795593,1.8146883,-1.1133853,-0.778902,0.85992754,0.17770103,0.359034,0.85992754,0.24724029,0.31455657
392,0,-4.0859313,-5.289798,-0.38772404,-4.0859313,-4.06281,-0.8722069,0.016529659,0.005017478,0.40426528,0.016529659,0.01690976,0.29479527
393,0,-2.1883433,-2.440639,-0.5133091,-2.1883433,-2.5759325,-0.7816481,0.10080216,0.080125794,0.3744181,0.10080216,0.070703514,0.31396478
394,0,5.433725,1.6958908,-0.3781538,5.433725,4.2052,-0.9064207,0.99565226,0.8449972,0.40657222,0.99565226,0.98530143,0.28773284
395,1,-0.28091618,-0.2909732,-0.5457784,-0.28091618,-0.051386982,-0.63798714,0.43022916,0.42776564,0.3668444,0.43022916,0.48715612,0.3457017
396,0,-3.4343753,-3.3508415,-0.2925521,-3.4343753,-3.9171975,-0.9404292,0.031238254,0.033867616,0.4273792,0.031238254,0.01950862,0.28081366
397,0,-4.5406523,-3.2932994,-0.59067386,-4.5406523,-4.205023,-0.8274229,0.010553875,0.035801772,0.35648027,0.010553875,0.014701099,0.30419025
398,0,-1.2106922,-0.8665688,-0.5289456,-1.2106922,-0.35547787,-0.82099205,0.22957861,0.29596877,0.37076283,0.22957861,0.41205472,0.3055531
399,1,4.484294,1.6840357,-0.5736117,4.484294,4.1407633,-0.84921217,0.9888411,0.84343815,0.3604039,0.9888411,0.98433846,0.29959816
400,0,-6.187314,-2.9903204,-0.54445183,-6.187314,-3.4961288,-0.79699165,0.0020511243,0.047865085,0.36715257,0.0020511243,0.02942258,0.31066942
401,1,5.7097664,0.7583369,-0.52922916,5.7097664,2.6038928,-0.7952268,0.99669755,0.68099254,0.3706967,0.99669755,0.9311117,0.31104746
402,1,1.8442882,2.0378613,-0.19702473,1.8442882,5.513907,-1.0895329,0.8634551,0.8847153,0.45090255,0.8634551,0.9959858,0.25170624
403,0,2.3197305,1.3696475,-0.3157316,2.3197305,2.9685082,-0.8243046,0.91049796,0.7973232,0.42171636,0.91049796,0.951131,0.3048507
404,1,1.2826052,-0.076468855,-0.5468157,1.2826052,1.1774443,-0.7799961,0.7828929,0.48089206,0.3666035,0.7828929,0.764488,0.3143207
405,0,-6.6684084,-6.56979,-0.49795586,-6.6684084,-6.1000957,-0.8760228,0.0012688072,0.0014001289,0.37802118,0.0012688072,0.0022376347,0.29400262
406,0,-2.6399102,-3.2279272,-0.559219,-2.6399102,-2.3434706,-0.6053444,0.066613615,0.03812819,0.3637282,0.066613615,0.087586164,0.35312194
407,0,1.3591573,-2.209705,-0.56994045,1.3591573,-2.5181541,-0.76206994,0.7956227,0.09888235,0.36125055,0.7956227,0.074595265,0.31819704
408,1,2.3061595,0.9411006,-0.5323356,2.3061595,1.6715322,-0.8255914,0.90938586,0.71932197,0.36997232,0.90938586,0.84178,0.30457807
409,0,-0.21380062,-0.9332681,-0.56663084,-0.21380062,-1.0845115,-0.7242005,0.44675255,0.28226218,0.3620146,0.44675255,0.2526532,0.32646868
410,1,-5.4753666,-5.147899,-0.52948356,-5.4753666,-4.629785,-0.7361198,0.0041712206,0.005778021,0.37063733,0.0041712206,0.00966258,0.32385322
411,0,-2.9260197,-1.8931634,-0.46427533,-2.9260197,-3.453625,-0.75896275,0.050882205,0.13088419,0.3859721,0.050882205,0.030660938,0.3188715
412,1,-0.29513073,-2.4043229,-0.5381619,-0.29513073,-2.1724129,-0.78728855,0.42674825,0.082843654,0.36861527,0.42674825,0.102255315,0.31275117
413,0,0.78715986,-2.9293847,-0.5357452,0.78715986,-2.7173655,-0.77695704,0.68722117,0.050719943,0.3691779,0.68722117,0.061956406,0.31497607
414,1,-0.57921886,-0.56998193,-0.29563504,-0.57921886,-0.60268545,-0.7726581,0.35911235,0.36124098,0.42662486,0.35911235,0.35372955,0.31590438
415,0,4.071042,0.78925174,-0.32992268,4.071042,1.9450977,-0.78259593,0.9832266,0.68767065,0.41825944,0.9832266,0.87491107,0.31376067
416,1,5.1770186,0.96486515,-0.44827646,5.1770186,1.4384288,-0.6954776,0.9943869,0.7240948,0.38977066,0.9943869,0.80821127,0.33281565
417,1,5.975954,2.8324432,-0.49721444,5.975954,6.0424542,-0.77088773,0.9974674,0.944404,0.37819552,0.9974674,0.9976299,0.31628713
418,0,-1.0395315,-0.79398334,-0.45021832,-1.0395315,-0.8356884,-0.785824,0.2612404,0.31131402,0.38930887,0.2612404,0.30244362,0.31306607
419,0,-4.512876,-5.423961,-0.4858752,-4.512876,-4.7584596,-0.9236658,0.010847907,0.004390285,0.38086575,0.010847907,0.0085058445,0.28421155
420,1,3.603946,0.39585713,-0.44148093,3.603946,1.3457035,-0.8314165,0.973505,0.5976919,0.39138815,0.973505,0.79342633,0.30334565
421,1,5.7947397,0.22770452,0.27777758,5.7947397,1.1289142,-0.8112602,0.9969657,0.55668145,0.5690013,0.9969657,0.7556385,0.30762202
422,0,-1.9026068,-1.9221871,-0.50614077,-1.9026068,-2.4834437,-0.7159115,0.1298137,0.12761787,0.37609863,0.1298137,0.07702702,0.32829395
423,0,-0.5013267,1.7150656,-0.5829031,-0.5013267,4.442988,-0.729866,0.37722898,0.84749216,0.35826483,0.37722898,0.988376,0.32522416
424,0,0.97518045,-1.2830379,-0.3241641,0.97518045,-1.3900555,-0.80925995,0.7261509,0.21703355,0.41966128,0.7261509,0.19939888,0.30804822
425,0,-6.6037183,-6.7195277,-0.4377147,-6.6037183,-5.770238,-0.88497424,0.0013534847,0.0012056528,0.39228565,0.0013534847,0.0031093173,0.29214805
426,0,1.2802001,-1.7154615,-0.34735227,1.2802001,-1.6034286,-0.8522358,0.7824839,0.15245669,0.41402465,0.7824839,0.16750297,0.29896405
427,0,-1.3545216,-2.4119046,-0.56228244,-1.3545216,-2.2635498,-0.842032,0.20513211,0.08226941,0.3630195,0.20513211,0.09418708,0.301107
428,1,2.0940177,1.0609342,-0.56134,2.0940177,2.4649081,-0.8370104,0.89032036,0.742869,0.3632375,0.89032036,0.92164487,0.3021648
429,0,-1.7517886,-0.29007992,-0.500754,-1.7517886,0.4770711,-0.84355253,0.14782174,0.42798427,0.3773635,0.14782174,0.617056,0.3007871
430,1,2.1334584,-0.25719112,-0.51140505,2.1334584,0.5098688,-0.8754886,0.8941129,0.43605432,0.37486422,0.8941129,0.6247757,0.29411355
431,1,-0.2393373,-0.1770086,-0.4772855,-0.2393373,0.56080675,-0.7490889,0.44044968,0.45586303,0.38289335,0.44044968,0.63663924,0.32101986
432,1,5.391873,1.7109659,0.34038097,5.391873,4.3744206,-0.78270984,0.9954672,0.8469615,0.58428305,0.9954672,0.9875613,0.31373614
433,1,-0.5412458,-0.72326314,-0.47738695,-0.5412458,-0.76991975,-0.8447952,0.3678978,0.32667482,0.38286936,0.3678978,0.31649646,0.3005258
434,0,-3.5922256,-5.5266743,0.148338,-3.5922256,-4.3496895,-0.77540207,0.026799016,0.0039634295,0.53701663,0.026799016,0.012746257,0.31531167
435,0,-0.03245884,-1.0254018,-0.424842,-0.03245884,-1.1997159,-0.8026968,0.491886,0.2639765,0.39535868,0.491886,0.23152576,0.30944893
436,0,3.2598963,-2.3430314,-0.45366654,3.2598963,-3.5988297,-0.8111311,0.96302706,0.08762127,0.3884894,0.96302706,0.02662731,0.30764952
437,1,0.8880522,-0.18641627,-0.38926408,0.8880522,0.12763867,-0.83356655,0.7084881,0.45353046,0.40389442,0.7084881,0.53186643,0.30289146
438,1,4.706232,1.3020316,-0.29888892,4.706232,4.047606,-0.7161136,0.99104214,0.78617674,0.4258291,0.99104214,0.9828356,0.32824937
439,0,0.87185913,-0.5518997,0.08429852,0.87185913,-0.78545415,-0.89553213,0.70513237,0.36542377,0.5210622,0.70513237,0.31314558,0.2899695
440,1,4.1137486,1.1155784,-0.42994916,4.1137486,3.1528316,-0.7489337,0.9839166,0.7531676,0.39413846,0.9839166,0.9590202,0.3210537
441,0,-5.2199025,-4.786227,-0.47760683,-5.2199025,-4.341119,-0.8678983,0.0053787683,0.008274834,0.38281736,0.0053787683,0.01285456,0.29569182
442,1,4.572852,0.8044139,-0.16895258,4.572852,2.4230413,-0.74792767,0.98977715,0.69091785,0.45786205,0.98977715,0.9185676,0.321273
443,0,0.30729604,-1.8373603,-0.01297722,0.30729604,-1.9237034,-0.90436107,0.5762251,0.13736379,0.49675575,0.5762251,0.12744914,0.2881551
444,1,5.142435,2.3597624,-0.4586291,5.142435,5.383194,-0.7284095,0.9941906,0.91370714,0.38731107,0.9941906,0.99542785,0.32554385
445,1,4.9308414,2.0719335,-0.48229653,4.9308414,4.8926353,-0.9603254,0.99283135,0.8881452,0.38170996,0.99283135,0.99255425,0.27681306
446,0,-5.0482826,-3.9393837,-0.30840132,-5.0482826,-4.29358,-1.0045503,0.006379393,0.019088732,0.42350504,0.006379393,0.013471975,0.2680477
447,0,-4.083529,-4.0038214,-0.5588863,-4.083529,-3.8051386,-0.85822785,0.016568756,0.01791884,0.36380517,0.016568756,0.021771561,0.29770973
448,0,-0.0071051866,-2.2458541,-0.43111783,-0.0071051866,-1.9545674,-0.8491828,0.4982237,0.09570768,0.39385942,0.4982237,0.12405619,0.29960433
449,1,0.15485717,-0.35028622,-0.55811596,0.15485717,0.20281962,-0.7327017,0.5386371,0.41331303,0.36398348,0.5386371,0.5505318,0.32460213
450,0,-0.5321307,1.0605379,-0.53079563,-0.5321307,3.6354651,-0.6345376,0.37002006,0.7427933,0.37033135,0.37002006,0.97430587,0.34648237
451,0,-2.7873855,-0.13682088,-0.5918572,-2.7873855,0.3336777,-0.781792,0.05800966,0.46584806,0.35620883,0.05800966,0.58265394,0.3139338
452,0,-6.5435667,-6.6642847,-0.52874255,-6.5435667,-5.2046013,-0.7030119,0.001437277,0.0012740436,0.3708102,0.001437277,0.00546125,0.33114478
453,0,4.590397,0.2191562,-0.40346554,4.590397,1.2356875,-0.7173126,0.9899531,0.55457085,0.40048,0.9899531,0.77481246,0.32798505
454,1,5.6198783,2.770516,0.0927489,5.6198783,6.089928,-0.84368145,0.9963881,0.9410616,0.5231706,0.9963881,0.99773955,0.30076
455,1,5.992586,2.08538,-0.4101773,5.992586,4.865073,-0.84193766,0.997509,0.8894741,0.39886963,0.997509,0.9923477,0.30112684
456,0,-0.48290983,-4.234846,-0.3938013,-0.48290983,-3.8447871,-0.7879193,0.38156524,0.014275302,0.40280256,0.38156524,0.020942966,0.3126156
457,0,-4.1133733,-2.8445113,-0.5548713,-4.1133733,-2.1946213,-0.79206204,0.016089417,0.05496573,0.36473498,0.016089417,0.10023453,0.3117261
458,0,-0.042251814,0.26921457,-0.5287199,-0.042251814,1.0599582,-0.8444011,0.48943862,0.5669001,0.37081552,0.48943862,0.7426825,0.3006087
459,0,-5.4842095,-5.5043416,-0.46519166,-5.4842095,-4.545786,-0.87858826,0.004134649,0.0040525766,0.3857549,0.004134649,0.010500401,0.2934704
460,0,4.130616,0.49223724,0.36501214,4.130616,1.5419931,-0.8800898,0.9841813,0.62063336,0.5902532,0.9841813,0.8237543,0.29315916
461,0,-4.5832386,-4.662786,-0.722999,-4.5832386,-3.7585292,-0.89160967,0.010118312,0.009351842,0.32673293,0.010118312,0.022786671,0.29077777
462,0,-1.1469336,-1.4605832,-0.29873514,-1.1469336,-1.9091069,-0.73142016,0.24104963,0.18837816,0.4258667,0.24104963,0.12908122,0.32488316
463,1,4.914158,0.5547396,-0.28488255,4.914158,1.8078357,-0.86914396,0.99271166,0.6352345,0.42925718,0.99271166,0.8591001,0.29543245
464,0,-5.9732537,-5.780975,-0.5513514,-5.9732537,-5.0522633,-0.88767767,0.0025394787,0.0030762134,0.3655509,0.0025394787,0.0063542095,0.29158932
465,0,1.2075195,0.27583474,-0.5810298,1.2075195,1.180496,-0.7557545,0.7698598,0.5685248,0.3586957,0.7698598,0.76503694,0.31956872
466,0,1.3259319,1.8167063,-0.18189977,1.3259319,4.5504255,-1.0098524,0.7901669,0.8601704,0.45465004,0.7901669,0.9895477,0.26700872
467,0,-1.7353051,-2.9777393,-0.51682746,-1.7353051,-1.7961658,-0.67150915,0.14991027,0.048441727,0.37359437,0.14991027,0.14231843,0.338159
468,0,-2.0955544,-1.4415399,-0.5606235,-2.0955544,-0.5331181,-0.69204056,0.10952967,0.19130701,0.36340323,0.10952967,0.36978996,0.3335793
469,0,-0.8940262,-1.4057174,-0.014951538,-0.8940262,-1.3350447,-0.8381183,0.29027966,0.19691041,0.49626222,0.29027966,0.20832612,0.30193123
470,1,2.5726454,1.2154849,-0.5587659,2.5726454,3.1169457,-0.7706107,0.92908025,0.77126795,0.36383307,0.92908025,0.9575864,0.316347
471,1,1.7740057,0.5372776,-0.2696276,1.7740057,1.890629,-0.918681,0.8549551,0.6311789,0.4329985,0.8549551,0.8688273,0.28522673
472,0,-3.835566,-1.9767122,-0.57514596,-3.835566,-1.1880922,-0.698351,0.021132875,0.121669754,0.36005026,0.021132875,0.23360032,0.33217794
473,1,0.5519507,0.8004675,-0.30540174,0.5519507,2.173875,-0.9716378,0.63458806,0.69007444,0.42423752,0.63458806,0.8978788,0.27455416
474,1,5.2007303,1.1645354,-0.53347075,5.2007303,3.2005777,-0.6868943,0.9945176,0.76215583,0.36970773,0.9945176,0.96085596,0.33472434
475,0,2.6778796,-1.5248492,-0.45494452,2.6778796,-2.3317018,-0.79768455,0.9357087,0.17874856,0.3881858,0.9357087,0.08853124,0.31052104
476,1,0.8904968,-0.14604625,-0.062906206,0.8904968,0.77377737,-0.9330923,0.7089927,0.4635532,0.4842786,0.7089927,0.68433744,0.2822978
477,1,0.15286234,1.4019918,-0.5576514,0.15286234,3.1850855,-0.6946057,0.5381413,0.8024998,0.36409104,0.5381413,0.96026915,0.3330093
478,0,-0.6549426,-1.3765446,0.36941484,-0.6549426,-1.6606963,-0.7846856,0.3418766,0.20156454,0.5913176,0.3418766,0.15966856,0.31331092
479,1,-2.482275,-0.6496867,-0.49528491,-2.482275,-0.3701511,-0.83281434,0.07711015,0.34306014,0.37864938,0.07711015,0.4085045,0.3030503
480,0,0.91693264,-0.54992217,-0.5402891,0.91693264,-0.17695853,-0.86529475,0.7144167,0.3658825,0.3681203,0.7144167,0.45587546,0.2962343
481,1,2.862248,-1.2194645,-0.5030848,2.862248,-1.2056783,-0.8016064,0.9459484,0.2280307,0.37681597,0.9459484,0.23046659,0.309682
482,0,-5.736992,-6.183728,-0.5637053,-5.736992,-5.64419,-0.7134605,0.0032140897,0.0020584771,0.36269054,0.0032140897,0.0035255402,0.32883465
483,0,-3.2713175,-4.8704743,-0.49889338,-3.2713175,-5.3308415,-0.9579673,0.036568385,0.00761135,0.37780076,0.036568385,0.0048166825,0.27728537
484,1,5.756919,1.455703,-0.5258862,5.756919,4.148029,-0.69439536,0.9968491,0.8108746,0.3714769,0.9968491,0.98445016,0.33305603
485,1,-0.5604503,0.37199837,-0.46687678,-0.5604503,1.8647476,-0.7985444,0.3634433,0.5919418,0.38535574,0.3634433,0.8658493,0.31033698
486,0,-7.5277147,-7.482458,-0.48053852,-7.5277147,-6.488932,-0.8397521,0.00053767697,0.00056255545,0.382125,0.00053767697,0.001517864,0.301587
487,1,5.3095055,0.8971232,-0.5336123,5.3095055,2.7122483,-0.7287151,0.99508,0.71035796,0.36967477,0.99508,0.9377455,0.32547677
488,0,-1.1083556,-2.4703186,-0.3290984,-1.1083556,-1.672476,-0.9073764,0.24817756,0.077965334,0.41846004,0.24817756,0.15809433,0.287537
489,1,2.0248027,-0.47215843,-0.5219387,2.0248027,-0.27164504,-0.6611939,0.8833767,0.38410547,0.372399,0.8833767,0.43250328,0.34047145
490,1,4.947297,0.86490047,-0.5137292,4.947297,2.511028,-0.7462245,0.99294746,0.7036835,0.3743197,0.99294746,0.9249113,0.3216445
491,0,-5.415455,-4.887309,-0.27961704,-5.415455,-4.314982,-0.8024011,0.004427623,0.0074852384,0.43054765,0.004427623,0.013190477,0.30951214
492,0,4.8765035,0.83849216,-0.45342213,4.8765035,2.2854743,-0.71723866,0.992434,0.69814754,0.38854745,0.992434,0.90766686,0.32800135
493,1,3.0460901,0.34222814,-0.522441,3.0460901,1.2928649,-0.8066453,0.9546134,0.58473164,0.3722816,0.9546134,0.78463167,0.30860582
494,0,1.5074399,-0.1717255,-0.5201069,1.5074399,0.9982989,-0.8317969,0.8186814,0.45717385,0.37282723,0.8186814,0.730724,0.30326527
495,1,2.977146,-1.0905045,0.19594556,2.977146,-1.4098635,-0.7734582,0.95153093,0.2515233,0.5488303,0.95153093,0.19625558,0.3157315
496,1,2.9797535,2.1353843,-0.47704625,2.9797535,4.650877,-0.7682912,0.95165104,0.8942951,0.38294986,0.95165104,0.9905372,0.3168489
497,0,4.1181507,-0.2772516,-0.3141595,4.1181507,-0.032696784,-0.77041364,0.983986,0.43112767,0.42209977,0.983986,0.49182653,0.31638965
498,1,3.9666712,2.128082,-0.55836374,3.9666712,5.1540604,-0.6502612,0.9814155,0.89360285,0.36392614,0.9814155,0.9942572,0.34293067
499,0,-6.1974573,-5.2554283,-0.3778102,-6.1974573,-6.1927767,-0.86934227,0.0020304662,0.005192013,0.40665516,0.0020304662,0.002039973,0.29539117
500,0,-2.3150887,-1.0312874,-0.32764667,-2.3150887,-0.99480355,-0.95057535,0.089880995,0.26283458,0.41881332,0.089880995,0.26996434,0.2787691
501,1,2.3555164,1.2398523,-0.49991366,2.3555164,3.2048259,-0.86961025,0.91337174,0.7755383,0.37756097,0.91337174,0.96101546,0.2953354
502,0,-0.6949363,-1.1379207,0.11509156,-0.6949363,-0.77171075,-0.96641743,0.3329359,0.24270234,0.5287412,0.3329359,0.31610915,0.27559516
503,0,0.2662352,0.9631587,0.09657194,0.2662352,2.5409763,-0.97899264,0.56616837,0.72375375,0.5241242,0.56616837,0.92696494,0.2730917
504,1,6.235211,1.6064785,-0.15426622,6.235211,3.7824342,-0.8186478,0.9980446,0.8329219,0.46150976,0.9980446,0.97773963,0.30605078
505,1,6.062538,1.3417562,-0.43538725,6.062538,3.2827027,-0.7186723,0.9976769,0.7927786,0.39284065,0.9976769,0.9638306,0.32768542
506,0,0.2548223,-0.5791912,-0.18270108,0.2548223,-0.34904754,-0.9124607,0.5633631,0.3591187,0.45445132,0.5633631,0.4136134,0.28649658
507,1,5.617593,0.5495637,-0.4958177,5.617593,2.1424692,-0.7048137,0.9963798,0.63403434,0.37852404,0.9963798,0.89496297,0.33074585
508,0,1.5956833,-0.4384855,-0.49314114,1.5956833,-0.20423132,-0.8354158,0.83141416,0.3921019,0.37915388,0.83141416,0.44911885,0.30250114
509,1,1.6925107,0.17561531,-0.51901674,1.6925107,1.4072903,-0.7085928,0.844554,0.54379135,0.3730822,0.844554,0.8033382,0.3299099
510,0,2.420589,1.0463954,-0.39427435,2.420589,3.0689201,-0.87452126,0.91838396,0.7400821,0.40268877,0.91838396,0.95559233,0.29431438
511,0,-4.339098,-4.8194504,-0.44981688,-4.339098,-5.017893,-0.66633564,0.0128802275,0.008006599,0.3894043,0.0128802275,0.0065749423,0.33931786
512,1,2.6775818,-1.4083028,-0.17995767,2.6775818,-0.6010734,-0.829435,0.93569076,0.19650188,0.45513162,0.93569076,0.35409817,0.30376455
513,1,3.2433658,1.2787828,-0.13297331,3.2433658,3.3644762,-0.7339585,0.96243393,0.78224254,0.46680558,0.96243393,0.9665757,0.32432666
514,0,-2.6233525,-0.08476344,-0.060918376,-2.6233525,0.955481,-1.0503132,0.067650534,0.47882184,0.48477507,0.067650534,0.7222161,0.25916496
515,0,3.603961,1.3137552,-0.106404535,3.603961,3.555981,-0.7954917,0.9735054,0.78814083,0.47342393,0.9735054,0.9722393,0.31099072
516,0,-3.8177798,-1.4073701,-0.6441425,-3.8177798,-1.6734674,-0.7180793,0.021503957,0.1966492,0.34431076,0.021503957,0.15796243,0.32781607
517,0,-6.3158026,-4.1033273,-0.5920123,-6.3158026,-4.3741016,-0.7262256,0.0018042533,0.016249226,0.35617325,0.0018042533,0.012442685,0.32602355
518,0,2.1263545,-0.15560502,-0.39733312,2.1263545,0.2935509,-0.67871624,0.89343846,0.46117708,0.40195322,0.89343846,0.57286525,0.33654788
519,0,-4.0578785,-1.7853527,-0.560843,-4.0578785,-2.2245781,-0.7108253,0.016991934,0.14364344,0.36335245,0.016991934,0.09756497,0.3294165
520,0,-3.2372916,-1.821665,-0.26802856,-3.2372916,-1.399962,-0.881958,0.03778624,0.1392342,0.43339115,0.03778624,0.19782215,0.2927722
521,0,-3.8093846,-2.8649962,-0.52300423,-3.8093846,-2.0456786,-0.7574755,0.021681316,0.053911302,0.37215,0.021681316,0.114489764,0.3191946
522,1,5.8740845,2.2931752,-0.54375565,5.8740845,5.057769,-0.8498899,0.99719656,0.9083102,0.36731437,0.99719656,0.9936805,0.29945597
523,0,-3.0660634,-0.7840953,-0.51087976,-3.0660634,-0.4833271,-0.8398825,0.044529013,0.31343794,0.3749873,0.044529013,0.38146678,0.30155954
524,0,-6.2736783,-4.3223705,-0.5650353,-6.2736783,-4.0025935,-0.6847168,0.0018817335,0.013094648,0.36238322,0.0018817335,0.017940458,0.33520937
525,0,-4.384804,-5.7381153,-0.2067544,-4.384804,-4.2101088,-0.8880824,0.012311862,0.0032104924,0.44849473,0.012311862,0.014627609,0.29150572
526,1,2.407109,0.58102304,-0.52201563,2.407109,2.0011725,-0.8052131,0.91736776,0.64130276,0.37238103,0.91736776,0.8809202,0.3089115
527,0,3.8873947,1.6462998,-0.532292,3.8873947,4.346792,-0.7856346,0.9799131,0.83839035,0.36998245,0.9799131,0.98721725,0.31310678
528,0,3.44807,-0.20663214,-0.24952273,3.44807,0.5702596,-0.79468346,0.96917355,0.44852495,0.43794098,0.96917355,0.6388231,0.31116393
529,0,-3.7314208,-3.0827994,-0.4956782,-3.7314208,-3.3095093,-0.78086734,0.02339818,0.043822363,0.37855685,0.02339818,0.035246402,0.31413296
530,1,5.2075357,1.9900036,-0.33093706,5.2075357,5.149913,-0.87471664,0.99455464,0.8797435,0.41801268,0.99455464,0.99423355,0.2942738
531,0,-3.975564,-5.454759,-0.47917014,-3.975564,-4.043318,-0.67786705,0.018422937,0.004257701,0.38244814,0.018422937,0.017236864,0.33673754
532,0,-3.2723265,-1.5610436,-0.29879254,-3.2723265,-1.6082278,-0.8607674,0.036532853,0.17349693,0.4258527,0.036532853,0.1668348,0.29717904
533,1,2.696924,-1.1381516,-0.49846208,2.696924,-0.9915715,-0.7073037,0.9368448,0.24265987,0.37790212,0.9368448,0.2706018,0.3301949
534,0,1.2618742,0.64806867,-0.04942663,1.2618742,2.2758737,-0.96491283,0.77934855,0.6565751,0.48764586,0.77934855,0.9068591,0.27589563
535,1,6.335936,1.560167,-0.36312485,6.335936,3.7097876,-0.8054584,0.9982317,0.8263773,0.41020334,0.9982317,0.97610235,0.3088591
536,1,1.5239531,-0.3925683,-0.42234257,1.5239531,0.10464853,-0.868859,0.82111984,0.4030992,0.39595634,0.82111984,0.5261383,0.29549178
537,0,-0.4606179,0.6554151,-0.5437082,-0.4606179,2.3898556,-0.730253,0.38683927,0.65822965,0.36732537,0.38683927,0.9160505,0.32513922
538,0,0.37383118,-1.0517337,-0.34594488,0.37383118,-0.8910693,-0.77421784,0.5923844,0.2588923,0.4143661,0.5923844,0.2908892,0.3155674
539,1,6.8953023,2.002514,-0.53796816,6.8953023,4.9405255,-0.8498568,0.99898845,0.8810608,0.36866033,0.99898845,0.9928999,0.29946288
540,0,-4.9140363,-5.2962847,-0.39972574,-4.9140363,-4.956596,-0.85586053,0.007289267,0.004985197,0.40137824,0.007289267,0.00698767,0.29820493
541,0,-6.7942524,-5.4543543,-0.594561,-6.7942524,-5.1660767,-0.7909519,0.0011189417,0.0042594178,0.35558903,0.0011189417,0.005674531,0.3119643
542,0,-4.2477407,-2.5710692,-0.4602245,-4.2477407,-2.1820695,-0.74095494,0.014094988,0.071023725,0.38693255,0.014094988,0.10137225,0.32279536
543,0,-4.93824,-5.1589894,-0.45678926,-4.93824,-5.4485064,-0.8577879,0.007116198,0.00571466,0.38774776,0.007116198,0.0042842925,0.2978017
544,1,4.826341,1.7204587,-0.30057955,4.826341,4.221843,-0.8062277,0.99204797,0.8481879,0.42541584,0.99204797,0.98554057,0.30869493
545,0,-1.8416672,-2.0655746,-0.5406696,-1.8416672,-1.1939917,-0.82090497,0.13685423,0.11248808,0.3680318,0.13685423,0.23254581,0.30557162
546,0,3.950166,1.5553935,-0.52221155,3.950166,3.9492655,-0.7682934,0.9811122,0.82569134,0.37233526,0.9811122,0.9810954,0.31684843
547,1,4.3405294,0.5818909,-0.449257,4.3405294,1.7749859,-0.7490337,0.98713803,0.6415024,0.38953745,0.98713803,0.8550767,0.3210319
548,0,-0.38730043,-1.4324472,-0.4165097,-0.38730043,-1.8764143,-0.8724269,0.40436733,0.19271766,0.39735225,0.40436733,0.13280128,0.29474956
549,0,0.97649384,-0.61941963,-0.2332955,0.97649384,-0.8307514,-0.9204446,0.72641194,0.34991345,0.44193926,0.72641194,0.3034862,0.28486732
550,1,1.2801726,1.2785257,-0.46970427,1.2801726,2.8523397,-0.7232593,0.7824791,0.7821987,0.38468623,0.7824791,0.9454395,0.32667565
551,1,-3.8919857,-1.9470742,-0.6452167,-3.8919857,-1.0902269,-0.84030974,0.019996759,0.12487274,0.34406823,0.019996759,0.25157556,0.30146956
552,0,2.358064,-1.1230259,-0.4057132,2.358064,-1.4549347,-0.862688,0.9135731,0.24545042,0.39994046,0.9135731,0.18924327,0.29677805
553,1,4.522155,0.08953172,-0.51558214,4.522155,1.1649363,-0.66702104,0.9892512,0.52236795,0.37388587,0.9892512,0.7622285,0.3391642
554,0,-4.9498715,-4.787241,-0.42867857,-4.9498715,-4.6274357,-0.88862956,0.007034484,0.008266518,0.3944419,0.007034484,0.009685088,0.2913927
555,1,-1.2374846,-0.2939871,-0.5000467,-1.2374846,0.53042877,-0.6949726,0.22487414,0.42702803,0.3775297,0.22487414,0.6295831,0.3329278
556,0,-3.4888575,-4.3298264,-0.46499315,-3.4888575,-3.809293,-0.7607711,0.029630937,0.012998643,0.38580197,0.029630937,0.021683259,0.31847888
557,0,-0.6061698,-3.065901,0.121813476,-0.6061698,-3.9030564,-0.8977699,0.35293344,0.04453592,0.5304158,0.35293344,0.019780956,0.289509
558,1,1.7065012,0.5840457,-0.60219336,1.7065012,1.6867504,-0.79943895,0.8463819,0.6419978,0.35384202,0.8463819,0.8437963,0.31014556
559,1,2.1330574,1.0716914,-0.5740613,2.1330574,3.1460066,-0.92091215,0.8940749,0.7449184,0.36030024,0.8940749,0.9587511,0.28477207
560,0,-1.9898478,-3.4588532,-0.5456828,-1.9898478,-3.952695,-0.71047986,0.120272964,0.030505931,0.3668666,0.120272964,0.018841079,0.32949284
561,1,-0.50690144,-0.7013197,-0.26142195,-0.50690144,-0.13650572,-0.8055924,0.3759202,0.3315197,0.4350142,0.3759202,0.46592647,0.3088305
562,1,-3.1664772,-5.0946455,-0.49932432,-3.1664772,-4.410795,-0.78242195,0.04044692,0.0060921377,0.37769943,0.04044692,0.011999773,0.31379813
563,0,2.0934045,-0.4258941,-0.4068264,2.0934045,-0.37591112,-0.723966,0.8902605,0.3951072,0.39967334,0.8902605,0.40711346,0.32652023
564,1,3.965111,0.7087974,-0.22455242,3.965111,2.14642,-0.84413797,0.9813871,0.6701354,0.4440966,0.9813871,0.8953338,0.300664
565,0,-5.843836,-2.6620512,-0.574231,-5.843836,-4.0769634,-0.7524761,0.0028893338,0.06525011,0.3602611,0.0028893338,0.016676078,0.320282
566,1,3.0107803,1.5436484,-0.50722504,3.0107803,4.1763744,-0.9001123,0.9530588,0.82399446,0.37584427,0.9530588,0.9848781,0.28902742
567,0,3.0174446,-0.43198547,-0.35321435,3.0174446,-0.33615738,-0.81107676,0.95335597,0.39365232,0.41260314,0.95335597,0.4167432,0.3076611
568,0,-1.2388859,-0.092635185,-0.18918648,-1.2388859,0.31125122,-1.0319355,0.22462998,0.47685775,0.45284393,0.22462998,0.57719064,0.26270905
569,1,3.068604,-0.29632235,-0.21523534,3.068604,0.38591224,-0.79847497,0.9555789,0.42645675,0.44639793,0.9555789,0.5952983,0.31035182
570,0,-6.1289663,-3.3845704,-0.5906018,-6.1289663,-3.8752148,-0.78373915,0.002174095,0.032781173,0.35649678,0.002174095,0.020328075,0.3135146
571,0,0.2616759,0.7306293,-0.37282038,0.2616759,2.8210416,-1.0723565,0.5650482,0.6749434,0.40785965,0.5650482,0.94380236,0.25495523
572,1,1.8042383,0.5702882,-0.58190894,1.8042383,1.935258,-0.8286485,0.8586641,0.6388297,0.35849348,0.8586641,0.87383026,0.3039309
573,1,3.545641,1.6008782,-0.36830175,3.545641,4.350519,-0.82541937,0.97195894,0.8321411,0.40895143,0.97195894,0.98726416,0.30461448
574,1,-2.9848666,-2.033369,-0.29514515,-2.9848666,-2.1063988,-0.9533183,0.04811425,0.11574366,0.42674473,0.04811425,0.10847644,0.278218
575,0,-0.22156209,-2.4531844,-0.52372646,-0.22156209,-2.8274674,-0.8735312,0.44483498,0.079206,0.3719813,0.44483498,0.05585781,0.29452005
576,0,0.080323175,-1.8753892,-0.5625329,0.080323175,-1.7712018,-0.744202,0.52007,0.13291939,0.3629616,0.52007,0.14539292,0.32208595
577,0,-2.062778,-3.380928,-0.31534043,-2.062778,-2.8165493,-0.85079515,0.11276759,0.032896858,0.42181173,0.11276759,0.056436405,0.2992661
578,1,1.1283468,-1.2429862,-0.5218606,1.1283468,-1.4174167,-0.78587633,0.7555337,0.22391662,0.37241727,0.7555337,0.19506688,0.3130548
579,1,2.3544774,0.6909874,-0.5666635,2.3544774,2.803414,-0.7007439,0.9132894,0.6661866,0.36200702,0.9132894,0.94286007,0.3316473
580,1,5.4916115,1.0526531,-0.16505338,5.4916115,3.1122665,-0.7415243,0.99589574,0.741284,0.45883006,0.99589574,0.9573959,0.3226709
581,1,4.6292806,0.9723581,-0.3656717,4.6292806,2.8421483,-0.8827554,0.99033254,0.7255893,0.4095873,0.99033254,0.9449114,0.29260713
582,1,5.158996,1.0848962,-0.5367696,5.158996,3.2587059,-1.046067,0.9942854,0.7474194,0.36893934,0.9942854,0.96298474,0.25998107
583,0,1.0106863,-1.7270691,-0.5148977,1.0106863,-0.5335355,-0.76479876,0.7331544,0.15096286,0.37404612,0.7331544,0.36969268,0.31760532
584,0,0.9367355,-0.3756462,-0.62390864,0.9367355,-0.17401415,-0.76843107,0.7184398,0.40717742,0.34889302,0.7184398,0.45660588,0.31681862
585,0,0.5844124,-0.1985406,-0.4534446,0.5844124,-0.14418018,-0.8450843,0.64208204,0.45052722,0.3885421,0.64208204,0.46401727,0.30046502
586,1,0.60616064,-1.3473105,-0.27869618,0.60616064,-1.7389956,-0.86817974,0.6470645,0.20631042,0.43077344,0.6470645,0.14944056,0.2956332
587,0,-5.381688,-5.691584,-0.5473843,-5.381688,-4.3707743,-0.7806887,0.004578986,0.0033628962,0.36647147,0.004578986,0.012483638,0.31417146
588,1,3.126706,-1.3852115,-0.5301585,3.126706,-2.1269507,-0.72623277,0.95798093,0.20017332,0.3704799,0.95798093,0.10650483,0.32602197
589,0,1.2677478,-0.124242276,-0.17943633,1.2677478,0.8626978,-0.96119153,0.78035694,0.46897933,0.4552609,0.78035694,0.703224,0.2766397
590,0,0.13238867,-2.0267625,-0.4214371,0.13238867,-2.1152558,-0.69259775,0.5330489,0.11642154,0.3961729,0.5330489,0.10762286,0.33345544
591,1,5.737776,0.9796413,-0.27128243,5.737776,3.1458004,-0.7868451,0.9967885,0.7270371,0.43259227,0.9967885,0.95874286,0.31284648
592,0,1.9818087,-1.152229,-0.4745714,1.9818087,-1.7170881,-0.701601,0.8788738,0.24008219,0.38353485,0.8788738,0.15224661,0.33145735
593,0,-0.35580236,-2.9917688,-0.51944995,-0.35580236,-3.2716744,-0.9023002,0.41197607,0.04779912,0.37298086,0.41197607,0.03655581,0.28857803
594,0,-7.2890797,-5.7655654,-0.6212886,-7.2890797,-5.3425846,-0.7590795,0.0006824902,0.0031238343,0.34948847,0.0006824902,0.0047607184,0.31884614
595,1,-1.8540897,-1.3572646,-0.5493857,-1.8540897,-1.9431589,-0.7190833,0.13539343,0.20468523,0.36600694,0.13539343,0.12530123,0.32759488
596,0,-3.8714821,-4.420257,0.108022735,-3.8714821,-3.0788298,-0.7336943,0.020402543,0.011888111,0.52697945,0.020402543,0.043989003,0.32438457
597,1,4.402854,1.7418293,-0.31539777,4.402854,3.9188168,-0.80617416,0.98790574,0.85091925,0.42179778,0.98790574,0.98052233,0.30870634
598,1,4.250558,1.6992855,-0.22688913,4.250558,4.1570196,-0.8106918,0.98594415,0.8454414,0.44351983,0.98594415,0.9845872,0.3077431
599,1,4.081316,1.609729,-0.5791626,4.081316,4.087432,-0.796492,0.9833951,0.8333738,0.3591253,0.9833951,0.9834947,0.31077644
600,1,0.7393295,0.87570494,-0.57637775,0.7393295,2.717368,-0.8252038,0.67684925,0.70593137,0.3597665,0.67684925,0.9380437,0.30466017
601,1,4.870274,1.2614257,-0.5273632,4.870274,3.5376687,-0.8391739,0.9923872,0.7792715,0.37113208,0.9923872,0.97174084,0.3017088
602,0,1.6923015,1.4338567,-0.47093016,1.6923015,3.8849156,-0.8040569,0.8445266,0.8075015,0.3843961,0.8445266,0.97986424,0.30915838
603,0,-2.1654546,-0.09762243,-0.55429333,-2.1654546,0.93113714,-0.87100816,0.102895856,0.47561374,0.36486888,0.102895856,0.7173059,0.29504457
604,1,6.308452,2.1222556,-0.40882513,6.308452,5.231365,-0.733673,0.99818254,0.8930475,0.39919385,0.99818254,0.99468225,0.32438922
605,0,3.504516,0.51795983,-0.54068714,3.504516,2.1743321,-0.6982124,0.97081596,0.6266706,0.36802775,0.97081596,0.8979207,0.3322087
606,0,-0.36828402,-2.3909407,-0.5378183,-0.36828402,-2.4651327,-0.8129951,0.40895572,0.083866134,0.36869523,0.40895572,0.078338936,0.30725262
607,1,3.959608,1.1994458,-0.4822492,3.959608,3.9060192,-0.71042454,0.9812862,0.76842624,0.38172117,0.9812862,0.98027647,0.32950506
608,0,1.3596616,-0.016253203,-0.57735974,1.3596616,0.8161412,-0.7557991,0.79570466,0.49593678,0.35954034,0.79570466,0.6934166,0.319559
609,0,3.612904,-1.0143002,-0.45289323,3.612904,-1.2337145,-0.7473632,0.9737351,0.26613912,0.38867307,0.9737351,0.22553197,0.3213961
610,1,1.9562528,-0.57938766,-0.3501982,1.9562528,-0.1930364,-0.7955971,0.8761269,0.35907352,0.41333434,0.8761269,0.45189023,0.31096813
611,1,4.0916924,0.015966266,-0.4035659,4.0916924,0.7669491,-0.7330065,0.9835638,0.5039915,0.40045592,0.9835638,0.68286055,0.32453534
612,0,-2.6927314,-4.8815584,0.30160803,-2.6927314,-4.3865385,-0.7539115,0.06340363,0.0075280825,0.5748356,0.06340363,0.012290785,0.3199696
613,0,-0.4056305,0.86641955,-0.3314913,-0.4056305,2.4651685,-0.7645066,0.39996034,0.7040001,0.41787782,0.39996034,0.9216636,0.31766865
614,1,4.0558796,0.8231919,-0.57143927,4.0558796,2.5799787,-0.6893893,0.9829746,0.6949135,0.36090478,0.9829746,0.92956185,0.33416894
615,0,-5.553867,-2.5199132,-0.6201036,-5.553867,-3.352487,-1.0659237,0.0038575158,0.074473925,0.34975788,0.0038575158,0.03381381,0.25617903
616,0,3.9613352,0.160783,-0.4191726,3.9613352,1.1870883,-0.8831042,0.98131794,0.5401094,0.39671475,0.98131794,0.7662199,0.29253492
617,0,4.6164284,0.8411448,-0.55954397,4.6164284,2.5884476,-0.7316613,0.99020875,0.69870627,0.36365297,0.99020875,0.93011445,0.32483026
618,0,-2.8499465,-1.601951,-0.42104205,-2.8499465,-1.5351439,-1.0601134,0.05468408,0.1677091,0.3962674,0.05468408,0.17724232,0.25728777
619,0,-2.3926837,-3.2428975,-0.22268067,-2.3926837,-2.8425877,-0.8535494,0.08373229,0.037582945,0.44455874,0.08373229,0.05506574,0.29868883
620,1,5.670179,1.8519565,-0.45749122,5.670179,4.844153,-0.80184114,0.99656457,0.86435664,0.38758114,0.99656457,0.99218726,0.30963182
621,1,6.038228,1.1688478,-0.52218926,6.038228,2.9165404,-0.6980498,0.9976199,0.7629367,0.37234047,0.9976199,0.9486581,0.33224475
622,0,-3.0196142,-4.2908506,-0.18786646,-3.0196142,-3.9979312,-0.85040003,0.04654759,0.013508299,0.453171,0.04654759,0.018022787,0.29934895
623,0,-6.735786,-3.9934204,-0.5771668,-6.735786,-4.251599,-0.78312147,0.0011862325,0.018102793,0.35958478,0.0011862325,0.014041476,0.31364754
624,1,1.1784787,-1.0566072,-0.08828199,1.1784787,-1.1976272,-0.7849015,0.7646742,0.25795832,0.4779438,0.7646742,0.23189759,0.3132645
625,0,-2.2631183,-4.755416,-0.38163334,-2.2631183,-5.112123,-0.9085342,0.094223894,0.008531551,0.40573302,0.094223894,0.005987219,0.28729984
626,0,-5.121958,-4.9789953,-0.54142594,-5.121958,-3.612649,-0.7546626,0.0059289723,0.006833948,0.36785597,0.0059289723,0.02627147,0.3198062
627,1,4.360651,1.8881602,-0.15771212,4.360651,4.915307,-0.87294036,0.98739094,0.8685456,0.46065348,0.98739094,0.9927199,0.29464284
628,1,1.672222,0.4662994,-0.44183615,1.672222,1.8174167,-0.7281876,0.84187186,0.61450756,0.3913035,0.84187186,0.8602559,0.32559258
629,1,2.2426312,-0.48754734,-0.39036816,2.2426312,0.087438464,-0.7322298,0.90401304,0.38047153,0.40362865,0.90401304,0.5218457,0.3247056
630,0,-1.0320594,0.56164396,-0.29788294,-1.0320594,1.75529,-0.85214245,0.26268503,0.63683283,0.42607513,0.26268503,0.8526188,0.29898363
631,1,6.164356,1.0560504,-0.54551345,6.164356,3.1055577,-0.775695,0.9979013,0.7419351,0.366906,0.9979013,0.9571214,0.31524846
632,1,3.0426676,0.5240337,-0.5408693,3.0426676,2.1411839,-0.83399427,0.9544649,0.62809044,0.36798537,0.9544649,0.894842,0.30280116
633,1,4.853753,0.55405384,-0.43911844,4.853753,1.917091,-0.7047632,0.99226135,0.63507557,0.39195102,0.99226135,0.8718137,0.33075702
634,1,4.3286633,-0.40350094,-0.0319848,4.3286633,0.09879953,-0.8067863,0.98698646,0.4004715,0.4920045,0.98698646,0.5246798,0.30857575
635,1,6.360044,2.4251711,-0.5080303,6.360044,5.8160105,-0.7804237,0.99827373,0.91872674,0.37565535,0.99827373,0.9970293,0.31422856
636,1,-0.33135977,-0.424263,-0.5598777,-0.33135977,0.2104847,-0.82433414,0.4179098,0.39549708,0.3635758,0.4179098,0.55242777,0.3048444
637,0,-2.5650222,-1.917324,-0.5362227,-2.5650222,-1.8812637,-0.73062617,0.07142373,0.12816028,0.36906672,0.07142373,0.13224378,0.32505736
638,1,0.09112288,0.4674546,-0.5025624,0.09112288,1.603592,-0.861222,0.522765,0.6147811,0.3769387,0.522765,0.8325198,0.29708406
639,1,3.5180066,0.98170555,-0.28334156,3.5180066,2.7605991,-0.7259848,0.97119576,0.7274465,0.42963475,0.97119576,0.94050914,0.32607648
640,1,2.0070562,0.33210728,-0.40656883,2.0070562,1.4745616,-0.84714335,0.88153595,0.58227205,0.39973512,0.88153595,0.81374973,0.30003244
641,0,-5.177179,-3.2328334,-0.49336806,-5.177179,-3.244492,-0.83927286,0.0056122313,0.037948668,0.37910047,0.0056122313,0.03752531,0.30168796
642,0,-5.716254,-3.605673,-0.57900107,-5.716254,-4.282242,-0.7584318,0.0032812168,0.026450513,0.3591625,0.0032812168,0.0136235,0.31898683
643,0,1.2653155,-0.6031638,-0.49648416,1.2653155,-0.32045415,-0.7315992,0.7799398,0.3536202,0.37836727,0.7799398,0.4205651,0.32484388
644,0,-7.5817184,-7.511013,-0.4941095,-7.5817184,-6.113393,-0.73155445,0.000509425,0.00054672756,0.37892595,0.000509425,0.002208143,0.3248537
645,1,-0.92621243,-1.7273273,-0.51217055,-0.92621243,-1.5896819,-0.8129089,0.28369376,0.15092976,0.37468484,0.28369376,0.16942868,0.30727097
646,1,0.75730467,-0.7930801,-0.44445166,0.75730467,-0.6436864,-0.83496404,0.68076825,0.3115077,0.39068076,0.68076825,0.34441373,0.30259648
647,1,3.8850937,1.0813954,-0.35546604,3.8850937,3.0999103,-0.73998034,0.9798677,0.7467579,0.41205755,0.9798677,0.95688903,0.32300845
648,1,4.8681993,0.0058676153,-0.4936064,4.8681993,0.8413689,-0.68562466,0.99237144,0.5014669,0.37904435,0.99237144,0.6987535,0.33500707
649,0,2.751453,-0.23954949,-0.50696844,2.751453,0.25382218,-0.8981763,0.93999535,0.44039735,0.37590447,0.93999535,0.563117,0.2894254
650,1,4.4787464,0.32600164,-0.14785723,4.4787464,1.2726495,-0.6869606,0.98877966,0.58078617,0.46310285,0.98877966,0.78119594,0.33470955
651,1,2.4499795,1.7187355,-0.22371452,2.4499795,4.3790994,-0.80561686,0.92055994,0.8479659,0.44430348,0.92055994,0.98761857,0.3088253
652,1,6.3145204,2.1465988,-0.42181787,6.3145204,5.3003263,-0.7453091,0.99819344,0.8953505,0.39608186,0.99819344,0.9950348,0.32184428
653,0,-5.92392,-5.900735,-0.45457023,-5.92392,-5.084223,-0.78205967,0.0026675595,0.002729959,0.3882747,0.0026675595,0.0061555733,0.31387615
654,1,6.646063,0.9588405,-0.22883222,6.646063,2.798394,-0.7400012,0.9987025,0.7228896,0.44304028,0.9987025,0.9425889,0.3230039
655,0,-6.645961,-5.6534033,-0.33857906,-6.645961,-5.3683987,-0.837245,0.0012975736,0.0034933197,0.41615468,0.0012975736,0.0046399604,0.30211535
656,1,4.3811088,-0.27629086,-0.51060236,4.3811088,0.35035676,-0.797531,0.9876431,0.43136334,0.37505233,0.9876431,0.5867041,0.3105539
657,1,5.5802145,-0.45282266,-0.33399516,5.5802145,0.30391118,-0.88862646,0.9962424,0.38868985,0.41726887,0.9962424,0.5753983,0.29139337
658,1,0.2420032,0.41530228,-0.56572866,0.2420032,2.1232097,-0.75309443,0.56020725,0.6023586,0.362223,0.56020725,0.89313865,0.3201474
659,1,-1.3597356,-0.44088218,-0.57899505,-1.3597356,-0.13726237,-0.69638026,0.20428328,0.39153078,0.35916385,0.20428328,0.46573818,0.33261526
660,0,2.6740568,-1.1386307,-0.5355779,2.6740568,-1.2189684,-0.73938745,0.9354783,0.24257185,0.3692169,0.9354783,0.22811803,0.3231381
661,0,0.340279,1.5641544,-0.25320432,0.340279,4.0564623,-1.0178514,0.5842583,0.8269487,0.43703496,0.5842583,0.9829844,0.26544613
662,1,4.2935944,1.3574654,-0.23139584,4.2935944,3.616609,-0.77846944,0.98652816,0.7953474,0.44240782,0.98652816,0.9738297,0.31464985
663,0,-0.5441685,-0.58034587,-0.41771263,-0.5441685,-0.05042687,-0.93098605,0.3672184,0.358853,0.39706424,0.3672184,0.4873959,0.2827247
664,0,-3.6852193,-2.9859552,-0.46108502,-3.6852193,-4.145662,-0.7060842,0.024477491,0.048064418,0.3867285,0.024477491,0.015586179,0.3304647
665,1,4.1626806,0.44831645,0.123075284,4.1626806,2.0866735,-0.97954464,0.98467284,0.61023885,0.53073,0.98467284,0.8896012,0.27298215
666,0,0.21713033,0.11903708,-0.49989334,0.21713033,1.1402721,-0.79541576,0.5540703,0.5297242,0.37756577,0.5540703,0.75772965,0.311007
667,0,-5.017127,-2.2348084,-0.6227839,-5.017127,-2.4401662,-0.8306461,0.0065799463,0.09666794,0.34914854,0.0065799463,0.080160655,0.30350846
668,1,-0.328817,-2.4456716,0.120250024,-0.328817,-2.2584743,-1.0588427,0.41852847,0.07975566,0.5300263,0.41852847,0.09462099,0.2575307
669,1,5.7386928,0.8556959,-0.16136694,5.7386928,2.5926003,-0.8890049,0.9967913,0.70176065,0.4597456,0.9967913,0.93038386,0.29131523
670,1,1.5787828,-1.1012163,-0.5762873,1.5787828,-0.9602916,-0.80482435,0.82903206,0.24951208,0.35978732,0.82903206,0.2768198,0.3089945
671,1,-1.8646818,-3.3063593,-0.41521198,-1.8646818,-4.2022448,-0.80501354,0.13415828,0.03535367,0.39766303,0.13415828,0.014741393,0.3089541
672,0,-4.192296,-4.9203095,-0.5697231,-4.192296,-4.2194777,-0.70476615,0.01488659,0.0072440132,0.36130074,0.01488659,0.014493183,0.33075637
673,0,-5.0745745,-4.9304934,-0.46405703,-5.0745745,-4.2223988,-0.75249064,0.006214881,0.0071711424,0.38602382,0.006214881,0.01445152,0.32027882
674,0,-5.863783,-5.0439606,-0.5354443,-5.863783,-4.093217,-0.80738676,0.0028324327,0.0064068474,0.36924797,0.0028324327,0.016411636,0.30844763
675,0,-6.45419,-5.1174774,-0.58111954,-6.45419,-5.61355,-0.73775905,0.0015714406,0.005955437,0.358675,0.0015714406,0.003634835,0.32349437
676,1,4.992717,1.161679,-0.26691476,4.992717,3.4188228,-0.8097795,0.9932586,0.7616377,0.43366465,0.9932586,0.96828765,0.30793747
677,0,-6.7422676,-6.5465226,-0.45597443,-6.7422676,-5.505647,-0.79874694,0.0011785777,0.0014330408,0.3879412,0.0011785777,0.00404731,0.3102936
678,0,-4.073515,-4.562181,-0.41899154,-4.073515,-3.7151797,-0.7367468,0.016732719,0.010331414,0.3967581,0.016732719,0.023772188,0.32371593
679,1,3.1381655,0.3429391,-0.5038562,3.1381655,1.4662268,-0.69107443,0.9584399,0.58490425,0.3766349,0.9584399,0.8124832,0.33379412
680,0,-1.1376534,-0.7647817,-0.3866113,-1.1376534,-0.16086271,-0.78717107,0.24275146,0.317609,0.4045333,0.24275146,0.4598708,0.31277642
681,1,4.071073,0.42125514,-0.43311268,4.071073,1.7961426,-0.6742828,0.983227,0.6037836,0.39338332,0.983227,0.8576787,0.3375385
682,0,-4.0467014,-4.1247244,-0.627426,-4.0467014,-3.1893415,-0.95303524,0.01717964,0.015910706,0.3480944,0.01717964,0.039568797,0.27827483
683,0,-4.6900263,-2.6011689,-0.38486016,-4.6900263,-4.0217667,-0.9740648,0.009102822,0.06906323,0.4049552,0.009102822,0.017605757,0.27407104
684,0,-5.409699,-3.5772362,-0.55957925,-5.409699,-2.999013,-0.7109195,0.0044530677,0.027192734,0.3636448,0.0044530677,0.047470484,0.32939568
685,1,4.158243,0.52224165,-0.30356875,4.158243,2.0059433,-1.0000958,0.98460567,0.6276718,0.4246853,0.98460567,0.8814197,0.26892257
686,1,2.4070148,0.4825164,-0.19534007,2.4070148,1.7265671,-0.7441808,0.91736066,0.6183419,0.45131966,0.91736066,0.84897286,0.3220906
687,0,-3.9531927,-2.0593374,-0.5668931,-3.9531927,-3.0181644,-0.7451947,0.018831879,0.113112286,0.36195406,0.018831879,0.04661198,0.32186925
688,1,1.8521317,-0.9631916,-0.5114173,1.8521317,-0.91123044,-0.70179886,0.8643772,0.27623963,0.37486133,0.8643772,0.2867481,0.3314135
689,1,4.8274446,0.794474,-0.2822383,4.8274446,2.610727,-0.83271265,0.99205667,0.68879116,0.42990512,0.99205667,0.9315488,0.3030718
690,0,-4.5103436,-2.568038,-0.5688511,-4.5103436,-3.02007,-0.70574,0.010875113,0.07122399,0.361502,0.010875113,0.046527367,0.33054084
691,1,0.6608245,0.7707491,-0.37433338,0.6608245,2.359883,-0.92279166,0.6594456,0.6836829,0.4074943,0.6594456,0.91371655,0.2843894
692,1,0.9474724,-0.6416533,-0.46503976,0.9474724,-0.5478837,-0.6902952,0.7206065,0.34487292,0.38579094,0.7206065,0.36635557,0.33396742
693,1,1.9197724,0.060260147,-0.5223019,1.9197724,0.80593944,-0.7163122,0.87211305,0.5150605,0.37231413,0.87211305,0.6912435,0.32820556
694,1,3.5772715,-1.756259,-0.44683772,3.5772715,-2.1990294,-0.76279575,0.97280824,0.14725949,0.39011288,0.97280824,0.099837676,0.31803957
695,1,6.8718615,2.05271,-0.24118736,6.8718615,5.087949,-0.8025383,0.99896455,0.8862212,0.43999377,0.99896455,0.9938672,0.3094828
696,1,4.9683123,0.08820656,-0.4962135,4.9683123,0.72617084,-0.6846328,0.99309313,0.5220374,0.37843093,0.99309313,0.67396444,0.3352281
697,1,2.403251,0.82150257,-0.46691322,2.403251,2.3023112,-0.880829,0.9170749,0.6945552,0.3853471,0.9170749,0.9090682,0.29300603
698,0,-6.576178,-6.3332496,-0.5333854,-6.576178,-5.309286,-0.7560567,0.0013912254,0.001773103,0.36972764,0.0013912254,0.0049211187,0.319503
699,1,-3.7814906,-4.148976,-0.3626361,-3.7814906,-3.8398008,-0.80975986,0.022280945,0.015535413,0.4103216,0.022280945,0.02104545,0.30794168
700,0,-6.1087446,-5.07444,-0.5875624,-6.1087446,-4.0014186,-0.8452883,0.002218408,0.0062157116,0.35719436,0.002218408,0.017961172,0.3004222
701,1,1.9998515,-0.13072467,-0.49605724,1.9998515,0.6294217,-0.82337886,0.88078153,0.4673653,0.37846768,0.88078153,0.65235835,0.3050469
702,1,1.7478973,1.1251571,-0.31915593,1.7478973,3.190339,-0.7255565,0.8516874,0.7549441,0.42088148,0.8516874,0.96046907,0.32617056
703,0,-6.0655546,-5.796072,-0.12551291,-6.0655546,-4.8773956,-0.9669456,0.0023160933,0.0030302599,0.46866292,0.0023160933,0.0075592482,0.27548972
704,1,6.240402,1.2930671,-0.34361196,6.240402,2.7646165,-0.7771286,0.99805474,0.7846659,0.41493237,0.99805474,0.9407336,0.31493905
705,0,-5.54461,-3.933234,-0.40738207,-5.54461,-3.3723793,-0.76435506,0.0038932501,0.019204224,0.39954,0.0038932501,0.03316992,0.31770146
706,0,4.92736,0.9306283,0.016080089,4.92736,2.7149103,-0.81177866,0.99280643,0.7172027,0.5040199,0.99280643,0.9379008,0.3075116
707,1,4.1890306,-0.22636946,-0.3897126,4.1890306,0.07916665,-0.8229235,0.9850655,0.44364807,0.4037865,0.9850655,0.51978135,0.30514345
708,1,5.988805,2.0822997,-0.4974811,5.988805,5.0887203,-0.69463253,0.99749964,0.8891709,0.3781328,0.99749964,0.9938719,0.3330033
709,1,0.17478704,-0.4458352,-0.566482,0.17478704,-0.17106023,-0.8824081,0.54358584,0.39035144,0.36204898,0.54358584,0.45733896,0.292679
710,0,-2.7450707,-1.5537338,-0.5948897,-2.7450707,-1.1813147,-0.7610909,0.060365643,0.17454764,0.35551372,0.060365643,0.2348159,0.31840947
711,1,0.39008766,0.29340604,-0.33687812,0.39008766,1.0903748,-0.7947267,0.5963038,0.57282984,0.41656798,0.5963038,0.74845225,0.31115466
712,1,5.612811,1.4330094,0.17244317,5.612811,3.699616,-0.80872,0.9963625,0.80736977,0.5430043,0.9963625,0.9758639,0.30816332
713,1,5.13757,0.30217135,-0.38148275,5.13757,1.5943019,-0.83503085,0.9941624,0.5749733,0.40576932,0.9941624,0.83122045,0.30258238
714,0,2.0401862,-1.6310508,-0.28214362,2.0401862,-2.2411153,-0.8048531,0.8849522,0.16368645,0.4299283,0.8849522,0.09611859,0.30898836
715,1,4.9444413,0.31148067,-0.54771304,4.9444413,1.7014048,-0.7390243,0.9929275,0.5772466,0.36639515,0.9929275,0.84571815,0.32321754
716,1,5.563158,2.5516372,-0.33507073,5.563158,6.0761857,-0.69304025,0.99617803,0.9276834,0.41700733,0.99617803,0.9977083,0.33335707
717,1,2.8377109,0.2622097,-0.56939304,2.8377109,1.5298015,-0.86291355,0.94468,0.5651794,0.3613769,0.94468,0.8219772,0.296731
718,0,-1.7433419,-3.189507,-0.58155143,-1.7433419,-3.6300688,-0.767298,0.14888895,0.03956251,0.35857567,0.14888895,0.025829509,0.3170639
719,1,5.1729665,1.7559819,-0.432453,5.1729665,4.102053,-0.8220153,0.99436426,0.85270566,0.39354074,0.99436426,0.9837303,0.30533603
720,0,-1.3075339,0.36696246,-0.5432118,-1.3075339,1.348525,-0.7204815,0.2128998,0.5907248,0.36744076,0.2128998,0.7938884,0.32728696
721,1,-0.41735622,-2.1319778,-0.50794315,-0.41735622,-2.7416787,-0.86344236,0.3971496,0.10602738,0.37567583,0.3971496,0.060558334,0.29662064
722,1,3.1527996,0.90576047,-0.4798732,3.1527996,3.1338718,-0.77231824,0.9590189,0.7121318,0.38228208,0.9590189,0.9582685,0.31597784
723,1,2.1373386,0.8364012,-0.50298214,2.1373386,2.4636455,-0.81574786,0.89447975,0.6977067,0.37684008,0.89447975,0.9215537,0.306667
724,1,0.72812545,0.4209364,-0.35314214,0.72812545,1.8795714,-0.7023258,0.6743938,0.60370725,0.41262066,0.6743938,0.86756194,0.33129674
725,0,-6.107154,-4.8405166,-0.5441896,-6.107154,-4.322341,-0.6490423,0.0022219317,0.007841003,0.36721352,0.0022219317,0.01309503,0.3432054
726,1,2.7267444,1.9009017,-0.5355219,2.7267444,5.3716536,-0.8847673,0.9385865,0.8699935,0.3692299,0.9385865,0.9953751,0.29219085
727,0,-4.924279,-5.297007,-0.55504376,-4.924279,-3.8882918,-0.8397311,0.007215521,0.004981615,0.364695,0.007215521,0.020069277,0.30159143
728,0,-6.48565,-6.781782,-0.5081164,-6.48565,-5.729247,-0.75235546,0.0015228464,0.0011329666,0.37563518,0.0015228464,0.0032389977,0.32030827
729,0,-3.012843,-0.52176005,-0.32607633,-3.012843,0.04570493,-0.87175614,0.04684904,0.37244076,0.41919562,0.04684904,0.51142424,0.294889
730,0,0.80994797,1.1957226,-0.57608265,0.80994797,2.765244,-0.7442249,0.69209844,0.767763,0.35983446,0.69209844,0.94076854,0.32208094
731,0,-2.0030484,-1.4573895,-0.23463412,-2.0030484,-1.2937186,-0.93616116,0.11888323,0.18886691,0.4416091,0.11888323,0.21522407,0.28167644
732,0,-5.6236954,-2.2610226,-0.65058833,-5.6236954,-2.6583908,-0.70088446,0.0035982772,0.09440291,0.34285697,0.0035982772,0.06547373,0.33161616
733,0,-2.9442506,-2.8534524,0.40227488,-2.9442506,-3.0781326,-0.5754193,0.050008953,0.054503128,0.59923416,0.050008953,0.04401833,0.3599873
734,0,-2.1450322,-5.10112,-0.4670565,-2.1450322,-3.9845617,-0.676859,0.10479636,0.0060530594,0.38531315,0.10479636,0.018260932,0.3369627
735,0,1.0072658,-1.0673597,-0.34697047,1.0072658,-1.1856194,-0.8586668,0.73248476,0.25590554,0.41411728,0.73248476,0.23404333,0.29761797
736,0,-4.9148135,-2.5267913,-0.52986825,-4.9148135,-2.3428063,-0.8079895,0.0072836448,0.07400122,0.37054762,0.0072836448,0.087639265,0.3083191
737,0,3.7975879,-0.8433769,-0.43626958,3.7975879,-0.5457256,-0.6836673,0.97806704,0.30082405,0.39263022,0.97806704,0.3668567,0.33544332
738,1,4.815622,0.49575794,-0.3521887,4.815622,1.9952826,-0.7812072,0.9919629,0.6214619,0.41285178,0.9919629,0.8803009,0.31405976
739,0,-3.9516969,-1.31888,0.22852871,-3.9516969,-2.283421,-0.93897176,0.018859537,0.21100469,0.5568848,0.018859537,0.09250536,0.28110808
740,0,-5.428097,-5.3493137,-0.48755467,-5.428097,-3.9765913,-0.8454672,0.004372245,0.0047289417,0.3804698,0.004372245,0.01840437,0.30038458
741,0,-4.732957,-5.497542,-0.31301516,-4.732957,-4.67528,-0.6997888,0.008723639,0.004080114,0.42237896,0.008723639,0.0092368,0.33185905
742,1,4.5887995,1.1393002,-0.4495744,4.5887995,3.7191367,-0.8069805,0.9899372,0.7575512,0.38946193,0.9899372,0.97631943,0.30853432
743,1,4.8644037,0.8125906,-0.47319978,4.8644037,2.53728,-0.83642447,0.99234265,0.6926613,0.38385916,0.99234265,0.92671436,0.30228835
744,1,-3.6621394,-3.394023,-0.49274567,-3.6621394,-3.6435847,-0.9334116,0.02503469,0.032482784,0.37924698,0.02503469,0.025491586,0.2822331
745,1,2.6866837,-0.6139571,-0.5657381,2.6866837,-0.5964458,-0.7424997,0.9362363,0.35115704,0.36222082,0.9362363,0.35515723,0.32245776
746,0,-1.7700305,-1.4143836,-0.5929813,-1.7700305,-1.6342645,-0.7939348,0.14553852,0.19554356,0.35595107,0.14553852,0.163247,0.31132442
747,1,5.8232903,0.9661093,-0.45059347,5.8232903,3.1368785,-0.79105705,0.9970509,0.7243433,0.3892197,0.9970509,0.9583885,0.31194174
748,1,5.080285,1.4985054,0.22175537,5.080285,3.6064427,-0.91946906,0.99382025,0.81735146,0.55521274,0.99382025,0.9735693,0.2850661
749,0,-3.972599,-3.1976564,-0.26616508,-3.972599,-2.441963,-0.8383661,0.018476631,0.03925401,0.43384886,0.018476631,0.080028266,0.30187902
750,1,4.2360377,0.6953901,-0.099398166,4.2360377,2.5566275,-0.91544926,0.9857415,0.6671649,0.47517088,0.9857415,0.9280175,0.28588602
751,1,-0.57397735,-1.653224,-0.42187127,-0.57397735,-1.2589251,-0.87146926,0.3603196,0.1606737,0.39606905,0.3603196,0.22115898,0.29494867
752,0,-6.6101327,-6.2201214,-0.58242404,-6.6101327,-4.89013,-0.80176866,0.0013448424,0.0019850556,0.35837498,0.0013448424,0.007464309,0.30964732
753,1,2.3828669,1.3845432,-0.55967975,2.3828669,3.2256165,-0.90508,0.9155114,0.79971963,0.36362153,0.9155114,0.961787,0.28800768
754,1,-3.2761507,-1.0527347,-0.5610364,-3.2761507,-0.35896933,-0.72935957,0.036398485,0.25870028,0.36330768,0.036398485,0.4112091,0.3253353
755,1,1.9052554,1.1637629,-0.4824154,1.9052554,3.0843964,-0.7328886,0.8704852,0.76201576,0.38168192,0.8704852,0.95624447,0.32456118
756,0,-3.9825568,-4.2696886,-0.3615822,-3.9825568,-4.097407,-0.6176622,0.018296909,0.013793224,0.4105766,0.018296909,0.016344137,0.35031334
757,1,0.80495197,-0.027096063,-0.43002486,0.80495197,0.5035145,-0.79323155,0.6910327,0.49322638,0.3941204,0.6910327,0.6232849,0.31147522
758,0,3.598183,-0.12644114,-0.49960494,3.598183,0.8603646,-0.8939178,0.9733559,0.46843174,0.37763354,0.9733559,0.7027368,0.29030198
759,0,-1.7045324,-2.0817213,-0.39551353,-1.7045324,-2.4557595,-0.8866641,0.15387423,0.11088615,0.40239075,0.15387423,0.079018384,0.2917987
760,1,2.1157532,2.1558154,-0.5339203,2.1157532,4.9369245,-0.821827,0.8924249,0.89621097,0.36960304,0.8924249,0.9928745,0.305376
761,1,3.5946074,0.362034,-0.4337347,3.5946074,1.7990046,-0.80393296,0.9732631,0.5895327,0.3932349,0.9732631,0.8580277,0.30918485
762,0,-5.5670385,-5.107073,-0.5505446,-5.5670385,-4.2567205,-0.85449916,0.003807231,0.0060173497,0.36573806,0.003807231,0.013970744,0.2984899
763,0,-2.4822578,-1.2388582,-0.5260373,-2.4822578,-0.41314036,-0.92668045,0.07711136,0.22463481,0.3714416,0.07711136,0.39815938,0.28359866
764,0,5.3301554,-0.3411485,-0.15232112,5.3301554,0.25845993,-0.9223044,0.99518,0.41553053,0.4619932,0.99518,0.5642577,0.2844886
765,1,1.082471,0.9997848,-0.15079746,1.082471,2.5406468,-0.8843886,0.74696136,0.7310162,0.4623719,0.74696136,0.9269426,0.29226917
766,0,3.4027956,-0.83476377,-0.49990463,3.4027956,-0.63686943,-0.87244797,0.96779174,0.30263874,0.37756312,0.96779174,0.34595457,0.2947452
767,1,-0.07804525,0.70096695,-0.5713973,-0.07804525,2.5474072,-0.75609756,0.4804986,0.66840214,0.36091447,0.4804986,0.92739916,0.3194941
768,1,6.0228615,1.6318561,-0.48085868,6.0228615,4.334543,-0.7798029,0.99758315,0.8364237,0.38204938,0.99758315,0.9870617,0.31436235
769,0,-4.5806537,-4.643203,-0.54050505,-4.5806537,-4.2645693,-0.7152255,0.010144236,0.009535024,0.36807013,0.010144236,0.013863036,0.32844523
770,0,-4.0956306,-2.3006258,-0.63093174,-4.0956306,-3.6370783,-0.7940603,0.016372718,0.09107115,0.34729928,0.016372718,0.025653718,0.3112975
771,1,1.5057269,-2.0560975,0.098607354,1.5057269,-2.6193457,-0.9403794,0.818427,0.11343771,0.5246319,0.818427,0.0679037,0.2808237
772,0,-1.1113722,-2.5436435,-0.5437911,-1.1113722,-2.2997699,-0.8000589,0.24761514,0.07285468,0.36730614,0.24761514,0.09114202,0.3100129
773,0,-4.11636,-4.113641,-0.58662033,-4.11636,-4.1734166,-0.72210723,0.0160422,0.016085183,0.3574107,0.0160422,0.015166007,0.32692912
774,1,4.5240884,-0.14571044,-0.44601387,4.5240884,0.37575734,-0.8359997,0.98927176,0.46363667,0.39030892,0.98927176,0.5928494,0.30237797
775,0,-5.371888,-3.09993,-0.5720105,-5.371888,-3.741275,-0.75071454,0.004623872,0.043110143,0.36077303,0.004623872,0.023174057,0.32066563
776,0,-3.5395427,0.18695498,-0.58770823,-3.5395427,1.6148258,-0.74139535,0.028207822,0.5466031,0.35716087,0.028207822,0.83408034,0.3226991
777,0,-4.790379,-5.9101353,0.13506839,-4.790379,-4.9283867,-0.9550158,0.008240832,0.0027044856,0.53371584,0.008240832,0.007186156,0.2778772
778,0,-3.2133381,-2.9573975,-0.4349298,-3.2133381,-2.283099,-0.82545424,0.038666856,0.049388047,0.39294976,0.038666856,0.092532404,0.3046071
779,0,1.3362274,0.792397,0.16693673,1.3362274,2.527654,-0.98870903,0.79186887,0.6883458,0.54163754,0.79186887,0.9260579,0.27116713
780,1,5.83519,-0.12663671,-0.47640404,5.83519,0.43533432,-0.6951436,0.99708563,0.46838307,0.38310164,0.99708563,0.60714674,0.33288983
781,1,1.4884942,1.1192633,-0.16050619,1.4884942,3.3370557,-0.7965938,0.81585217,0.75385207,0.45995936,0.81585217,0.9656784,0.31075463
782,0,1.8026577,-0.47385356,-0.15829512,1.8026577,0.15032464,-0.9628744,0.85847217,0.38370454,0.4605087,0.85847217,0.5375106,0.27630305
783,0,-6.7186728,-6.581288,-0.29905978,-6.7186728,-5.690839,-0.68164784,0.0012066828,0.0013841445,0.42578733,0.0012066828,0.0033653951,0.33589363
784,0,-6.8977375,-5.108354,-0.596611,-6.8977375,-4.201322,-0.8080318,0.0010090489,0.006009691,0.3551194,0.0010090489,0.014754799,0.30831006
785,0,0.38614678,0.65970486,-0.5062457,0.38614678,1.3579994,-0.78719634,0.59535474,0.6591941,0.37607402,0.59535474,0.79543436,0.312771
786,1,1.6305187,0.8333793,-0.38339806,1.6305187,2.2912252,-0.78663766,0.8362407,0.697069,0.4053076,0.8362407,0.90814775,0.3128911
787,1,0.58385783,0.6367434,-0.28124464,0.58385783,1.8886043,-0.82003945,0.64195466,0.6540169,0.43014866,0.64195466,0.8685963,0.3057553
788,0,-6.207136,-3.2378056,-0.5835783,-6.207136,-4.522266,-0.73353285,0.0020109476,0.037767556,0.35810965,0.0020109476,0.010747612,0.32441995
789,1,5.744018,2.6718585,-0.013232186,5.744018,6.137056,-0.84598035,0.99680835,0.93534553,0.49669203,0.99680835,0.9978434,0.30027676
790,0,-6.857779,-6.7183027,-0.5425559,-6.857779,-5.5544624,-0.76988375,0.0010501422,0.0012071289,0.3675932,0.0010501422,0.003855228,0.31650427
791,1,5.3023267,1.6474988,-0.22592469,5.3023267,3.7614696,-0.8247844,0.9950447,0.8385527,0.44375783,0.9950447,0.97727877,0.304749
792,0,-2.223362,-2.7174206,-0.30119556,-2.223362,-3.4667258,-0.90932775,0.0976721,0.0619532,0.42526525,0.0976721,0.030273955,0.28713742
793,0,0.9527886,-1.3411074,-0.55284727,0.9527886,-1.7697783,-0.7668976,0.72167563,0.20732802,0.36520407,0.72167563,0.14556989,0.3171506
794,1,0.9548243,-2.281592,-0.55954653,0.9548243,-3.0315452,-0.7627761,0.72208434,0.09265903,0.36365238,0.72208434,0.04602094,0.31804386
795,1,3.9919534,1.4725187,-0.55073446,3.9919534,3.6828134,-0.712782,0.9818711,0.8134399,0.36569402,0.9818711,0.975465,0.3289844
796,1,2.6110063,0.64103645,-0.48170924,2.6110063,2.388079,-0.811044,0.9315666,0.6549877,0.3818486,0.9315666,0.9159137,0.30766806
797,0,4.675245,1.523896,-0.53275985,4.675245,3.3680446,-0.81257224,0.9907629,0.8211115,0.36987343,0.9907629,0.9666908,0.30734265
798,0,2.6556077,1.8159173,-0.34617388,2.6556077,4.3555126,-0.842178,0.9343558,0.86007553,0.41431054,0.9343558,0.9873268,0.30107626
799,0,-3.413929,-1.1352035,-0.59870815,-3.413929,-0.78246236,-0.76466393,0.031862974,0.24320209,0.3546393,0.031862974,0.31378943,0.31763452
800,0,-1.820066,-0.025041372,-0.5086679,-1.820066,1.2762005,-0.7164149,0.13942596,0.49374,0.37550583,0.13942596,0.78180236,0.3281829
801,0,-3.0452638,-3.0745268,-0.49172753,-3.0452638,-3.7024133,-0.870132,0.04542239,0.044170316,0.37948668,0.04542239,0.024070265,0.29522684
802,0,-0.8786604,-1.7298605,-0.612777,-0.8786604,-1.6258354,-0.7862066,0.29345545,0.15060543,0.351426,0.29345545,0.16440168,0.31298378
803,0,-6.3196273,-6.5216107,-0.51025796,-6.3196273,-5.2902703,-0.89516246,0.0017973781,0.0014691358,0.37513304,0.0017973781,0.0050151194,0.29004562
804,1,3.297109,0.61410487,-0.3569627,3.297109,1.7500999,-0.8344686,0.96432954,0.6488766,0.41169497,0.96432954,0.85196537,0.30270103
805,1,2.647575,0.9416053,-0.5942789,2.647575,2.7926698,-0.8785596,0.9338614,0.7194238,0.3556537,0.9338614,0.9422784,0.29347637
806,0,2.681428,-1.4889476,0.00995373,2.681428,-1.5567809,-0.66929626,0.9359218,0.18407974,0.50248843,0.9359218,0.17410904,0.33865443
807,1,-3.034538,-0.789259,0.0649073,-3.034538,-0.5506046,-1.0038797,0.045889724,0.3123278,0.51622117,0.045889724,0.36572418,0.26817933
808,0,-0.813463,-0.60954034,-0.13584776,-0.813463,-0.34903693,-0.9433161,0.30715305,0.35216403,0.46609017,0.30715305,0.41361594,0.28023097
809,1,1.7750132,1.6029351,-0.44732273,1.7750132,3.9490016,-0.85637975,0.85508007,0.8324282,0.3899975,0.85508007,0.9810906,0.29809627
810,1,4.929528,1.5964127,-0.20169078,4.929528,4.184999,-0.9605509,0.992822,0.83151644,0.44974753,0.992822,0.98500603,0.2767679
811,1,6.6344285,2.4808197,-0.24503279,6.6344285,5.8029604,-0.74994195,0.99868745,0.9227863,0.43904647,0.99868745,0.99699044,0.32083395
812,0,-6.0834427,-5.5648174,-0.5077192,-6.0834427,-6.146543,-0.82341754,0.0022751247,0.0038156644,0.37572834,0.0022751247,0.0021362964,0.3050387
813,1,3.0971951,1.1001366,-0.54447496,3.0971951,2.9364893,-0.7223431,0.95677686,0.7502857,0.3671472,0.95677686,0.94962096,0.32687724
814,1,2.8743355,2.381856,-0.581094,2.8743355,5.3479385,-0.767812,0.9465631,0.9154332,0.3586809,0.9465631,0.99526453,0.3169526
815,1,4.8253007,-0.24849235,-0.45127246,4.8253007,0.6933267,-0.7755785,0.9920398,0.4381946,0.38905826,0.9920398,0.66670656,0.31527358
816,1,4.670996,-1.1440558,-0.5778686,4.670996,-0.92740965,-0.87457895,0.9907239,0.24157648,0.3594232,0.9907239,0.28345054,0.2943024
817,0,-2.1935172,-1.7877967,-0.006043911,-2.1935172,-2.7363014,-0.78089213,0.10033417,0.14334306,0.49848902,0.10033417,0.060864963,0.31412762
818,1,4.834748,0.6344936,-0.37354097,4.834748,2.122217,-0.85015607,0.99211407,0.65350765,0.4076857,0.99211407,0.89304394,0.29940012
819,0,-5.797677,-5.9208107,-0.3619356,-5.797677,-5.105733,-0.8121228,0.003025415,0.0026758446,0.41049105,0.003025415,0.0060253693,0.3074383
820,0,0.49676406,-1.43792,-0.4396718,0.49676406,-1.8984272,-0.8572993,0.62169856,0.19186765,0.39181918,0.62169856,0.13028659,0.2979039
821,1,2.4284344,-0.57198757,-0.50734454,2.4284344,-0.3079095,-0.8020855,0.91897,0.36077833,0.37581626,0.91897,0.42362508,0.3095796
822,1,5.6630015,0.8364054,-0.42984098,5.6630015,1.6376127,-0.81362605,0.99653995,0.6977076,0.39416432,0.99653995,0.8372098,0.30711836
823,0,-2.7863784,-0.476506,-0.56679153,-2.7863784,-0.16277681,-0.55129987,0.058064718,0.38307753,0.3619775,0.058064718,0.4593954,0.3655629
824,0,-0.49007118,1.0258139,-0.5661515,-0.49007118,3.0026414,-0.8344646,0.3798768,0.73610353,0.3621253,0.3798768,0.95269334,0.30270186
825,0,1.1767232,-1.3829299,-0.15388867,1.1767232,-1.5867796,-0.77701056,0.7643581,0.20053886,0.46160355,0.7643581,0.16983746,0.31496453
826,0,-2.5431743,-0.932806,-0.5962839,-2.5431743,-0.5950224,-0.7133516,0.072886385,0.28235576,0.35519433,0.072886385,0.35548332,0.32885867
827,1,3.2562637,1.4382781,-0.09400982,3.2562637,3.9572413,-1.0091469,0.9628975,0.8081879,0.47651488,0.9628975,0.9812428,0.26714683
828,1,2.6029687,-0.1756329,-0.15330888,2.6029687,0.374727,-0.60562027,0.9310524,0.4562043,0.46174762,0.9310524,0.5926007,0.35305893
829,1,1.9245796,0.38194668,-0.42359012,1.9245796,1.442113,-0.70801973,0.87264824,0.5943426,0.395658,0.87264824,0.8087816,0.33003655
830,1,3.948142,0.7164409,-0.51698315,3.948142,2.3363078,-0.7222918,0.9810745,0.6718228,0.37355793,0.9810745,0.9118397,0.3268885
831,1,-1.9897456,0.14870459,-0.4454431,-1.9897456,1.2818241,-0.810052,0.120283775,0.53710777,0.3904448,0.120283775,0.7827601,0.30787942
832,1,6.423859,2.2840383,-0.3765819,6.423859,5.6848316,-0.75992405,0.9983802,0.90754646,0.40695155,0.9983802,0.9966144,0.31866276
833,1,3.1945596,1.2635672,-0.4557011,3.1945596,3.5718372,-0.83788705,0.960629,0.7796396,0.38800612,0.960629,0.97266406,0.30197996
834,1,5.890522,0.58307195,-0.4303329,5.890522,2.0495138,-0.74135333,0.9972421,0.64177394,0.39404684,0.9972421,0.8858985,0.32270828
835,0,-4.3593273,-4.794235,-0.5359653,-4.3593273,-3.563112,-0.7715835,0.012625543,0.008209375,0.36912665,0.012625543,0.02756887,0.31613666
836,0,-2.974017,-4.3751073,-0.54973817,-2.974017,-3.989323,-0.6817954,0.048613604,0.0124303335,0.36592516,0.048613604,0.01817577,0.33586073
837,0,-4.3998127,-5.1200056,-0.23607816,-4.3998127,-4.2633314,-0.91294664,0.01213068,0.0059404885,0.44125307,0.01213068,0.013879967,0.28639725
838,0,-0.55749446,-2.7077875,-0.3583976,-0.55749446,-4.239651,-0.8354105,0.3641274,0.06251539,0.4113475,0.3641274,0.014207845,0.30250227
839,0,1.6465484,0.66512173,-0.5609052,1.6465484,2.239554,-0.7712265,0.83842397,0.66041,0.36333802,0.83842397,0.90374565,0.31621385
840,0,-6.510154,-4.6911626,-0.47744626,-6.510154,-4.63122,-0.6964003,0.0014860393,0.009092579,0.38285536,0.0014860393,0.0096488595,0.33261082
841,1,6.8295374,1.8458452,-0.3893665,6.8295374,4.2240143,-0.8880026,0.99891984,0.8636386,0.4038698,0.99891984,0.9855715,0.2915222
842,1,2.664228,-0.4576736,-0.46091017,2.664228,-0.036631525,-0.8510537,0.93488246,0.3875378,0.38676992,0.93488246,0.49084318,0.29921186
843,0,-4.518,-5.7007318,0.082917914,-4.518,-4.606146,-0.8386648,0.010793061,0.0033323765,0.5207176,0.010793061,0.009891431,0.30181608
844,1,-2.040699,-1.262351,-0.38311082,-2.040699,-0.10358484,-0.71772915,0.11499556,0.22056945,0.4053768,0.11499556,0.4741269,0.32789323
845,1,1.6124729,2.0774202,-0.5215934,1.6124729,5.1881866,-0.6989789,0.83375436,0.88868904,0.3724797,0.83375436,0.9944489,0.33203864
846,0,-5.3028817,-6.127014,-0.26243332,-5.3028817,-5.8646507,-0.8147348,0.0049525797,0.0021783342,0.43476564,0.0049525797,0.0028299824,0.30688247
847,1,2.8476136,0.69302595,-0.5051463,2.8476136,2.2101314,-0.70428693,0.94519514,0.66663975,0.376332,0.94519514,0.9011556,0.33086246
848,1,6.1900706,0.9724894,-0.43747938,6.1900706,2.7765512,-0.6945637,0.9979545,0.72561544,0.39234176,0.9979545,0.9413954,0.33301863
849,0,-2.156653,-1.6896071,-0.47268173,-2.156653,-1.6312912,-0.79448164,0.103711165,0.1558275,0.3839817,0.103711165,0.16365355,0.31120718
850,0,0.039295733,0.08394605,-0.29890054,0.039295733,0.9624492,-0.826612,0.50982267,0.5209742,0.42582628,0.50982267,0.72361195,0.30436194
851,0,-6.412421,-5.2459617,-0.61645937,-6.412421,-4.876185,-0.8897676,0.0016383578,0.0052411384,0.35058716,0.0016383578,0.007568336,0.29115778
852,0,-6.102728,-1.5883584,-0.58770823,-6.102728,-2.4016259,-0.74139535,0.0022317658,0.16961499,0.35716087,0.0022317658,0.0830488,0.3226991
853,1,0.67806166,-0.8545393,0.008541502,0.67806166,-0.64336747,-0.85112715,0.663306,0.29848152,0.50213534,0.663306,0.34448573,0.29919648
854,0,-3.312713,-4.638999,0.08550889,-3.312713,-4.4579573,-0.8239738,0.035137627,0.009574806,0.5213642,0.035137627,0.011453308,0.3049208
855,1,4.9001646,1.7389687,-0.29865795,4.9001646,4.346641,-0.8431237,0.9926097,0.850556,0.42588556,0.9926097,0.9872154,0.3008773
856,1,6.018277,1.2592301,-0.29898047,6.018277,3.3201323,-0.8044659,0.997572,0.77889353,0.42580673,0.997572,0.96511304,0.30907106
857,1,-1.4508522,-2.0402858,-0.4830456,-1.4508522,-2.7951083,-0.85534227,0.18987045,0.11503763,0.3815332,0.18987045,0.057589088,0.2983134
858,1,0.58036137,-0.7578114,-0.39830166,0.58036137,-0.42319837,-0.783455,0.64115053,0.31912163,0.40172046,0.64115053,0.39575166,0.31357574
859,0,3.255155,1.019655,-0.50184286,3.255155,2.8891163,-0.77374446,0.96285796,0.73490536,0.37710768,0.96285796,0.9473058,0.31566966
860,0,-4.4234166,-1.9506942,-0.50525546,-4.4234166,-2.4717064,-0.8701721,0.011851055,0.124477684,0.3763064,0.011851055,0.07786562,0.2952185
861,1,3.0104368,0.5529219,-0.3470355,3.0104368,1.9328843,-0.86243474,0.9530434,0.63481325,0.41410148,0.9530434,0.87356836,0.2968309
862,1,2.6309807,-0.473421,-0.51820403,2.6309807,0.16142729,-0.764833,0.9328291,0.38380682,0.3732723,0.9328291,0.54026943,0.31759787
863,0,-5.209709,-2.825375,-0.5637927,-5.209709,-2.0994165,-0.8049449,0.0054335766,0.055968255,0.36267036,0.0054335766,0.10915355,0.30896875
864,1,3.970829,1.4438481,-0.54264647,3.970829,3.8637342,-0.7793671,0.9814912,0.80904984,0.3675722,0.9814912,0.97944206,0.3144563
865,0,-1.0912344,-1.7448606,-0.49727947,-1.0912344,-1.7878073,-0.663677,0.2513859,0.14869659,0.3781802,0.2513859,0.14334175,0.3399141
866,1,1.2795165,0.5027617,-0.22036633,1.2795165,1.8646172,-0.77675426,0.78236747,0.6231081,0.44513026,0.78236747,0.86583424,0.31501985
867,1,5.5363874,1.5219972,-0.2875577,5.5363874,4.3294077,-0.7712934,0.9960748,0.8208324,0.4286019,0.9960748,0.98699594,0.31619936
868,1,1.9280063,1.4569241,-0.5014013,1.9280063,3.9474611,-0.7438723,0.87302864,0.81106174,0.3772114,0.87302864,0.9810619,0.32215795
869,1,3.433446,0.3763783,-0.2576038,3.433446,1.1487918,-0.8598838,0.9687336,0.5929993,0.43595284,0.9687336,0.75929016,0.2973636
870,0,1.4372764,-1.3979782,-0.54729253,1.4372764,-1.3492273,-0.82201695,0.8080325,0.19813713,0.36649278,0.8080325,0.2059967,0.30533567
871,0,-6.513281,-6.9082932,-0.101455346,-6.513281,-6.054432,-0.9361178,0.0014814064,0.0009984643,0.4746579,0.0014814064,0.0023419377,0.28168517
872,1,2.9143536,-0.06436996,-0.5835525,2.9143536,0.68557125,-0.835894,0.9485515,0.48391306,0.35811558,0.9485515,0.664981,0.30240026
873,0,-4.422846,-4.4622774,-0.58114296,-4.422846,-3.2512717,-0.7580484,0.01185774,0.0114044985,0.3586696,0.01185774,0.037281215,0.31907013
874,1,4.8721113,1.6837015,-0.50059885,4.8721113,4.509179,-0.7474735,0.992401,0.84339404,0.37739992,0.992401,0.9891123,0.32137206
875,0,-4.57007,-2.995988,-0.5263481,-4.57007,-3.7910988,-0.72901493,0.010251064,0.047607455,0.37136903,0.010251064,0.02207259,0.32541093
876,1,2.634914,1.0361415,-0.52972853,2.634914,3.5574436,-0.6906891,0.9330751,0.7381048,0.37058023,0.9330751,0.9722787,0.3338798
877,1,-1.8281107,-3.0154579,-0.07717545,-1.8281107,-2.9010093,-0.81546783,0.1384635,0.046732403,0.4807157,0.1384635,0.052103687,0.30672657
878,0,-1.3395951,-1.8134444,-0.51042366,-1.3395951,-2.1716375,-0.77542484,0.20757666,0.14022236,0.3750942,0.20757666,0.10232652,0.31530678
879,1,-4.74947,-2.8894958,-0.50581825,-4.74947,-2.1501486,-0.8350783,0.008581991,0.052675273,0.37617433,0.008581991,0.10431733,0.30257237
880,0,-4.8645344,-5.131292,-0.25198835,-4.8645344,-4.7996874,-0.96369004,0.0076563484,0.0058742114,0.43733415,0.0076563484,0.008165102,0.27614
881,1,1.8488296,-0.57933867,0.20536703,1.8488296,0.014393479,-0.779609,0.8639896,0.35908476,0.55116206,0.8639896,0.5035983,0.31440416
882,1,4.15921,-0.5079688,0.086334266,4.15921,-0.16772234,-0.93878627,0.98462033,0.37566984,0.52157015,0.98462033,0.45816746,0.28114557
883,1,4.8594427,2.3718426,-0.3216988,4.8594427,4.7821684,-0.8128474,0.99230486,0.9146548,0.42026177,0.99230486,0.9916918,0.30728406
884,0,-5.97713,-1.9697349,-0.5732628,-5.97713,-1.5369722,-0.75474894,0.002529679,0.12241737,0.3604843,0.002529679,0.17697586,0.31978738
885,0,-2.0637958,-0.6106633,-0.5983992,-2.0637958,-0.43184736,-0.83995306,0.11266579,0.35190794,0.35471,0.11266579,0.39368528,0.30154467
886,0,0.5070311,-1.3377742,-0.524766,0.5070311,-1.6105473,-0.77674145,0.6241102,0.20787634,0.37173843,0.6241102,0.16651264,0.31502262
887,1,-3.0500853,-0.9128741,-0.115476996,-3.0500853,-0.5854191,-0.9151394,0.04521379,0.28641206,0.47116274,0.04521379,0.3576866,0.28594932
888,0,1.6547266,-1.4009469,-0.52183914,1.6547266,-1.5352843,-0.70773256,0.8395288,0.1976659,0.37242228,0.8395288,0.17722183,0.33010006
889,1,1.7952654,-1.3055754,-0.39629525,1.7952654,-1.6487466,-0.73430395,0.85757166,0.21322818,0.40220276,0.85757166,0.16127843,0.32425097
890,1,2.480799,0.512308,-0.2900388,2.480799,1.6354601,-0.82705116,0.92278475,0.6253473,0.4279944,0.92278475,0.8369162,0.30426896
891,1,2.7461853,2.1651492,-0.58464783,2.7461853,5.112371,-0.76397693,0.93969756,0.8970759,0.35786384,0.93969756,0.9940143,0.31778345
892,0,-0.03233923,-2.7839732,-0.43833238,-0.03233923,-3.0733988,-0.859202,0.49191588,0.0581964,0.39213842,0.49191588,0.04421796,0.2975061
893,0,-5.3516793,-5.411662,-0.4945117,-5.3516793,-4.7952104,-0.84169173,0.004717821,0.0044443733,0.37883127,0.004717821,0.008201439,0.3011786
894,1,4.5810475,1.537141,-0.14508913,4.5810475,4.188853,-0.8490766,0.98985976,0.8230487,0.4637912,0.98985976,0.98506284,0.2996266
895,1,2.9391212,1.0946915,-0.5313156,2.9391212,3.1771958,-0.7418209,0.9497468,0.7492642,0.37021008,0.9497468,0.9599671,0.32260612
896,0,-1.2880858,1.2790071,-0.3940857,-1.2880858,3.3297777,-0.83417594,0.21617699,0.7822807,0.40273413,0.21617699,0.96543634,0.3027628
897,0,-2.7664409,-2.5977964,-0.5806443,-2.7664409,-2.3051891,-0.81423944,0.059164822,0.06928037,0.35878435,0.059164822,0.09069411,0.30698782
898,0,-1.1094241,-2.5406642,-0.536581,-1.1094241,-3.2383788,-0.8135665,0.24797827,0.07305618,0.3689833,0.24797827,0.03774673,0.30713102
899,1,3.7825108,1.505584,-0.421004,3.7825108,3.926912,-0.80970085,0.97774124,0.8184058,0.3962765,0.97774124,0.9806763,0.30795422
900,0,1.6320915,0.6629967,-0.40008238,1.6320915,1.7040935,-0.8120004,0.836456,0.6599332,0.40129253,0.836456,0.8460686,0.3074644
901,1,6.9969716,2.4267538,-0.28937766,6.9969716,5.6159205,-0.8463623,0.99908614,0.91884476,0.42815623,0.99908614,0.9963737,0.3001965
902,0,-6.816577,-6.923024,-0.5100878,-6.816577,-5.222743,-0.8084185,0.0010942656,0.0009838782,0.37517294,0.0010942656,0.0053635933,0.3082276
903,0,-1.3786151,0.2663072,-0.60106385,-1.3786151,1.4969115,-0.70964646,0.20123152,0.5661861,0.35410035,0.20123152,0.8171134,0.32967696
904,1,1.8511074,1.6681533,-0.37783802,1.8511074,4.302603,-0.81941783,0.8642571,0.84132946,0.40664846,0.8642571,0.9866475,0.30588725
905,0,0.23994344,-2.9228806,-0.36199287,0.23994344,-3.1132853,-0.792538,0.5596997,0.05103401,0.41047722,0.5596997,0.042562563,0.311624
906,0,-3.502629,-1.5263376,-0.5629052,-3.502629,-2.1490972,-0.72836965,0.029237518,0.17853016,0.36287552,0.029237518,0.10441561,0.3255526
907,1,0.22300658,0.7472334,-0.5962945,0.22300658,1.9456531,-0.7008413,0.5555217,0.6785756,0.3551919,0.5555217,0.87497187,0.33162573
908,1,0.84951717,1.7096555,-0.5624308,0.84951717,4.3520255,-0.78463876,0.70046586,0.8467916,0.36298522,0.70046586,0.9872831,0.313321
909,0,-1.5627761,-2.1822548,-0.52904546,-1.5627761,-2.157566,-0.7379662,0.17324866,0.101355374,0.37073955,0.17324866,0.103626326,0.32344905
910,1,5.2658873,1.1351349,-0.44508818,5.2658873,2.9843354,-0.7632518,0.99486166,0.75678533,0.39052925,0.99486166,0.9518614,0.31794068
911,1,6.347548,1.8881052,0.16016647,6.347548,4.443033,-0.87159765,0.998252,0.86853933,0.5399563,0.998252,0.98837644,0.29492196
912,1,3.7732582,0.9327644,-0.45844215,3.7732582,2.5689108,-0.7937845,0.977539,0.71763575,0.38735545,0.977539,0.9288338,0.31135663
913,1,5.828082,0.9369036,-0.2902426,5.828082,2.7619076,-0.7858968,0.9970649,0.7184738,0.42794445,0.9970649,0.94058233,0.3130504
914,0,-6.567493,-4.819346,-0.54983246,-6.567493,-4.232316,-0.7598209,0.0014033441,0.008007429,0.3659033,0.0014033441,0.014310949,0.31868517
915,1,2.48254,1.2081892,0.039431214,2.48254,3.1403036,-0.9075322,0.9229087,0.7699784,0.5098565,0.9229087,0.958525,0.28750506
916,1,0.39026746,-1.2839506,-0.24111764,0.39026746,-1.3249508,-0.8509234,0.5963471,0.2168785,0.44001094,0.5963471,0.20999579,0.2992392
917,1,1.8883163,0.857383,-0.27426413,1.8883163,2.6674976,-0.7931727,0.8685634,0.7021136,0.43186057,0.8685634,0.9350813,0.31148785
918,1,1.5880004,0.4316389,-0.5614908,1.5880004,1.9389275,-0.7574893,0.8303346,0.60626495,0.36320257,0.8303346,0.87423426,0.3191916
919,0,-0.6693317,0.21398011,-0.55008256,-0.6693317,1.2452507,-0.7379725,0.33864647,0.55329186,0.36584526,0.33864647,0.7764766,0.32344767
920,1,1.1497555,0.7593061,-0.44380495,1.1497555,2.5222821,-0.86328685,0.7594663,0.681203,0.39083472,0.7594663,0.92568916,0.2966531
921,0,4.670119,1.05633,-0.2832306,4.670119,3.0213225,-0.9630236,0.99071586,0.74198854,0.42966193,0.99071586,0.95352817,0.27627322
922,0,-0.97453165,-0.020835012,-0.56716067,-0.97453165,0.71310925,-0.83889574,0.27397817,0.49479145,0.36189225,0.27397817,0.67108786,0.3017674
923,1,5.2245398,0.4896123,-0.54566115,5.2245398,1.62812,-0.68982875,0.99464595,0.6200151,0.36687163,0.99464595,0.8359119,0.33407116
924,1,6.951149,1.0673025,-0.24200511,6.951149,3.119358,-0.73871565,0.9990434,0.7440836,0.43979225,0.9990434,0.9576842,0.32328507
925,1,4.1891623,0.2011759,-0.51534235,4.1891623,1.2156887,-0.8140022,0.98506737,0.55012506,0.373942,0.98506737,0.77130395,0.3070383
926,1,-3.988408,-1.5269449,-0.49340284,-3.988408,-2.3265617,-0.8012832,0.018192101,0.1784411,0.37909225,0.018192101,0.08894689,0.3097511
927,0,2.2788162,0.010069221,-0.4393062,2.2788162,0.79477745,-0.81632924,0.9071074,0.5025173,0.39190626,0.9071074,0.68885624,0.3065434
928,1,4.445759,0.6440962,0.31391406,4.445759,2.2978182,-0.90027255,0.9884078,0.6556788,0.5778404,0.9884078,0.9086962,0.2889945
929,0,1.6453847,-1.7082167,-0.5159037,1.6453847,-1.7920468,-0.80409527,0.8382663,0.15339516,0.37381056,0.8382663,0.14282197,0.3091502
930,0,-4.938319,-5.8447766,-0.11889972,-4.938319,-5.1047754,-0.96098536,0.007115639,0.0028866245,0.47031003,0.007115639,0.0060311067,0.27668095
931,0,1.1239758,-0.34745905,-0.51333326,1.1239758,0.2466735,-0.91168606,0.75472546,0.41399872,0.37441248,0.75472546,0.5613576,0.28665492
932,1,-0.25220242,-1.2960299,-0.13753304,-0.25220242,-0.9825529,-1.025765,0.43728146,0.21483392,0.46567085,0.43728146,0.27238554,0.263906
933,0,-3.7436285,-2.6017284,-0.5617933,-3.7436285,-3.3037872,-0.72765744,0.023120843,0.06902727,0.3631326,0.023120843,0.035441495,0.32570902
934,1,3.6487968,0.91431224,-0.30747592,3.6487968,3.0284493,-0.856367,0.97463757,0.7138818,0.42373094,0.97463757,0.95384294,0.29809895
935,0,1.8390249,-0.8602184,-0.54741085,1.8390249,-0.59231704,-0.71876067,0.8628333,0.29729372,0.3664653,0.8628333,0.3561034,0.32766595
936,0,-4.8969107,-5.517393,-0.44723967,-4.8969107,-4.9009285,-0.79247785,0.0074142423,0.004000238,0.39001724,0.0074142423,0.0073847324,0.3116369
937,1,-3.127058,-2.0717046,-0.5059683,-3.127058,-2.5037866,-0.85431445,0.042004835,0.11187756,0.37613913,0.042004835,0.07559315,0.29852858
938,1,0.82560176,1.033502,-0.5040964,0.82560176,3.0221012,-0.92335445,0.69542414,0.73759425,0.37657848,0.69542414,0.9535627,0.28427488
939,1,2.0595465,0.0765432,-0.37152165,2.0595465,1.2983268,-0.7647928,0.8869087,0.5191265,0.40817338,0.8869087,0.7855532,0.3176066
940,0,2.8865361,1.4846671,-0.5716872,2.8865361,3.7246318,-0.7702851,0.9471768,0.8152765,0.3608476,0.9471768,0.97644615,0.31641743
941,1,4.244723,0.661971,-0.2487736,4.244723,1.823717,-0.8350038,0.98586303,0.659703,0.43812537,0.98586303,0.8610115,0.3025881
942,1,4.0146184,0.5772515,-0.4048535,4.0146184,2.0036533,-0.9583103,0.9822702,0.64043474,0.4001468,0.9822702,0.8811801,0.2772166
943,1,-1.2774109,-0.9838143,-0.5488175,-1.2774109,-1.4254084,-0.74445367,0.21799128,0.2721356,0.3661388,0.21799128,0.19381513,0.32203102
944,1,1.9243773,-1.1106963,-0.44175735,1.9243773,-1.2892296,-0.88671833,0.87262577,0.2477411,0.3913223,0.87262577,0.21598326,0.2917875
945,0,2.3867395,-1.2459493,-0.5765295,2.3867395,-1.3807182,-0.77995837,0.91581047,0.22340211,0.35973155,0.91581047,0.20089367,0.31432885
946,1,1.9181556,-0.5762404,-0.38779563,1.9181556,0.17702517,-0.8390701,0.87193257,0.35979813,0.40424806,0.87193257,0.54414105,0.30173066
947,1,4.131443,1.2017446,-0.38859293,4.131443,2.8131773,-0.76857823,0.9841942,0.768835,0.40405607,0.9841942,0.94338375,0.31678674
948,0,-5.2179937,-4.5035896,-0.25378573,-5.2179937,-5.4353256,-1.0070505,0.0053889896,0.010948006,0.4368919,0.0053889896,0.0043408894,0.26755744
949,1,-1.2720599,-0.44372323,-0.5275213,-1.2720599,-0.3627748,-0.8127242,0.21890482,0.39085415,0.37109518,0.21890482,0.41028804,0.30731028
950,0,2.4772298,-0.6950665,-0.5714714,2.4772298,-0.52127594,-0.7783986,0.92253006,0.33290696,0.3608974,0.92253006,0.37255394,0.31466514
951,0,1.5967808,-1.0041375,-0.51832294,1.5967808,-1.4151413,-0.95203865,0.83156794,0.26812872,0.37324446,0.83156794,0.1954244,0.27847502
952,1,3.7166312,-0.69312024,-0.4798169,3.7166312,-0.5226575,-0.77265304,0.9762615,0.33333933,0.38229537,0.9762615,0.37223107,0.31590545
953,1,0.48045373,1.0633271,-0.5278598,0.48045373,2.9141536,-0.8487752,0.617855,0.7433259,0.3710162,0.617855,0.9485417,0.29968983
954,0,-1.2902074,-0.9382441,-0.5525049,-1.2902074,-0.8684141,-0.6812128,0.2158177,0.28125516,0.36528346,0.2158177,0.29558438,0.33599067
955,0,-0.69841564,-2.8313918,-0.49639907,-0.69841564,-3.9938107,-0.77956164,0.33216357,0.055651207,0.37838727,0.33216357,0.018095857,0.31441435
956,0,3.8775845,0.7261697,-0.16765594,3.8775845,2.3684568,-0.82039726,0.97971904,0.67396414,0.4581839,0.97971904,0.91439015,0.30567935
957,1,3.599553,1.6349089,-0.056982398,3.599553,4.094572,-0.8363,0.9733915,0.836841,0.48575827,0.9733915,0.9836103,0.3023146
958,1,4.2591615,0.8952329,-0.114570655,4.2591615,2.7080648,-0.69174105,0.9860628,0.70996886,0.47138864,0.9860628,0.9375009,0.3336459
959,1,4.8612823,0.27292907,-0.45719427,4.8612823,1.4655737,-0.7318447,0.9923189,0.56781185,0.38765165,0.9923189,0.81238365,0.32479006
960,0,0.5311576,-0.5186667,-0.090211496,0.5311576,0.05377704,-0.922127,0.62975305,0.37316406,0.4774624,0.62975305,0.513441,0.2845247
961,1,6.8003902,2.680662,-0.31475872,6.8003902,6.274965,-0.7626984,0.99888796,0.93587583,0.4219536,0.99888796,0.9981206,0.3180607
962,0,1.7129948,1.0075893,0.15222692,1.7129948,3.020886,-0.79488444,0.84722435,0.7325481,0.53798336,0.84722435,0.9535088,0.31112084
963,0,0.018971816,-1.6836908,-0.52224326,0.018971816,-1.1382501,-0.65904313,0.5047428,0.15660736,0.37232783,0.5047428,0.24264179,0.3409546
964,0,4.749803,0.46067706,-0.35597858,4.749803,1.5905651,-0.9867226,0.99142087,0.6131748,0.41193336,0.99142087,0.83069557,0.27155992
965,1,4.0647554,0.121684134,-0.3316757,4.0647554,0.7866473,-0.77571106,0.9831225,0.5303836,0.41783294,0.9831225,0.68711096,0.315245
966,0,3.1290147,1.3115901,-0.42634994,3.1290147,3.2587106,-0.82512826,0.95807385,0.78777915,0.39499825,0.95807385,0.9629848,0.30467618
967,0,-4.1418743,0.3874205,-0.58770823,-4.1418743,1.6881174,-0.74139535,0.015644398,0.5956616,0.35716087,0.015644398,0.8439764,0.3226991
968,0,-1.5024548,-1.8553654,-0.16436547,-1.5024548,-2.2586894,-0.8378819,0.18205969,0.13524416,0.45900086,0.18205969,0.09460256,0.30198106
969,1,5.660056,0.97050434,-0.3337587,5.660056,2.6646764,-0.8028488,0.99652976,0.72521996,0.41732636,0.99652976,0.93490976,0.30941647
970,1,5.6390266,0.6099274,-0.4697975,5.6390266,2.4137602,-0.78547287,0.9964562,0.64792424,0.38466418,0.9964562,0.9178705,0.31314155
971,0,0.9381993,-1.095809,-0.6194956,0.9381993,-1.4604049,-0.8453852,0.71873575,0.25052598,0.34989616,0.71873575,0.1884054,0.3004018
972,0,4.4598713,0.76361215,0.0885995,4.4598713,2.4009664,-0.9823542,0.9885683,0.6821375,0.5221354,0.9885683,0.916901,0.2724249
973,1,3.270103,0.60341513,-0.53428704,3.270103,2.0922306,-0.80899286,0.9633888,0.6464372,0.36951756,0.9633888,0.8901457,0.30810514
974,0,-3.2197318,-4.279376,-0.48374602,-3.2197318,-3.8088503,-0.7528343,0.038429897,0.013662064,0.38136798,0.038429897,0.021692652,0.32020405
975,1,0.8446232,-2.5215485,-0.41312513,0.8446232,-3.6320713,-0.7506501,0.69943804,0.07436129,0.398163,0.69943804,0.025779167,0.32067966
976,1,3.3171327,1.1393762,-0.52723074,3.3171327,3.3660374,-0.7427372,0.9650119,0.7575651,0.371163,0.9650119,0.96662605,0.3224059
977,0,4.1439295,1.184463,-0.47970757,4.1439295,2.8487875,-0.88244754,0.98438716,0.76574934,0.38232115,0.98438716,0.945256,0.29267085
978,1,3.9846005,0.8793925,-0.5028732,3.9846005,2.7822843,-0.74005723,0.98173976,0.7066963,0.37686568,0.98173976,0.941711,0.32299164
979,0,-7.0507317,-7.3466654,-0.037751794,-7.0507317,-5.885322,-0.71882856,0.0008660238,0.0006443233,0.49056318,0.0008660238,0.0027722442,0.327651
980,0,-6.0124745,-6.0271997,-0.45078292,-6.0124745,-4.543231,-0.77443945,0.002442045,0.0024064344,0.38917464,0.002442045,0.01052698,0.31551954
981,0,-1.7046344,-1.0697682,-0.5638419,-1.7046344,-1.4350724,-0.708227,0.15386096,0.25544718,0.36265898,0.15386096,0.19230957,0.32999074
982,0,2.297854,-0.3872893,-0.5185702,2.297854,0.34671333,-0.6977445,0.90869915,0.40437004,0.37318665,0.90869915,0.5858204,0.3323125
983,1,3.470932,-1.949443,0.49927464,3.470932,-1.7722487,-0.8742092,0.96984935,0.124614105,0.6222888,0.96984935,0.1452629,0.2943792
984,0,-2.6753848,-2.0115008,-0.5390532,-2.6753848,-2.2367177,-0.71580553,0.06444156,0.11800068,0.36840788,0.06444156,0.09650134,0.3283173
985,1,4.2264986,0.35695148,-0.54820836,4.2264986,1.6016474,-0.68638563,0.9856068,0.58830225,0.36628014,0.9856068,0.8322485,0.3348376
986,1,-0.108632945,0.6766317,-0.45231432,-0.108632945,2.2959166,-0.8036278,0.4728684,0.6629865,0.38881066,0.4728684,0.90853834,0.30925006
987,0,-6.727474,-6.083273,-0.5826268,-6.727474,-4.881213,-0.70142263,0.0011961216,0.00227551,0.35832837,0.0011961216,0.0075306618,0.33149686
988,0,-3.0924354,-2.1362875,-0.53054094,-3.0924354,-2.0835814,-0.66953266,0.043420367,0.10561958,0.37039074,0.043420367,0.11070289,0.3386015
989,0,2.684631,0.26315132,-0.41655567,2.684631,1.2665243,-0.95387244,0.93611366,0.5654108,0.39734125,0.93611366,0.78014714,0.2781067
990,0,-2.2845888,-1.5552022,-0.47076005,-2.2845888,-1.9659173,-0.8168428,0.092407376,0.17433617,0.3844364,0.092407376,0.12282809,0.30643427
991,1,0.08154422,-0.620016,-0.5578408,0.08154422,0.12792876,-0.7910029,0.5203748,0.34977782,0.36404717,0.5203748,0.5319386,0.31195337
992,1,0.22153005,0.6620558,-0.3871544,0.22153005,2.2435522,-0.88159174,0.55515707,0.659722,0.4044025,0.55515707,0.9040929,0.29284805
993,1,3.274415,1.0931332,-0.54863596,3.274415,3.165831,-0.88429683,0.96354055,0.7489713,0.36618093,0.96354055,0.95952797,0.29228815
994,1,5.343262,0.98674303,-0.5327292,5.343262,3.2571535,-0.852957,0.9952425,0.7284441,0.36988056,0.9952425,0.9629293,0.29881293
995,1,-1.3803967,-0.5802207,-0.37478387,-1.3803967,-0.18779388,-0.85861397,0.2009453,0.3588818,0.40738556,0.2009453,0.45318905,0.297629
996,0,-6.254739,-5.614791,-0.4735641,-6.254739,-5.7597733,-0.6983776,0.0019176434,0.003630344,0.38377306,0.0019176434,0.003141923,0.33217204
997,0,-6.9753256,-6.800129,-0.50872433,-6.9753256,-5.757297,-0.84156466,0.0009337892,0.0011123928,0.37549263,0.0009337892,0.0031496887,0.30120534
998,1,4.981253,1.7228487,-0.5076084,4.981253,4.2894335,-0.7847938,0.9931813,0.84849536,0.37575433,0.9931813,0.98647285,0.31328765
999,1,2.9703102,-0.8731723,-0.48599362,2.9703102,-0.79262215,-0.88448316,0.9512147,0.29459465,0.38083783,0.9512147,0.31160593,0.29224962
1000,1,3.161285,1.4387178,-0.1327537,3.161285,4.344795,-0.92883563,0.95935106,0.80825603,0.46686023,0.95935106,0.98719203,0.283161
1001,1,1.9262545,0.7017127,-0.53989303,1.9262545,2.4700508,-0.71104944,0.8728343,0.6685674,0.3682125,0.8728343,0.9220154,0.329367
1002,1,2.8424857,-1.6947376,-0.42653787,2.8424857,-2.4277556,-0.8332323,0.944929,0.15515383,0.39495334,0.944929,0.08108053,0.30296203
1003,1,2.254387,0.1928843,0.9028584,2.254387,1.1776375,-0.8167306,0.9050282,0.54807216,0.7115365,0.9050282,0.76452273,0.30645812
1004,0,-3.9899492,-3.9459167,-0.5261976,-3.9899492,-2.9314656,-0.8588494,0.018164596,0.01896679,0.37140417,0.018164596,0.050619844,0.2975798
1005,0,-6.473623,-2.6490912,-0.58770823,-6.473623,-2.8486872,-0.74139535,0.0015412443,0.066045046,0.35716087,0.0015412443,0.05474922,0.3226991
1006,1,-0.25467166,-0.5466057,-0.44440097,-0.25467166,-0.22830975,-0.8573556,0.43667397,0.36665228,0.39069283,0.43667397,0.4431692,0.29789212
1007,0,-0.66414225,-0.3820167,-0.42329127,-0.66414225,0.11991912,-0.9356642,0.33980972,0.40564057,0.39572945,0.33980972,0.5299439,0.281777
1008,0,1.7039746,0.36764872,-0.3762868,1.7039746,1.1796286,-0.7628421,0.8460531,0.5908907,0.4070228,0.8460531,0.7648811,0.31802952
1009,0,-5.7705517,-5.8723507,-0.5203088,-5.7705517,-4.82001,-0.8237158,0.0031083452,0.0028083364,0.37278003,0.0031083452,0.008002154,0.30497545
1010,1,3.8448122,0.658996,-0.39925992,3.8448122,2.1156387,-0.77040154,0.97905755,0.65903485,0.40149018,0.97905755,0.8924139,0.31639227
1011,1,0.8841468,-1.2654537,-0.2594336,0.8841468,-1.269659,-1.0414907,0.70768076,0.22003649,0.43550295,0.70768076,0.2193156,0.26086247
1012,1,2.3897378,-0.21894468,0.21447007,2.3897378,0.3224542,-0.6429845,0.91604143,0.44548145,0.553413,0.91604143,0.57992226,0.3445722
1013,1,3.3969092,0.21582617,-0.50432813,3.3969092,1.2735751,-0.9079567,0.9676078,0.5537481,0.3765241,0.9676078,0.7813541,0.28741813
1014,0,-0.6679199,-1.5509675,-0.22799054,-0.6679199,-1.9357297,-0.828742,0.33896276,0.17494658,0.44324797,0.33896276,0.12611774,0.30391112
1015,0,6.0142226,0.7902982,-0.10978691,6.0142226,2.2733881,-0.7498833,0.99756217,0.68789536,0.47258082,0.99756217,0.90664893,0.3208467
1016,0,-1.8888512,-4.2825694,-0.51113147,-1.8888512,-4.101451,-0.77069116,0.13137552,0.0136191,0.37492833,0.13137552,0.016279247,0.31632963
1017,1,5.8052874,1.3584194,-0.4991253,5.8052874,3.2763982,-0.77530515,0.9969975,0.7955027,0.37774625,0.9969975,0.9636102,0.31533262
1018,1,6.8081284,1.7873182,-0.5622855,6.8081284,4.2076845,-0.68378854,0.9988965,0.8565982,0.3630188,0.9988965,0.98533744,0.33541626
1019,1,1.6398048,-2.0760305,-0.24430613,1.6398048,-2.2552528,-0.7449018,0.8375084,0.11144845,0.4392254,0.8375084,0.09489733,0.32193318
1020,0,1.070653,-0.27618337,-0.41773862,1.070653,0.6071912,-0.8707751,0.74472106,0.43138972,0.397058,0.74472106,0.6472998,0.29509303
1021,1,4.2265787,0.752993,-0.35395432,4.2265787,1.9912606,-0.79543424,0.98560786,0.6798305,0.41242382,0.98560786,0.87987643,0.31100303
1022,0,1.8391979,0.9874085,-0.5233427,1.8391979,2.5472116,-0.8970084,0.8628538,0.72857577,0.3720709,0.8628538,0.927386,0.28966564
1023,0,-0.3102037,-1.4248133,-0.31107455,-0.3102037,-2.1891813,-0.82874817,0.42306504,0.19390813,0.42285246,0.42306504,0.100726224,0.30390984
1024,1,4.6293874,1.5966885,-0.4998101,4.6293874,3.9694457,-0.7060549,0.9903336,0.83155507,0.3775853,0.9903336,0.98146605,0.33047113
1025,1,4.6764555,2.6705728,-0.5170284,4.6764555,6.3995857,-0.6997098,0.990774,0.93526775,0.37354735,0.990774,0.9983405,0.33187658
1026,1,3.0167825,-0.244677,-0.4310723,3.0167825,0.38672236,-0.71828115,0.9533265,0.4391341,0.3938703,0.9533265,0.59549344,0.3277716
1027,1,-0.5806974,-1.4204409,-0.3359784,-0.5806974,-1.1496322,-0.84800005,0.35877213,0.19459249,0.41678673,0.35877213,0.24055627,0.29985258
1028,0,1.6542196,-0.68605435,-0.22686775,1.6542196,-0.4771344,-0.73333573,0.8394605,0.33491138,0.44352508,0.8394605,0.38292903,0.32446316
1029,1,6.289402,0.9845658,-0.38344935,6.289402,2.5768938,-0.76991767,0.9981476,0.7280132,0.40529525,0.9981476,0.9293596,0.3164969
1030,1,0.50998783,-0.9956322,-0.4469855,0.50998783,-1.4486687,-0.82776797,0.62480366,0.26980105,0.39007774,0.62480366,0.19020653,0.3041172
1031,1,2.7501297,0.5145797,-0.40800744,2.7501297,1.2727876,-0.8077387,0.9399207,0.62587947,0.39938998,0.9399207,0.78121954,0.30837256
1032,0,-2.0972881,-1.8172516,-0.55299044,-2.0972881,-2.8106546,-0.6808001,0.10936068,0.13976398,0.3651709,0.10936068,0.056751125,0.33608276
1033,1,-0.87282073,-0.32001847,-0.52489746,-0.87282073,0.1578156,-0.81160593,0.2946677,0.42067125,0.37170777,0.2946677,0.5393722,0.30754837
1034,0,-2.119727,-3.3085945,-0.08481629,-2.119727,-2.6360674,-0.96555734,0.10719421,0.035277523,0.4788086,0.10719421,0.06685294,0.2757669
1035,0,4.5134754,-0.14702174,-0.48642844,4.5134754,0.5591414,-0.67330503,0.9891585,0.46331063,0.38073528,0.9891585,0.63625383,0.3377572
1036,1,6.0617566,1.069007,-0.5370976,6.0617566,3.285527,-0.7083241,0.9976751,0.7444081,0.36886302,0.9976751,0.96392894,0.3299693
1037,1,2.8118086,0.16126367,-0.21800736,2.8118086,1.4122012,-0.8194599,0.94331056,0.5402288,0.445713,0.94331056,0.8041129,0.3058783
1038,1,2.4273257,-1.377739,-0.15402094,2.4273257,-1.0525019,-0.7523768,0.91888744,0.20137239,0.4615707,0.91888744,0.25874496,0.32030362
1039,1,5.5251484,2.312127,-0.45148918,5.5251484,5.20652,-0.83586127,0.9960305,0.90987647,0.38900676,0.9960305,0.9945491,0.30240718
1040,1,4.2523203,-0.3273201,-0.40522122,4.2523203,0.22299373,-0.82780707,0.9859685,0.41889283,0.40005854,0.9859685,0.55551857,0.30410895
1041,0,1.8211765,0.011380956,-0.15630874,1.8211765,0.7299984,-0.8546546,0.8607073,0.5028452,0.4610022,0.8607073,0.6748049,0.29845735
1042,0,-2.82867,-1.6401548,-0.37273845,-2.82867,-2.0437977,-0.9705665,0.05579442,0.16244398,0.4078795,0.05579442,0.11468059,0.2747676
1043,1,5.1700478,1.5499471,-0.54914224,5.1700478,4.3553977,-0.7660786,0.9943479,0.8249061,0.36606342,0.9943479,0.98732543,0.317328
1044,0,-4.765752,-4.6765347,-0.019281797,-4.765752,-3.623392,-0.9627432,0.008444564,0.009225326,0.4951797,0.008444564,0.025998041,0.2763293
1045,0,-6.7476606,-7.0165634,-0.50031793,-6.7476606,-5.7064095,-0.79222965,0.0011722462,0.0008960988,0.37746596,0.0011722462,0.0033135721,0.31169012
1046,0,0.80635,-0.17630407,-0.5594088,0.80635,0.4582842,-0.71092176,0.69133115,0.45603782,0.3636843,0.69133115,0.61260706,0.3293952
1047,1,3.2251625,-0.20435122,-0.44129667,3.2251625,0.26595947,-0.7484795,0.96177036,0.44908923,0.39143205,0.96177036,0.5661007,0.32115272
1048,1,3.5299945,0.79156363,-0.36375824,3.5299945,2.7117205,-0.7844705,0.97152925,0.688167,0.4100501,0.97152925,0.9377147,0.3133572
1049,1,1.0418217,-0.4147547,-0.5086175,1.0418217,0.16124219,-0.7783398,0.73920137,0.3977726,0.37551767,0.73920137,0.5402234,0.3146778
1050,0,-7.589132,-6.8032055,-0.5707123,-7.589132,-5.6199703,-0.7374343,0.00050566427,0.0011089795,0.36107248,0.00050566427,0.0036116573,0.32356542
1051,1,0.6246332,-1.349006,-0.3939063,0.6246332,-2.2811518,-0.7464442,0.6512715,0.20603292,0.40277728,0.6512715,0.09269604,0.32159656
1052,1,5.6618443,2.450164,-0.504549,5.6618443,5.8776464,-0.72488356,0.9965359,0.9205735,0.3764722,0.9965359,0.9972064,0.32631847
1053,0,-4.264919,-4.44592,-0.55593777,-4.264919,-5.4874144,-0.71118176,0.013858258,0.011590401,0.36448792,0.013858258,0.0041214745,0.32933775
1054,0,-6.095233,-5.5099454,-0.46662283,-6.095233,-5.112073,-0.7438884,0.002248518,0.0040300214,0.3854159,0.002248518,0.0059875175,0.32215443
1055,0,4.905504,1.8080244,-0.4631814,4.905504,4.655617,-0.74820334,0.99264866,0.85912293,0.3862314,0.99264866,0.9905815,0.32121292
1056,1,-0.7292981,1.4555955,-0.54859644,-0.7292981,3.4363375,-1.0048413,0.32534876,0.8108581,0.3661901,0.32534876,0.96882105,0.26799062
1057,1,6.1669793,1.6986386,-0.51281554,6.1669793,4.8533616,-0.7387992,0.9979068,0.8453569,0.37453377,0.9979068,0.99225825,0.32326677
1058,1,4.5624976,0.21574686,-0.45021904,4.5624976,1.357954,-0.85685295,0.9896718,0.5537285,0.3893087,0.9896718,0.79542696,0.2979973
1059,0,0.15867463,-1.8992822,-0.3721378,0.15867463,-2.6222453,-1.0158472,0.53958565,0.13018973,0.40802455,0.53958565,0.0677204,0.2658371
1060,1,4.9380875,1.0685092,-0.52661884,4.9380875,3.6762962,-0.7175429,0.9928827,0.7443133,0.37130582,0.9928827,0.97530854,0.3279343
1061,1,2.964792,1.312288,-0.3699399,2.964792,3.2607033,-0.7093568,0.9509579,0.78789574,0.40855554,0.9509579,0.9630558,0.32974097
1062,0,1.8582468,-0.9494223,-0.39652917,1.8582468,-0.5788635,-0.8682114,0.86509246,0.27900103,0.40214655,0.86509246,0.35919416,0.2956266
1063,0,-5.257343,-3.9382095,-0.58413583,-5.257343,-2.9626622,-0.73593426,0.0051821335,0.019110732,0.3579815,0.0051821335,0.04914146,0.32389385
1064,0,-5.7648067,-6.0122447,-0.35576457,-5.7648067,-5.1723423,-0.7732911,0.0031261977,0.0024426046,0.41198525,0.0031261977,0.0056392876,0.3157676
1065,0,-3.4958487,-2.8894138,-0.57932657,-3.4958487,-3.1852107,-0.8059225,0.02943058,0.05267936,0.35908753,0.02943058,0.03972608,0.30876008
1066,0,-1.1667053,-3.2243085,0.07213833,-1.1667053,-3.4122381,-0.92607415,0.23745105,0.03826113,0.51802677,0.23745105,0.031915173,0.28372186
1067,1,2.6100347,-0.515931,-0.467126,2.6100347,0.19259766,-0.8053495,0.9315046,0.37380415,0.3852967,0.9315046,0.5480011,0.3088824
1068,1,-4.9420953,-3.4123611,-0.59144163,-4.9420953,-3.0762491,-0.81992906,0.0070890104,0.031911373,0.35630414,0.0070890104,0.04409766,0.3057787
1069,0,-4.3674645,-5.6976404,-0.64669275,-4.3674645,-5.5229063,-0.8635304,0.012524505,0.003342659,0.3437352,0.012524505,0.0039783325,0.29660228
1070,1,2.249252,1.1224043,-0.43910366,2.249252,3.2481394,-0.93779826,0.904586,0.75443447,0.39195457,0.904586,0.96260625,0.28134528
1071,0,-2.8527308,-4.5585203,0.058238357,-2.8527308,-4.4160233,-0.93959105,0.05454033,0.01036891,0.51455545,0.05454033,0.011937948,0.28098294
1072,1,6.089219,1.2739655,-0.47398472,6.089219,3.4946566,-0.6600208,0.997738,0.7814208,0.38367355,0.997738,0.9705354,0.34073493
1073,1,1.64807,1.3061063,-0.48717478,1.64807,3.2225246,-0.79069734,0.83863,0.7868609,0.38055933,0.83863,0.9616732,0.31201896
1074,1,5.387398,1.5221251,-0.490488,5.387398,4.0640326,-0.751598,0.995447,0.82085115,0.37977862,0.995447,0.98311055,0.3204732
1075,0,-3.7170672,-4.85503,-0.5214958,-3.7170672,-3.9710987,-0.69657874,0.023728423,0.007728898,0.37250254,0.023728423,0.018503862,0.33257118
1076,1,4.5081654,1.8699358,0.16296336,4.5081654,4.817294,-0.9021152,0.98910147,0.86645085,0.54065096,0.98910147,0.9919763,0.28861603
1077,0,-1.0857797,-1.2418739,-0.5255814,-1.0857797,-1.3739803,-0.7916859,0.25241384,0.22410999,0.37154803,0.25241384,0.20197752,0.3118068
1078,0,-2.2912767,-4.2360926,-0.52292883,-2.2912767,-4.4504747,-0.7378732,0.091848,0.014257774,0.37216765,0.091848,0.011538337,0.3234694
1079,0,-2.080204,-0.81476367,-0.5747788,-2.080204,-0.30189234,-0.7253096,0.111035824,0.30687633,0.36013487,0.111035824,0.42509496,0.32622483
1080,0,-5.707735,-4.0635967,-0.5829895,-5.707735,-3.3059804,-0.69706494,0.0033091968,0.016896686,0.35824502,0.0033091968,0.035366595,0.3324633
1081,1,5.4465303,1.0045124,-0.35271326,5.4465303,2.2719116,-0.713226,0.9957073,0.73194486,0.4127246,0.9957073,0.90652394,0.3288864
1082,1,4.2591176,1.104735,-0.60413074,4.2591176,3.332467,-0.8199221,0.9860622,0.7511463,0.35339922,0.9860622,0.96552604,0.3057802
1083,1,4.80265,0.94719005,-0.566849,4.80265,2.7225037,-0.73821175,0.9918589,0.7205497,0.36196423,0.9918589,0.9383415,0.3233953
1084,0,-7.0218964,-6.9750295,-0.5591705,-7.0218964,-5.4929433,-0.7678194,0.0008913369,0.0009340655,0.36373943,0.0008913369,0.004098843,0.316951
1085,0,-2.905853,-0.26232725,-0.61051756,-2.905853,0.50859296,-0.7406004,0.051864985,0.4347917,0.35194117,0.051864985,0.6244766,0.32287288
1086,1,6.4358864,1.4359123,0.02041259,6.4358864,4.134232,-0.71449363,0.99839956,0.80782086,0.505103,0.99839956,0.9842375,0.32860667
1087,1,3.9146798,-0.13484338,-0.4084139,3.9146798,0.50626516,-0.8471588,0.9804432,0.46634012,0.39929247,0.9804432,0.6239305,0.30002922
1088,0,-6.8714895,-6.8840914,-0.1130326,-6.8714895,-5.930229,-0.84239817,0.0010358572,0.0010228987,0.4717719,0.0010358572,0.0026508272,0.30102995
1089,1,-0.90746886,0.5272955,-0.623417,-0.90746886,1.8958195,-0.7514256,0.28751805,0.6288521,0.34900472,0.28751805,0.8694176,0.32051075
1090,1,6.0185184,1.3279762,-0.35560486,6.0185184,3.3061206,-0.87192154,0.9975726,0.7905057,0.41202393,0.9975726,0.96463823,0.29485464
1091,1,-1.634325,-1.8416859,-0.55270284,-1.634325,-2.0614724,-0.8203646,0.16323873,0.13685203,0.36523753,0.16323873,0.11289828,0.30568627
1092,1,-2.3623972,-3.4073138,-0.5024132,-2.3623972,-2.4511173,-0.8886286,0.0860854,0.032067668,0.37697372,0.0860854,0.07935689,0.29139292
1093,1,3.6721227,0.8276099,-0.37752622,3.6721227,2.5164628,-0.7665595,0.9752078,0.6958493,0.4067237,0.9752078,0.92528784,0.31722382
1094,1,3.317602,0.9530258,-0.44771585,3.317602,2.8357313,-0.75209355,0.96502775,0.7217233,0.389904,0.96502775,0.9445764,0.32036528
1095,1,3.6804726,2.215316,-0.311687,3.6804726,5.00978,-0.9354192,0.97540885,0.90161645,0.422703,0.97540885,0.99337184,0.2818266
1096,0,-5.526226,-7.1390657,-0.52200186,-5.526226,-5.1788387,-0.72959185,0.0039651995,0.0007928639,0.37238428,0.0039651995,0.005602976,0.3252843
1097,0,-2.891693,-3.350961,-0.54036146,-2.891693,-3.5988533,-0.8302488,0.052565735,0.03386371,0.3681035,0.052565735,0.026626695,0.30359247
1098,1,4.640697,1.158931,-0.51423085,4.640697,3.4420514,-0.7658469,0.9904413,0.76113844,0.37420222,0.9904413,0.9689932,0.3173782
1099,0,5.407083,0.26535928,-0.47683138,5.407083,1.6147355,-0.8524271,0.9955354,0.56595325,0.3830006,0.9955354,0.8340678,0.29892397
1100,0,-0.8745811,-3.0532067,-0.50188637,-0.8745811,-2.781759,-0.8143947,0.29430196,0.045079235,0.3770975,0.29430196,0.05831788,0.3069548
1101,0,3.0167408,-1.2224256,-0.443673,3.0167408,-0.81878966,-0.74425316,0.9533247,0.22750989,0.3908661,0.9533247,0.30602065,0.32207483
1102,1,6.4210076,1.4035777,-0.51138717,6.4210076,3.5970414,-0.81345254,0.99837565,0.80275095,0.3748684,0.99837565,0.9733263,0.30715528
1103,1,1.3971952,1.3496828,-0.17235512,1.3971952,3.2581944,-0.9414143,0.8017384,0.79407775,0.45701757,0.8017384,0.9629665,0.28061473
1104,0,-7.2553406,-7.127294,-0.49240166,-7.2553406,-5.70443,-0.7939507,0.00070589315,0.00080224493,0.37932795,0.00070589315,0.0033201152,0.31132102
1105,1,4.129465,1.964448,-0.5097786,4.129465,4.5347958,-0.8061689,0.98416334,0.8770135,0.3752454,0.98416334,0.98938483,0.30870748
1106,0,1.4163568,-0.467588,-0.18968499,1.4163568,-0.20976932,-0.8917936,0.8047666,0.3851873,0.45272043,0.8047666,0.4477491,0.29073983
1107,0,2.0153763,-2.6644049,-0.4416708,2.0153763,-3.088161,-0.8825195,0.88240206,0.065106705,0.39134294,0.88240206,0.043598253,0.29265594
1108,1,3.2847438,-1.5008681,-0.52140236,3.2847438,-1.7925781,-0.83054835,0.9639017,0.18229608,0.37252438,0.9639017,0.14275692,0.30352914
1109,0,4.0319448,1.2553349,0.12137013,4.0319448,3.0427513,-0.96435493,0.98256946,0.77822196,0.5303053,0.98256946,0.9544685,0.27600712
1110,0,-5.5029335,-4.464244,0.17112148,-5.5029335,-4.585874,-1.0093555,0.0040582637,0.011382349,0.54267627,0.0040582637,0.010091949,0.26710597
1111,1,4.438779,1.280484,-0.33170038,4.438779,3.1874466,-0.82713735,0.98832756,0.78253216,0.41782695,0.98832756,0.9603591,0.3042507
1112,0,-0.6026048,-0.4274598,-0.41724476,-0.6026048,-0.44217014,-0.77285135,0.353748,0.39473307,0.3971762,0.353748,0.39122397,0.31586263
1113,0,-6.2948675,-5.363191,-0.56242037,-6.2948675,-5.296339,-0.90018576,0.0018423533,0.004664073,0.36298764,0.0018423533,0.0049849274,0.2890123
1114,0,-1.7843714,-3.594388,-0.4303869,-1.7843714,-2.988926,-0.8440901,0.1437642,0.026742673,0.39403397,0.1437642,0.047928672,0.30067408
1115,1,1.376804,1.0738951,-0.50283,1.376804,3.0985293,-0.81408185,0.7984772,0.74533695,0.37687585,0.7984772,0.95683205,0.30702138
1116,0,-5.8203115,-2.3382828,-0.57430047,-5.8203115,-2.1548517,-0.743472,0.0029579056,0.088001624,0.36024508,0.0029579056,0.10387873,0.3222454
1117,1,3.591576,0.7055433,-0.44531685,3.591576,2.3270698,-0.85402244,0.97318405,0.66941565,0.39047483,0.97318405,0.91109425,0.29858974
1118,1,3.1466675,0.72431374,-0.15417975,3.1466675,2.2217999,-0.92514956,0.9587772,0.6735562,0.46153122,0.9587772,0.90219015,0.2839098
1119,1,2.8088553,1.3820633,-0.5402175,2.8088553,3.9314728,-0.7809737,0.9431524,0.7993222,0.368137,0.9431524,0.98076254,0.31411007
1120,1,5.929784,2.3113205,-0.5379834,5.929784,5.806041,-0.76014125,0.99734795,0.90981025,0.36865684,0.99734795,0.9969997,0.31861562
1121,0,-3.601901,-1.9120595,-0.5743488,-3.601901,-3.3544548,-0.8263962,0.02654782,0.12874964,0.36023396,0.02654782,0.033749588,0.3044076
1122,1,0.084331006,-2.2252212,-0.55363643,0.084331006,-2.225161,-0.7241999,0.52107024,0.09750837,0.36502114,0.52107024,0.09751366,0.3264688
1123,1,2.400133,-1.3842762,-0.45539266,2.400133,-1.0833977,-0.83236134,0.91683745,0.2003231,0.3880794,0.91683745,0.2528636,0.303146
1124,1,2.2867959,1.2959375,-0.546776,2.2867959,3.8343055,-0.82021755,0.90777755,0.78515047,0.36661273,0.90777755,0.97884107,0.3057175
1125,1,4.0032372,2.445893,-0.43126795,4.0032372,5.850993,-0.84683895,0.9820709,0.9202606,0.3938236,0.9820709,0.9971312,0.3000964
1126,0,4.6461363,1.9909377,-0.5716767,4.6461363,5.2202225,-0.892911,0.99049264,0.8798423,0.36085,0.99049264,0.99462295,0.29050946
1127,0,-5.4348326,-6.1425047,0.06179597,-5.4348326,-4.9269714,-0.7738067,0.004343021,0.0021449225,0.5154441,0.004343021,0.0071962606,0.31565621
1128,0,-0.5269946,-2.9388132,-0.48666742,-0.5269946,-4.37175,-0.71605,0.37121814,0.050267905,0.38067895,0.37121814,0.012471616,0.32826337
1129,1,3.5473022,0.123519465,-0.511201,3.5473022,1.5148703,-0.8060746,0.97200406,0.53084064,0.37491202,0.97200406,0.81978184,0.3087276
1130,1,5.9188085,0.872682,-0.29319656,5.9188085,2.6552444,-0.810493,0.9973188,0.7053035,0.42722148,0.9973188,0.9343335,0.30778545
1131,1,4.862436,0.9844412,-0.5608306,4.862436,2.893112,-0.71334314,0.99232763,0.7279886,0.3633553,0.99232763,0.94750494,0.32886055
1132,1,2.993097,0.20652407,-0.5290704,2.993097,1.128172,-0.751642,0.9522613,0.5514483,0.3707337,0.9522613,0.7555014,0.3204636
1133,0,-5.881091,-5.573511,-0.56703705,-5.881091,-4.5688157,-0.8956838,0.0027839656,0.0037827613,0.36192083,0.0027839656,0.010263796,0.28993827
1134,1,3.3702722,1.2400141,-0.50292695,3.3702722,2.6111825,-0.72059715,0.9667624,0.7755665,0.37685308,0.9667624,0.93157774,0.32726148
1135,0,-7.1778965,-6.345435,-0.4923529,-7.1778965,-5.5763407,-0.7980293,0.00076268957,0.0017516653,0.37933946,0.00076268957,0.0037721132,0.31044725
1136,1,2.9168432,2.2109325,-0.46188575,2.9168432,4.736788,-0.7853923,0.94867283,0.901227,0.38653857,0.94867283,0.9913094,0.3131589
1137,0,-7.516475,-6.835928,-0.52390313,-7.516475,-5.6578283,-0.721164,0.00054375106,0.0010733164,0.37194,0.00054375106,0.0034779496,0.3271367
1138,1,6.153051,2.4015615,-0.043776248,6.153051,5.548165,-0.7757059,0.9978776,0.9169463,0.48905763,0.9978776,0.9961205,0.3152461
1139,0,-4.2341056,-4.6470585,-0.3312304,-4.2341056,-4.0127983,-1.048668,0.0142857265,0.009498678,0.41794127,0.0142857265,0.017761545,0.25948095
1140,1,3.5066848,-0.5903229,-0.43066245,3.5066848,-0.4979937,-0.7166333,0.9708774,0.35656077,0.39396816,0.9708774,0.37801227,0.32813478
1141,0,-0.6189199,-1.0821735,-0.3353089,-0.6189199,-1.9130044,-0.86876047,0.35002714,0.2530949,0.41694948,0.35002714,0.12864369,0.2955123
1142,0,-6.7412114,-2.9786303,-0.6077142,-6.7412114,-3.1612682,-0.8588632,0.0011798217,0.048400674,0.3525808,0.0011798217,0.040649567,0.2975769
1143,0,-0.71847934,-1.5656319,-0.59092253,-0.71847934,-2.216961,-0.7157762,0.32772794,0.17284,0.3564232,0.32772794,0.09823769,0.32832375
1144,1,1.3676629,-0.08242127,-0.080741085,1.3676629,0.5259974,-0.98656,0.7970023,0.47940633,0.47982568,0.7970023,0.6285491,0.27159208
1145,1,4.61757,0.3906082,-0.31233418,4.61757,2.013327,-0.8824026,0.9902199,0.59642905,0.4225451,0.9902199,0.8821893,0.29268017
1146,1,-1.3402615,-1.6178236,-0.52772427,-1.3402615,-1.0312047,-0.7481058,0.20746706,0.16550525,0.37104785,0.20746706,0.2628506,0.3212342
1147,0,0.43955666,-0.4585163,-0.40210438,0.43955666,0.51246476,-0.929289,0.6081534,0.38733783,0.40080684,0.6081534,0.6253841,0.28306898
1148,0,-5.6816697,-2.0229628,-0.35023567,-5.6816697,-3.237516,-0.951512,0.0033962892,0.116812974,0.41332525,0.0033962892,0.037778083,0.27858084
1149,0,-4.9787292,-3.842451,-0.35009414,-4.9787292,-3.8060603,-0.85447776,0.0068357545,0.020990917,0.41335958,0.0068357545,0.02175194,0.2984944
1150,1,0.8228607,-0.9531257,-0.51997805,0.8228607,-1.623994,-0.6916231,0.6948433,0.27825665,0.3728574,0.6948433,0.16465479,0.3336721
1151,1,-0.48018694,-2.2308993,-0.3739722,-0.48018694,-3.1711757,-0.6774837,0.38220796,0.09700984,0.40758157,0.38220796,0.040264953,0.33682314
1152,1,5.8714757,1.112788,-0.48841703,5.8714757,3.6889763,-0.7770878,0.9971892,0.75264853,0.38026652,0.9971892,0.97561204,0.31494787
1153,0,-5.4181924,-6.3802967,0.10054126,-5.4181924,-5.733325,-0.97161597,0.0044155726,0.0016917532,0.5251142,0.0044155726,0.0032258588,0.2745585
1154,1,6.552747,2.670039,-0.49405298,6.552747,6.198358,-0.7281667,0.9985758,0.9352354,0.37893927,0.9985758,0.99797136,0.32559717
1155,1,2.4403212,2.1553702,-0.5972684,2.4403212,5.220082,-0.9391063,0.9198508,0.8961696,0.3549689,0.9198508,0.99462223,0.2810809
1156,1,3.6929464,0.8162112,-0.4519422,3.6929464,2.4176934,-0.8042818,0.97570634,0.6934315,0.3888991,0.97570634,0.91816664,0.30911037
1157,0,-0.722547,-2.024985,0.13993584,-0.722547,-2.1522496,-0.76330006,0.32683235,0.1166045,0.53492695,0.32683235,0.10412119,0.31793022
1158,1,1.9750896,-0.87044024,-0.47806522,1.9750896,-0.9583597,-0.8824139,0.8781567,0.2951627,0.3827091,0.8781567,0.27720672,0.29267782
1159,1,6.591468,1.3206263,-0.46958488,6.591468,3.8918052,-0.7556802,0.9986299,0.7892859,0.38471454,0.9986299,0.97999966,0.31958488
1160,0,-3.6264071,0.913906,-0.58770823,-3.6264071,2.6382222,-0.74139535,0.025921803,0.71379876,0.35716087,0.025921803,0.93328136,0.3226991
1161,0,-0.74829364,0.88265216,-0.5993385,-0.74829364,2.9953804,-0.7785672,0.32119322,0.7073715,0.35449505,0.32119322,0.952365,0.31462878
1162,0,-2.2303765,-2.7133608,-0.54318947,-2.2303765,-3.150234,-0.7462903,0.097055644,0.06218955,0.36744595,0.097055644,0.04108206,0.32163015
1163,0,-2.848989,-5.545589,-0.31341088,-2.848989,-4.2063837,-0.712353,0.0547336,0.0038894557,0.4222824,0.0547336,0.014681398,0.32907912
1164,1,2.6757913,0.88868624,-0.49401838,2.6757913,2.38532,-0.8559426,0.93558294,0.708619,0.3789474,0.93558294,0.91570103,0.29818773
1165,0,0.77220106,-3.319156,-0.034033127,0.77220106,-4.01852,-0.7003869,0.6839968,0.034919843,0.49149254,0.6839968,0.017662002,0.33172643
1166,1,0.61840755,1.6739459,0.48276597,0.61840755,4.2569065,-0.56344044,0.64985627,0.8421012,0.6184008,0.64985627,0.9860318,0.3627518
1167,1,6.127835,1.4696224,-0.521559,6.127835,4.387922,-0.7026404,0.9978235,0.813,0.37248778,0.9978235,0.98772603,0.33122706
1168,1,3.0621443,1.7949466,-0.053150684,3.0621443,4.012228,-1.0537097,0.95530397,0.8575326,0.48671547,0.95530397,0.9822286,0.25851336
1169,1,4.0289693,1.1451975,-0.39784908,4.0289693,2.7820191,-0.75443435,0.9825183,0.75863266,0.40182924,0.9825183,0.9416964,0.31985584
1170,1,4.69209,1.238809,0.46545783,4.69209,3.5141463,-0.9234251,0.9909157,0.7753566,0.6143081,0.9909157,0.9710876,0.2842605
1171,1,3.5892386,-0.39632034,-0.5562118,3.5892386,-0.15890023,-0.7122947,0.97312295,0.40219676,0.3644244,0.97312295,0.46035832,0.329092
1172,1,0.45531332,-0.7827591,-0.51802427,0.45531332,-0.3332068,-0.72641057,0.61190176,0.31372553,0.37331435,0.61190176,0.41746056,0.3259829
1173,0,-3.9902167,-2.4995325,-0.55807006,-3.9902167,-3.69842,-0.75689137,0.018159827,0.07589096,0.3639941,0.018159827,0.02416425,0.31932157
1174,1,5.7553053,1.5182252,-0.5359092,5.7553053,4.0612707,-0.8523741,0.99684405,0.82027704,0.36913976,0.99684405,0.9830646,0.2989351
1175,0,-2.889418,-3.7082345,-0.5386034,-2.889418,-3.5850854,-0.7372527,0.05267916,0.023933899,0.3685125,0.05267916,0.026985867,0.32360518
1176,0,-0.19792224,-1.2007816,-0.57175004,-0.19792224,-1.1354253,-0.7339349,0.45068032,0.2313362,0.3608331,0.45068032,0.24316125,0.32433182
1177,0,-1.7579554,-2.4082742,-0.5081802,-1.7579554,-3.393801,-0.8390076,0.1470466,0.082543924,0.37562025,0.1470466,0.03248976,0.30174384
1178,0,0.47267115,-2.155344,-0.30247626,0.47267115,-2.3868427,-0.9165029,0.6160158,0.10383289,0.42495224,0.6160158,0.084181525,0.285671
1179,0,-7.417253,-7.621746,-0.14505443,-7.417253,-6.379442,-0.92417216,0.0006004365,0.0004894464,0.4637998,0.0006004365,0.001693197,0.28410855
1180,1,2.542692,0.541342,-0.5334085,2.542692,1.5683081,-0.86710453,0.927081,0.6321246,0.36972228,0.927081,0.82754225,0.29585713
1181,0,-2.6336296,-0.3298189,-0.59334195,-2.6336296,0.15171856,-0.73509514,0.06700519,0.4182847,0.35586846,0.06700519,0.53785706,0.32407764
1182,0,-6.9892397,-6.1900253,-0.5846206,-6.9892397,-5.5291786,-0.7097721,0.0009208982,0.0020455818,0.3578701,0.0009208982,0.0039535556,0.32964918
1183,0,-1.9614416,-0.1477076,-0.56245595,-1.9614416,1.0315474,-0.68740773,0.12331111,0.46314007,0.3629794,0.12331111,0.73721576,0.33461
1184,1,4.29539,1.2730253,-0.40812933,4.29539,3.285601,-0.80541635,0.98655206,0.7812602,0.39936078,0.98655206,0.9639315,0.3088681
1185,1,2.3272314,1.4257766,-0.32549924,2.3272314,4.0360045,-0.85522944,0.9111073,0.8062424,0.41933614,0.9111073,0.98263884,0.298337
1186,0,2.5803742,2.9865713,-0.03397648,2.5803742,6.6567535,-0.72973156,0.9295877,0.9519638,0.49150673,0.9295877,0.99871635,0.32525364
1187,1,5.0563316,2.359738,-0.31859285,5.0563316,5.70144,-0.85713774,0.9936714,0.9137051,0.42101875,0.9936714,0.99666995,0.2979377
1188,0,0.3728665,1.4600366,-0.16878895,0.3728665,3.670251,-0.8381293,0.59215146,0.8115383,0.45790264,0.59215146,0.9751625,0.30192894
1189,0,-2.954936,-1.8068631,-0.53716904,-2.954936,-1.8533348,-0.7850369,0.049503736,0.14101768,0.36884636,0.049503736,0.13548183,0.3132353
1190,1,6.440155,2.3847284,-0.39769462,6.440155,4.569455,-0.80520445,0.99840635,0.9156554,0.40186635,0.99840635,0.9897427,0.30891335
1191,0,1.125392,-0.6466186,-0.5175545,1.125392,0.12789357,-0.78895056,0.7549875,0.34375194,0.37342423,0.7549875,0.53192985,0.31239405
1192,0,-4.152323,-4.198212,-0.5506531,-4.152323,-3.2272186,-0.8960207,0.015484308,0.014800077,0.36571288,0.015484308,0.03815419,0.28986892
1193,0,-1.1991907,-3.11196,-0.54853606,-1.1991907,-3.9559665,-0.7653203,0.23161922,0.042616606,0.3662041,0.23161922,0.018780695,0.3174923
1194,1,6.772949,1.7582899,-0.3336769,6.772949,4.3816724,-0.7387904,0.998857,0.85299534,0.41734627,0.998857,0.98765,0.32326868
1195,0,-6.2235975,-2.472561,-0.5135057,-6.2235975,-3.261711,-0.6758909,0.0019781808,0.07780429,0.37437207,0.0019781808,0.036908347,0.337179
1196,1,4.8284388,0.7769558,-0.24791227,4.8284388,2.4657903,-0.74312085,0.99206454,0.68502367,0.43833742,0.99206454,0.9217086,0.32232207
1197,0,-7.35487,-6.9033055,-0.5717403,-7.35487,-4.766344,-0.76785505,0.00063906197,0.0010034518,0.36083534,0.00063906197,0.008439608,0.3169433
1198,0,-2.3566325,-2.7984035,-0.6046277,-2.3566325,-3.0558171,-0.86114025,0.08654003,0.057410512,0.35328564,0.08654003,0.044966996,0.29710117
1199,1,6.173644,1.5719744,-0.48721862,6.173644,4.160939,-0.79332817,0.9979207,0.8280649,0.380549,0.9979207,0.9846465,0.3114545
1200,0,0.954147,-2.1884198,-0.5406436,0.954147,-1.4961066,-0.7561965,0.7219484,0.10079523,0.36803788,0.7219484,0.18300693,0.3194726
1201,1,0.81085813,0.9497094,-0.53566533,0.81085813,2.8519778,-0.78195894,0.69229233,0.7210567,0.36919653,0.69229233,0.9454208,0.31389785
1202,0,-6.3636994,-5.5393724,-0.53940773,-6.3636994,-5.2722864,-0.79929817,0.0017200174,0.003913615,0.36832535,0.0017200174,0.0051056617,0.31017566
1203,0,-6.4738855,-6.619516,-0.55302584,-6.4738855,-5.485689,-0.7793918,0.0015408399,0.0013322992,0.36516267,0.0015408399,0.0041285614,0.31445098
1204,0,-1.6027125,-0.26151142,-0.6315526,-1.6027125,0.09711665,-0.72528046,0.16760284,0.4349922,0.34715858,0.16760284,0.5242601,0.32623124
1205,0,-1.7577848,-2.1549714,-0.43910375,-1.7577848,-1.4382663,-0.6104654,0.147068,0.103867576,0.39195454,0.147068,0.19181398,0.35195306
1206,1,5.6452217,-0.93030334,-0.45539638,5.6452217,-1.2797718,-0.760265,0.99647814,0.28286317,0.38807848,0.99647814,0.21758908,0.31858873
1207,0,0.04130791,-0.8084053,-0.56218076,0.04130791,-0.5494652,-0.7438057,0.5103255,0.30823043,0.36304304,0.5103255,0.36598846,0.32217252
1208,1,-0.90102285,0.504089,-0.57901984,-0.90102285,1.9957464,-0.7674228,0.28884035,0.62341976,0.35915816,0.28884035,0.88034976,0.31703687
1209,1,4.231982,0.12780665,-0.25992104,4.231982,1.5697167,-0.8604223,0.9856843,0.5319083,0.4353831,0.9856843,0.82774323,0.29725114
1210,0,-0.21564022,0.046195865,-0.55766916,-0.21564022,0.8125087,-0.6962775,0.44629788,0.5115469,0.36408693,0.44629788,0.6926438,0.33263808
1211,0,-4.6697574,-2.0378175,-0.57894075,-4.6697574,-2.4267833,-0.74724114,0.009287478,0.115289144,0.35917634,0.009287478,0.081153005,0.32142273
1212,1,3.926974,-0.6278598,-0.53772706,3.926974,-0.41552076,-0.7427523,0.98067755,0.347996,0.36871648,0.98067755,0.3975891,0.32240257
1213,1,4.096545,0.7893895,-0.44084346,4.096545,2.9257286,-0.76749796,0.983642,0.6877002,0.39154,0.983642,0.9491038,0.3170206
1214,0,-4.670682,-1.8055208,-0.5868597,-4.670682,-2.4424033,-0.72040045,0.0092789745,0.14118035,0.3573557,0.0092789745,0.079995856,0.3273048
1215,0,0.3857709,0.31355762,-0.3287202,0.3857709,1.4808571,-0.73601305,0.5952642,0.57775337,0.41855207,0.5952642,0.81470203,0.3238766
1216,1,4.6755166,0.8219719,-0.48930973,4.6755166,2.0753193,-0.73334706,0.99076533,0.69465476,0.3800562,0.99076533,0.888481,0.32446066
1217,0,-4.406547,-2.0517476,-0.5495596,-4.406547,-3.277752,-0.908005,0.012050242,0.11387591,0.36596656,0.012050242,0.036342368,0.28740823
1218,0,-3.0997045,0.1987201,-0.6140602,-3.0997045,1.4118296,-0.768204,0.043119445,0.54951715,0.35113358,0.043119445,0.8040543,0.31686777
1219,0,-3.2643328,0.9717945,-0.58770823,-3.2643328,2.9554462,-0.74139535,0.036815263,0.72547704,0.35716087,0.036815263,0.9505202,0.3226991
1220,1,3.570106,0.60381234,-0.5184581,3.570106,2.012322,-0.8499735,0.97261804,0.646528,0.37321284,0.97261804,0.8820847,0.29943842
1221,0,2.5485642,-0.88840944,-0.53166103,2.5485642,0.016500473,-0.69135165,0.92747694,0.2914382,0.37012956,0.92747694,0.504125,0.33373246
1222,1,4.5456443,1.3191004,-0.55317014,4.5456443,3.6318812,-0.7674536,0.98949814,0.789032,0.36512923,0.98949814,0.97421604,0.3170302
1223,1,-1.272948,0.5649279,-0.5559367,-1.272948,1.9549041,-0.89736843,0.21875302,0.637592,0.36448815,0.21875302,0.8759804,0.28959158
1224,1,5.92415,1.8003744,-0.4110964,5.92415,4.3821855,-0.71007097,0.99733305,0.8581945,0.39864925,0.99733305,0.98765624,0.32958317
1225,1,-0.049988665,-2.9775934,-0.5070426,-0.049988665,-2.960704,-0.728025,0.48750547,0.048448455,0.37588704,0.48750547,0.049233038,0.32562828
1226,1,4.3016567,0.70013076,-0.29365858,4.3016567,2.267044,-0.6128387,0.9866349,0.66821676,0.42710844,0.9866349,0.9061106,0.35141194
1227,0,-3.9207299,-3.4969292,-0.07560457,-3.9207299,-4.752187,-0.8599304,0.019441165,0.029399732,0.48110786,0.019441165,0.0085589085,0.29735386
1228,0,1.0447099,0.94913757,-0.49056,1.0447099,3.2126648,-0.8013537,0.7397578,0.7209417,0.37976167,0.7397578,0.96130806,0.309736
1229,0,3.6737587,-0.67746115,-0.37739328,3.6737587,-0.9219851,-0.78064513,0.9752474,0.3368282,0.40675572,0.9752474,0.28455356,0.31418085
1230,1,2.95355,0.5104935,-0.25412154,2.95355,1.652048,-0.8536594,0.95043105,0.6249222,0.4368093,0.95043105,0.83916765,0.2986658
1231,1,6.386572,1.8515661,-0.5605142,6.386572,4.47582,-0.7734114,0.9983188,0.86431086,0.36342847,0.9983188,0.9887472,0.3157416
1232,1,1.2407511,-1.1882591,-0.4821403,1.2407511,-1.1140391,-0.8434314,0.7756947,0.23357046,0.38174683,0.7756947,0.24711864,0.30081257
1233,1,2.9692276,1.4433345,-0.28794044,2.9692276,3.5144055,-0.75231606,0.9511644,0.80897045,0.42850816,0.9511644,0.9710949,0.32031685
1234,1,0.12982075,-0.84658647,-0.37960702,0.12982075,-0.835682,-0.8494288,0.53240967,0.3001494,0.4062217,0.53240967,0.302445,0.2995527
1235,1,5.6400247,0.30049205,-0.2940123,5.6400247,1.5673997,-0.85402787,0.9964598,0.57456285,0.42702186,0.9964598,0.82741266,0.2985886
1236,1,2.056203,-0.82615465,-0.302436,2.056203,-0.7729398,-0.71686554,0.8865729,0.30445877,0.42496213,0.8865729,0.31584352,0.3280836
1237,1,3.797832,0.44496948,-0.4413051,3.797832,1.4229232,-0.71694857,0.9780723,0.60944253,0.39143,0.9780723,0.80579627,0.32806528
1238,1,4.432209,0.54262495,-0.40910304,4.432209,2.131078,-0.84219223,0.9882515,0.6324228,0.3991272,0.9882515,0.89388734,0.30107328
1239,1,0.7009173,0.24773717,-0.3706976,0.7009173,1.2870271,-0.7582483,0.6683911,0.56161946,0.4083725,0.6683911,0.78364354,0.3190267
1240,0,-7.7083306,-7.5562057,-0.41158572,-7.7083306,-6.0801477,-0.8095984,0.00044886893,0.0005225821,0.39853194,0.00044886893,0.0022826164,0.30797607
1241,1,2.4765375,1.3521067,-0.49545333,2.4765375,3.2125754,-0.73181176,0.9224805,0.7944739,0.37860975,0.9224805,0.9613048,0.32479727
1242,1,4.6090164,0.015507191,-0.4918338,4.6090164,1.0213113,-0.7313554,0.9901366,0.5038767,0.3794617,0.9901366,0.73522794,0.32489735
1243,0,-3.6416574,-2.9674048,-0.5924868,-3.6416574,-2.3550694,-0.87632835,0.025539508,0.048920326,0.35606447,0.025539508,0.08666367,0.29393923
1244,0,-1.9624941,-0.80756366,-0.5412087,-1.9624941,-0.37950432,-0.8665926,0.12319738,0.3084099,0.36790645,0.12319738,0.40624648,0.2959638
1245,0,-3.5264044,-0.27347732,-0.5960484,-3.5264044,0.2633416,-0.7909318,0.02857021,0.43205363,0.35524827,0.02857021,0.5654575,0.31196862
1246,1,4.331993,0.28542703,-0.2959381,4.331993,1.8613832,-0.8665814,0.9870292,0.5708762,0.42655072,0.9870292,0.8654581,0.29596612
1247,0,1.0539088,-2.6303616,-0.4659585,1.0539088,-3.2854,-0.7450723,0.74152476,0.06720977,0.38557324,0.74152476,0.03607547,0.32189596
1248,0,5.115154,1.2938846,-0.52890515,5.115154,3.7179391,-0.7484187,0.9940308,0.784804,0.37077227,0.9940308,0.9762917,0.32116595
1249,1,-3.5251381,-2.5120435,-0.43500853,-3.5251381,-3.861789,-0.9559399,0.028605374,0.07501819,0.39293098,0.028605374,0.020597177,0.27769184
1250,0,-1.4823297,-2.2353468,-0.3162248,-1.4823297,-1.5315769,-0.9840566,0.18507579,0.09662093,0.42159605,0.18507579,0.17776309,0.2720876
1251,0,-4.077022,-3.853574,-0.46356684,-4.077022,-3.5148277,-0.8421149,0.016675115,0.02076355,0.38614,0.016675115,0.028893268,0.30108956
1252,0,2.8773012,-1.3537712,-0.4500096,2.8773012,-1.9726688,-0.7955763,0.9467129,0.20525451,0.3893585,0.9467129,0.12210253,0.3109726
1253,0,-0.62682444,-1.0816932,-0.4165449,-0.62682444,-1.317294,-0.8737681,0.34823096,0.25318575,0.3973438,0.34823096,0.21126887,0.29447085
1254,1,-2.9861898,-1.8637655,-0.5332631,-2.9861898,-1.5133123,-0.8367796,0.04805368,0.13426475,0.36975616,0.04805368,0.18044843,0.30221346
1255,0,-1.8191044,-0.53980994,-0.57610035,-1.8191044,-0.20758748,-0.8050151,0.13954137,0.3682318,0.3598304,0.13954137,0.4482887,0.30895376
1256,0,-4.0440454,-2.6736326,0.07168793,-4.0440454,-2.5063677,-0.7690842,0.017224541,0.06454728,0.5179143,0.017224541,0.07541298,0.31667724
1257,0,1.5572646,0.60739905,-0.5640665,1.5572646,1.7552263,-0.7658156,0.82596046,0.6473473,0.3626071,0.82596046,0.85261077,0.31738496
1258,0,-3.4105823,-4.2197847,-0.31375617,-3.4105823,-4.7342134,-0.81285834,0.031966373,0.014488797,0.42219818,0.031966373,0.00871278,0.30728173
1259,1,-1.1545379,1.9946349,-0.53883904,-1.1545379,4.694721,-0.6897553,0.2396612,0.88023263,0.36845767,0.2396612,0.9909394,0.3340875
1260,1,6.5651145,0.6108353,-0.44209537,6.5651145,2.2017648,-0.7180135,0.9985933,0.6481313,0.3912418,0.9985933,0.9004079,0.32783058
1261,1,5.502665,2.3719368,-0.50206023,5.502665,5.4639683,-0.9172335,0.9959407,0.9146621,0.37705663,0.9959407,0.9957812,0.2855219
1262,1,-0.68844223,-1.863226,-0.35562903,-0.68844223,-1.1757748,-0.8333025,0.3343797,0.13432747,0.41201806,0.3343797,0.23581274,0.30294722
1263,0,4.4576707,1.4841254,-0.51612896,4.4576707,3.9774964,-0.7957213,0.9885435,0.8151949,0.37375787,0.9885435,0.981612,0.31094152
1264,0,5.3484116,-0.09883344,-0.38379,5.3484116,0.8765021,-0.7889453,0.9952668,0.47531176,0.4052131,0.9952668,0.7060969,0.3123952
1265,0,-3.1600099,-2.345971,-0.5650607,-3.1600099,-2.5181866,-0.7930063,0.040698666,0.08738654,0.36237735,0.040698666,0.07459303,0.31152353
1266,0,-1.9849219,-3.6692002,-0.04272079,-1.9849219,-3.393661,-1.0404744,0.120795146,0.024862926,0.48932147,0.120795146,0.03249416,0.26105848
1267,0,-3.2628808,-3.3205104,-0.5736032,-3.2628808,-3.1179085,-0.76113546,0.03686678,0.034874223,0.3604058,0.03686678,0.042374562,0.31839982
1268,0,-3.9258642,-3.0337248,-0.56743383,-3.9258642,-3.9960487,-0.7309232,0.01934353,0.04592535,0.36182916,0.01934353,0.018056134,0.32499218
1269,0,0.36078766,0.02808705,-0.55793923,0.36078766,0.27512777,-0.71929145,0.5892311,0.5070213,0.3640244,0.5892311,0.5683513,0.32754904
1270,0,2.3441658,0.7403772,-0.31151047,2.3441658,2.4037905,-0.7518096,0.9124693,0.67707837,0.4227461,0.9124693,0.9171159,0.32042712
1271,1,1.5757456,-3.0342221,-0.4542138,1.5757456,-4.200505,-0.80934846,0.8286011,0.04590356,0.3883594,0.8286011,0.014766686,0.30802935
1272,1,3.6275454,0.8354543,-0.22668633,3.6275454,2.732246,-0.8531568,0.97410685,0.69750696,0.44356984,0.97410685,0.9389028,0.29877105
1273,0,3.7219257,0.95629823,-0.48973882,3.7219257,2.7438867,-0.7673295,0.97638386,0.72238004,0.3799551,0.97638386,0.9395672,0.31705707
1274,0,3.6550014,2.065398,0.010294966,3.6550014,4.048356,-0.9401639,0.97479045,0.88749427,0.5025737,0.97479045,0.9828483,0.28086725
1275,1,3.550874,1.2017418,-0.45642087,3.550874,3.2614138,-0.818586,0.97210115,0.76883453,0.38783523,0.97210115,0.9630811,0.3060639
1276,1,3.87675,-0.2738567,-0.5107763,3.87675,1.0670114,-0.6804869,0.9797024,0.43196055,0.37501156,0.9797024,0.74402815,0.3361526
1277,1,4.80307,2.2264097,-0.5373493,4.80307,5.638549,-0.7414562,0.9918623,0.9025962,0.3688044,0.9918623,0.9964546,0.3226858
1278,0,-3.5127063,-3.3054776,-0.4500543,-3.5127063,-3.214765,-0.8271233,0.028952854,0.035383753,0.38934785,0.028952854,0.03861385,0.30425367
1279,1,3.500086,1.4758354,-0.50303996,3.500086,3.90003,-0.6765331,0.97069025,0.81394273,0.37682655,0.97069025,0.9801603,0.33703554
1280,1,6.862737,0.28070298,-0.4147978,6.862737,1.9067079,-0.66350454,0.998955,0.56971854,0.39776227,0.998955,0.87064886,0.33995283
1281,0,-6.4941835,-5.816134,-0.58300775,-6.4941835,-4.0544047,-0.692672,0.0015099259,0.0029702513,0.35824078,0.0015099259,0.017050056,0.33343893
1282,0,0.24898875,-0.7056942,-0.5750709,0.24898875,-0.76862013,-0.75883865,0.5619276,0.33055097,0.36006758,0.5619276,0.31677768,0.31889847
1283,1,2.74562,-1.0980796,-0.36505502,2.74562,-1.629336,-0.852278,0.9396655,0.2500999,0.40973645,0.9396655,0.16392134,0.2989552
1284,0,-4.666048,-2.0719461,-0.53390115,-4.666048,-2.8432376,-0.82410973,0.009321671,0.11185356,0.36960745,0.009321671,0.055031925,0.30489197
1285,1,-0.9066851,1.1253791,-0.49976018,-0.9066851,3.6573136,-0.8100823,0.28767866,0.7549851,0.37759703,0.28767866,0.9748472,0.30787298
1286,1,4.3189187,1.079383,-0.27799055,4.3189187,3.1528535,-0.7784146,0.9868607,0.7463772,0.4309465,0.9868607,0.95902103,0.31466168
1287,0,-3.3454397,-4.677047,-0.629278,-3.3454397,-4.757985,-0.74424046,0.034044817,0.009220646,0.34767425,0.034044817,0.008509846,0.32207757
1288,0,-4.0384903,-0.9171544,-0.56399715,-4.0384903,-0.7863342,-0.7632375,0.017318832,0.28553805,0.3626231,0.017318832,0.31295633,0.31794378
1289,1,3.2483683,2.6945033,-0.59369475,3.2483683,5.6236467,-0.85418355,0.9626144,0.93670154,0.35578755,0.9626144,0.99640155,0.298556
1290,0,-7.1285534,-7.114197,-0.1004591,-7.1285534,-6.3470693,-0.9139035,0.000801236,0.00081281265,0.4749063,0.000801236,0.0017488103,0.28620175
1291,0,-6.3239775,-6.1358414,-0.5128688,-6.3239775,-4.796405,-0.6923357,0.0017895901,0.0021592313,0.37452126,0.0017895901,0.008191729,0.33351368
1292,0,-0.13127384,1.3742335,-0.3998232,-0.13127384,4.01128,-0.90551245,0.4672286,0.7980632,0.40135482,0.4672286,0.982212,0.287919
1293,1,4.033967,0.9793601,-0.5331732,4.033967,2.3418431,-0.75030017,0.98260397,0.7269812,0.3697771,0.98260397,0.91228366,0.32075587
1294,1,3.1556873,-1.1490949,-0.45732126,3.1556873,-1.1768231,-0.7859933,0.95913225,0.24065444,0.3876215,0.95913225,0.23562388,0.31302965
1295,1,2.75986,-0.660516,-0.23325525,2.75986,-0.38716233,-0.9256207,0.94046783,0.3406237,0.44194913,0.94046783,0.40440062,0.28381404
1296,0,-5.9794545,-5.8700933,-0.07178888,-5.9794545,-4.6907415,-0.8918952,0.0025238201,0.002814665,0.48206046,0.0025238201,0.009096373,0.29071888
1297,1,-1.0094547,-1.2975976,-0.4297575,-1.0094547,-0.93082756,-0.7444674,0.26708657,0.21456963,0.39418423,0.26708657,0.28275687,0.32202804
1298,1,5.9259176,2.1868587,-0.45199636,5.9259176,5.2152944,-0.71803385,0.99733776,0.89906317,0.3888862,0.99733776,0.99459654,0.32782608
1299,1,7.7740602,2.0389454,-0.46359688,7.7740602,5.0443993,-0.61635303,0.9995797,0.8848258,0.38613293,0.9995797,0.99359596,0.35061136
1300,1,2.6953874,0.26377448,-0.3524037,2.6953874,0.9698789,-0.84832734,0.9367539,0.5655639,0.41279963,0.9367539,0.7250954,0.29978386
1301,0,3.625804,-0.5202895,-0.37100643,3.625804,-0.13165821,-0.8018732,0.974063,0.37278455,0.40829784,0.974063,0.4671329,0.30962497
1302,1,5.2800045,1.1674248,-0.37550217,5.2800045,3.1814964,-0.81347704,0.9949334,0.7626792,0.40721217,0.9949334,0.960132,0.30715004
1303,0,2.4988348,-0.42378888,-0.39367852,2.4988348,-0.021698058,-0.7336031,0.92406005,0.39561045,0.40283212,0.92406005,0.49457568,0.32440454
1304,0,-3.584942,-0.5903229,-0.30344087,-3.584942,-0.4979937,-1.088308,0.026989628,0.35656077,0.42471656,0.026989628,0.37801227,0.25193703
1305,1,-0.75291944,0.50762343,-0.5663562,-0.75291944,1.7186229,-0.7900449,0.32018548,0.62424916,0.36207804,0.32018548,0.84795135,0.31215903
1306,0,-6.0077333,-6.264613,-0.5354419,-6.0077333,-5.427227,-0.69448775,0.0024536222,0.0018988367,0.36924857,0.0024536222,0.004376033,0.3330355
1307,0,-2.6052282,-3.0056834,-0.4155491,-2.6052282,-3.387796,-0.86242473,0.0688027,0.047169775,0.3975823,0.0688027,0.03267906,0.296833
1308,0,0.5483369,-1.6610634,-0.51012105,0.5483369,-1.8873672,-0.74746007,0.6337496,0.15961929,0.37516516,0.6337496,0.13154495,0.321375
1309,1,3.2438495,1.6268709,-0.3104217,3.2438495,4.3028584,-0.6925785,0.9624515,0.83574057,0.42301178,0.9624515,0.9866508,0.33345973
1310,1,5.947617,1.8618102,-0.4441641,5.947617,4.475435,-0.8319469,0.9973947,0.8655078,0.3907492,0.9973947,0.9887428,0.30323353
1311,1,4.300683,-0.15805903,-0.35938364,4.300683,1.0179899,-0.79849815,0.98662204,0.4605673,0.41110873,0.98662204,0.7345809,0.31034687
1312,0,0.42684028,-2.243884,-0.32401398,0.42684028,-3.542944,-0.88462067,0.6051189,0.09587832,0.41969782,0.6051189,0.028114734,0.2922212
1313,0,-1.4421821,0.30652776,0.0009536892,-1.4421821,1.5209442,-0.77454364,0.19120768,0.57603747,0.5002384,0.19120768,0.82067746,0.31549704
1314,0,2.9255595,1.5641621,-0.4858358,2.9255595,4.2704887,-0.89143735,0.9490956,0.8269498,0.38087502,0.9490956,0.9862177,0.2908133
1315,1,3.1245778,1.288636,-0.19650184,3.1245778,3.3153925,-0.9516095,0.9578953,0.7839163,0.451032,0.9578953,0.9649532,0.27856126
1316,1,-0.6762028,-2.1999502,-0.36797628,-0.6762028,-1.6373014,-0.75021243,0.33710933,0.09975497,0.40903014,0.33710933,0.16283259,0.320775
1317,0,-8.250686,-6.8497453,-0.4911044,-8.250686,-5.756977,-0.6613963,0.00026101133,0.0010586038,0.37963343,0.00026101133,0.0031506931,0.34042603
1318,0,-0.48460844,-1.0351014,-0.5486615,-0.48460844,-0.89998746,-0.8268434,0.38116452,0.2620963,0.366175,0.38116452,0.28905308,0.3043129
1319,1,2.3990562,0.25370175,-0.52989,2.3990562,1.3582195,-0.69994515,0.9167553,0.5630874,0.37054253,0.9167553,0.7954701,0.3318244
1320,1,-1.8482431,-2.9234524,-0.47678322,-1.8482431,-1.878614,-0.7322183,0.1360793,0.051006332,0.383012,0.1360793,0.13254815,0.32470813
1321,0,-6.263012,-6.1612754,-0.2951606,-6.263012,-5.126776,-0.7687939,0.001901874,0.00210512,0.42674094,0.001901874,0.0059006405,0.31674007
1322,0,-2.0930488,-4.0935297,-0.45769644,-2.0930488,-4.068045,-0.8051298,0.10977428,0.016406588,0.38753244,0.10977428,0.01682295,0.30892926
1323,1,1.9152553,0.14521307,-0.44878694,1.9152553,0.6605594,-0.769253,0.87160844,0.53623956,0.38964924,0.87160844,0.65938604,0.3166407
1324,0,-3.131796,-1.5463188,-0.5641701,-3.131796,-1.637034,-0.70153064,0.04181459,0.1756186,0.36258313,0.04181459,0.16286905,0.33147293
1325,1,-0.5743085,0.23111072,-0.4218892,-0.5743085,1.5348501,-0.9235679,0.36024323,0.5575219,0.3960648,0.36024323,0.82271487,0.28423145
1326,1,1.4054843,2.1690862,-0.39907143,1.4054843,4.9882054,-0.8157859,0.8030528,0.8974389,0.40153548,0.8030528,0.99322826,0.30665892
1327,1,5.6097956,1.207397,-0.2396074,5.6097956,3.1747403,-0.73439026,0.9963515,0.76983804,0.44038314,0.9963515,0.9598726,0.32423204
1328,1,6.721347,2.3192885,-0.387343,6.721347,5.379969,-0.73243517,0.99879646,0.91046196,0.4043571,0.99879646,0.99541324,0.32466057
1329,1,5.315754,1.3688229,-0.44779253,5.315754,3.815237,-0.8638749,0.99511045,0.79718995,0.38988572,0.99511045,0.9784425,0.2965304
1330,0,-5.0018983,-2.3573809,-0.5914916,-5.0018983,-3.1059525,-0.6201881,0.0066802427,0.086480886,0.3562927,0.0066802427,0.042862386,0.3497387
1331,0,-3.6956794,-2.373333,-0.5779419,-3.6956794,-2.8552785,-0.7680434,0.024228958,0.08522892,0.35940632,0.024228958,0.054409105,0.31690252
1332,0,-6.5879335,-5.1123724,-0.5785233,-6.5879335,-5.7209673,-0.88276017,0.001374989,0.005985735,0.35927245,0.001374989,0.0032658395,0.29260612
1333,0,-1.9262748,-3.468072,-0.29420084,-1.9262748,-3.7288594,-0.78825366,0.12716347,0.030234462,0.42697576,0.12716347,0.02345678,0.31254375
1334,1,3.4803014,0.11369786,-0.47565663,3.4803014,1.1284459,-0.74767184,0.9701221,0.52839386,0.38327828,0.9701221,0.755552,0.32132882
1335,1,5.529545,1.9092412,-0.519542,5.529545,4.9476085,-0.74933434,0.9960479,0.8709339,0.37295938,0.9960479,0.9929497,0.32096636
1336,1,3.324133,0.5663289,0.70840037,3.324133,2.0505083,-0.71836996,0.9652475,0.6379157,0.6700476,0.9652475,0.88599896,0.32775202
1337,1,2.0405006,1.7178128,-0.18720318,2.0405006,3.8618927,-0.81580174,0.88498425,0.84784687,0.4533354,0.88498425,0.9794049,0.3066556
1338,1,0.59036994,-2.6513977,-0.5417434,0.59036994,-2.6847157,-0.88100135,0.64345,0.06590291,0.36778212,0.64345,0.06388129,0.29297033
1339,0,-0.9157189,-1.1186905,-0.543352,-0.9157189,-1.1010565,-0.71407366,0.285831,0.24625427,0.36740816,0.285831,0.249542,0.32869932
1340,0,-6.4019914,-6.2323604,-0.18638316,-6.4019914,-4.7639236,-0.99697006,0.0016555066,0.0019609558,0.45353863,0.0016555066,0.008459886,0.26953757
1341,1,5.305646,0.33936414,-0.49557948,5.305646,1.0724305,-0.6846281,0.995061,0.58403605,0.3785801,0.995061,0.74505883,0.33522916
1342,1,3.7835922,-1.4512191,0.32264355,3.7835922,-1.4437433,-0.7272173,0.9777648,0.18981402,0.5799684,0.9777648,0.19096634,0.32580566
1343,0,-4.5404277,-4.230076,-0.4559984,-4.5404277,-4.9433956,-0.87486565,0.01055622,0.014342584,0.38793555,0.01055622,0.0070798635,0.29424286
1344,1,4.5325904,1.5083561,0.15286404,4.5325904,4.2844105,-0.8356172,0.9893616,0.81881744,0.5381418,0.9893616,0.98640555,0.30245864
1345,1,-1.660995,0.1313957,-0.555722,-1.660995,0.7397802,-0.76456404,0.15962847,0.53280175,0.3645379,0.15962847,0.6769478,0.3176562
1346,0,-6.7071724,-6.2604017,-0.5916008,-6.7071724,-5.049659,-0.68826306,0.001220623,0.0019068351,0.35626763,0.001220623,0.006370675,0.33441958
1347,1,4.8701696,1.5126685,-0.3566365,4.8701696,4.0038667,-0.7903179,0.99238634,0.81945634,0.41177404,0.99238634,0.98208195,0.3121004
1348,1,1.3478897,1.2623652,-0.5112858,1.3478897,3.4780521,-0.8475375,0.7937844,0.779433,0.37489218,0.7937844,0.97005683,0.29994968
1349,1,4.489164,-0.08447498,0.17474176,4.489164,0.7102017,-0.9045888,0.9888947,0.4788938,0.54357463,0.9888947,0.6704457,0.2881084
1350,0,-1.6244173,-0.20020914,0.14630647,-1.6244173,0.42769995,-0.83800393,0.16459657,0.45011425,0.5365115,0.16459657,0.60532427,0.30195534
1351,1,6.1250315,2.1915815,-0.37613803,6.1250315,4.6734667,-0.8082155,0.9978174,0.899491,0.40705866,0.9978174,0.9907466,0.30827087
1352,1,2.7788281,1.4560705,-0.60865366,2.7788281,3.6572955,-0.8662272,0.9415209,0.81093097,0.3523664,0.9415209,0.9748468,0.29603994
1353,0,-2.5761957,-2.0712175,-0.49287605,-2.5761957,-1.9143144,-0.8420904,0.07068622,0.111925974,0.37921625,0.07068622,0.12849692,0.3010947
1354,1,-3.0811114,-2.1640434,-0.5978673,-3.0811114,-3.312436,-0.7762122,0.04389315,0.10302619,0.35483178,0.04389315,0.035147015,0.31513682
1355,0,-5.7975407,-4.363346,-0.5527117,-5.7975407,-3.2878723,-0.8309183,0.003025826,0.012575543,0.3652355,0.003025826,0.035989594,0.3034509
1356,0,-0.3326615,1.3356851,-0.5796999,-0.3326615,3.3309598,-0.69081503,0.41759315,0.79177946,0.35900167,0.41759315,0.9654758,0.33385178
1357,0,4.5374784,0.15960643,-0.45233265,4.5374784,0.83669364,-0.7498721,0.98941296,0.5398171,0.3888063,0.98941296,0.6977684,0.32084918
1358,1,4.3124285,1.4129491,0.28774923,4.3124285,3.534006,-0.83662987,0.9867763,0.8042307,0.571445,0.9867763,0.97164,0.30224505
1359,1,5.538346,1.742108,-0.518612,5.538346,4.045697,-0.818109,0.99608237,0.85095465,0.37317684,0.99608237,0.98280334,0.30616522
1360,0,-6.2187757,-4.799574,-0.54716444,-6.2187757,-4.698139,-0.7156868,0.0019877232,0.008166022,0.36652252,0.0019877232,0.009029934,0.32834348
1361,0,-2.257158,-3.0708237,-0.4229312,-2.257158,-3.055824,-1.0785007,0.09473381,0.04432692,0.39581558,0.09473381,0.044966698,0.2537898
1362,1,2.2349885,-1.1891286,-0.07206018,2.2349885,-1.4673846,-0.97040075,0.9033478,0.23341481,0.48199278,0.9033478,0.18734047,0.27480063
1363,0,1.4385462,0.69860995,0.016644262,1.4385462,2.139236,-0.7945839,0.8082294,0.6678795,0.50416094,0.8082294,0.8946586,0.31118527
1364,0,-3.931303,-4.184817,-0.4690038,-3.931303,-3.7594943,-0.75197244,0.019240629,0.014996671,0.38485205,0.019240629,0.022765191,0.32039165
1365,0,1.0975511,-0.02853699,-0.5299892,1.0975511,0.52261776,-0.7520138,0.7498009,0.49286625,0.3705194,0.7498009,0.62775964,0.32038265
1366,0,-2.8450146,-3.929593,-0.24221277,-2.8450146,-5.4986067,-0.8731969,0.054939594,0.019272923,0.4397411,0.054939594,0.0040757894,0.29458952
1367,1,3.4348395,-1.0356884,0.017326564,3.4348395,-1.3225386,-0.94316804,0.96877575,0.26198277,0.5043315,0.96877575,0.21039626,0.28026086
1368,0,-1.6864862,-0.51285195,-0.5937861,-1.6864862,-0.31718746,-0.75234103,0.15623848,0.3745252,0.3557666,0.15623848,0.42136133,0.3203114
1369,1,3.679378,1.5297719,-0.5082312,3.679378,3.9179292,-0.8217074,0.9753827,0.82197297,0.37560827,0.9753827,0.9805054,0.30540133
1370,0,-0.5260807,-1.7495944,-0.5575361,-0.5260807,-2.684435,-0.7424711,0.37143144,0.14809835,0.36411774,0.37143144,0.06389809,0.32246402
1371,0,-2.214203,-3.7066307,-0.13788599,-2.214203,-4.657075,-0.98071253,0.09848229,0.023971394,0.465583,0.09848229,0.0094049005,0.27275044
1372,1,6.192477,3.0368123,-0.39444047,6.192477,5.7372255,-0.789271,0.9979594,0.9542098,0.4026488,0.9979594,0.9967867,0.3123252
1373,1,3.296557,1.6847931,-0.42374265,3.296557,3.4260652,-0.8795682,0.96431047,0.8435382,0.3956215,0.96431047,0.9685093,0.29326725
1374,1,3.334878,0.9348861,-0.4478107,3.334878,2.769513,-0.86168635,0.96560615,0.7180655,0.38988143,0.96560615,0.94100595,0.29698715
1375,1,-0.6529229,-1.1916399,-0.27129614,-0.6529229,-1.6265044,-0.83953226,0.34233117,0.23296577,0.43258888,0.34233117,0.16430978,0.3016333
1376,0,3.2084327,1.2208443,-0.49547195,3.2084327,3.5757608,-0.68487084,0.96115035,0.7722121,0.3786054,0.96115035,0.9727682,0.33517504
1377,1,4.868939,1.0754158,-0.4739796,4.868939,3.062006,-0.8657593,0.99237704,0.7456255,0.38367474,0.99237704,0.95529807,0.29613745
1378,0,-2.6821575,-0.88753057,-0.5394032,-2.6821575,-0.6473636,-0.7433187,0.06403445,0.2916197,0.36832643,0.06403445,0.3435839,0.32227886
1379,1,2.1130521,-2.3915014,-0.14341646,2.1130521,-2.112979,-0.89614314,0.89216536,0.083823055,0.46420717,0.89216536,0.10784172,0.28984374
1380,0,-2.9504156,-1.2064567,-0.5816743,-2.9504156,-1.0201083,-0.7392487,0.049716875,0.23032859,0.35854742,0.049716875,0.2650063,0.32316846
1381,0,-5.0650563,-2.3216672,-0.5710332,-5.0650563,-1.5546486,-0.77133924,0.0062739444,0.089344315,0.36099845,0.0062739444,0.17441587,0.31618944
1382,1,6.5588765,0.61407727,-0.28782114,6.5588765,2.4090416,-0.8477261,0.9985845,0.6488703,0.42853734,0.9985845,0.91751415,0.2999101
1383,1,5.37346,0.9652788,-0.30525303,5.37346,2.7571337,-0.6260762,0.9953833,0.7241775,0.42427382,0.9953833,0.94031495,0.34840077
1384,1,-0.41454953,-0.80708814,-0.41531545,-0.41454953,-0.345779,-0.92860913,0.39782175,0.30851135,0.39763823,0.39782175,0.4144064,0.28320697
1385,1,5.7404575,1.7954581,-0.47112173,5.7404575,4.6445947,-0.8370044,0.996797,0.85759515,0.38435078,0.996797,0.99047816,0.30216607
1386,0,-1.1403209,-0.32030302,-0.59444165,-1.1403209,0.040451944,-0.76045656,0.24226145,0.4206019,0.3556164,0.24226145,0.51011163,0.31854716
1387,1,4.342861,0.75608003,-0.5338374,4.342861,2.0596528,-0.75117004,0.98716754,0.68050206,0.36962232,0.98716754,0.8869193,0.32056642
1388,0,-1.1327626,-1.4519267,-0.5619184,-1.1327626,-2.126089,-0.76548934,0.24365163,0.18970522,0.36310372,0.24365163,0.10658684,0.31745568
1389,1,5.384486,1.0630943,-0.18949789,5.384486,2.5984526,-0.803221,0.99543375,0.7432814,0.4527668,0.99543375,0.9307619,0.30933696
1390,1,3.1657076,0.697259,-0.5276162,3.1657076,2.6431172,-0.7330946,0.95952326,0.66757977,0.37107304,0.95952326,0.93358546,0.32451603
1391,1,3.9026039,0.27679598,-0.37882653,3.9026039,1.2676122,-1.0100031,0.98021024,0.5687605,0.40640995,0.98021024,0.78033376,0.26697925
1392,1,4.311226,-0.10438359,-0.34984577,4.311226,0.57905406,-0.72047395,0.9867605,0.4739278,0.41341984,0.9867605,0.6408497,0.3272886
1393,0,-5.2137203,-3.4821577,-0.15711814,-5.2137203,-4.030517,-0.80451024,0.0054119434,0.029824182,0.46080106,0.0054119434,0.01745505,0.3090616
1394,0,-5.9848375,-5.8234015,-0.4586859,-5.9848375,-4.511559,-0.64636016,0.0025103053,0.0029488069,0.3872976,0.0025103053,0.010862048,0.34381023
1395,1,3.2731168,1.9019865,0.090526536,3.2731168,4.5709524,-0.9003255,0.96349496,0.8701162,0.5226162,0.96349496,0.9897579,0.2889836
1396,0,-0.0036037192,-1.6433055,-0.59431696,-0.0036037192,-2.2757447,-0.79682064,0.4990991,0.16201578,0.35564497,0.4990991,0.0931518,0.31070602
1397,0,1.9793181,-0.6388059,-0.4894854,1.9793181,-0.13193697,-0.78688073,0.8786084,0.34551653,0.3800148,0.8786084,0.4670635,0.31283882
1398,0,2.5236688,1.3883666,0.5136545,2.5236688,3.488069,-0.85694325,0.9257846,0.80033135,0.62566274,0.9257846,0.97034645,0.29797837
1399,0,-2.0190341,-1.884676,-0.1338683,-2.0190341,-1.9007891,-0.91230273,0.1172189,0.1318527,0.4665828,0.1172189,0.13001919,0.28652886
1400,0,-6.8310776,-4.949045,-0.5310861,-6.8310776,-3.9216952,-0.855129,0.0010785296,0.0070402585,0.3702636,0.0010785296,0.019422771,0.29835805
1401,1,2.5522654,1.0578568,-0.32805422,2.5522654,3.1273887,-0.75906855,0.9277256,0.7422807,0.41871414,0.9277256,0.9580085,0.31884855
1402,1,3.0130987,0.83930063,-0.41410318,3.0130987,2.9189053,-0.7765305,0.95316243,0.6983179,0.39792868,0.95316243,0.94877315,0.31506813
1403,0,1.229287,-0.8226695,0.023292169,1.229287,-0.7104409,-0.948333,0.7736938,0.3051973,0.5058228,0.7736938,0.32950145,0.2792202
1404,1,4.7719307,0.50315917,-0.3653766,4.7719307,2.1754293,-0.8051071,0.99160707,0.62320143,0.40965864,0.99160707,0.8980213,0.30893412
1405,0,3.8334875,0.27609962,-0.57816774,3.8334875,1.0706222,-0.8521009,0.97882414,0.56858975,0.35935432,0.97882414,0.7447152,0.29899234
1406,0,-4.122636,-6.507948,-0.12750149,-4.122636,-5.7179394,-0.7836542,0.015943442,0.001489316,0.46816775,0.015943442,0.0032757104,0.31353286
1407,1,2.089778,1.0122879,-0.5596976,2.089778,2.5454688,-0.72763777,0.8899057,0.73346764,0.36361742,0.8899057,0.9272685,0.32571334
1408,1,5.1705093,0.50394136,-0.36462647,5.1705093,1.1257046,-0.64124346,0.9943505,0.62338513,0.40984005,0.9943505,0.75504535,0.34496552
1409,1,3.4145274,0.9426275,-0.20571816,3.4145274,3.1694155,-1.0585063,0.96815544,0.71963006,0.4487511,0.96815544,0.9596669,0.257595
1410,0,5.598375,0.64853513,-0.48920643,5.598375,2.00265,-0.8371912,0.9963098,0.6566802,0.38008055,0.9963098,0.881075,0.30212668
1411,0,-7.7105904,-7.2051754,-0.58114654,-7.7105904,-5.9817047,-0.7648237,0.00044785618,0.0007421806,0.3586688,0.00044785618,0.002518162,0.3175999
1412,1,3.4701142,1.3740128,-0.52628934,3.4701142,3.5738914,-0.72278804,0.9698253,0.7980277,0.37138274,0.9698253,0.97271866,0.32677934
1413,0,-4.08462,-3.3097425,-0.5514492,-4.08462,-4.3778486,-0.8561465,0.016550988,0.035238475,0.36552826,0.016550988,0.012396728,0.2981451
1414,1,1.5053327,0.501433,-0.38207495,1.5053327,1.6504543,-0.8719053,0.81836843,0.62279606,0.40562654,0.81836843,0.8389524,0.294858
1415,0,2.0439575,0.9147335,-0.5776485,2.0439575,3.1225588,-0.69650614,0.8853356,0.71396786,0.35947382,0.8853356,0.9578137,0.33258733
1416,1,2.3522584,0.24677178,-0.5572386,2.3522584,1.1926998,-0.79621387,0.91311353,0.56138176,0.36418664,0.91311353,0.7672236,0.310836
1417,0,-0.25176117,0.77959144,-0.18673842,-0.25176117,2.3854032,-0.89271015,0.43739006,0.68559206,0.45345062,0.43739006,0.9157074,0.29055086
1418,0,2.1558275,0.5957848,-0.51945037,2.1558275,1.8917984,-0.8281809,0.8962121,0.64469135,0.37298074,0.8962121,0.86896044,0.30402985
1419,0,-5.3383327,-4.6844397,-0.23108317,-5.3383327,-3.2400167,-0.75703526,0.0047809067,0.009153352,0.44248492,0.0047809067,0.037687287,0.31929028
1420,0,3.4361892,0.88938373,-0.4621437,3.4361892,2.3618114,-0.8876318,0.9688166,0.70876294,0.3864774,0.9688166,0.9138685,0.29159877
1421,0,1.1505994,-1.712154,-0.42411005,1.1505994,-2.3184524,-0.7472867,0.75962037,0.15288453,0.39553368,0.75962037,0.08960623,0.3214128
1422,1,4.5846915,0.51514053,-0.38481122,4.5846915,1.5626893,-0.73691523,0.9898962,0.6260108,0.404967,0.9898962,0.8267389,0.32367906
1423,0,-4.1749344,-0.7073477,-0.60485995,-4.1749344,-0.6253036,-0.7875911,0.015143353,0.33018517,0.3532326,0.015143353,0.3485762,0.31268615
1424,1,4.737027,1.8741381,-0.3185358,4.737027,4.5883617,-0.9161838,0.99131155,0.8669364,0.4210326,0.99131155,0.9899329,0.28573608
1425,1,-3.0406528,-1.4339534,-0.5169809,-3.0406528,-2.32404,-0.8763018,0.04562274,0.19248344,0.37355846,0.04562274,0.08915146,0.29394472
1426,1,4.1115,-0.5749187,-0.48448437,4.1115,-0.3912193,-0.8491921,0.98388094,0.36010262,0.38119376,0.98388094,0.40342385,0.29960236
1427,0,-2.8915505,-2.2870774,-0.43380463,-2.8915505,-2.386836,-0.8682798,0.052572835,0.09219888,0.3932182,0.052572835,0.08418204,0.29561237
1428,0,-5.618862,-5.343476,-0.5784354,-5.618862,-4.2896686,-0.71533954,0.0036156473,0.0047564977,0.3592927,0.0036156473,0.01352406,0.32842007
1429,0,-2.1043208,-1.1774938,-0.37168378,-2.1043208,-1.8351011,-0.8172365,0.10867757,0.23550312,0.40813422,0.10867757,0.1376317,0.3063506
1430,1,-1.7221684,-0.35301483,-0.6183072,-1.7221684,0.13830483,-0.8893359,0.15159206,0.41265154,0.35016656,0.15159206,0.5345212,0.2912469
1431,1,-4.5444303,-1.0947146,-0.5135626,-4.5444303,-0.8771732,-0.77014154,0.010514496,0.25073153,0.37435874,0.010514496,0.2937639,0.31644848
1432,0,-1.1567898,-2.204269,-0.5080107,-1.1567898,-1.9969833,-0.84071606,0.23925108,0.0993678,0.37566,0.23925108,0.11952003,0.301384
1433,1,5.4550304,0.9985916,-0.070238195,5.4550304,3.22027,-0.8554467,0.99574345,0.73078156,0.48244765,0.99574345,0.96159,0.29829153
1434,0,-3.8602395,-4.9279594,-0.44971657,-3.8602395,-4.9501295,-0.8231554,0.02062846,0.0071892054,0.38942817,0.02062846,0.0070326827,0.30509427
1435,1,5.3460426,3.1671383,-0.5300184,5.3460426,6.137103,-0.7579979,0.99525565,0.9595787,0.37051257,0.99525565,0.9978435,0.31908113
1436,0,0.7800931,-0.90442085,0.12075789,0.7800931,-1.3021713,-0.9569378,0.6857002,0.28814286,0.53015286,0.6857002,0.2137998,0.27749172
1437,0,1.5179598,0.64655757,-0.13421956,1.5179598,1.963895,-1.0079744,0.8202379,0.6562343,0.4664954,0.8202379,0.87695384,0.26737645
1438,1,2.5881155,-0.5515985,-0.46407884,2.5881155,0.13890606,-0.9240116,0.93009275,0.36549363,0.38601863,0.93009275,0.53467077,0.2841412
1439,0,1.8793899,-0.78359616,-0.35273817,1.8793899,-0.16946834,-0.8622969,0.867541,0.31354535,0.41271856,0.867541,0.45773405,0.29685968
1440,1,0.81679565,-1.0449407,-0.3918573,0.81679565,-1.3927059,-0.83568084,0.6935557,0.26019782,0.4032703,0.6935557,0.19897611,0.30244523
1441,1,1.81341,-1.5644667,-0.29191995,1.81341,-1.8567754,-0.9360832,0.8597735,0.17300664,0.42753386,0.8597735,0.13507935,0.28169218
1442,1,4.1166306,0.68911856,-0.5409458,4.1166306,2.3851984,-0.78515863,0.98396206,0.66577077,0.36796755,0.98396206,0.9156916,0.31320915
1443,0,-0.18900868,-0.2464724,-0.5504322,-0.18900868,0.2821263,-0.69836354,0.452888,0.43869197,0.36576414,0.452888,0.5700674,0.33217514
1444,0,-1.3556148,0.06293093,-0.3555441,-1.3556148,1.2886682,-0.8960863,0.20495395,0.5157275,0.41203862,0.20495395,0.78392166,0.28985542
1445,1,3.5612936,1.6532574,-0.45150983,3.5612936,4.376649,-0.73249936,0.9723823,0.83933085,0.38900185,0.9723823,0.9875886,0.32464647
1446,1,6.0875306,0.5460249,0.19430189,6.0875306,1.4432442,-1.0168259,0.99773407,0.63321286,0.54842323,0.99773407,0.8089565,0.26564613
1447,1,4.224672,1.6507608,-0.32839268,4.224672,4.482654,-0.7970387,0.98558086,0.83899385,0.41863173,0.98558086,0.98882294,0.31065932
1448,1,3.5886059,0.14577976,-0.50888747,3.5886059,1.5766945,-0.83929217,0.9731064,0.53638047,0.37545437,0.9731064,0.8287359,0.30168387
1449,1,7.6469307,2.793083,0.008840054,7.6469307,6.5453453,-0.86991423,0.9995227,0.9423009,0.50220996,0.9995227,0.99856526,0.29527214
1450,0,-7.3730063,-6.8821526,-0.59823966,-7.3730063,-5.722859,-0.8105668,0.0006275833,0.0010248818,0.35474652,0.0006275833,0.0032596877,0.30776972
1451,1,2.8590064,2.5473487,-0.29957467,2.8590064,5.771222,-0.6872189,0.94578236,0.9273952,0.42566147,0.94578236,0.99689376,0.33465207
1452,0,-3.0718265,-3.7536929,-0.6006544,-3.0718265,-2.9962673,-0.68150043,0.04428446,0.022894615,0.35419396,0.04428446,0.04759479,0.33592653
1453,0,-1.8687718,-2.2004979,-0.54776603,-1.8687718,-3.1662774,-0.6422393,0.13368389,0.09970579,0.36638287,0.13368389,0.040454675,0.3447405
1454,1,5.5914917,2.2166383,-0.43415353,5.5914917,4.8868465,-0.7753351,0.99628437,0.90173376,0.39313495,0.99628437,0.9925113,0.31532615
1455,1,6.1574583,1.135285,-0.09432484,6.1574583,3.1569483,-0.7687233,0.99788684,0.7568129,0.4764363,0.99788684,0.9591816,0.31675535
1456,1,4.6169777,1.6979558,-0.4011671,4.6169777,4.1043205,-0.7908079,0.99021417,0.8452676,0.40103197,0.99021417,0.9837667,0.3119952
1457,1,5.569474,1.4024649,-0.36842537,5.569474,3.7343624,-0.90005183,0.99620205,0.8025747,0.40892157,0.99620205,0.976669,0.28903985
1458,0,-0.26625702,-0.5119096,-0.48319113,-0.26625702,0.38250777,-0.83542347,0.43382624,0.374746,0.38149887,0.43382624,0.59447783,0.30249953
1459,0,-1.658413,0.7855773,-0.28032225,-1.658413,2.510074,-1.0401843,0.15997516,0.6868809,0.4303748,0.15997516,0.92484504,0.26111445
1460,1,3.6852956,-1.1533933,-0.3740655,3.6852956,-1.030442,-0.7148837,0.97552437,0.23986983,0.407559,0.97552437,0.2629984,0.32852063
1461,0,-1.6111517,-2.0879626,-0.5063422,-1.6111517,-1.9807955,-0.8626995,0.16642877,0.11027231,0.37605137,0.16642877,0.12123405,0.29677567
1462,0,2.6755505,-1.6724334,-0.46612406,2.6755505,-2.009838,-0.6645858,0.93556845,0.15810002,0.38553402,0.93556845,0.11817385,0.33971024
1463,0,5.696997,1.6320976,-0.5163262,5.696997,4.3454657,-0.8487311,0.9966552,0.83645684,0.3737117,0.9966552,0.9872005,0.2996991
1464,0,-5.3349094,-1.4830943,-0.5585371,-5.3349094,-1.9702582,-0.7303661,0.004797222,0.1849605,0.363886,0.004797222,0.12236115,0.3251144
1465,0,-0.8427724,-2.3798442,-0.5827814,-0.8427724,-2.1395679,-0.7269448,0.30095118,0.084722646,0.35829285,0.30095118,0.1053101,0.32586554
1466,0,1.6507366,1.5309134,-0.55180407,1.6507366,3.7568479,-0.8426287,0.83899057,0.82213986,0.3654459,0.83899057,0.97717583,0.30098143
1467,0,1.2310455,1.0005236,-0.47812048,1.2310455,2.5553508,-0.77611256,0.7740015,0.73116153,0.38269603,0.7740015,0.9279322,0.3151583
1468,1,5.269825,2.4025283,-0.4897672,5.269825,5.6461163,-0.84460723,0.99488187,0.91701984,0.37994844,0.99488187,0.9964812,0.30056533
1469,1,5.3247223,1.0215533,-0.41807038,5.3247223,2.547948,-0.8681256,0.9951539,0.73527503,0.3969786,0.9951539,0.9274355,0.29564446
1470,1,0.05647278,-1.949393,-0.5831308,0.05647278,-2.7414677,-1.0042694,0.51411444,0.12461956,0.35821253,0.51411444,0.060570337,0.26810282
1471,1,3.9684985,0.6987697,-0.52872914,3.9684985,2.1481786,-0.8618846,0.9814488,0.6679149,0.37081337,0.9814488,0.89549845,0.29694575
1472,1,6.799087,1.772668,-0.52518076,6.799087,4.3850393,-0.6945038,0.9988864,0.85478914,0.3716416,0.9988864,0.98769104,0.33303192
1473,0,-1.6966276,-1.5990292,-0.42401612,-1.6966276,-2.1495438,-0.8329972,0.15490623,0.16811734,0.39555612,0.15490623,0.10437386,0.3030117
1474,0,1.5360137,-0.5795121,-0.42722267,1.5360137,-0.38990048,-0.73645425,0.8228845,0.35904488,0.39478976,0.8228845,0.40374127,0.32378
1475,1,4.8404045,-0.23788168,-0.38939407,4.8404045,0.5262064,-0.79679465,0.9921582,0.44080848,0.40386316,0.9921582,0.6285979,0.3107116
1476,0,-1.9586868,-2.7134213,-0.45487615,-1.9586868,-2.410129,-0.7888994,0.12360923,0.062186025,0.38820204,0.12360923,0.08240356,0.31240502
1477,0,-5.403481,-5.8142,-0.56399393,-5.403481,-5.8368587,-0.8255626,0.0044807186,0.0029759847,0.36262384,0.0044807186,0.0029095043,0.30458415
1478,0,4.1297264,0.40718645,-0.57599926,4.1297264,1.8364698,-0.7738035,0.9841674,0.600413,0.35985368,0.9841674,0.86253065,0.31565693
1479,1,5.7382593,0.76879483,-0.25420034,5.7382593,2.4636688,-0.73305094,0.99679,0.68326014,0.43678993,0.99679,0.9215553,0.3245256
1480,1,3.8259327,1.8444147,-0.49327752,3.8259327,4.6818624,-0.69037306,0.9786669,0.86346996,0.37912178,0.9786669,0.99082327,0.33395007
1481,0,-6.230114,-4.6959677,-0.13602406,-6.230114,-4.274926,-0.7557309,0.0019653572,0.009049387,0.4660463,0.0019653572,0.013722159,0.31957385
1482,1,5.4347234,1.9230096,-0.48912,5.4347234,4.5045576,-0.8422234,0.9956565,0.8724737,0.3801009,0.9956565,0.9890625,0.30106673
1483,1,0.5369677,-1.227425,-0.42374027,0.5369677,-1.5696532,-0.76475585,0.6311068,0.22663245,0.3956221,0.6311068,0.17226584,0.31761461
1484,1,5.223641,1.2744632,0.16661674,5.223641,3.7533915,-0.9305688,0.9946412,0.78150576,0.5415581,0.9946412,0.97709864,0.28280932
1485,1,-2.5914917,-2.263135,-0.54804844,-2.5914917,-2.7619236,-0.91150486,0.069688015,0.09422247,0.36631733,0.069688015,0.05941677,0.286692
1486,1,3.7614121,0.0061148554,-0.49049723,3.7614121,0.82851434,-0.72813624,0.9772774,0.5015287,0.37977642,0.9772774,0.6960407,0.32560387
1487,1,3.170177,-0.14532042,-0.40330374,3.170177,0.347709,-0.80962056,0.9596965,0.46373367,0.40051886,0.9596965,0.58606195,0.30797136
1488,0,-6.4955034,-6.6737623,-0.26712418,-6.4955034,-5.636541,-0.92368376,0.0015079373,0.0012620408,0.43361324,0.0015079373,0.0035525141,0.28420788
1489,1,3.2829187,1.5656328,-0.3982457,3.2829187,4.083538,-0.7421155,0.9638381,0.8271601,0.4017339,0.9638381,0.9834314,0.3225417
1490,0,1.6668439,-3.2438083,-0.4508169,1.6668439,-3.4149022,-0.71635777,0.8411545,0.037550017,0.38916656,0.8411545,0.031832967,0.3281955
1491,0,0.15890506,0.78480196,-0.57663566,0.15890506,1.275516,-0.7169279,0.5396429,0.6867141,0.3597071,0.5396429,0.78168553,0.32806984
1492,0,-0.41470158,0.6520981,-0.49988765,-0.41470158,2.5124002,-0.6878379,0.3977853,0.6574831,0.37756705,0.3977853,0.92500657,0.33451423
1493,1,3.3596435,-0.30708605,-0.5596073,3.3596435,0.8345492,-0.69567347,0.9664193,0.42382616,0.3636383,0.9664193,0.697316,0.33277217
1494,0,1.7881495,0.2769087,0.16228801,1.7881495,1.3401719,-0.7979746,0.8567002,0.5687882,0.5404832,0.8567002,0.7925182,0.31045893
1495,1,0.7821108,-1.109117,-0.39667028,0.7821108,-1.7218192,-0.7643132,0.6861349,0.24803555,0.4021126,0.6861349,0.151637,0.31771058
1496,1,6.969187,2.3904657,0.07201047,6.969187,5.5165505,-0.8415005,0.99906045,0.91609734,0.5179948,0.99906045,0.99599636,0.30121884
1497,0,-5.837189,-5.2942247,-0.50506276,-5.837189,-4.06424,-0.93058,0.002908546,0.004995425,0.37635162,0.002908546,0.016886003,0.28280705
1498,1,2.1512208,-0.31213218,-0.52310157,2.1512208,0.09964833,-0.7298647,0.89578277,0.42259437,0.3721273,0.89578277,0.5248915,0.3252244
1499,0,3.9964633,-0.7027642,-0.29515475,3.9964633,-0.3852309,-0.82009387,0.98195124,0.33119965,0.42674237,0.98195124,0.40486592,0.30574375
1500,0,-3.7813742,-5.3463326,-0.3198598,-3.7813742,-4.9329677,-0.83755755,0.022283478,0.004742993,0.4207099,0.022283478,0.0071535474,0.30204943
1501,0,-3.0390294,-1.5540681,-0.5639725,-3.0390294,-1.5543958,-0.7133819,0.04569348,0.1744995,0.36262882,0.04569348,0.17445229,0.328852
1502,1,0.93504614,0.21004781,-0.5318432,0.93504614,1.4259608,-0.8570715,0.7180979,0.55231977,0.3700871,0.7180979,0.80627114,0.29795155
1503,1,6.0957913,1.9374248,-0.25199497,6.0957913,5.000205,-0.7764814,0.9977527,0.874069,0.4373325,0.9977527,0.99330854,0.31507874
1504,0,-4.7516356,-5.0484004,-0.5557307,-4.7516356,-4.317686,-0.7093869,0.008563587,0.006378646,0.36453587,0.008563587,0.013155324,0.32973433
1505,1,-0.6667286,-4.779516,-0.44009906,-0.6667286,-4.154025,-0.8333112,0.33922973,0.008330088,0.39171734,0.33922973,0.015458377,0.30294538
1506,0,5.0065975,-0.30408075,-0.460676,5.0065975,0.4486308,-0.7411352,0.9933509,0.4245602,0.3868255,0.9933509,0.61031365,0.32275596
1507,1,2.2178175,-0.8820466,-0.35711068,2.2178175,-0.641323,-0.898245,0.9018381,0.29275385,0.41165918,0.9018381,0.34494755,0.28941128
1508,1,3.548324,1.6617545,-0.11409115,3.548324,3.8009453,-0.88093626,0.9720319,0.8404734,0.4715081,0.9720319,0.978139,0.2929838
1509,1,2.552614,0.23162055,-0.4768985,2.552614,1.4461656,-0.8038809,0.92774886,0.55764765,0.38298476,0.92774886,0.8094076,0.30919597
1510,0,-1.6291543,-0.37464726,-0.5227783,-1.6291543,0.42318,-0.88208485,0.16394624,0.40741855,0.37220278,0.16394624,0.604244,0.29274595
1511,1,3.2477221,-0.7316441,-0.5381633,3.2477221,-0.95336366,-0.7062764,0.96259123,0.32483405,0.36861494,0.96259123,0.27820888,0.33042213
1512,0,0.7679056,0.49878,-0.41733697,0.7679056,1.8481503,-0.83339536,0.6830677,0.6221726,0.39715418,0.6830677,0.8639098,0.30292758
1513,1,2.9590373,0.6610354,-0.51690894,2.9590373,1.9670951,-0.74172443,0.9506889,0.65949297,0.3735753,0.9506889,0.8772988,0.3226272
1514,0,-1.2221482,-0.19958228,-0.27116212,-1.2221482,0.51405644,-0.747843,0.22755861,0.4502694,0.4326218,0.22755861,0.6257569,0.32129148
1515,0,-3.8950577,-5.668744,-0.5637119,-3.8950577,-4.6286077,-0.7085844,0.019936645,0.0034403217,0.36268905,0.019936645,0.0096738525,0.32991174
1516,1,-0.281626,-2.3896182,-0.5363453,-0.281626,-2.1407104,-0.8525588,0.43005517,0.0839678,0.36903816,0.43005517,0.105202496,0.29889637
1517,0,2.0944302,0.1885965,-0.28602338,2.0944302,1.0020045,-0.95748925,0.8903607,0.5470098,0.4289777,0.8903607,0.73145247,0.27738118
1518,1,-2.51369,-1.1918862,-0.44886073,-2.51369,-1.2815351,-0.84478354,0.07490402,0.23292175,0.3896317,0.07490402,0.21728903,0.30052826
1519,1,1.3354766,0.60339975,-0.49154907,1.3354766,1.8998822,-0.8927303,0.79174507,0.6464338,0.37952873,0.79174507,0.86987823,0.29054672
1520,0,5.0054164,1.046441,-0.49184698,5.0054164,3.081962,-0.8915058,0.993343,0.74009085,0.37945855,0.993343,0.9561426,0.2907992
1521,1,4.2932615,0.0017648339,-0.4579506,4.2932615,0.89509255,-0.7151062,0.9865238,0.50044125,0.3874721,0.9865238,0.70993996,0.32847154
1522,1,4.3039374,1.051614,-0.57701707,4.3039374,3.2896314,-0.7821328,0.986665,0.74108475,0.35961926,0.986665,0.9640714,0.3138604
1523,1,5.205965,-0.1427805,-0.521041,5.205965,0.21835831,-0.83315814,0.9945462,0.46436536,0.37260887,0.9945462,0.55437374,0.3029777
1524,1,-0.18110222,-4.5737834,-0.4248892,-0.18110222,-3.8680644,-0.82651174,0.4548478,0.010213455,0.39534742,0.4548478,0.020470964,0.30438313
1525,1,5.775626,1.3612568,-0.50644445,5.775626,3.9038086,-0.68666756,0.9969073,0.79596394,0.3760274,0.9969073,0.9802336,0.33477482
1526,0,2.642068,1.5385315,-0.52571446,2.642068,4.40993,-0.8193668,0.93352044,0.8232511,0.37151697,0.93352044,0.98798996,0.3058981
1527,0,5.3078556,1.8607072,-0.5081455,5.3078556,3.9401054,-0.7154144,0.9950718,0.86537933,0.37562838,0.9950718,0.9809248,0.32840356
1528,0,2.2945867,0.62673426,0.28394753,2.2945867,1.980832,-0.8139765,0.9084277,0.6517486,0.5705137,0.9084277,0.87876976,0.3070438
1529,1,-0.9796908,-1.1617938,-0.5576378,-0.9796908,-0.8320531,-0.78617144,0.27295312,0.2383415,0.3640942,0.27295312,0.3032111,0.31299135
1530,1,0.14906746,-1.3249946,-0.45564678,0.14906746,-1.5538163,-0.70276093,0.537198,0.20998852,0.38801903,0.537198,0.17453575,0.33120036
1531,1,4.31831,2.5953746,0.21818762,4.31831,5.5713305,-0.7067089,0.9868528,0.93056333,0.55433154,0.9868528,0.996209,0.3303265
1532,0,-1.1071489,-1.4943762,-0.28568402,-1.1071489,-1.4313538,-0.8944802,0.24840282,0.18326579,0.42906085,0.24840282,0.19288784,0.29018614
1533,1,2.5315475,0.20374042,-0.59113944,2.5315475,1.2503794,-0.8625314,0.926324,0.5507596,0.35637346,0.926324,0.77736557,0.29681075
1534,0,-3.3209033,-0.11325197,-0.5796999,-3.3209033,1.0108812,-0.69081503,0.034861002,0.47171724,0.35900167,0.034861002,0.73319256,0.33385178
1535,0,-4.789949,-5.6056333,-0.39982045,-4.789949,-4.129465,-0.87043214,0.008244348,0.0036636195,0.40135548,0.008244348,0.015836649,0.29516438
1536,1,5.1925654,1.958983,-0.41806132,5.1925654,4.5055633,-0.75808823,0.9944729,0.8764229,0.39698073,0.9944729,0.98907334,0.3190615
1537,0,-4.0541344,-5.090494,-0.53897727,-4.0541344,-4.5850916,-0.7672203,0.017054588,0.0061173257,0.36842552,0.017054588,0.01009977,0.3170807
1538,1,3.2519274,1.330189,-0.3298894,3.2519274,3.5541117,-0.781853,0.9627423,0.79087186,0.41826752,0.9627423,0.97218883,0.31392065
1539,0,-5.0648847,-3.029684,-0.53137136,-5.0648847,-2.4139686,-0.75165594,0.0062750145,0.046102718,0.3701971,0.0062750145,0.082113706,0.3204606
1540,1,5.249473,1.1516554,-0.52451134,5.249473,2.8581011,-0.8231569,0.9947771,0.7598132,0.37179795,0.9947771,0.945736,0.30509394
1541,0,-4.7105923,-5.407182,-0.48074597,-4.7105923,-4.6710453,-0.6586932,0.008919178,0.004464239,0.38207597,0.008919178,0.009275635,0.34103322
1542,1,6.9754505,1.5735192,-0.3093644,6.9754505,3.76304,-0.8044176,0.9990663,0.82828474,0.42326987,0.9990663,0.9773136,0.30908135
1543,1,2.5158486,1.5491433,-0.31368512,2.5158486,3.5105948,-0.7492637,0.9252454,0.82478994,0.4222155,0.9252454,0.97098774,0.32098177
1544,1,3.2022748,0.076824725,-0.52440214,3.2022748,0.58307385,-0.736341,0.9609198,0.51919675,0.37182346,0.9609198,0.6417744,0.3238048
1545,1,4.7773104,1.2705102,-0.5344062,4.7773104,3.525975,-0.77176905,0.9916517,0.7808301,0.3694898,0.9916517,0.97141784,0.31609654
1546,1,3.4148574,1.3720729,-0.29934245,3.4148574,3.5520875,-0.7562084,0.96816564,0.7977148,0.42571822,0.96816564,0.97213405,0.31947002
1547,0,-7.2752724,-7.12664,-0.48128423,-7.2752724,-6.0951853,-0.69099724,0.0006919723,0.0008027695,0.38194892,0.0006919723,0.0022486248,0.33381128
1548,0,-2.6980143,-1.9017942,-0.49072808,-2.6980143,-2.704566,-0.74958104,0.06309063,0.12990554,0.37972206,0.06309063,0.06270446,0.32091257
1549,1,3.536298,1.925475,-0.48732483,3.536298,4.7087407,-0.75658643,0.9717031,0.8727478,0.38052395,0.9717031,0.9910644,0.31938785
1550,1,4.207699,0.82666695,-0.5380057,4.207699,3.0455496,-0.69384575,0.9853377,0.6956497,0.36865163,0.9853377,0.95459,0.3331781
1551,1,-4.0881534,-3.7340207,-0.2991354,-4.0881534,-3.7826724,-0.96207494,0.016493574,0.023338843,0.42576882,0.016493574,0.022255216,0.27646294
1552,1,2.658052,0.515697,-0.5383877,2.658052,1.5747845,-0.81657875,0.9345056,0.626141,0.3685627,0.9345056,0.8284646,0.3064904
1553,1,4.018074,-0.14883196,-0.30005756,4.018074,0.9038031,-0.8083134,0.9823302,0.4628605,0.42554343,0.9823302,0.71173036,0.30825
1554,0,-4.7299376,-3.5550227,-0.4739848,-4.7299376,-2.931548,-0.68134606,0.008749788,0.027786564,0.38367352,0.008749788,0.05061588,0.33596095
1555,0,0.8370302,1.9175254,-0.34658733,0.8370302,4.7621994,-0.84931,0.6978393,0.8718622,0.41421023,0.6978393,0.9915256,0.29957762
1556,0,-3.9923284,-2.564649,-0.5552639,-3.9923284,-2.9230103,-0.7731147,0.018122213,0.07144849,0.36464402,0.018122213,0.05102773,0.31580573
1557,0,-6.0054603,-5.9151955,-0.5408517,-6.0054603,-5.083112,-0.91790444,0.0024591917,0.002690872,0.36798945,0.0024591917,0.006162374,0.28538507
1558,0,-2.6957955,-2.5681448,-0.45978737,-2.6957955,-2.8748035,-0.8204194,0.06322191,0.07121692,0.38703623,0.06322191,0.05341326,0.30567464
1559,0,-1.149847,-2.1970387,-0.44603223,-1.149847,-3.2548444,-0.86339545,0.240517,0.10001673,0.39030454,0.240517,0.0371532,0.2966304
1560,0,-3.5429416,-1.0846903,-0.59083843,-3.5429416,-1.003315,-0.76692075,0.0281148,0.25261945,0.3564425,0.0281148,0.26829016,0.3171456
1561,0,-4.945774,-2.9857802,-0.5768004,-4.945774,-4.7530136,-0.9495168,0.0070631634,0.048072424,0.35966915,0.0070631634,0.008551896,0.27898198
1562,1,4.304661,1.3352274,-0.53839815,4.304661,3.5965858,-0.73522145,0.9866745,0.791704,0.3685603,0.9866745,0.97331446,0.32404995
1563,1,4.0792003,2.7329192,-0.46695608,4.0792003,6.4118032,-0.9764318,0.9833605,0.9389414,0.38533694,0.9833605,0.9983606,0.27360037
1564,1,4.82228,1.8302445,-0.43880904,4.82228,4.5939584,-0.80352116,0.99201584,0.86179084,0.39202482,0.99201584,0.9899885,0.3092728
1565,0,-5.4731183,-4.8068557,-0.5786572,-5.4731183,-4.3732777,-1.0122639,0.00418057,0.008107254,0.35924163,0.00418057,0.012452815,0.26653704
1566,1,-0.81407416,-0.191544,-0.44373983,-0.81407416,0.4416318,-0.75830996,0.30702302,0.45225984,0.3908502,0.30702302,0.6086478,0.3190133
1567,1,1.1458023,-0.49011248,-0.4665357,1.1458023,0.0032129288,-0.8609805,0.75874335,0.37986705,0.3854365,0.75874335,0.50080323,0.29713452
1568,0,-4.7127776,-1.672133,-0.55943227,-4.7127776,-2.1459947,-0.7186152,0.008899881,0.15814,0.3636788,0.008899881,0.1047061,0.32769802
1569,0,-0.4268434,-0.11726338,0.041400574,-0.4268434,0.48502874,-0.8822056,0.39488038,0.47071773,0.5103487,0.39488038,0.61893463,0.29272094
1570,1,3.6813054,1.7990842,-0.48446044,3.6813054,4.3409405,-0.76316977,0.9754288,0.8580374,0.38119942,0.9754288,0.9871431,0.31795847
1571,1,2.0084984,-0.48668787,-0.059701458,2.0084984,-0.100343436,-0.9578719,0.8816865,0.38067412,0.48507905,0.8816865,0.47493517,0.27730447
1572,0,-4.8244953,-5.223533,-0.31581604,-4.8244953,-4.120229,-0.849082,0.007966629,0.00535938,0.42169574,0.007966629,0.015981251,0.2996255
1573,1,0.67464,-0.75489205,-0.6117574,0.67464,-0.27882686,-0.8090186,0.66254133,0.31975627,0.35165843,0.66254133,0.4307414,0.30809966
1574,1,2.4177017,2.321463,-0.102145046,2.4177017,5.542803,-0.97225225,0.91816723,0.9106391,0.4744859,0.91816723,0.9960997,0.2744318
1575,0,3.9619665,0.80064136,-0.5771798,3.9619665,2.636458,-0.7508507,0.98132956,0.69011164,0.35958177,0.98132956,0.9331714,0.32063597
1576,0,-4.7570148,-1.7784824,-0.47191834,-4.7570148,-1.8799353,-0.8020426,0.008518037,0.14449061,0.3841623,0.008518037,0.13239631,0.30958876
1577,1,4.529764,0.091074854,-0.46171278,4.529764,0.86998796,-0.74052805,0.98933184,0.522753,0.38657957,0.98933184,0.70474315,0.32288867
1578,1,2.0320036,-2.0928388,-0.50580716,2.0320036,-3.0974593,-0.90895355,0.88411653,0.10979481,0.37617692,0.88411653,0.043212175,0.287214
1579,0,1.213047,-0.29912722,-0.52497476,1.213047,0.7533306,-0.8208231,0.7708376,0.42577085,0.37168968,0.7708376,0.679904,0.30558896
1580,1,3.1873593,0.06419712,-0.30346996,3.1873593,0.7529736,-0.82862127,0.9603558,0.5160437,0.42470944,0.9603558,0.6798263,0.3039367
1581,1,0.5339929,-2.3344452,-0.49339524,0.5339929,-1.3976648,-0.749455,0.63041395,0.088310115,0.37909406,0.63041395,0.19818695,0.32094005
1582,0,-0.7481331,-2.4906583,-0.46006554,-0.7481331,-3.0346532,-0.79635656,0.3212282,0.07651567,0.38697028,0.3212282,0.045884684,0.31080544
1583,0,-1.3876722,1.2596759,-0.4682276,-1.3876722,3.4390697,-0.8648903,0.19977964,0.7789703,0.38503584,0.19977964,0.96890354,0.29631865
1584,1,4.2287087,-0.17999496,0.019887727,4.2287087,0.48328304,-0.9132251,0.9856381,0.45512238,0.50497174,0.9856381,0.6185228,0.28634033
1585,0,-4.1525106,-4.4485984,-0.19032386,-4.1525106,-3.7051325,-0.86202633,0.015481443,0.0115597565,0.45256212,0.015481443,0.024006471,0.29691616
1586,0,0.18069547,-1.7866539,-0.51773405,0.18069547,-3.0933032,-0.78366685,0.54505134,0.14348346,0.37338224,0.54505134,0.04338434,0.31353015
1587,0,-1.3814217,-0.40596074,-0.36064678,-1.3814217,0.7246829,-0.8743906,0.20078078,0.39988106,0.410803,0.20078078,0.6736374,0.29434153
1588,0,-3.7336497,-2.9004219,-0.5164325,-3.7336497,-2.361,-0.74754214,0.0233473,0.05213271,0.3736868,0.0233473,0.086195394,0.3213571
1589,1,0.78235495,0.4190442,-0.39218163,0.78235495,1.7308099,-0.82760286,0.68618745,0.6032545,0.40319222,0.68618745,0.84951603,0.30415216
1590,1,2.277015,-1.874207,-0.1265844,2.277015,-2.6748922,-0.910813,0.9069555,0.13305569,0.46839607,0.9069555,0.06447127,0.28683352
1591,1,1.5723573,0.14776498,-0.38145497,1.5723573,0.7270353,-0.9282646,0.82811946,0.5368742,0.40577602,0.82811946,0.67415434,0.28327692
1592,0,1.226981,1.4117088,-0.49657583,1.226981,2.764519,-0.75475943,0.7732898,0.8040353,0.3783457,0.7732898,0.9407281,0.31978512
1593,0,-1.688154,-2.290952,-0.57724446,-1.688154,-2.4100146,-0.7733414,0.15601876,0.09187509,0.3595669,0.15601876,0.08241221,0.31575674
1594,1,1.7808746,-0.27449724,-0.2396,1.7808746,0.68505156,-1.0440819,0.8558048,0.43180338,0.44038498,0.8558048,0.6648652,0.26036316
1595,1,3.4516156,0.12999463,-0.16700609,3.4516156,1.0690526,-0.79736423,0.9692793,0.53245294,0.4583453,0.9692793,0.7444167,0.3105896
1596,1,3.7618032,0.32772595,-0.48622727,3.7618032,1.8287874,-0.7300249,0.97728616,0.5812059,0.3807827,0.97728616,0.8616172,0.3251893
1597,1,2.0819829,0.8111676,-0.48612836,2.0819829,2.330379,-0.8243472,0.8891396,0.6923582,0.38080603,0.8891396,0.91136193,0.30484164
1598,0,-4.598887,-4.1362944,-0.5265925,-4.598887,-4.850909,-0.7458189,0.009962774,0.01573056,0.371312,0.009962774,0.007760565,0.32173303
1599,0,-6.7895265,-6.8929567,-0.511245,-6.7895265,-5.7081456,-0.84802973,0.0011242363,0.0010138797,0.3749017,0.0011242363,0.003307843,0.29984632
1600,0,-1.5068302,-2.327118,-0.26448882,-1.5068302,-2.1176426,-0.814621,0.18140903,0.088901825,0.43426058,0.18140903,0.10739383,0.3069067
1601,0,0.65772665,0.38583547,-0.5626602,0.65772665,1.6596503,-0.86323774,0.6587495,0.5952798,0.36293218,0.6587495,0.84019107,0.29666334
1602,0,-2.674098,-2.8034084,-0.51630884,-2.674098,-4.4955425,-0.7234937,0.06451919,0.057140272,0.37371576,0.06451919,0.011035484,0.32662413
1603,0,-2.1857276,-2.1991224,-0.527724,-2.1857276,-2.4633749,-0.790679,0.1010395,0.099829316,0.37104788,0.1010395,0.07846595,0.3120229
1604,0,-5.213929,-3.522771,-0.53860873,-5.213929,-5.1252327,-0.68526715,0.0054108193,0.02867123,0.3685113,0.0054108193,0.005909702,0.33508676
1605,1,2.9335856,0.71263224,-0.27307785,2.9335856,1.95637,-1.026825,0.9494819,0.67098254,0.43215165,0.9494819,0.8761396,0.2637001
1606,1,2.5745778,0.89800656,-0.5148056,2.5745778,3.2492244,-0.7771424,0.92920744,0.7105397,0.37406766,0.92920744,0.96264523,0.3149361
1607,1,5.1445465,2.5771236,-0.5551418,5.1445465,5.926946,-0.74329215,0.9942027,0.92937475,0.3646723,0.9942027,0.9973405,0.32228464
1608,0,-6.430647,-5.3856893,-0.25311983,-6.430647,-5.3965254,-0.96180123,0.0016088156,0.0045607854,0.4370557,0.0016088156,0.0045118527,0.2765177
1609,1,4.8130636,1.3856947,-0.3045869,4.8130636,3.4685807,-0.68616784,0.9919425,0.79990405,0.42443654,0.9919425,0.9697805,0.33488613
1610,0,1.9606702,0.11438352,-0.10817157,1.9606702,1.0263387,-0.90144855,0.8766055,0.52856475,0.47298348,0.8766055,0.73620546,0.2887529
1611,0,-6.7674694,-3.980257,-0.5132443,-6.7674694,-4.5735955,-0.7393689,0.0011492803,0.018338263,0.37443334,0.0011492803,0.010215354,0.32314217
1612,0,2.519032,1.2208319,-0.55995893,2.519032,3.4998584,-0.6812585,0.9254653,0.7722099,0.36355695,0.9254653,0.97068375,0.3359805
1613,1,6.677766,0.7700778,-0.4617012,6.677766,2.4650435,-0.7801746,0.998743,0.6835377,0.38658231,0.998743,0.9216546,0.31428224
1614,1,3.6020947,0.82462716,-0.28459227,3.6020947,2.7527232,-0.7160076,0.9734572,0.6952177,0.4293283,0.9734572,0.940067,0.32827273
1615,0,-4.844476,-2.5329146,-0.5856255,-4.844476,-2.5314977,-0.71637225,0.0078102597,0.07358272,0.3576392,0.0078102597,0.07367936,0.32819235
1616,0,-1.7333813,-3.022191,-0.28917426,-1.7333813,-2.1968236,-0.820771,0.15015559,0.046433367,0.42820606,0.15015559,0.10003609,0.30560002
1617,1,6.752423,1.8396453,-0.27811617,6.752423,4.8042793,-0.7238676,0.99883336,0.86290675,0.43091568,0.99883336,0.991872,0.32654187
1618,1,5.51914,0.7361934,-0.25529605,5.51914,2.5946746,-0.7658555,0.9960068,0.6761629,0.4365204,0.9960068,0.93051803,0.31737632
1619,1,5.32396,2.3101897,-0.2806797,5.32396,5.5456576,-0.80952966,0.99515027,0.90971744,0.43028715,0.99515027,0.99611086,0.30799073
1620,0,-4.9782443,-0.75465405,-0.58770823,-4.9782443,-0.92756486,-0.74139535,0.0068390477,0.31980804,0.35716087,0.0068390477,0.283419,0.3226991
1621,1,-2.1208053,0.018005073,-0.552386,-2.1208053,0.5676643,-0.8254563,0.10709104,0.50450116,0.36531103,0.10709104,0.63822407,0.30460668
1622,1,3.5262725,0.2436629,-0.0940034,3.5262725,1.4529366,-0.89393586,0.9714262,0.56061614,0.47651646,0.9714262,0.81045,0.29029828
1623,0,-7.069915,-5.055395,-0.47984833,-7.069915,-4.6704035,-0.8122096,0.0008495831,0.006334466,0.38228792,0.0008495831,0.009281535,0.30741987
1624,1,-0.21864796,-1.0388718,-0.64099526,-0.21864796,-1.0725265,-0.7994995,0.44555473,0.26136774,0.3450216,0.44555473,0.2549229,0.31013256
1625,0,-6.05207,-6.098672,-0.46858037,-6.05207,-5.2221384,-0.81101835,0.0023474623,0.002240816,0.3849523,0.0023474623,0.00536682,0.3076735
1626,0,-6.458935,-3.3100996,-0.58158594,-6.458935,-3.8090525,-0.7956762,0.0015640135,0.035226334,0.35856774,0.0015640135,0.021688363,0.3109512
1627,0,-3.5860963,-0.7938922,-0.5542061,-3.5860963,-0.8272363,-0.7842928,0.026959335,0.31133357,0.36488912,0.026959335,0.30422977,0.3133954
1628,1,5.4259343,0.5706017,-0.3786219,5.4259343,2.1472387,-0.6894518,0.99561834,0.638902,0.4064593,0.99561834,0.8954104,0.33415502
1629,0,-5.859473,-5.8729267,-0.59162843,-5.859473,-4.7714186,-0.71057725,0.0028446312,0.0028067238,0.35626128,0.0028446312,0.008397248,0.3294713
1630,1,4.4959807,1.0956113,-0.47725186,4.4959807,3.1579888,-0.8736204,0.9889693,0.7494369,0.38290125,0.9889693,0.9592224,0.2945015
1631,1,4.826776,0.3321978,-0.56541497,4.826776,1.6157117,-0.7066749,0.99205136,0.58229405,0.36229545,0.99205136,0.8342029,0.330334
1632,1,0.11486718,1.0810745,-0.51036286,0.11486718,3.0201719,-0.6943362,0.5286853,0.7466973,0.37510848,0.5286853,0.95347714,0.33306918
1633,1,6.8644514,1.9819014,-0.3744471,6.8644514,5.031473,-0.75921637,0.9989568,0.87888366,0.40746686,0.9989568,0.99351317,0.31881642
1634,1,5.132661,0.37913144,-0.04096504,5.132661,1.6362242,-0.73134494,0.9941338,0.5936636,0.48976016,0.9941338,0.8370205,0.32489964
1635,0,-5.070204,-4.9839306,-0.41131002,-5.070204,-3.4760315,-0.75567687,0.0062419334,0.006800533,0.39859807,0.0062419334,0.030001955,0.3195856
1636,1,6.207115,0.6441214,-0.4613515,6.207115,2.1324818,-0.72576725,0.99798906,0.65568453,0.38666523,0.99798906,0.89402044,0.32612425
1637,1,2.742916,1.7074662,-0.55233413,2.742916,4.5922775,-0.73378694,0.939512,0.8465074,0.36532304,0.939512,0.98997176,0.32436427
1638,0,-6.557789,-6.5240164,-0.5891404,-6.557789,-5.700346,-0.7650713,0.001417009,0.001465611,0.3568321,0.001417009,0.0033336575,0.31754622
1639,1,-2.2091587,0.81086934,-0.5883327,-2.2091587,2.7028046,-0.7065257,0.098931044,0.6922947,0.3570175,0.098931044,0.9371919,0.330367
1640,1,3.619102,-1.085801,-0.5200025,3.619102,-1.272696,-0.83034515,0.9738931,0.2524098,0.37285167,0.9738931,0.21879609,0.30357212
1641,0,5.616567,1.0302092,-0.037829913,5.616567,2.7492676,-0.990005,0.9963761,0.7369565,0.49054363,0.9963761,0.93987197,0.27091107
1642,1,3.4655657,0.99774504,-0.4490912,3.4655657,2.7893822,-0.760038,0.96969193,0.730615,0.38957688,0.96969193,0.94209933,0.31863803
1643,0,-7.100769,-7.2322865,-0.56731904,-7.100769,-5.4241877,-0.7086439,0.00082379143,0.000722344,0.3618557,0.00082379143,0.0043892954,0.32989857
1644,0,3.166554,0.8798276,-0.4932835,3.166554,1.9721205,-0.7905437,0.95955604,0.7067865,0.37912035,0.95955604,0.8778387,0.31205195
1645,0,1.7099702,-3.0582,-0.14029142,1.7099702,-3.9833877,-0.9060485,0.84683245,0.044864777,0.46498457,0.84683245,0.018281989,0.28780913
1646,1,5.4369745,1.5507224,-0.28639555,5.4369745,4.2715716,-0.71568996,0.99566615,0.82501805,0.4288865,0.99566615,0.98623234,0.3283428
1647,1,2.785167,0.12152797,-0.22386397,2.785167,0.9393373,-0.947699,0.94186896,0.53034467,0.4442666,0.94186896,0.71896577,0.27934778
1648,1,1.8075054,-1.4759824,-0.5103923,1.8075054,-2.0385346,-0.7042464,0.85906017,0.186035,0.37510157,0.85906017,0.115216024,0.3308714
1649,0,-1.5167217,-2.0096345,-0.4622705,-1.5167217,-1.373461,-0.85749096,0.17994478,0.118195064,0.38644734,0.17994478,0.20206124,0.29786384
1650,1,6.0538635,1.3524451,-0.31658402,6.0538635,3.897638,-0.8667661,0.9976567,0.7945291,0.4215085,0.9976567,0.9801137,0.29592764
1651,1,2.9539487,1.5916607,-0.37042224,2.9539487,3.5878375,-0.9856236,0.95044976,0.83084965,0.40843898,0.95044976,0.9730863,0.27177736
1652,0,-5.767592,-5.715783,-0.22126022,-5.767592,-5.007733,-0.757354,0.0031175297,0.0032827582,0.4449095,0.0031175297,0.0066416385,0.319221
1653,1,3.8848276,-0.2033706,-0.50742203,3.8848276,0.30715385,-0.89148176,0.9798625,0.44933185,0.37579808,0.9798625,0.5761904,0.29080412
1654,0,-5.9012394,-5.439865,-0.622526,-5.9012394,-5.2376766,-0.81188685,0.0027285859,0.0043213135,0.34920713,0.0027285859,0.0052845115,0.30748856
1655,0,1.0169582,-0.5821364,-0.36302066,1.0169582,0.0921424,-0.743328,0.73437965,0.35844114,0.41022855,0.73437965,0.5230193,0.32227683
1656,0,-0.73281974,-3.9253826,-0.10647023,-0.73281974,-3.5399966,-0.8247022,0.32457626,0.019352667,0.47340757,0.32457626,0.02819538,0.30476642
1657,0,2.5441363,1.9044762,-0.56756854,2.5441363,4.6276093,-0.71226907,0.9271786,0.87039727,0.36179808,0.9271786,0.99031657,0.32909766
1658,0,-2.9934545,-4.9648933,-0.5984694,-2.9934545,-3.2369046,-0.80333567,0.047722455,0.006930331,0.35469392,0.047722455,0.037800312,0.30931243
1659,1,5.1474147,0.27005517,-0.5044043,5.1474147,0.9502106,-0.6828369,0.9942192,0.5671064,0.3765062,0.9942192,0.7211575,0.33562845
1660,0,-5.0049205,-5.094705,-0.5365124,-5.0049205,-4.461296,-0.8204378,0.006660219,0.0060917763,0.36899927,0.006660219,0.011415567,0.30567074
1661,1,4.4304895,0.9490063,-0.5241516,4.4304895,3.1479921,-0.72930264,0.9882315,0.7209153,0.37188193,0.9882315,0.9588296,0.32534778
1662,1,6.779475,1.9916774,-0.39036876,6.779475,5.0878186,-0.8236978,0.9988644,0.87992054,0.4036285,0.9988644,0.9938664,0.30497926
1663,0,-3.5484874,-3.1200724,-0.35790566,-3.5484874,-2.4992151,-0.996215,0.027963659,0.042286843,0.41146663,0.027963659,0.07591322,0.26968625
1664,0,-2.8990731,-1.7320621,-0.31351176,-2.8990731,-2.290137,-1.0335608,0.0521994,0.150324,0.42225775,0.0521994,0.091943115,0.26239437
1665,0,-2.099069,-2.2958455,-0.5171226,-2.099069,-3.3710575,-0.71554613,0.109187335,0.09146762,0.3735253,0.109187335,0.033212334,0.3283745
1666,1,-1.6478803,-2.5123696,-0.23499162,-1.6478803,-1.6536424,-0.7010419,0.16139564,0.074995555,0.44152093,0.16139564,0.16061728,0.33158126
1667,0,3.7452006,1.5833378,-0.53968143,3.7452006,3.972855,-0.72468024,0.97691464,0.8296767,0.3682617,0.97691464,0.98152804,0.3263632
1668,1,5.38112,0.8946265,-0.2753026,5.38112,2.8476796,-0.74090034,0.9954184,0.70984393,0.4316058,0.9954184,0.9451986,0.3228073
1669,0,1.8693099,-0.7725482,0.0449391,1.8693099,-0.2275427,-0.876348,0.86637837,0.31592813,0.51123285,0.86637837,0.44335845,0.29393515
1670,0,-0.0147367865,-1.8843619,-0.54978424,-0.0147367865,-1.5974065,-0.8074028,0.4963159,0.13188866,0.36591446,0.4963159,0.1683444,0.3084442
1671,1,-0.7460548,0.04291281,-0.5227648,-0.7460548,0.77486145,-0.76112366,0.32168153,0.5107266,0.37220594,0.32168153,0.68457156,0.31840235
1672,0,0.18833266,-1.2417185,-0.59037316,0.18833266,-0.98930585,-0.71493113,0.5469445,0.22413698,0.35654923,0.5469445,0.2710492,0.32851017
1673,0,3.854986,0.6859671,-0.5353196,3.854986,2.156007,-0.78120434,0.9792651,0.66506916,0.36927703,0.9792651,0.8962288,0.3140604
1674,1,5.2640305,-0.12219387,-0.41134447,5.2640305,0.56149054,-0.8268472,0.99485224,0.46948949,0.39858982,0.99485224,0.63679737,0.30431214
1675,1,0.6011921,0.82267296,-0.5472628,0.6011921,2.8177238,-1.0370516,0.64592904,0.6948035,0.3664997,0.64592904,0.94362617,0.2617193
1676,0,-3.036912,-3.5671773,-0.53971887,-3.036912,-3.6004632,-0.8252363,0.045785896,0.027460095,0.36825296,0.045785896,0.026585005,0.30465326
1677,1,-5.550144,-4.2503576,-0.41244742,-5.550144,-4.0544486,-0.90149146,0.0038718472,0.01405867,0.39832544,0.0038718472,0.017049322,0.2887441
1678,0,-3.4026203,-1.5889714,-0.571069,-3.4026203,-2.5308626,-0.71005833,0.032213673,0.16952866,0.3609902,0.032213673,0.07372272,0.32958597
1679,0,-3.2425947,-1.6048136,-0.60028493,-3.2425947,-1.6516279,-0.87247354,0.037593897,0.16730992,0.3542785,0.037593897,0.16088906,0.29473987
1680,0,-6.1023593,-4.149357,-0.4736337,-6.1023593,-3.4898176,-0.7022976,0.0022325867,0.015529585,0.38375655,0.0022325867,0.029603343,0.331303
1681,1,5.0340014,1.5061063,-0.46163222,5.0340014,4.3033867,-0.7846854,0.9935295,0.8184834,0.38659868,0.9935295,0.9866578,0.31331098
1682,0,2.0612822,-0.4065665,0.20532806,2.0612822,0.5798571,-0.85716665,0.8870827,0.3997357,0.5511524,0.8870827,0.64103454,0.29793167
1683,0,-5.8645754,-5.8980494,-0.52218014,-5.8645754,-4.4864674,-0.80214787,0.0028301952,0.0027372804,0.3723426,0.0028301952,0.011134969,0.30956626
1684,1,-1.572196,-1.3225191,-0.19862965,-1.572196,-1.6713996,-0.9199375,0.17190357,0.21039951,0.45050523,0.17190357,0.15823767,0.28497064
1685,1,7.1443853,1.880228,-0.30988285,7.1443853,4.77296,-0.7581438,0.9992113,0.8676373,0.42314333,0.9992113,0.9916156,0.31904942
1686,0,-3.5517025,-3.4649982,-0.56147796,-3.5517025,-3.181083,-0.73380035,0.0278764,0.030324714,0.36320555,0.0278764,0.039883845,0.32436132
1687,1,4.1631536,-0.8137213,-0.49785724,4.1631536,-0.2802979,-0.7892466,0.98468,0.30709806,0.37804437,0.98468,0.43038076,0.31233048
1688,1,6.2546024,1.186744,-0.5051175,6.2546024,3.5170982,-0.716514,0.99808216,0.7661582,0.37633878,0.99808216,0.9711703,0.3281611
1689,0,2.6987064,0.08637023,-0.5258793,2.6987064,0.8213432,-0.75810933,0.9369503,0.5215791,0.37147847,0.9369503,0.69452137,0.3190569
1690,1,-0.60663193,0.3329474,-0.40004453,-0.60663193,1.0119623,-0.7299929,0.35282785,0.5824763,0.40130165,0.35282785,0.733404,0.3251963
1691,0,-7.5711107,-6.3223906,-0.5646721,-7.5711107,-4.4317207,-0.7249981,0.0005148548,0.0017924273,0.3624671,0.0005148548,0.011754201,0.3262933
1692,0,0.22238612,-0.27587596,-0.3880196,0.22238612,0.98161733,-0.8707807,0.5553685,0.43146512,0.40419415,0.5553685,0.72742903,0.29509187
1693,1,4.187025,0.5597638,-0.5285543,4.187025,2.1341548,-0.84802943,0.9850359,0.6363979,0.37085414,0.9850359,0.8941788,0.2998464
1694,0,-5.73243,-5.464042,-0.22873256,-5.73243,-4.5307527,-0.7496646,0.003228738,0.0042185257,0.4430649,0.003228738,0.010657753,0.3208944
1695,1,6.5797644,2.4793906,-0.010833457,6.5797644,6.1146073,-0.76088727,0.9986137,0.9226844,0.49729165,0.9986137,0.9977945,0.31845364
1696,0,-7.613625,-7.668356,-0.5798803,-7.613625,-6.865673,-0.6988393,0.00049343536,0.00046716724,0.35896012,0.00049343536,0.0010418935,0.3320696
1697,1,-2.4919522,-0.5722506,-0.586871,-2.4919522,0.1679008,-0.87396896,0.07642429,0.36071768,0.3573531,0.07642429,0.54187685,0.29442912
1698,1,5.705744,1.4150795,-0.3669231,5.705744,3.100378,-0.754604,0.99668425,0.80456585,0.4092847,0.99668425,0.95690835,0.31981894
1699,1,4.3316517,0.19950075,-0.46742743,4.3316517,1.5551043,-0.89046013,0.9870248,0.54971045,0.38522533,0.9870248,0.82564974,0.29101488
1700,1,5.1434736,1.04136,-0.47269452,5.1434736,2.7756515,-0.8255407,0.99419653,0.7391123,0.38397864,0.99419653,0.94134575,0.3045888
1701,0,2.0383506,-1.8489966,-0.5037366,2.0383506,-1.9453542,-0.732031,0.88476527,0.13599074,0.37666297,0.88476527,0.12506081,0.3247492
1702,1,6.54978,1.4467854,-0.018095821,6.54978,3.7688835,-0.8236586,0.99857163,0.8095032,0.4954762,0.99857163,0.97744274,0.30498758
1703,1,6.2085505,1.5881379,-0.4219751,6.2085505,3.9269435,-0.7231897,0.9979919,0.830354,0.39604422,0.9979919,0.980677,0.32669097
1704,0,-6.188068,-6.410619,0.05826296,-6.188068,-5.0905046,-0.90424114,0.0020495816,0.0016413085,0.51456165,0.0020495816,0.006117262,0.28817973
1705,1,5.285098,2.0272763,-0.515798,5.285098,4.6641603,-0.8694004,0.994959,0.8836313,0.37383536,0.994959,0.99066085,0.29537907
1706,1,4.8196664,2.2950392,0.0041897744,4.8196664,5.439195,-0.84447366,0.9919951,0.9084653,0.50104743,0.9919951,0.99567574,0.30059344
1707,1,5.0792704,0.9713247,-0.17894025,5.0792704,2.611355,-0.81072176,0.9938141,0.72538346,0.45538393,0.9938141,0.9315888,0.30773672
1708,1,-1.6252571,-2.3066714,-0.37019658,-1.6252571,-2.32897,-1.0247724,0.16448112,0.09057195,0.40849352,0.16448112,0.088751934,0.26409882
1709,0,4.715269,1.1744106,-0.54153275,4.715269,3.482342,-0.799188,0.991122,0.7639413,0.36783108,0.991122,0.9701811,0.31019923
1710,1,0.8001088,-1.749585,-0.28003463,0.8001088,-1.6224067,-0.8693222,0.68999773,0.14809954,0.43044528,0.68999773,0.16487323,0.29539537
1711,0,-1.7327034,-2.492341,0.1814497,-1.7327034,-3.6402698,-0.88878465,0.1502421,0.076396845,0.5452384,0.1502421,0.025574064,0.2913607
1712,0,1.0804756,-0.6470905,-0.49382675,1.0804756,-0.38638848,-0.81503373,0.746584,0.3436455,0.3789925,0.746584,0.404587,0.30681887
1713,0,-4.714527,-5.8217235,-0.5305586,-4.714527,-4.5357046,-0.7917054,0.0088844625,0.0029537445,0.37038663,0.0088844625,0.010605666,0.3118026
1714,1,1.7366047,1.3508149,-0.45338345,1.7366047,3.7365887,-0.78852594,0.85025525,0.79426277,0.38855663,0.85025525,0.9767196,0.31248525
1715,0,-3.7917206,-2.8336263,-0.5800912,-3.7917206,-2.3065662,-0.7497652,0.022059172,0.055533893,0.3589116,0.022059172,0.090580605,0.32087243
1716,0,5.545869,0.5779272,-0.48077887,5.545869,2.2942111,-0.79852366,0.9961117,0.6405903,0.38206825,0.9961117,0.9083965,0.31034142
1717,0,-0.36273623,1.4941435,-0.52086365,-0.36273623,4.236878,-0.8538621,0.41029733,0.8166993,0.37265033,0.41029733,0.98575324,0.29862332
1718,0,5.147425,0.21128142,-0.2504729,5.147425,1.1754836,-0.75847244,0.9942193,0.5526247,0.43770713,0.9942193,0.76413476,0.318978
1719,0,3.0008838,-1.0328845,-0.43928498,3.0008838,-1.1945477,-0.95775414,0.95261407,0.26252526,0.39191133,0.95261407,0.23244657,0.27732807
1720,0,-6.561575,-6.735569,-0.555581,-6.561575,-5.6360917,-0.83626115,0.001411662,0.0011864897,0.36457056,0.001411662,0.0035541048,0.3023228
1721,0,1.7467967,0.16842374,-0.49913922,1.7467967,1.4021473,-0.7248093,0.8515484,0.5420067,0.37774298,0.8515484,0.80252445,0.3263348
1722,0,-0.9421243,0.6864653,-0.5849147,-0.9421243,1.6677272,-0.90337366,0.28047144,0.66518015,0.3578025,0.28047144,0.84127253,0.2883577
1723,1,5.383914,-1.2038803,-0.36706868,5.383914,-1.0764387,-0.75035685,0.9954312,0.23078565,0.4092495,0.9954312,0.25418055,0.32074353
1724,1,5.423416,1.4165988,-0.28932312,5.423416,4.054969,-0.7673907,0.9956073,0.8048047,0.4281696,0.9956073,0.9829594,0.3170438
1725,0,2.2352955,0.08815795,-0.5158291,2.2352955,0.79149175,-0.7035786,0.90337455,0.5220252,0.37382805,0.90337455,0.68815154,0.33101928
1726,0,-6.801647,-6.0470877,-0.5970138,-6.801647,-5.283485,-0.7072155,0.001110707,0.00235916,0.3550272,0.001110707,0.005049092,0.3302144
1727,0,-7.364618,-7.015815,-0.54746747,-7.364618,-4.907114,-0.68037164,0.0006328666,0.0008967693,0.3664522,0.0006328666,0.007339529,0.3361784
1728,1,5.6131177,0.5159857,-0.17178394,5.6131177,1.8647118,-0.79344285,0.9963636,0.6262086,0.4571593,0.9963636,0.8658452,0.31142992
1729,1,4.0681434,-0.5575003,-0.32883865,4.0681434,-0.1547972,-0.8127837,0.9831786,0.36412603,0.41852322,0.9831786,0.46137777,0.30729762
1730,1,1.287457,-1.2780225,-0.41560805,1.287457,-1.5414226,-0.7655652,0.7837165,0.21788701,0.3975682,0.7837165,0.17632857,0.3174392
1731,0,1.3044621,-1.2746565,-0.533509,1.3044621,-1.3847933,-0.71138144,0.786585,0.21846116,0.36969885,0.786585,0.20024027,0.32929367
1732,1,2.9076576,0.4972241,-0.49083805,2.9076576,2.0364082,-0.8740033,0.9482237,0.62180674,0.3796962,0.9482237,0.884567,0.29442197
1733,0,2.7895398,0.79571056,-0.4169054,2.7895398,2.494595,-0.9059422,0.9421079,0.6890562,0.39725748,0.9421079,0.923762,0.28783092
1734,0,-5.056483,-3.4841013,-0.52340984,-5.056483,-2.9023032,-0.717034,0.0063276235,0.029768,0.37205526,0.0063276235,0.052039824,0.32804647
1735,1,4.578496,-0.48783702,-0.2959969,4.578496,-0.044046134,-0.81579375,0.9898341,0.38040322,0.42653638,0.9898341,0.48899025,0.30665728
1736,0,2.4912832,-1.6337447,-0.29137385,2.4912832,-2.1680105,-0.8216752,0.9235285,0.16331802,0.42766753,0.9235285,0.10266016,0.30540818
1737,0,2.9713206,-0.82744986,-0.24845009,2.9713206,-0.9108458,-0.82812583,0.9512616,0.30418456,0.43820503,0.9512616,0.2868268,0.30404148
1738,0,-6.7743683,-6.8877354,-0.5142402,-6.7743683,-5.6091433,-0.7628118,0.0011413879,0.0010191819,0.37420005,0.0011413879,0.0036508297,0.3180361
1739,0,3.3402,0.30071676,-0.22827268,3.3402,1.475132,-0.8394881,0.96578246,0.57461774,0.4431784,0.96578246,0.81383616,0.3016426
1740,1,5.229209,2.3213916,-0.18061136,5.229209,5.1900053,-0.7786342,0.9946708,0.91063327,0.45496953,0.9946708,0.9944589,0.31461433
1741,0,-6.124201,-3.7707248,-0.5195564,-6.124201,-4.4609303,-0.66696155,0.0021844578,0.02251668,0.37295598,0.0021844578,0.011419696,0.33917755
1742,0,0.5191886,1.3855708,-0.08010723,0.5191886,3.6064465,-0.87271774,0.626958,0.7998842,0.47998393,0.626958,0.9735694,0.29468912
1743,1,3.1282005,-0.7588261,-0.312097,3.1282005,-0.76374745,-0.73564816,0.95804113,0.3189012,0.42260295,0.95804113,0.31783321,0.3239565
1744,1,2.4155896,-0.2204327,-0.27169234,2.4155896,0.2476873,-1.0080048,0.9180084,0.44511393,0.4324917,0.9180084,0.5616072,0.26737052
1745,1,6.351195,2.0783134,-0.19374458,6.351195,5.137781,-0.8472791,0.9982584,0.8887774,0.4517148,0.9982584,0.9941636,0.30000395
1746,1,1.1869589,-2.1130295,-0.49425966,1.1869589,-3.014112,-0.73104125,0.76619667,0.107836865,0.37889063,0.76619667,0.0467924,0.32496628
1747,1,4.37975,0.92344844,-0.49061757,4.37975,2.796697,-0.66467786,0.9876265,0.7157442,0.3797481,0.9876265,0.942497,0.33968958
1748,1,3.9433084,-0.34099644,-0.5066075,3.9433084,0.13758904,-0.7164245,0.98098457,0.41556746,0.37598914,0.98098457,0.5343431,0.32818082
1749,1,3.5060031,-0.016425312,-0.5092805,3.5060031,0.90556294,-0.83585954,0.9708581,0.49589375,0.3753622,0.9708581,0.7120913,0.30240753
1750,1,0.46019438,0.41862738,-0.50913626,0.46019438,1.6889772,-0.9425787,0.6130603,0.6031547,0.37539604,0.6130603,0.84408957,0.28037977
1751,0,0.36090073,-1.9289585,-0.15500766,0.36090073,-2.856368,-0.8196852,0.58925843,0.1268659,0.4613255,0.58925843,0.054353073,0.30583048
1752,1,0.8915527,1.1014975,-0.56693995,0.8915527,3.3014426,-0.76420856,0.70921046,0.7505406,0.36194324,0.70921046,0.9644783,0.31773323
1753,1,4.3269453,0.07916993,-0.20064487,4.3269453,1.0190246,-0.67472553,0.9869644,0.5197821,0.45000637,0.9869644,0.7347825,0.33743954
1754,1,3.2088795,0.1609166,-0.3995005,3.2088795,1.2763152,-0.87114453,0.9611671,0.5401426,0.40143234,0.9611671,0.7818219,0.2950162
1755,0,5.9567842,0.7160539,-0.27545702,5.9567842,2.6775208,-0.91080374,0.9974184,0.6717375,0.4315679,0.9974184,0.9356871,0.28683537
1756,0,1.7580962,-2.4260683,-0.5384673,1.7580962,-3.3305044,-0.7022772,0.8529711,0.08120634,0.36854422,0.8529711,0.034539405,0.33130753
1757,0,4.461726,0.43167633,-0.14341399,4.461726,1.9424831,-0.7191668,0.9885893,0.6062739,0.4642078,0.9885893,0.8746246,0.3275765
1758,1,5.564062,1.6611798,-0.5320622,5.564062,4.7124786,-0.7097881,0.9961815,0.8403963,0.37003607,0.9961815,0.99109745,0.32964566
1759,0,-5.2005353,-5.877315,-0.5462137,-5.2005353,-4.100156,-0.68646437,0.0054833787,0.0027944683,0.36674333,0.0054833787,0.0163,0.33482003
1760,1,4.4339056,-0.7408351,-0.389781,4.4339056,-0.7538233,-0.8801398,0.9882712,0.32282156,0.40377003,0.9882712,0.3199888,0.29314882
1761,1,0.6022591,-1.6510682,-0.3602506,0.6022591,-1.0902773,-0.8463984,0.646173,0.16096464,0.4108989,0.646173,0.25156608,0.3001889
1762,0,1.4075311,-1.43818,0.29626268,1.4075311,-1.9192816,-0.9177951,0.80337626,0.19182734,0.57352865,0.80337626,0.1279417,0.28540736
1763,0,2.8617976,0.11976582,-0.15090495,2.8617976,1.3152069,-0.81354594,0.94592535,0.52990574,0.46234518,0.94592535,0.7883831,0.30713537
1764,0,-3.1984253,-2.2484791,-0.59704447,-3.1984253,-3.0314317,-0.7123499,0.039225023,0.09548073,0.35502017,0.039225023,0.04602592,0.3290798
1765,0,5.101815,-0.0024468899,-0.4634065,5.101815,0.9114694,-0.69827485,0.9939512,0.49938825,0.38617802,0.9939512,0.71330076,0.3321948
1766,0,-8.052052,-4.3574343,-0.5819843,-8.052052,-4.3135457,-0.66270125,0.00031834655,0.012649164,0.35847613,0.00031834655,0.013209184,0.34013307
1767,0,-2.8193178,-2.2062156,-0.5394214,-2.8193178,-1.4808006,-0.7818394,0.056289162,0.099193715,0.3683222,0.056289162,0.18530652,0.3139236
1768,1,3.1012526,-1.3643019,-0.21606243,3.1012526,-1.2548083,-0.7053937,0.9569444,0.20354201,0.44619355,0.9569444,0.22186892,0.3306175
1769,1,3.685186,0.9038974,-0.5332845,3.685186,2.7804065,-0.7102712,0.97552174,0.7117498,0.36975116,0.97552174,0.94160783,0.3295389
1770,1,0.21157882,0.5020655,-0.5557771,0.21157882,1.9303963,-0.73503387,0.55269825,0.6229446,0.3645251,0.55269825,0.8732933,0.32409105
1771,0,4.494314,1.9195898,-0.28907555,4.494314,4.7911654,-0.81702554,0.98895115,0.87209266,0.4282302,0.98895115,0.99176556,0.30639544
1772,1,2.793221,1.8361717,-0.661235,2.793221,4.4544826,-0.82219434,0.94230837,0.8624953,0.34046224,0.94230837,0.9885073,0.30529806
1773,0,-6.129614,-4.35011,-0.6222743,-6.129614,-5.967482,-0.76446,0.0021726908,0.012740966,0.34926438,0.0021726908,0.0025541408,0.31767872
1774,0,-2.6970356,0.31870204,-0.5086748,-2.6970356,1.283632,-0.958858,0.063148506,0.5790079,0.37550426,0.063148506,0.7830674,0.2771069
1775,1,6.3377495,0.070292756,-0.41996095,6.3377495,0.89700747,-0.75353146,0.99823487,0.51756597,0.3965261,0.99823487,0.7103341,0.3200523
1776,0,-3.9512825,-4.1821995,-0.50928366,-3.9512825,-4.6423397,-0.8226496,0.018867206,0.0150353825,0.37536147,0.018867206,0.009543178,0.3052015
1777,1,4.7029223,1.8188094,-0.02236782,4.7029223,4.6010866,-0.99139154,0.99101275,0.86042315,0.4944083,0.99101275,0.99005896,0.2706373
1778,0,-5.870319,-6.04805,-0.51596236,-5.870319,-4.2367954,-0.87748003,0.002814032,0.0023568964,0.37379682,0.002814032,0.014247898,0.29370025
1779,1,4.5380363,2.2068934,-0.11713157,4.5380363,4.877943,-0.8663486,0.9894188,0.9008668,0.47075054,0.9894188,0.9924448,0.29601464
1780,1,4.670363,2.141999,-0.29219827,4.670363,4.793688,-0.81972486,0.99071807,0.8949188,0.42746583,0.99071807,0.9917862,0.30582207
1781,1,2.276833,-0.46722633,-0.4742182,2.276833,0.4137467,-0.66016877,0.9069401,0.38527295,0.38361832,0.9069401,0.60198593,0.34070173
1782,1,-1.3337944,-1.1024832,-0.54243827,-1.3337944,-0.41341165,-0.7122342,0.20853242,0.24927494,0.36762056,0.20853242,0.3980944,0.32910535
1783,0,1.5879796,0.478931,-0.51182187,1.5879796,1.7527481,-0.8234992,0.8303316,0.6174954,0.37476656,0.8303316,0.8522991,0.3050214
1784,1,6.0824504,2.5798435,-0.41434374,6.0824504,6.1426363,-0.7716896,0.99772257,0.92955303,0.39787105,0.99772257,0.99785537,0.3161137
1785,1,3.731173,1.1856995,-0.5801407,3.731173,2.8420851,-0.8124368,0.9765961,0.765971,0.35890022,0.9765961,0.94490814,0.30737147
1786,1,-0.4347199,-0.92373717,0.23961036,-0.4347199,-0.91044754,-0.91797006,0.39299983,0.28419703,0.5596176,0.39299983,0.28690827,0.2853717
1787,0,-4.659642,-1.1215384,-0.50010186,-4.659642,-0.5274062,-0.69546604,0.009381013,0.24572606,0.37751675,0.009381013,0.37112203,0.3328182
1788,1,5.133885,0.91853285,-0.15926652,5.133885,2.6347697,-0.7013823,0.9941409,0.7147431,0.46026734,0.9941409,0.933066,0.33150584
1789,0,-3.642134,0.88861406,-0.58770823,-3.642134,2.623987,-0.74139535,0.02552765,0.70860404,0.35716087,0.02552765,0.93238944,0.3226991
1790,1,6.100029,2.0117655,-0.400502,6.100029,4.6218147,-0.7256985,0.9977622,0.88202685,0.40119174,0.9977622,0.9902609,0.32613936
1791,1,3.4005852,1.5784609,-0.52742,3.4005852,3.991617,-0.9423306,0.9677228,0.8289864,0.3711188,0.9677228,0.9818651,0.2804298
1792,0,-4.903437,-5.738337,-0.40933597,-4.903437,-4.899942,-0.7533343,0.0073663658,0.003209783,0.39907137,0.0073663658,0.0073919673,0.32009518
1793,1,2.9800735,0.2505479,-0.3666165,2.9800735,1.6996084,-0.81393,0.95166576,0.56231135,0.40935886,0.95166576,0.84548354,0.3070537
1794,1,3.5922642,0.44002464,-0.51579386,3.5922642,2.1166396,-0.77360284,0.973202,0.6082649,0.37383628,0.973202,0.89250994,0.31570026
1795,1,6.7174954,1.5206646,-0.51320803,6.7174954,4.156026,-0.7775368,0.9987919,0.8206363,0.37444177,0.9987919,0.98457205,0.31485102
1796,1,2.1436427,-0.89700687,-0.15473118,2.1436427,-1.4458649,-0.8749253,0.8950732,0.28966597,0.4613942,0.8950732,0.19063877,0.2942305
1797,1,-0.16146111,-1.9340751,-0.52756494,-0.16146111,-1.639343,-0.6712018,0.4597222,0.1263002,0.371085,0.4597222,0.16255447,0.33822778
1798,1,4.8714266,0.2047807,-0.17630392,4.8714266,1.3616004,-0.93383104,0.9923959,0.551017,0.45603782,0.9923959,0.7960197,0.28214812
1799,1,2.6464267,1.2171271,-0.4668932,2.6464267,3.145509,-0.74103355,0.9337904,0.77155757,0.38535184,0.9337904,0.95873135,0.3227782
1800,1,4.2356195,0.21039219,-0.36845657,4.2356195,1.2749089,-0.81482875,0.9857356,0.5524049,0.40891403,0.9857356,0.78158194,0.30686247
1801,1,0.6119728,-2.2512922,-0.46147215,0.6119728,-3.7553768,-0.75319695,0.6483907,0.09523805,0.38663664,0.6483907,0.022856971,0.3201251
1802,0,0.33651567,1.0189745,-0.48092765,0.33651567,2.8115947,-0.9664835,0.58334386,0.7347728,0.3820331,0.58334386,0.94329923,0.275582
1803,0,-4.778843,-3.982825,-0.34846386,-4.778843,-4.2083488,-0.90693176,0.008335652,0.018292092,0.413755,0.008335652,0.014653001,0.2876281
1804,1,-4.5891194,-1.2789,-0.6508562,-4.5891194,-1.4537163,-0.87711406,0.010059579,0.21773753,0.3427966,0.010059579,0.18943028,0.29377618
1805,1,0.39037856,1.3073894,-0.41905314,0.39037856,3.6339045,-0.7577435,0.59637386,0.78707594,0.39674336,0.59637386,0.9742668,0.31913638
1806,0,-7.591107,-7.6581106,-0.5874648,-7.591107,-6.3806467,-0.749521,0.00050466706,0.00047197586,0.35721675,0.00050466706,0.0016911622,0.32092568
1807,1,3.582337,0.055049703,-0.55394727,3.582337,0.8631635,-0.8527886,0.97294194,0.51375896,0.3649491,0.97294194,0.70332116,0.2988482
1808,0,4.968591,-0.89246595,-0.16257465,4.968591,-1.1128317,-0.78108114,0.9930951,0.2906012,0.45944563,0.9930951,0.24734335,0.31408694
1809,0,1.7816417,1.4685702,-0.5064729,1.7816417,3.6713092,-0.7913937,0.85589945,0.81284,0.37602073,0.85589945,0.9751881,0.31186947
1810,1,1.2473798,0.48285508,-0.4768702,1.2473798,2.0320313,-0.7706884,0.776846,0.61842185,0.38299143,0.776846,0.8841194,0.31633022
1811,1,3.579514,1.8190866,-0.4676711,3.579514,4.214761,-0.9208398,0.9728674,0.86045647,0.38516763,0.9728674,0.9854393,0.28478682
1812,0,-6.519596,-6.582138,-0.37373585,-6.519596,-4.761972,-1.0943704,0.0014720943,0.0013829699,0.40763864,0.0014720943,0.008476273,0.2507962
1813,0,3.3571815,0.9150911,0.019085094,3.3571815,2.3031795,-0.7923489,0.96633923,0.7140408,0.5047712,0.96633923,0.90914005,0.31166452
1814,1,3.919888,-0.56538653,-0.48329684,3.919888,-0.23789558,-0.70295095,0.9805428,0.36230204,0.38147393,0.9805428,0.44080505,0.33115828
1815,1,-0.72425926,-2.4003727,-0.40940583,-0.72425926,-2.0129662,-0.9087341,0.32645577,0.08314428,0.3990546,0.32645577,0.11784828,0.28725895
1816,1,2.7920756,0.32611448,-0.45802063,2.7920756,1.9412398,-0.87593937,0.94224614,0.58081365,0.3874555,0.94224614,0.87448835,0.29401997
1817,1,4.120699,0.13105786,-0.37735498,4.120699,1.119237,-0.87603736,0.9840261,0.53271765,0.40676498,0.9840261,0.7538471,0.2939996
1818,1,2.794061,-0.41855446,-0.3790009,2.794061,0.4406911,-0.8676733,0.9423541,0.39686272,0.40636787,0.9423541,0.6084237,0.29573867
1819,1,3.6524453,0.604812,-0.4388968,3.6524453,2.0674727,-0.7196136,0.9747276,0.6467564,0.39200386,0.9747276,0.8877012,0.32747805
1820,1,-1.12781,-0.7789093,-0.35430744,-1.12781,-0.16764893,-0.76010656,0.24456549,0.31455502,0.41233826,0.24456549,0.45818567,0.31862313
1821,1,2.4415095,0.45998856,-0.46472684,2.4415095,2.1023786,-0.6049845,0.9199384,0.6130114,0.38586506,0.9199384,0.8911342,0.35320413
1822,0,2.465785,0.6299141,-0.15908393,2.465785,1.847963,-0.8021342,0.92170817,0.65247,0.4603127,0.92170817,0.8638878,0.30956918
1823,0,0.5007132,-1.6050465,-0.5114114,0.5007132,-2.8013053,-0.8461461,0.62262696,0.16727747,0.3748627,0.62262696,0.05725368,0.30024192
1824,0,0.3898797,-2.0684984,-0.5655859,0.3898797,-2.1920803,-0.71939754,0.59625375,0.112196535,0.36225596,0.59625375,0.10046394,0.32752565
1825,0,0.33874056,1.7845554,-0.4283487,0.33874056,4.3611703,-1.0226521,0.58388454,0.85625845,0.39452067,0.58388454,0.9873974,0.2645111
1826,1,1.1348006,-1.5689173,-0.20278147,1.1348006,-0.65113497,-0.7941234,0.75672376,0.1723708,0.4494776,0.75672376,0.34273383,0.311284
1827,1,5.1356535,0.072719514,-0.33197138,5.1356535,1.1392432,-0.7756655,0.9941512,0.5181719,0.41776103,0.9941512,0.75754064,0.3152548
1828,1,6.7552395,0.9063202,-0.36126173,6.7552395,3.3817234,-0.76985174,0.9988366,0.7122466,0.41065416,0.9988366,0.96712846,0.31651115
1829,1,3.0826726,-2.0532045,-0.19587319,3.0826726,-2.2267478,-0.8147261,0.95617235,0.113728985,0.4511877,0.95617235,0.09737412,0.3068843
1830,0,-0.9843458,-1.8373603,-0.31024975,-0.9843458,-1.9237034,-0.84246445,0.27203035,0.13736379,0.42305377,0.27203035,0.12744914,0.301016
1831,1,-2.7498288,-1.9402041,-0.57701933,-2.7498288,-2.0628288,-0.88284886,0.06009632,0.12562542,0.35961872,0.06009632,0.112762496,0.2925878
1832,0,0.12210488,-0.73259044,-0.4655936,0.12210488,-0.36550966,-0.7145859,0.5304884,0.32462654,0.38565972,0.5304884,0.40962648,0.3285863
1833,1,5.050702,-0.032702744,-0.39360327,5.050702,1.3994373,-0.70111454,0.9936359,0.49182507,0.4028502,0.9936359,0.8020946,0.33156517
1834,1,4.594286,-1.0372653,-0.5316366,4.594286,-1.3481668,-0.7279342,0.9899917,0.261678,0.37013528,0.9899917,0.20617023,0.32564825
1835,1,-4.042268,-2.688278,-0.48446292,-4.042268,-3.4710433,-0.8382305,0.01725466,0.0636686,0.38119882,0.01725466,0.030147461,0.3019076
1836,1,2.2431765,-0.8390828,-0.39355484,2.2431765,0.0901057,-0.8112712,0.90406036,0.301728,0.40286183,0.90406036,0.5225112,0.3076197
1837,1,1.026926,-0.6836462,-0.52280545,1.026926,-0.43499833,-0.70146066,0.7363195,0.33544797,0.37219647,0.7363195,0.3929334,0.33148843
1838,0,-3.3204293,-2.7128966,-0.33236808,-3.3204293,-3.807279,-0.8554331,0.034876954,0.062216632,0.41766453,0.034876954,0.021726022,0.2982944
1839,1,6.4885902,2.1028175,-0.39958858,6.4885902,4.6549597,-0.83344436,0.9984817,0.8911767,0.4014112,0.9984817,0.9905753,0.30291727
1840,0,-5.6086493,-1.2958767,-0.5362844,-5.6086493,-1.9240205,-0.7214857,0.003652627,0.21485975,0.36905235,0.003652627,0.1274139,0.3270659
1841,1,1.9131037,-2.8574014,-0.31633428,1.9131037,-3.6252644,-0.7783795,0.8713674,0.054299988,0.42156935,0.8713674,0.025950674,0.31466925
1842,0,4.6835403,1.4869797,-0.2701238,4.6835403,3.5476694,-0.7890668,0.99083847,0.8156245,0.43287668,0.99083847,0.97201407,0.31236908
1843,1,3.7546747,-0.351784,-0.47254226,3.7546747,-0.14314234,-0.84666246,0.9771274,0.4129499,0.38401473,0.9771274,0.46427542,0.30013344
1844,1,1.8746138,1.3718915,-0.26465034,1.8746138,3.6165218,-0.7625416,0.8669912,0.79768556,0.4342209,0.8669912,0.9738274,0.3180947
1845,0,3.902485,0.11497998,-0.33180693,3.902485,0.70318544,-0.8268045,0.980208,0.52871335,0.41780105,0.980208,0.66889364,0.30432117
1846,0,-4.282998,-0.7987354,-0.57366204,-4.282998,-0.75352895,-0.7010578,0.013613341,0.3102961,0.36039227,0.013613341,0.32005283,0.33157775
1847,1,2.3947659,1.3472066,-0.53724265,2.3947659,3.54352,-0.74016476,0.9164273,0.79367256,0.36882925,0.9164273,0.971901,0.32296813
1848,0,-3.368963,-3.4726305,-0.4951105,-3.368963,-2.3602228,-0.81377983,0.033279657,0.030101089,0.3786904,0.033279657,0.08625662,0.30708563
1849,1,2.3932245,0.54569006,-0.5717561,2.3932245,1.6794136,-0.6681076,0.9163092,0.6331351,0.36083174,0.9163092,0.8428269,0.3389207
1850,0,2.0675788,1.6285335,-0.42471656,2.0675788,4.3248825,-0.88965607,0.8877118,0.8359687,0.39538866,0.8877118,0.98693776,0.29118082
1851,0,-5.3636703,-5.152652,-0.58318776,-5.3636703,-3.8829143,-0.7590632,0.0046618492,0.0057507837,0.35819942,0.0046618492,0.020175308,0.3188497
1852,0,-0.95393395,-1.8360138,-0.4498726,-0.95393395,-2.8120098,-0.85488415,0.27809435,0.13752341,0.38939106,0.27809435,0.056678627,0.2984093
1853,1,2.166803,-0.549343,-0.38565084,2.166803,-0.6606806,-0.83356524,0.8972286,0.36601683,0.4047647,0.8972286,0.34058675,0.30289173
1854,0,-7.0488644,-6.3723154,-0.55164284,-7.0488644,-4.720806,-0.7740921,0.0008676411,0.0017052864,0.36548334,0.0008676411,0.008829343,0.31559458
1855,1,1.8834333,0.8826274,-0.5724645,1.8834333,2.3581517,-0.77134204,0.86800504,0.7073664,0.36066836,0.86800504,0.91357994,0.31618887
1856,1,4.3963237,-0.616119,-0.5403279,4.3963237,-0.46718925,-0.9403117,0.9878275,0.35066465,0.3681113,0.9878275,0.3852817,0.2808374
1857,0,4.0003767,-1.8734698,-0.3819375,4.0003767,-2.5142834,-0.7518918,0.98202044,0.13314074,0.40565968,0.98202044,0.074862905,0.3204092
1858,1,6.5733743,1.0490241,0.04768923,6.5733743,2.882734,-0.7925154,0.99860483,0.7405874,0.51192003,0.99860483,0.94698626,0.31162882
1859,0,-0.51017475,-1.0269815,-0.30259737,-0.51017475,-1.585276,-0.9576324,0.37515256,0.26366973,0.4249227,0.37515256,0.17004958,0.27735245
1860,1,3.3897588,1.1287574,-0.2465034,3.3897588,2.948313,-0.75382084,0.96738297,0.7556095,0.43868428,0.96738297,0.95018363,0.31998932
1861,1,5.1014385,0.7475225,-0.48314852,5.1014385,2.6844413,-0.80872756,0.9939488,0.67863864,0.38150895,0.9939488,0.9361023,0.3081617
1862,0,-4.3846045,-4.5332017,-0.46480948,-4.3846045,-3.9865723,-0.7933227,0.012314285,0.010631963,0.3858455,0.012314285,0.018224923,0.31145567
1863,1,5.806801,2.0136747,-0.4573285,5.806801,5.0986943,-0.6729005,0.99700195,0.88222533,0.38761976,0.99700195,0.9939323,0.33784768
1864,0,-1.6033347,-0.020577222,-0.5276442,-1.6033347,0.8363986,-0.8178251,0.16751607,0.49485588,0.37106648,0.16751607,0.69770616,0.30622554
1865,0,0.58590174,-0.6891339,-0.63378376,0.58590174,0.065662205,-0.80913705,0.6424243,0.33422577,0.34665307,0.6424243,0.51640964,0.30807444
1866,0,3.1329925,1.6212655,0.046263367,3.1329925,4.2325454,-0.8674005,0.9582333,0.8349696,0.5115638,0.9582333,0.98569226,0.2957955
1867,1,6.0135417,2.5532532,-0.47468203,6.0135417,5.8659773,-0.83151793,0.9975605,0.9277918,0.38350868,0.9975605,0.9971738,0.3033242
1868,1,2.9504356,-0.27577126,0.13287097,2.9504356,0.94367635,-0.7504277,0.95028406,0.43149084,0.533169,0.95028406,0.71984166,0.32072812
1869,1,0.6159345,-0.9006723,0.07568152,0.6159345,-1.1307485,-0.78915995,0.64929336,0.28891236,0.51891136,0.64929336,0.24402298,0.31234908
1870,0,-0.25099942,-0.8419179,-0.33486027,-0.25099942,-0.55121064,-0.9392544,0.43757752,0.301131,0.4170585,0.43757752,0.3655836,0.28105098
1871,0,-6.2896824,-6.2324395,-0.16992971,-6.2896824,-5.07339,-0.91544497,0.0018519132,0.001960801,0.4576195,0.0018519132,0.0062222006,0.2858869
1872,1,3.5792325,1.2809058,-0.4039179,3.5792325,3.751315,-0.84039474,0.97286,0.7826039,0.4003714,0.97286,0.9770521,0.30145165
1873,1,-2.0263278,-0.31556004,0.33397323,-2.0263278,0.4818383,-1.00992,0.11646626,0.42175817,0.58272576,0.11646626,0.6181819,0.26699552
1874,0,4.1144986,0.23208225,-0.4839064,4.1144986,1.3047146,-0.76786685,0.9839283,0.55776155,0.3813301,0.9839283,0.78662735,0.31694072
1875,0,-2.997401,-0.7145163,-0.5562057,-2.997401,-0.48484012,-0.8199085,0.04754343,0.3286017,0.36442587,0.04754343,0.38110986,0.3057831
1876,1,3.1280408,-0.72218287,-0.1606968,3.1280408,-0.6727458,-0.70258486,0.95803463,0.3269125,0.45991203,0.95803463,0.3378823,0.33123937
1877,1,2.5526018,1.1382443,-0.43863267,2.5526018,3.157868,-0.8376274,0.92774814,0.7573571,0.3920668,0.92774814,0.95921755,0.3020347
1878,1,5.7255874,1.4802663,-0.468913,5.7255874,4.23273,-0.80806625,0.99674916,0.8146128,0.38487354,0.99674916,0.9856948,0.30830273
1879,1,-1.0096803,-3.7420845,-0.3627087,-1.0096803,-4.088178,-0.96699446,0.26704243,0.023155741,0.410304,0.26704243,0.016493171,0.27547997
1880,0,-0.78199303,-1.8315172,-0.45604455,-0.78199303,-2.4051456,-0.9004678,0.3138905,0.13805763,0.38792455,0.3138905,0.08278116,0.28895438
1881,0,-7.368348,-7.506278,-0.07967385,-7.368348,-6.467779,-0.96623886,0.0006305117,0.00054932106,0.48009205,0.0006305117,0.001550263,0.2756308
1882,0,-5.185257,-5.3677244,-0.6046717,-5.185257,-5.6173687,-0.812456,0.0055673295,0.0046430756,0.3532756,0.0055673295,0.0036210315,0.30736738
1883,1,5.774855,2.5334516,-0.19679329,5.774855,5.4396105,-0.82857895,0.9969049,0.9264539,0.45095983,0.9969049,0.99567765,0.30394563
1884,1,4.689693,0.25282782,-0.04712619,4.689693,1.2089872,-0.7014682,0.9908942,0.5628724,0.48822063,0.9908942,0.77011967,0.33148676
1885,0,-0.32180154,-2.2611194,-0.50227726,-0.32180154,-2.4630942,-0.84009963,0.42023674,0.09439465,0.37700567,0.42023674,0.07848625,0.3015138
1886,1,3.5121956,-0.1958938,-0.40833312,3.5121956,0.6416288,-0.74058497,0.97103286,0.45118254,0.39931187,0.97103286,0.6551216,0.32287624
1887,1,0.59865296,-0.43503714,-0.34873307,0.59865296,0.23649117,-0.7354773,0.645348,0.39292416,0.4136897,0.645348,0.55884874,0.32399392
1888,1,-3.169043,-2.7979918,-0.25832328,-3.169043,-2.3598619,-1.0158968,0.04034745,0.057432793,0.4357759,0.04034745,0.08628509,0.26582742
1889,0,-0.5507103,-2.2369537,-0.23465976,-0.5507103,-2.7129588,-0.9304332,0.36569962,0.096480764,0.44160274,0.36569962,0.062213,0.28283682
1890,1,6.86229,1.9171591,-0.34631345,6.86229,4.759579,-0.7477405,0.99895453,0.8718213,0.41427672,0.99895453,0.9915036,0.32131386
1891,1,4.9973783,1.130186,-0.26991057,4.9973783,3.3853889,-0.71262306,0.99328977,0.7558732,0.43292904,0.99328977,0.96724474,0.3290195
1892,1,3.6084666,1.9547722,-0.27134547,3.6084666,4.725706,-1.1035497,0.9736213,0.87596613,0.43257684,0.9736213,0.9912135,0.24907538
1893,0,-6.9059324,-5.091242,-0.58408326,-6.9059324,-4.089753,-0.7926402,0.0010008218,0.006112782,0.35799357,0.0010008218,0.016467644,0.31160206
1894,0,-3.0461447,1.3817366,-0.58770823,-3.0461447,3.754492,-0.74139535,0.04538421,0.7992698,0.35716087,0.04538421,0.97712326,0.3226991
1895,1,0.9367617,1.7792366,-0.1933787,0.9367617,4.044234,-0.9749652,0.71844506,0.85560256,0.4518054,0.71844506,0.9827786,0.27389193
1896,1,2.6906612,0.08151111,-0.52216977,2.6906612,1.17152,-0.7173954,0.93647337,0.5203665,0.372345,0.93647337,0.7634197,0.32796678
1897,0,-6.740444,-3.1494014,-0.5436508,-6.740444,-2.7391915,-0.81201947,0.0011807261,0.041114867,0.36733872,0.0011807261,0.06069999,0.30746034
1898,0,-0.62878263,-3.551982,-0.18900034,-0.62878263,-4.4284606,-0.6603726,0.34778664,0.02786883,0.4528901,0.34778664,0.011792131,0.3406559
1899,0,-1.5808107,0.22765827,-0.53082556,-1.5808107,1.4828122,-0.67858064,0.17068072,0.55667,0.37032434,0.17068072,0.81499696,0.3365782
1900,0,1.0218669,-1.0694604,-0.5349721,1.0218669,-1.3322061,-0.8153248,0.73533607,0.2555057,0.369358,0.73533607,0.20879467,0.30675697
1901,0,1.1172087,0.2924352,0.23785798,1.1172087,1.3490076,-0.88434064,0.7534706,0.5725922,0.55918574,0.7534706,0.79396737,0.2922791
1902,0,5.2414584,1.1919755,-0.54711175,5.2414584,3.5002613,-0.77139664,0.9947353,0.76709425,0.36653474,0.9947353,0.9706952,0.31617707
1903,1,2.8627377,-0.4480387,-0.5044093,2.8627377,0.043773115,-0.6987536,0.94597334,0.3898272,0.376505,0.94597334,0.5109415,0.33208862
1904,1,1.8208499,0.14517222,-0.5182862,1.8208499,1.1333425,-0.7959391,0.86066806,0.53622943,0.37325305,0.86066806,0.75645524,0.31089485
1905,1,3.289637,1.3057454,-0.20320423,3.289637,2.9198067,-0.8337276,0.96407163,0.7868003,0.44937304,0.96407163,0.9488169,0.30285746
1906,0,5.6956415,0.32943177,-0.0074634627,5.6956415,1.7018443,-0.8230909,0.99665064,0.58162105,0.4981341,0.99665064,0.8457754,0.30510795
1907,0,-5.421235,-3.2521756,-0.36884028,-5.421235,-2.4712715,-0.73170495,0.004402217,0.03724879,0.40882125,0.004402217,0.077896856,0.32482073
1908,1,3.5992203,0.7324327,-0.30251184,3.5992203,2.5211995,-0.7973265,0.9733828,0.6753389,0.42494354,0.9733828,0.92561466,0.3105977
1909,0,-0.11813991,-1.8714256,-0.1096529,-0.11813991,-1.9195763,-0.89475775,0.47049934,0.13337684,0.47261426,0.47049934,0.12790883,0.29012898
1910,0,-3.4332037,-2.440526,-0.5065524,-3.4332037,-2.5131145,-0.72479665,0.03127373,0.08013413,0.37600207,0.03127373,0.07494391,0.3263376
1911,1,4.123373,1.0364071,-0.54743195,4.123373,2.9937344,-0.6460369,0.9840681,0.73815614,0.36646044,0.9840681,0.9522903,0.34388316
1912,0,-3.550853,-2.5711513,-0.52532226,-3.550853,-3.3034482,-0.81448805,0.027899431,0.07101831,0.37160856,0.027899431,0.035453085,0.30693495
1913,1,1.4897007,0.6059886,-0.34645015,1.4897007,1.5207306,-0.9911359,0.8160333,0.6470252,0.4142435,0.8160333,0.82064605,0.27068776
1914,0,-1.8119857,-2.556302,-0.34950227,-1.8119857,-1.7736603,-0.8802097,0.1403983,0.072004244,0.4135031,0.1403983,0.14508772,0.29313433
1915,0,-7.1651897,-6.5058126,-0.4436514,-7.1651897,-5.2234964,-0.7736435,0.00077243516,0.0014924947,0.39087123,0.00077243516,0.005359576,0.31569147
1916,0,-2.9384227,-0.6654233,-0.58473694,-2.9384227,-0.81261265,-0.7083348,0.050286546,0.33952242,0.35784334,0.050286546,0.30733404,0.3299669
1917,0,-4.2819386,-3.6989517,-0.5846,-4.2819386,-4.5948915,-0.75456494,0.013627578,0.024151716,0.35787484,0.013627578,0.01000226,0.31982744
1918,0,-5.1253614,-3.8761563,-0.5567435,-5.1253614,-4.2020135,-0.76771235,0.005908945,0.020309333,0.36430126,0.005908945,0.014744752,0.31697416
1919,1,2.4401991,1.0267339,-0.5490365,2.4401991,3.0530884,-0.75347954,0.9198417,0.73628217,0.36608797,0.9198417,0.9549157,0.3200636
1920,1,3.4386055,0.77144563,0.043990634,3.4386055,2.6369884,-0.9170811,0.96888953,0.68383354,0.51099586,0.96888953,0.93320453,0.285553
1921,0,-6.010837,-5.133671,-0.60212225,-6.010837,-4.6252646,-0.7246697,0.002446037,0.0058603357,0.35385832,0.002446037,0.009705933,0.3263655
1922,0,-2.0003157,-0.18115367,-0.4963806,-2.0003157,0.24821329,-0.7609105,0.11916977,0.45483503,0.3783916,0.11916977,0.56173664,0.31844863
1923,1,5.136151,1.9114654,-0.5523461,5.136151,4.3994465,-0.74189985,0.99415416,0.8711837,0.36532027,0.99415416,0.9878649,0.32258883
1924,0,-4.5822945,-4.7177305,-0.4801813,-4.5822945,-3.64718,-0.6799564,0.010127773,0.008856299,0.38220933,0.010127773,0.025402421,0.33627105
1925,1,2.3597343,-0.12947828,-0.42773545,2.3597343,0.67626774,-0.85327446,0.9137048,0.46767557,0.3946672,0.9137048,0.6629052,0.29874644
1926,1,0.18827045,1.5641363,-0.5256261,0.18827045,3.2348201,-0.8479198,0.54692906,0.8269461,0.3715376,0.54692906,0.96212375,0.29986942
1927,1,0.8246088,-0.6150567,-0.09190008,0.8246088,0.09355798,-0.9708086,0.6952138,0.35090655,0.47704113,0.6952138,0.5233724,0.27471936
1928,1,4.839071,0.47955966,-0.49507296,4.839071,1.7477283,-0.67175394,0.99214774,0.6176439,0.37869924,0.99214774,0.85166603,0.33810422
1929,0,2.0916028,1.1491128,-0.54940635,2.0916028,3.3351195,-0.7025249,0.8900843,0.75934887,0.36600214,0.8900843,0.9656142,0.33125263
1930,1,2.1608927,-0.62081283,-0.45647252,2.1608927,0.3049919,-0.87941134,0.89668226,0.3495966,0.387823,0.89668226,0.5756623,0.2932998
1931,1,6.362776,2.1164045,-0.5547526,6.362776,4.888042,-0.8425213,0.9982784,0.8924874,0.36476249,0.9982784,0.9925202,0.30100402
1932,1,-2.9786615,-0.46091652,-0.5377422,-2.9786615,-0.18136202,-0.78183407,0.048399236,0.38676843,0.36871296,0.048399236,0.45478335,0.31392476
1933,0,-3.1324604,-4.3961797,-0.5114626,-3.1324604,-3.3665962,-0.8430466,0.04178798,0.0121742925,0.37485072,0.04178798,0.033355884,0.30089352
1934,0,-5.41992,-3.4552875,-0.22523189,-5.41992,-3.6546314,-0.9514886,0.0044079847,0.030611567,0.44392887,0.0044079847,0.0252186,0.27858555
1935,0,-7.4848657,-7.2344217,-0.4832451,-7.4848657,-6.180246,-0.68385136,0.00056120346,0.0007208044,0.38148612,0.00056120346,0.002065643,0.33540228
1936,1,4.9989033,1.7166988,-0.4005696,4.9989033,4.0488005,-0.88534486,0.99329984,0.8477031,0.4011755,0.99329984,0.98285574,0.29207143
1937,0,-0.16695496,-0.8494852,-0.56038904,-0.16695496,-1.2971387,-0.8230635,0.45835796,0.29954088,0.36345744,0.45835796,0.21464697,0.30511376
1938,1,1.5531129,0.068069786,-0.44605574,1.5531129,0.69606763,-0.7541981,0.8253629,0.51701087,0.39029896,0.8253629,0.6673153,0.31990722
1939,1,0.33501214,0.43628573,-0.02891356,0.33501214,1.8332008,-0.7650697,0.5829784,0.60737365,0.49277213,0.5829784,0.8621426,0.3175466
1940,1,5.009394,-0.67373645,-0.1759127,5.009394,-0.56824,-0.92872566,0.9933693,0.3376607,0.4561349,0.9933693,0.36164305,0.2831833
1941,0,-0.31087154,-2.4226298,-0.46085656,-0.31087154,-2.6241333,-0.6854147,0.422902,0.081463255,0.38678265,0.422902,0.06760129,0.3350539
1942,1,4.491485,1.1775912,-0.060517505,4.491485,3.1088383,-0.7316258,0.98892015,0.7645144,0.48487523,0.98892015,0.95725584,0.32483804
1943,1,5.4455214,1.992638,-0.26019287,5.4455214,4.7211485,-0.83295083,0.9957029,0.88002187,0.43531632,0.9957029,0.9911737,0.3030215
1944,1,2.6647692,-2.0143447,-0.18800771,2.6647692,-3.0413113,-0.78604364,0.93491554,0.11770503,0.45313603,0.93491554,0.045594078,0.3130188
1945,0,-5.9013023,-6.045678,-0.5385444,-5.9013023,-4.804518,-0.7998483,0.0027284145,0.00236248,0.36852625,0.0027284145,0.008126073,0.31005797
1946,0,-0.11746617,-1.3165786,-0.52975875,-0.11746617,-0.7805103,-0.68972355,0.47066718,0.21138808,0.37057313,0.47066718,0.3142099,0.33409455
1947,1,1.9957986,-0.5315049,-0.46855322,1.9957986,-0.7256479,-0.8918974,0.8803553,0.37016597,0.38495874,0.8803553,0.32615048,0.29071844
1948,0,0.68016493,-1.7464945,0.06937644,0.68016493,-2.6145673,-0.88222504,0.6637755,0.14848988,0.51733714,0.6637755,0.06820676,0.29271692
1949,1,7.5652633,1.4343697,-0.2537464,7.5652633,4.2149763,-0.6824764,0.9994822,0.80758125,0.43690157,0.9994822,0.9854424,0.33570883
1950,1,5.228701,0.44075024,-0.47465205,5.228701,1.4600236,-0.7706744,0.9946681,0.6084378,0.38351575,0.9946681,0.8115363,0.31633323
1951,1,0.73143566,0.057816878,-0.4493511,0.73143566,0.79129034,-0.83015037,0.67512023,0.5144502,0.38951507,0.67512023,0.6881083,0.30361328
1952,0,-0.77955824,-1.9208858,-0.38133273,-0.77955824,-3.2708983,-0.77932215,0.3144151,0.12776282,0.40580547,0.3144151,0.036583155,0.31446603
1953,0,-6.4788246,-6.6267776,-0.3885578,-6.4788246,-5.610418,-0.7132391,0.0015332601,0.0013226722,0.40406457,0.0015332601,0.0036461966,0.3288835
1954,0,-7.713981,-7.965958,-0.6179539,-7.713981,-6.7761803,-0.90397894,0.00044634085,0.00034695858,0.35024697,0.00044634085,0.0011393239,0.28823352
1955,1,5.653436,1.1260502,-0.4791606,5.653436,3.0924435,-0.7411021,0.99650675,0.7551092,0.38245037,0.99650675,0.9565799,0.32276317
1956,0,-6.60266,-6.6493807,-0.656958,-6.60266,-5.7859087,-1.0836987,0.0013549156,0.0012931493,0.34142327,0.0013549156,0.0030611197,0.25280672
1957,1,3.9155998,2.1854348,-0.49307588,3.9155998,4.925087,-0.7732862,0.9804608,0.89893395,0.37916923,0.9804608,0.9927902,0.31576863
1958,1,5.931814,1.5753739,-0.2219682,5.931814,3.9605217,-0.8488662,0.9973533,0.8285484,0.44473463,0.9973533,0.98130304,0.29967076
1959,1,5.4640727,1.3804247,-0.50211596,5.4640727,3.5767815,-0.8357442,0.99578166,0.7990592,0.37704355,0.99578166,0.97279525,0.30243185
1960,0,0.1762284,0.26368546,-0.14282654,0.1762284,1.003806,-0.93806183,0.5439434,0.56554204,0.46435395,0.5439434,0.7318062,0.281292
1961,0,-5.9766874,-2.3588562,-0.52470386,-5.9766874,-2.4403772,-0.7005526,0.002530796,0.0863644,0.371753,0.002530796,0.08014509,0.33168972
1962,1,5.5857296,1.2739875,-0.26065838,5.5857296,3.5692167,-0.9313159,0.99626297,0.7814246,0.43520185,0.99626297,0.97259426,0.28265783
1963,0,-1.2253642,-1.0696526,-0.3908627,-1.2253642,-1.1753232,-0.84291244,0.22699383,0.25546917,0.40350962,0.22699383,0.23589411,0.30092177
1964,1,1.2129714,-0.08019796,-0.33421403,1.2129714,0.9527248,-0.80788267,0.7708243,0.47996125,0.41721565,0.7708243,0.7216628,0.30834186
1965,1,4.7236023,1.5212287,-0.5693961,4.7236023,4.271045,-0.8127634,0.9911951,0.8207193,0.3613762,0.9911951,0.98622525,0.30730194
1966,0,-4.9245844,-0.9797643,-0.6510999,-4.9245844,-1.0004175,-0.75718,0.007213335,0.27293858,0.34274173,0.007213335,0.26885936,0.31925884
1967,1,2.066691,1.256753,-0.46988124,2.066691,3.6679707,-0.82702386,0.88762325,0.77846664,0.38464433,0.88762325,0.97510725,0.30427474
1968,1,1.3009264,0.00092449784,-0.42466742,1.3009264,0.63515794,-0.8016566,0.7859909,0.50023115,0.3954004,0.7859909,0.6536581,0.30967125
1969,1,4.0001807,0.060198873,-0.5410584,4.0001807,1.2855122,-0.7888196,0.982017,0.51504517,0.3679414,0.982017,0.7833866,0.3124222
1970,1,-1.6667788,0.17262322,-0.5949311,-1.6667788,1.3337656,-0.77958953,0.15885413,0.543049,0.35550424,0.15885413,0.7914628,0.3144084
1971,1,1.4362233,-1.1265922,-0.2226625,1.4362233,-0.75170815,-0.8939051,0.80786914,0.24479055,0.44456324,0.80786914,0.3204492,0.2903046
1972,1,7.0233665,1.0872395,-0.3135793,7.0233665,3.1152189,-0.75911283,0.9991099,0.7478615,0.4222413,0.9991099,0.9575162,0.31883892
1973,0,-3.4694288,-0.45276004,-0.51974565,-3.4694288,-0.1353941,-0.73391557,0.030194705,0.38870472,0.37291172,0.030194705,0.46620306,0.32433608
1974,0,-6.555715,-4.0381064,-0.35808122,-6.555715,-5.5700045,-0.93829244,0.0014199467,0.017325366,0.41142413,0.0014199467,0.0037959989,0.28124538
1975,1,6.6744137,1.8816551,-0.4844174,6.6744137,4.865238,-0.7324197,0.9987388,0.8678011,0.38120955,0.9987388,0.992349,0.32466394
1976,0,-1.9144266,-0.7995825,-0.6407338,-1.9144266,-0.82101303,-0.81629777,0.12848437,0.31011483,0.3450807,0.12848437,0.30554867,0.3065501
1977,0,-2.316619,-2.9309926,-0.58323604,-2.316619,-3.927415,-0.67013395,0.08975591,0.05064258,0.3581883,0.08975591,0.019314134,0.33846682
1978,1,3.2061794,1.6019306,-0.096053325,3.2061794,3.933752,-0.93244946,0.9610661,0.832288,0.47600514,0.9610661,0.9808055,0.28242803
1979,1,4.8134575,1.1546271,0.7738288,4.8134575,3.391093,-0.9127607,0.9919457,0.76035506,0.6843486,0.9919457,0.967425,0.28643525
1980,1,2.2200806,-0.15291938,-0.43208992,2.2200806,0.3295336,-0.9260366,0.9020383,0.46184444,0.39362738,0.9020383,0.5816459,0.2837295
1981,1,0.58508265,1.196156,-0.47882548,0.58508265,3.332756,-1.0333818,0.6422361,0.76784027,0.3825295,0.6422361,0.9655356,0.262429
1982,0,3.33909,0.5411887,-0.42775017,3.33909,2.0708773,-0.838398,0.9657458,0.63208884,0.39466366,0.9657458,0.8880402,0.3018723
1983,0,1.4846364,0.62629724,-0.38448328,1.4846364,1.7243392,-0.9451562,0.8152719,0.6516494,0.40504605,0.8152719,0.8486869,0.27986
1984,1,4.3141985,-1.1362284,-0.48385012,4.3141985,-0.94502604,-0.73132336,0.9867993,0.24301349,0.3813434,0.9867993,0.27988622,0.3249044
1985,1,3.5876248,-0.76605624,0.16123375,3.5876248,0.16320106,-0.89978015,0.97308075,0.31733283,0.54022133,0.97308075,0.54071,0.28909567
1986,1,2.8781886,-0.73212683,-0.5563532,2.8781886,-0.48154813,-0.7212081,0.9467577,0.3247282,0.36439165,0.9467577,0.3818866,0.327127
1987,1,5.6188917,1.7919915,-0.42045388,5.6188917,4.8222504,-0.92749673,0.9963845,0.85717124,0.39640814,0.9963845,0.9920156,0.28343284
1988,0,-3.5852857,-0.9502569,-0.5780529,-3.5852857,-1.4715645,-0.738961,0.026980607,0.27883315,0.35938075,0.026980607,0.18670493,0.3232314
1989,0,-2.3030782,-1.7961991,-0.21183638,-2.3030782,-3.0513022,-0.7814756,0.090868354,0.14231437,0.44723806,0.090868354,0.045161285,0.31400195
1990,0,-3.5403626,-3.3188562,-0.06381264,-3.5403626,-4.0287714,-0.89031386,0.028185355,0.034929942,0.48405224,0.028185355,0.017485013,0.29104507
1991,1,2.4037619,1.9558318,-0.13678153,2.4037619,4.3478985,-0.8590245,0.9171137,0.8760811,0.46585783,0.9171137,0.9872312,0.2975432
1992,0,-0.83557725,-0.40914404,-0.5862076,-0.83557725,0.104083,-0.8025062,0.30246708,0.3991174,0.35750547,0.30246708,0.5259973,0.30948967
1993,0,-2.484368,-3.421791,-0.41825518,-2.484368,-3.4850373,-0.7621249,0.07696133,0.031621337,0.39693433,0.07696133,0.029740974,0.31818512
1994,1,5.330002,1.4488709,-0.5855615,5.330002,4.032807,-0.74749255,0.9951793,0.80982465,0.35765392,0.9951793,0.9825842,0.32136792
1995,0,-4.4154744,-4.770158,-0.5610851,-4.4154744,-3.4223857,-0.77692175,0.011944423,0.008407752,0.36329642,0.011944423,0.03160313,0.3149837
1996,1,2.9906464,1.2615724,-0.4935918,2.9906464,2.5388842,-0.7661209,0.95214975,0.77929664,0.37904778,0.95214975,0.9268232,0.31731886
1997,0,-6.704226,-6.7691283,-0.018910356,-6.704226,-5.6091037,-0.95408416,0.0012242205,0.0011473775,0.49527258,0.0012242205,0.0036509738,0.2780642
1998,0,4.0483437,0.4298464,-0.2538087,4.0483437,1.6802177,-0.6667282,0.98284805,0.605837,0.43688628,0.98284805,0.84293336,0.33922982
1999,1,1.9899155,-0.0021237135,-0.42959183,1.9899155,1.1534201,-0.7927222,0.8797342,0.49946907,0.3942238,0.8797342,0.76013505,0.31158444
2000,0,-3.8517387,-2.5731816,-0.5131703,-3.8517387,-2.0325415,-0.71388805,0.0208009,0.07088447,0.37445065,0.0208009,0.11582838,0.3287403
2001,0,2.276467,-1.0714444,-0.22733769,2.276467,-1.201295,-0.9214024,0.90690917,0.2551285,0.4434091,0.90690917,0.23124494,0.28467223
2002,0,-7.1031656,-7.2919335,-0.54952496,-7.1031656,-5.568865,-0.9031558,0.0008218211,0.0006805465,0.3659746,0.0008218211,0.0038003111,0.2884024
2003,1,1.2533555,-1.3334801,-0.44130915,1.2533555,-1.6747848,-0.9056214,0.77788013,0.2085843,0.39142907,0.77788013,0.1577873,0.28789666
2004,1,-2.7184832,-1.0615149,-0.5306558,-2.7184832,-0.83251774,-0.76480126,0.061891474,0.25702006,0.37036392,0.061891474,0.30311298,0.31760475
2005,1,4.7710724,-0.3597005,-0.38690698,4.7710724,0.1656807,-0.8167653,0.9915999,0.41103208,0.40446207,0.9915999,0.5413257,0.30645075
2006,1,4.138574,1.241345,-0.25590494,4.138574,3.3076696,-0.9859016,0.9843047,0.775798,0.43637067,0.9843047,0.9646909,0.27172235
2007,1,1.2196388,1.9294976,-0.51601094,1.2196388,3.4955502,-0.8041902,0.77199996,0.8731938,0.37378547,0.77199996,0.97056085,0.30912992
2008,1,2.2671359,0.07245794,0.35645437,2.2671359,1.0755467,-0.75407934,0.90611845,0.5181066,0.5881819,0.90611845,0.74565035,0.31993306
2009,0,3.7778122,1.9367467,-0.5079111,3.7778122,4.6851306,-0.70497304,0.9776388,0.87399435,0.37568334,0.9776388,0.9908529,0.33071056
2010,1,1.3164214,0.23832306,-0.17668729,1.3164214,1.6958383,-0.9568889,0.7885857,0.55930036,0.45594275,0.7885857,0.84499043,0.2775015
2011,1,5.3840175,1.6927737,-0.41394192,5.3840175,4.552432,-0.88992405,0.99543166,0.8445885,0.3979673,0.99543166,0.9895684,0.2911255
2012,0,-1.5307119,-0.8477255,-0.5768106,-1.5307119,-0.87408835,-0.6989758,0.17788956,0.29991022,0.3596668,0.17788956,0.29440433,0.33203933
2013,1,3.6573908,-0.29564655,-0.4587487,3.6573908,0.08338156,-0.7963667,0.97484916,0.42662206,0.38728267,0.97484916,0.5208333,0.31080326
2014,0,0.3677582,-1.2388582,-0.599092,0.3677582,-0.41314036,-0.92248774,0.59091717,0.22463481,0.35455146,0.59091717,0.39815938,0.28445128
2015,0,2.4544964,1.2208117,-0.56889397,2.4544964,3.5799308,-0.79101264,0.9208896,0.77220637,0.36149207,0.9208896,0.9728785,0.31195128
2016,1,3.2752545,1.9956317,-0.41635296,3.2752545,5.202124,-0.87056756,0.96357006,0.88033766,0.3973898,0.96357006,0.9945253,0.2951362
2017,1,4.316298,0.45571023,-0.5443206,4.316298,1.4014472,-0.85230654,0.98682666,0.611996,0.3671831,0.98682666,0.8024134,0.29894924
2018,0,-5.3977146,-4.146379,-0.5278447,-5.3977146,-3.6756415,-0.82447225,0.004506514,0.015575177,0.37101972,0.004506514,0.024707237,0.30481514
2019,1,2.2274055,0.58699256,-0.37506914,2.2274055,2.2825398,-0.7906673,0.9026837,0.6426748,0.4073167,0.9026837,0.9074206,0.3120254
2020,1,4.370615,1.3774489,-0.30349597,4.370615,3.5810156,-0.7868679,0.9875144,0.798581,0.4247031,0.9875144,0.97290707,0.3128416
2021,0,0.32524657,0.47112775,0.15856951,0.32524657,1.684418,-0.93638337,0.58060235,0.61565065,0.53955954,0.58060235,0.8434887,0.28163147
2022,1,0.70993066,0.3744644,-0.574668,0.70993066,1.4551145,-1.027946,0.67038584,0.5925373,0.3601604,0.67038584,0.81078434,0.2634825
2023,0,-2.20081,0.22511059,-0.57976174,-2.20081,1.4079707,-0.71252924,0.09967777,0.5560412,0.3589874,0.09967777,0.80344564,0.32904023
2024,0,-5.134811,-6.0224113,-0.25366476,-5.134811,-5.0573907,-1.0779831,0.0058536967,0.0024179572,0.4369217,0.0058536967,0.006321918,0.25388786
2025,0,2.4271984,0.47075862,0.012969077,2.4271984,1.7920442,-0.90554607,0.91887796,0.61556333,0.5032422,0.91887796,0.85717773,0.28791213
2026,0,0.6030357,-0.24891897,-0.5890332,0.6030357,0.23996508,-0.80180717,0.6463505,0.4380896,0.3568567,0.6463505,0.559705,0.30963907
2027,1,5.1690755,0.756811,-0.21500292,5.1690755,2.2539256,-0.79308224,0.9943423,0.68066096,0.44645536,0.9943423,0.9049886,0.31150723
2028,0,-2.0263162,-0.119297415,-0.6119305,-2.0263162,0.49322373,-0.8925758,0.11646746,0.47021097,0.35161895,0.11646746,0.6208656,0.29057857
2029,1,6.390138,1.8593019,-0.52791363,6.390138,3.9975586,-0.70302373,0.9983248,0.86521554,0.37100363,0.9983248,0.98197067,0.33114216
2030,1,4.9314637,1.5256479,-0.31239748,4.9314637,4.106427,-0.8287883,0.9928357,0.8213687,0.42252967,0.9928357,0.98380023,0.30390134
2031,1,-0.22083475,-0.6194432,-0.31001332,-0.22083475,-0.57661146,-1.0075276,0.44501457,0.3499081,0.42311147,0.44501457,0.35971266,0.26746398
2032,0,-1.0998125,-2.8124738,0.21025401,-1.0998125,-3.3133354,-0.754799,0.24977502,0.056653827,0.5523707,0.24977502,0.035116527,0.31977654
2033,1,4.045101,0.8239293,-0.46986604,4.045101,2.207533,-0.8145341,0.98279333,0.6950698,0.38464797,0.98279333,0.9009239,0.30692515
2034,0,4.0734324,0.3106351,-0.35988373,4.0734324,1.1005156,-1.0063736,0.9832659,0.57704026,0.41098773,0.9832659,0.7503567,0.26769015
2035,0,-6.6811323,-5.9831295,-0.5287179,-6.6811323,-6.1706653,-0.68749094,0.0012527854,0.0025145856,0.370816,0.0012527854,0.0020854871,0.33459145
2036,0,-4.105551,-5.1041236,-0.44375136,-4.105551,-4.331078,-0.70178545,0.016213723,0.0060350155,0.39084744,0.016213723,0.012982595,0.33141646
2037,0,-6.149416,-5.3019705,-0.5922612,-6.149416,-4.426754,-0.8586955,0.0021301808,0.0049570724,0.3561162,0.0021301808,0.011812035,0.29761195
2038,1,2.985197,-0.2539003,-0.35075918,2.985197,0.7529061,-0.948069,0.95190084,0.43686375,0.4131983,0.95190084,0.6798116,0.27927333
2039,1,6.632508,1.2470423,-0.24116683,6.632508,3.597958,-0.82042515,0.9986848,0.7767874,0.43999887,0.9986848,0.97335017,0.30567342
2040,0,-6.179755,-3.7300575,-0.6018058,-6.179755,-2.6232524,-0.76992416,0.0020666549,0.023429353,0.35393065,0.0020666549,0.067656845,0.3164955
2041,0,5.6344934,1.7298923,-0.4613526,5.6344934,3.6615372,-0.70852387,0.99644023,0.8493986,0.38666502,0.99644023,0.9749507,0.32992512
2042,1,3.4783444,-1.1173755,0.18758151,3.4783444,-0.8592757,-0.8923731,0.97006524,0.24649844,0.54675835,0.97006524,0.2974907,0.29062036
2043,1,3.9439056,0.8058486,-0.48345363,3.9439056,2.405477,-0.86199075,0.9809957,0.69122416,0.3814369,0.9809957,0.91724396,0.29692358
2044,0,-1.3552355,0.56178147,-0.58082795,-1.3552355,1.3409064,-0.73067164,0.20501576,0.63686466,0.3587421,0.20501576,0.79263896,0.32504737
2045,0,-2.7322302,-0.39972922,-0.23023513,-2.7322302,-0.22624345,-1.0650226,0.061098102,0.4013774,0.44269416,0.061098102,0.44367915,0.25635082
2046,0,-2.5437827,-2.7302704,-0.27281284,-2.5437827,-3.249754,-0.84944165,0.07284528,0.06121062,0.43221667,0.07284528,0.03733573,0.29955
2047,1,3.3172033,1.7096988,-0.28837138,3.3172033,4.411948,-0.8423388,0.96501434,0.8467972,0.4284026,0.96501434,0.98801386,0.30104244
2048,0,-5.0573463,-3.2160113,-0.5755793,-5.0573463,-2.004096,-0.7397375,0.0063221967,0.038567614,0.35995042,0.0063221967,0.118773535,0.32306156
2049,1,2.3547504,1.3466233,-0.373828,2.3547504,3.8046863,-0.8948975,0.91331106,0.7935771,0.40761638,0.91331106,0.97821885,0.2901002
2050,1,-1.3311894,-1.523154,-0.3987907,-1.3311894,-1.3077865,-0.9176407,0.20896268,0.17899755,0.40160292,0.20896268,0.21285748,0.28543887
2051,0,-5.8073206,-6.366967,-0.08817877,-5.8073206,-5.441869,-0.7984406,0.0029964666,0.0017144155,0.4779696,0.0029964666,0.0043127015,0.31035918
2052,1,4.0822873,0.255463,-0.1181232,4.0822873,1.3998806,-0.7882178,0.983411,0.56352067,0.47050345,0.983411,0.802165,0.31255147
2053,0,-1.3728478,-1.6208484,0.16263612,-1.3728478,-1.8462198,-0.8248972,0.20216015,0.1650879,0.54056966,0.20216015,0.13631734,0.3047251
2054,1,3.661438,1.1137822,-0.48569036,3.661438,2.7900577,-0.76707757,0.97494817,0.7528336,0.38090935,0.97494817,0.94213617,0.31711164
2055,0,1.6174861,1.7251489,-0.04709392,1.6174861,4.345157,-0.852882,0.83444816,0.8487909,0.48822865,0.83444816,0.98719656,0.29882866
2056,0,-2.749544,-3.010128,-0.26738,-2.749544,-3.3048635,-0.9256877,0.060112417,0.046970416,0.4335504,0.060112417,0.03540472,0.2838004
2057,1,-0.28410447,0.3559178,-0.40886393,-0.28410447,1.8650534,-0.7862545,0.42944777,0.5880519,0.39918455,0.42944777,0.8658849,0.31297344
2058,0,0.7543169,-0.50821215,0.013871685,0.7543169,-0.094922975,-0.74697727,0.6801186,0.37561274,0.50346786,0.6801186,0.47628707,0.3214803
2059,1,1.3495337,-1.5125313,-0.50927037,1.3495337,-1.5980124,-0.7959159,0.7940534,0.18056396,0.3753646,0.7940534,0.16825959,0.31089982
2060,1,4.056955,-0.82194656,-0.414561,4.056955,-0.7267271,-0.7757477,0.9829926,0.3053506,0.39781895,0.9829926,0.32591334,0.31523708
2061,1,6.4259405,0.4697439,-0.17224686,6.4259405,1.7060661,-0.6956991,0.99838364,0.6153231,0.45704442,0.99838364,0.8463254,0.3327665
2062,0,0.27553746,-1.73135,-0.482108,0.27553746,-2.1364112,-0.6808794,0.5684518,0.15041499,0.38175446,0.5684518,0.10560789,0.33606502
2063,0,1.334619,-2.153041,-0.5455029,1.334619,-3.626254,-0.646746,0.7916036,0.1040474,0.36690837,0.7916036,0.025925668,0.3437232
2064,0,2.4240286,0.78696847,-0.40958485,2.4240286,2.458034,-0.8617972,0.9186413,0.68718004,0.39901167,0.9186413,0.9211469,0.296964
2065,1,2.9852781,-1.1032665,-0.09799266,2.9852781,-1.3045924,-0.95515984,0.9519046,0.24912836,0.4755214,0.9519046,0.21339315,0.2778483
2066,0,0.6775478,0.54335463,-0.59233487,0.6775478,2.2898479,-0.78076494,0.66319114,0.63259244,0.35609928,0.66319114,0.9080327,0.31415507
2067,1,-3.1725497,-2.3540554,-0.31315288,-3.1725497,-2.457666,-0.96619534,0.040211894,0.08674396,0.42234534,0.040211894,0.07887976,0.2756395
2068,0,2.7179475,1.1873966,-0.042458422,2.7179475,3.091854,-0.8685293,0.9380774,0.76627517,0.489387,0.9380774,0.9565555,0.29556042
2069,0,-0.4150067,-0.24563956,-0.38197434,-0.4150067,0.20790163,-0.82614213,0.3977122,0.43889707,0.40565076,0.3977122,0.551789,0.30446142
2070,0,0.6093652,-1.0396913,-0.5405677,0.6093652,-0.15711936,-0.95267296,0.647796,0.26120958,0.36805552,0.647796,0.46080077,0.27834758
2071,0,1.537133,0.22699392,-0.4857696,1.537133,1.5023748,-0.85926175,0.8230476,0.5565061,0.38089067,0.8230476,0.8179284,0.2974936
2072,1,3.748579,2.6639915,-0.2842738,3.748579,5.7087874,-0.7943188,0.9769907,0.9348681,0.4294063,0.9769907,0.9966943,0.3112421
2073,1,2.1418943,-0.426149,-0.42232746,2.1418943,0.741325,-0.7676389,0.89490896,0.39504626,0.39595994,0.89490896,0.67728555,0.31699008
2074,0,-4.723482,-3.510644,-0.46227622,-4.723482,-3.4754844,-0.8116993,0.008805955,0.02901089,0.386446,0.008805955,0.030017883,0.3075285
2075,0,-0.02274201,0.7828453,-0.5352339,-0.02274201,2.5863323,-0.7478568,0.49431473,0.686293,0.369297,0.49431473,0.92997676,0.3212885
2076,1,-0.9689568,0.12132184,-0.3939186,-0.9689568,0.70567226,-0.8155005,0.2750885,0.5302933,0.4027743,0.2750885,0.66944414,0.30671963
2077,0,-5.6026096,-6.477774,-0.39173886,-5.6026096,-5.136242,-0.92728555,0.003674673,0.0015348691,0.40329877,0.003674673,0.0058453754,0.28347576
2078,1,4.03521,-0.32829607,-0.53006274,4.03521,0.24587268,-0.72677433,0.98262525,0.4186553,0.37050223,0.98262525,0.5611604,0.325903
2079,0,4.276334,0.8872258,-0.15813078,4.276334,2.9474957,-0.948506,0.9862969,0.70831734,0.4605495,0.9862969,0.950145,0.27918538
2080,1,4.6893067,1.4416572,-0.49793753,4.6893067,3.9601636,-0.7450264,0.9908907,0.8087112,0.3780255,0.9908907,0.9812965,0.32190597
2081,0,-0.8620115,-0.5939563,-0.2961813,-0.8620115,-0.14378417,-0.88690954,0.29691926,0.3557276,0.42649126,0.29691926,0.46411574,0.291748
2082,1,6.670702,1.4897876,-0.25181267,6.670702,3.4758391,-0.7655605,0.99873406,0.8160464,0.4373774,0.99873406,0.9699924,0.31744024
2083,0,-5.983965,-5.217522,0.0895437,-5.983965,-4.8214707,-0.64011294,0.0025124908,0.005391518,0.52237093,0.0025124908,0.007990568,0.345221
2084,1,5.1966414,2.145485,-0.45438543,5.1966414,4.6345367,-0.8474793,0.99449533,0.8952461,0.38831863,0.99449533,0.99038285,0.2999619
2085,1,1.4311464,1.7309173,-0.38232395,1.4311464,4.491007,-0.79358363,0.80707985,0.8495297,0.4055665,0.80707985,0.9889149,0.3113997
2086,0,-4.544546,-2.9639268,-0.32180858,-4.544546,-3.6124618,-0.86496484,0.010513291,0.049082406,0.42023507,0.010513291,0.026276259,0.29630306
2087,1,2.0961268,-2.011808,-0.35865453,2.0961268,-2.5336695,-0.7713361,0.8905262,0.11796872,0.4112853,0.8905262,0.07353127,0.31619015
2088,1,1.3877447,2.0357943,-0.52882636,1.3877447,4.3776956,-0.8703423,0.80023193,0.8845043,0.37079066,0.80023193,0.98760134,0.2951831
2089,0,-1.2455993,-2.5213866,-0.51733506,-1.2455993,-2.6034746,-0.66970456,0.22346286,0.07437243,0.37347558,0.22346286,0.068915136,0.338563
2090,1,0.7500304,-1.6372006,-0.17773461,0.7500304,-1.749672,-0.70499426,0.6791853,0.16284633,0.45568293,0.6791853,0.14808854,0.33070588
2091,0,1.0224761,-0.5163077,-0.49485886,1.0224761,0.099802524,-0.8867975,0.7354546,0.37371603,0.3787496,0.7354546,0.52492994,0.29177114
2092,0,-2.268073,-2.5806153,-0.58387697,-2.268073,-2.9372206,-0.72141236,0.09380188,0.07039646,0.358041,0.09380188,0.05034399,0.32708207
2093,0,-4.9466877,-0.89246595,-0.5650437,-4.9466877,-1.1128317,-0.70798695,0.0070567587,0.2906012,0.36238125,0.0070567587,0.24734335,0.33004382
2094,1,4.0108185,-0.24595901,0.27807772,4.0108185,0.82688093,-0.8714703,0.98220396,0.43881837,0.5690749,0.98220396,0.695695,0.29494846
2095,0,-5.8750014,-2.334683,-0.5497515,-5.8750014,-2.471548,-0.73147345,0.0028009228,0.088290974,0.36592206,0.0028009228,0.07787699,0.32487145
2096,1,1.9888145,-1.1291718,-0.31956446,1.9888145,-1.4027178,-0.90631646,0.87961763,0.24431397,0.42078188,0.87961763,0.19738518,0.28775418
2097,0,-2.72257,-2.3421512,-0.36496252,-2.72257,-1.4739043,-0.6909523,0.061654627,0.087691665,0.40975878,0.061654627,0.18634991,0.33382127
2098,0,1.5086738,-0.0038147569,-0.49786508,1.5086738,0.6308137,-0.7206123,0.81886464,0.49904636,0.37804252,0.81886464,0.65267396,0.32725817
2099,1,1.2958487,0.63410896,-0.47012645,1.2958487,1.850701,-0.89358276,0.78513557,0.65342057,0.38458633,0.78513557,0.86420935,0.29037103
2100,1,-2.826206,-3.0706105,0.1317501,-2.826206,-3.8665767,-0.61150986,0.055924375,0.04433595,0.53288996,0.055924375,0.020500816,0.35171488
2101,1,0.4717551,0.78206325,-0.54015696,0.4717551,2.2769148,-0.85291356,0.61579907,0.6861246,0.36815107,0.61579907,0.906947,0.29882205
2102,1,0.59191465,-0.26601282,-0.49843353,0.59191465,0.3818632,-0.9000985,0.6438043,0.4338862,0.3779089,0.6438043,0.5943224,0.28903025
2103,0,-4.5261054,-1.1301334,-0.64725584,-4.5261054,-1.4140265,-0.8670175,0.010706866,0.2441365,0.3436082,0.010706866,0.19559976,0.29587525
2104,0,0.6437856,0.60869706,-0.5510174,0.6437856,1.5503434,-0.7503958,0.6556087,0.6476435,0.3656284,0.6556087,0.82496333,0.32073507
2105,0,3.1532824,1.8353162,-0.566875,3.1532824,4.291504,-0.7418678,0.95903784,0.8623938,0.36195824,0.95903784,0.98650044,0.32259583
2106,0,-2.477063,-0.10946059,-0.58368826,-2.477063,0.54765314,-0.71609366,0.07748187,0.47266218,0.35808435,0.07748187,0.6335909,0.32825378
2107,1,5.2620344,0.8927852,-0.42493373,5.2620344,2.8491545,-0.7501936,0.994842,0.7094646,0.39533675,0.994842,0.94527495,0.32077911
2108,0,-6.099711,-3.0915062,-0.16797286,-6.099711,-4.0454345,-0.9159859,0.002238494,0.04345898,0.45810524,0.002238494,0.017201044,0.2857765
2109,0,-5.6631594,-3.135652,-0.55201805,-5.6631594,-3.7543325,-0.7449119,0.0034595218,0.04166036,0.36539632,0.0034595218,0.022880306,0.32193097
2110,0,3.1239073,0.8838155,0.4713987,3.1239073,2.30501,-0.80833626,0.95786816,0.7076122,0.6157147,0.95786816,0.90929115,0.30824515
2111,1,5.8305187,2.3433943,0.104852125,5.8305187,5.3715467,-0.8612832,0.997072,0.9124077,0.526189,0.997072,0.9953746,0.2970713
2112,1,5.80099,-0.014547676,-0.42722473,5.80099,1.0327544,-0.7856044,0.99698454,0.49636316,0.39478925,0.99698454,0.7374495,0.31311327
2113,0,-5.2243643,-3.338257,-0.51752794,-5.2243643,-3.0059063,-0.7458782,0.0053549516,0.034281813,0.3734305,0.0053549516,0.047159754,0.3217201
2114,0,-1.7184986,-2.6060479,-0.5944885,-1.7184986,-2.644649,-0.9109945,0.15206467,0.0687502,0.35560566,0.15206467,0.06631958,0.28679636
2115,0,1.5984541,-1.9304557,0.4090037,1.5984541,-1.0732347,-0.75552386,0.8318022,0.12670015,0.600849,0.8318022,0.25478843,0.31961885
2116,0,1.8671206,0.51044357,-0.5419272,1.8671206,1.7907116,-0.6781501,0.86612475,0.6249105,0.36773938,0.86612475,0.85701454,0.3366743
2117,0,2.8341951,0.32490677,-0.2661891,2.8341951,1.3696159,-0.81860167,0.944496,0.5805196,0.43384293,0.944496,0.79731816,0.30606058
2118,0,-5.169543,-3.9236445,-0.5482048,-5.169543,-3.6287014,-0.8479856,0.0056550074,0.01938568,0.366281,0.0056550074,0.025863932,0.2998556
2119,1,3.1504614,0.28312314,-0.46247542,3.1504614,1.5165304,-0.75505227,0.95892686,0.5703117,0.38639876,0.95892686,0.820027,0.31972143
2120,0,-2.6670308,-2.5942607,-0.527154,-2.6670308,-1.7993611,-0.82977104,0.06494705,0.0695087,0.3711809,0.06494705,0.14192885,0.30369347
2121,1,6.250559,1.2548554,-0.14540444,6.250559,3.6218157,-0.67221284,0.9980743,0.7781392,0.46371278,0.9980743,0.973962,0.33800152
2122,1,5.9002333,1.3777096,-0.2674111,5.9002333,4.262291,-0.8165362,0.9972687,0.7986229,0.4335428,0.9972687,0.9861058,0.30649942
2123,0,-4.5537524,-4.2452393,-0.146652,-4.5537524,-3.7425766,-0.9912933,0.01041795,0.014129791,0.46340257,0.01041795,0.023144612,0.2706567
2124,1,-0.9506659,-2.2572172,-0.3590676,-0.9506659,-1.6792684,-0.84075767,0.27875093,0.094728746,0.41118526,0.27875093,0.15719238,0.3013752
2125,0,2.1993313,1.1586761,-0.58893114,2.1993313,3.174897,-0.8053184,0.90018946,0.7610921,0.35688016,0.90018946,0.9598786,0.308889
2126,0,4.136842,-1.0136737,-0.39306974,4.136842,-1.0391845,-0.75485593,0.9842779,0.26626155,0.40297857,0.9842779,0.2613074,0.31976414
2127,1,4.840661,0.36650917,-0.3960308,4.840661,1.5332836,-0.740957,0.99216014,0.5906152,0.40226635,0.99216014,0.8224862,0.3227949
2128,1,4.4617805,0.9280963,-0.57763416,4.4617805,2.7946815,-0.7047186,0.9885898,0.71668893,0.35947716,0.9885898,0.94238776,0.3307669
2129,1,6.093732,1.8770545,-0.48886967,6.093732,4.7047477,-0.80853605,0.9977481,0.8672725,0.38015988,0.9977481,0.991029,0.30820253
2130,0,1.8246591,-0.14365917,-0.56539637,1.8246591,0.43666068,-0.80129373,0.8611242,0.46414685,0.36229977,0.8611242,0.60746306,0.30974886
2131,0,-1.0316056,-1.7383349,-0.46679038,-1.0316056,-2.5409398,-0.85031956,0.26277295,0.14952455,0.3853762,0.26277295,0.07303751,0.29936582
2132,1,0.7032441,-1.9488922,-0.4573897,0.7032441,-2.8024325,-0.79675746,0.6689066,0.124674186,0.38760522,0.6689066,0.05719287,0.31071958
2133,1,5.6526546,0.7335936,0.16732833,5.6526546,2.2463157,-0.7940929,0.99650407,0.6755934,0.54173476,0.99650407,0.9043323,0.31129053
2134,0,3.6983142,-0.8584809,-0.5373614,3.6983142,-0.8678541,-0.67269886,0.97583324,0.29765683,0.36880162,0.97583324,0.295701,0.33789277
2135,1,0.2875253,-0.9852367,-0.44859436,0.2875253,-1.4328933,-0.84305656,0.5713902,0.27185395,0.38969502,0.5713902,0.19264828,0.30089143
2136,1,6.252941,1.7850457,-0.5700549,6.252941,4.375766,-0.921439,0.99807894,0.85631883,0.36122417,0.99807894,0.98757774,0.28466478
2137,1,5.1860285,0.9921264,-0.30236903,5.1860285,3.2275233,-0.82698417,0.994437,0.72950774,0.42497846,0.994437,0.961857,0.3042831
2138,0,-5.1881876,-5.585563,-0.5364873,-5.1881876,-4.5276184,-0.76398337,0.0055511273,0.0037376143,0.3690051,0.0055511273,0.010690852,0.31778204
2139,0,-5.2590694,-4.6217356,-0.45502248,-5.2590694,-3.8288348,-0.719208,0.00517324,0.009739912,0.3881673,0.00517324,0.021272568,0.3275674
2140,1,2.7895675,0.16059703,-0.5712862,2.7895675,1.1329117,-0.7617227,0.9421095,0.5400632,0.36094013,0.9421095,0.75637585,0.31827235
2141,0,-6.310855,-6.574926,-0.44118375,-6.310855,-5.3809342,-0.8580831,0.0018131861,0.0013929661,0.39145893,0.0018131861,0.0045824237,0.29773998
2142,1,-0.4382237,0.30520073,-0.19360822,-0.4382237,1.5355299,-1.1216592,0.39216432,0.5757134,0.45174858,0.39216432,0.8228139,0.24570367
2143,1,2.6503463,1.5118968,-0.5854468,2.6503463,3.9344554,-0.7699275,0.9340323,0.8193422,0.35768026,0.9340323,0.9808187,0.3164948
2144,0,-0.107228875,-0.89189386,-0.57497,-0.107228875,-0.24821623,-0.7907139,0.47321844,0.29071918,0.36009082,0.47321844,0.43826258,0.31201538
2145,0,-0.86718893,-1.0047619,-0.56025016,-0.86718893,-1.2059257,-0.7274803,0.29583958,0.26800618,0.36348957,0.29583958,0.23042274,0.3257479
2146,0,-5.1955147,-2.8517594,-0.57755065,-5.1955147,-4.0010786,-0.70182693,0.005510826,0.05459044,0.35949638,0.005510826,0.01796717,0.3314073
2147,0,-1.5056564,-3.38649,-0.5158453,-1.5056564,-3.5384924,-0.8429109,0.1815834,0.03272036,0.37382424,0.1815834,0.028236626,0.30092207
2148,1,1.8587735,0.3304221,-0.49119073,1.8587735,0.77729124,-0.7652571,0.86515397,0.5818621,0.3796131,0.86515397,0.6850961,0.31750596
2149,0,5.331208,2.5810738,-0.49758038,5.331208,5.36613,-0.8987999,0.9951851,0.92963356,0.37810946,0.9951851,0.9953496,0.2892972
2150,1,-0.27647102,-0.47886318,-0.54279673,-0.27647102,0.062392473,-0.7237208,0.43131915,0.38252062,0.36753723,0.43131915,0.51559305,0.32657418
2151,0,0.086404026,0.43327153,-0.61469406,0.086404026,1.7180712,-0.8994753,0.52158755,0.6066546,0.35098916,0.52158755,0.8478802,0.28915834
2152,1,-1.3476849,1.3055154,-0.41463614,-1.3476849,3.445312,-0.71370506,0.20624912,0.78676176,0.397801,0.20624912,0.96909106,0.32878068
2153,0,-5.017643,-5.653662,-0.4838478,-5.017643,-4.4952974,-0.84421957,0.0065765744,0.003492419,0.3813439,0.0065765744,0.01103816,0.30064684
2154,0,-7.218444,-5.1455536,-0.58150065,-7.218444,-3.7953205,-0.74710894,0.0007324053,0.005791512,0.35858738,0.0007324053,0.02198165,0.32145157
2155,0,-2.1729841,-0.93605447,-0.49724445,-2.1729841,-0.31506538,-0.7600368,0.10220289,0.28169802,0.37818843,0.10220289,0.4218788,0.31863827
2156,0,-0.79080796,-0.65699375,-0.55994684,-0.79080796,-0.7995905,-0.84826565,0.3119952,0.34141526,0.36355978,0.3119952,0.3101131,0.29979682
2157,1,3.9624686,-0.52879107,-0.2068887,3.9624686,-0.025749415,-0.66645634,0.98133874,0.37079886,0.4484615,0.98133874,0.49356297,0.3392908
2158,1,5.3980975,0.27387577,-0.49035567,5.3980975,1.7568625,-0.7355254,0.9954952,0.5680442,0.3798098,0.9954952,0.8528163,0.32398337
2159,1,2.0907295,-0.789502,0.09303734,2.0907295,-0.09166816,-0.91416025,0.8899989,0.31227562,0.52324253,0.8899989,0.47709897,0.28614926
2160,0,-3.9731479,-1.3723266,-0.4987352,-3.9731479,-0.82516474,-0.7667122,0.018466681,0.20224422,0.37783796,0.018466681,0.30466843,0.31719074
2161,1,4.853923,-0.6583796,-0.4698506,4.853923,-0.35013765,-0.6740453,0.9922626,0.3411037,0.3846516,0.9922626,0.41334903,0.33759165
2162,0,-2.567759,-1.393868,-0.47677624,-2.567759,-1.7619972,-0.8563191,0.07124244,0.19879097,0.38301367,0.07124244,0.14654039,0.29810894
2163,1,5.844719,0.27415565,-0.28838167,5.844719,1.4340061,-0.7986735,0.9971132,0.56811285,0.4284001,0.9971132,0.80752474,0.31030935
2164,0,-1.3039452,-1.6279275,-0.14424697,-1.3039452,-2.172253,-0.9688286,0.21350181,0.16411448,0.46400064,0.21350181,0.102270015,0.27511406
2165,1,3.6894722,-0.50110394,-0.37349597,3.6894722,-0.42571622,-0.8044842,0.97562385,0.37728128,0.40769657,0.97562385,0.3951497,0.30906713
2166,1,4.747241,1.8740427,-0.36362112,4.747241,4.8025503,-0.86152864,0.99139905,0.86692536,0.4100833,0.99139905,0.99185807,0.29702008
2167,0,1.5299282,-1.5398813,-0.565502,1.5299282,-1.8514553,-0.8600422,0.82199585,0.17655253,0.36227536,0.82199585,0.1357021,0.29733053
2168,1,4.422245,1.0235713,-0.5009578,4.422245,2.7853043,-0.7189626,0.9881352,0.73566765,0.3773156,0.9881352,0.9418765,0.32762146
2169,1,5.7018175,2.0827172,-0.15318418,5.7018175,5.396346,-0.68382937,0.99667126,0.889212,0.46177864,0.99667126,0.9954873,0.33540714
2170,0,-4.4065313,-4.0371466,-0.42216817,-4.4065313,-5.397767,-0.9129384,0.012050429,0.017341714,0.395998,0.012050429,0.004506279,0.28639892
2171,1,3.741394,1.1094604,-0.20480433,3.741394,2.8242912,-0.8125694,0.9768287,0.7520285,0.44897714,0.9768287,0.94397444,0.30734324
2172,0,-1.0369793,0.63537973,-0.43527257,-1.0369793,1.6931418,-0.86574775,0.26173326,0.6537083,0.39286798,0.26173326,0.8446369,0.29613987
2173,1,-1.2684093,-0.4852733,-0.55149215,-1.2684093,0.1346566,-0.90838754,0.21952967,0.38100767,0.36551827,0.21952967,0.5336134,0.2873299
2174,1,-1.5459511,-3.0863523,-0.4393085,-1.5459511,-3.4005523,-0.7799245,0.17567183,0.043673728,0.39190575,0.17567183,0.03227821,0.31433615
2175,1,5.2250056,1.681311,-0.31048346,5.2250056,4.2121143,-0.75629175,0.9946485,0.843078,0.42299676,0.9946485,0.98540133,0.3194519
2176,0,-3.0996704,-2.6066859,-0.44967526,-3.0996704,-3.6991615,-0.8258404,0.043120854,0.068709366,0.389438,0.043120854,0.02414677,0.30452532
2177,0,-2.3172371,-1.9586918,-0.5186589,-2.3172371,-2.9514604,-0.8848873,0.089705415,0.12360869,0.37316588,0.089705415,0.049667533,0.29216605
2178,1,5.1531425,-0.5177746,-0.47022137,5.1531425,-0.25704208,-0.7809696,0.9942521,0.37337276,0.38456383,0.9942521,0.436091,0.31411093
2179,0,0.7488827,-0.8517883,-0.56639504,0.7488827,-0.36727414,-0.7775792,0.67893517,0.29905787,0.36206907,0.67893517,0.40919983,0.31484187
2180,1,3.5442836,1.5049834,-0.51700515,3.5442836,3.9868681,-0.6602359,0.97192186,0.8183166,0.3735528,0.97192186,0.98178035,0.34068662
2181,1,3.6651044,0.8415215,-0.533421,3.6651044,2.7712743,-0.81686485,0.9750376,0.69878554,0.36971936,0.9750376,0.94110364,0.30642956
2182,1,4.1708407,-0.6410302,-0.49205363,4.1708407,-0.37967622,-0.75858295,0.98479545,0.3450137,0.3794099,0.98479545,0.40620503,0.318954
2183,0,-2.1624699,-1.860172,-0.39440215,-2.1624699,-2.3339262,-0.8345957,0.10317169,0.134683,0.40265802,0.10317169,0.088351905,0.3026742
2184,0,-4.5304117,-4.3406286,-0.58067584,-4.5304117,-3.6809254,-0.87032354,0.010661349,0.012860781,0.35877708,0.010661349,0.024580233,0.295187
2185,0,0.45672435,0.3237838,-0.39538997,0.45672435,1.6554267,-0.82532346,0.6122368,0.5802461,0.40242046,0.6122368,0.83962315,0.3046348
2186,0,-5.9389477,-5.6986313,-0.36796087,-5.9389477,-5.2167945,-0.9410423,0.002627877,0.0033393595,0.40903383,0.002627877,0.0053954213,0.28068984
2187,1,4.2969866,0.07395455,-0.5465949,4.2969866,0.8871547,-0.7873589,0.9865732,0.51848024,0.36665478,0.9865732,0.7083026,0.31273606
2188,0,-1.1306982,-0.7408644,-0.51983154,-1.1306982,-0.53193057,-0.7639804,0.2440323,0.32281515,0.37289163,0.2440323,0.37006676,0.3177827
2189,1,2.6471398,1.2765398,0.055301785,2.6471398,3.7277515,-0.7171154,0.9338345,0.78186023,0.5138219,0.9338345,0.9765178,0.3280285
2190,1,3.904506,-0.761878,-0.43598175,3.904506,-0.5535859,-0.9022901,0.98024714,0.31823868,0.39269885,0.98024714,0.36503285,0.2885801
2191,0,-3.012598,-3.1904144,-0.5831728,-3.012598,-3.3906124,-0.81736356,0.046859972,0.039528046,0.35820284,0.046859972,0.032590143,0.3063236
2192,0,-4.308481,-3.1678343,-0.5336469,-4.308481,-2.759955,-0.7991976,0.013275361,0.04039428,0.36966673,0.013275361,0.059526894,0.3101972
2193,0,-3.570638,-0.89246595,-0.57506394,-3.570638,-1.1128317,-0.76126707,0.027367825,0.2906012,0.3600692,0.027367825,0.24734335,0.31837124
2194,1,2.7744842,1.830716,-0.535511,2.7744842,4.4059124,-0.7237767,0.9412813,0.8618469,0.36923245,0.9412813,0.98794216,0.32656187
2195,0,-4.5765486,-4.4304767,-0.050288007,-4.5765486,-3.872137,-0.79346406,0.010185539,0.011768661,0.4874307,0.010185539,0.020389458,0.31142536
2196,1,1.5554436,0.95032,-0.557604,1.5554436,3.0603993,-0.76028216,0.8256986,0.72117954,0.36410204,0.8256986,0.9552294,0.318585
2197,0,0.34807816,0.3611005,-0.47985816,0.34807816,1.5019176,-0.74614906,0.5861514,0.58930683,0.38228562,0.5861514,0.81786025,0.32166097
2198,0,5.0108137,1.5712467,-0.54917127,5.0108137,3.4667702,-0.77179825,0.99337864,0.82796127,0.3660567,0.99337864,0.96972734,0.31609023
2199,1,2.353259,0.13120109,0.11849645,2.353259,0.93160266,-0.946177,0.913193,0.5327533,0.5295895,0.913193,0.7174003,0.27965432
2200,0,-7.1283236,-7.353693,-0.10818324,-7.1283236,-5.6053395,-0.9062385,0.0008014201,0.00063981407,0.47298056,0.0008014201,0.003664692,0.28777018
2201,0,0.34253538,0.379953,-0.38257423,0.34253538,1.7516547,-0.8234745,0.58480626,0.59386176,0.40550616,0.58480626,0.8521614,0.3050266
2202,1,1.3828489,0.06916216,-0.41860163,1.3828489,0.9798083,-0.7816746,0.7994482,0.5172837,0.3968514,0.7994482,0.72707015,0.3139591
2203,0,-4.197576,-3.178724,-0.41855136,-4.197576,-3.417801,-0.8417969,0.014809354,0.039974272,0.39686346,0.014809354,0.03174375,0.3011565
2204,1,4.287812,0.3307516,-0.45515275,4.287812,1.6845928,-0.7608109,0.98645115,0.5819422,0.38813636,0.98645115,0.84351176,0.31847024
2205,0,-3.6459422,-1.7610879,-0.564858,-3.6459422,-2.939222,-0.80357856,0.025433088,0.14665414,0.36242417,0.025433088,0.05024838,0.30926055
2206,0,-0.7100498,-0.89246595,0.1303406,-0.7100498,-1.1128317,-0.92955625,0.32958782,0.2906012,0.53253907,0.32958782,0.24734335,0.28301474
2207,0,3.6619296,-0.5378175,-0.52343285,3.6619296,0.63411164,-0.6811214,0.97496015,0.36869544,0.3720499,0.97496015,0.65342116,0.33601108
2208,1,2.871434,-0.17710702,-0.26252916,2.871434,0.20131984,-0.8940386,0.9464161,0.4558386,0.4347421,0.9464161,0.5501607,0.2902771
2209,1,4.6986794,-0.046084255,-0.24744439,4.6986794,1.2117978,-0.8184936,0.99097484,0.488481,0.43845263,0.99097484,0.7706169,0.30608353
2210,1,3.688952,0.06351963,-0.4847368,3.688952,0.7222313,-0.80213296,0.9756115,0.51587456,0.3811342,0.9756115,0.6730982,0.30956945
2211,0,-4.977523,-3.7120528,-0.6120267,-4.977523,-2.997797,-0.7871415,0.0068439497,0.02384486,0.35159704,0.0068439497,0.047525495,0.31278276
2212,0,0.4694011,-0.825185,-0.58120614,0.4694011,-0.16837186,-0.7678776,0.615242,0.30466413,0.3586551,0.615242,0.4580062,0.3169384
2213,1,4.569843,1.8508675,-0.62369704,4.569843,4.5376806,-1.0109493,0.9897466,0.86422896,0.3489411,0.9897466,0.98941505,0.26679412
2214,1,4.9722385,1.2169473,-0.26549584,4.9722385,3.2587898,-0.82265806,0.9931201,0.77152586,0.4340132,0.9931201,0.9629877,0.3051997
2215,1,4.765526,0.09317833,-0.36213058,4.765526,1.2222517,-0.82446146,0.9915535,0.52327776,0.4104439,0.9915535,0.77245957,0.30481744
2216,0,2.5034163,-0.7665301,-0.5634964,2.5034163,-0.57764053,-0.6740038,0.924381,0.3172302,0.36273882,0.924381,0.35947567,0.33760092
2217,0,-2.7288551,-6.151994,-0.49436873,-2.7288551,-5.626462,-0.7546068,0.061292004,0.0021247072,0.37886494,0.061292004,0.003588371,0.31981835
2218,1,5.7945337,1.1240981,-0.4330684,5.7945337,3.0951648,-0.8127625,0.9969651,0.75474805,0.39339387,0.9969651,0.9566928,0.30730215
2219,0,-4.3677335,-4.499605,-0.5072774,-4.3677335,-3.2526834,-0.65754414,0.012521178,0.010991233,0.37583196,0.012521178,0.037230585,0.34129152
2220,0,5.950375,0.7703422,-0.56385547,5.950375,2.0257452,-0.7497381,0.99740195,0.68359494,0.36265582,0.99740195,0.88347375,0.3208784
2221,1,4.6626754,0.1811744,-0.20295227,4.6626754,1.4637895,-0.98956007,0.99064714,0.5451701,0.44943538,0.99064714,0.81211156,0.27099898
2222,0,-3.088438,-1.8313191,-0.5058931,-3.088438,-1.9582508,-0.82826895,0.043586705,0.1380812,0.37615675,0.043586705,0.123656474,0.3040112
2223,1,2.680353,-0.32631022,-0.49040592,2.680353,0.43791625,-0.8733903,0.93585736,0.41913867,0.37979797,0.93585736,0.6077624,0.29454932
2224,1,-0.72708523,0.37546164,-0.6448924,-0.72708523,1.03007,-0.80664736,0.3258347,0.592778,0.34414148,0.3258347,0.7369295,0.3086054
2225,0,-0.19275549,0.6630247,-0.55890286,-0.19275549,2.0416553,-0.8228377,0.45195976,0.6599395,0.36380133,0.45195976,0.8851017,0.30516163
2226,1,4.3494353,1.2139394,-0.49866086,4.3494353,3.3782077,-0.6856692,0.98725057,0.77099526,0.37785542,0.98725057,0.9670165,0.33499718
2227,1,3.3753655,1.1373678,-0.4673343,3.3753655,3.4876816,-0.8312446,0.9669257,0.757196,0.3852474,0.9669257,0.9703352,0.30338198
2228,0,-1.4867213,-0.7741028,-0.3108759,-1.4867213,-0.9158443,-1.0413849,0.18441434,0.31559226,0.42290097,0.18441434,0.2858054,0.26088285
2229,1,2.7728395,1.1571088,-0.4037968,2.7728395,3.0673666,-0.76625943,0.9411904,0.760807,0.4004005,0.9411904,0.95552635,0.31728882
2230,0,-4.6185536,-5.9843483,-0.54599434,-4.6185536,-5.2081985,-0.9136567,0.0097706495,0.0025115302,0.36679426,0.0097706495,0.0054417467,0.28625214
2231,1,3.1436841,1.2871615,-0.2996469,3.1436841,3.2301874,-0.83828986,0.9586592,0.7836664,0.42564377,0.9586592,0.96195465,0.30189508
2232,1,3.785737,-0.13216949,-0.40799856,3.785737,0.64497006,-0.83245414,0.9778114,0.46700567,0.39939213,0.9778114,0.6558761,0.3031264
2233,0,4.129207,1.2464222,-0.57629657,4.129207,3.517327,-0.76589245,0.98415935,0.7766799,0.3597852,0.98415935,0.97117674,0.3173683
2234,0,0.9036268,-3.5151956,-0.4038672,0.9036268,-4.298083,-0.774699,0.71169424,0.028882947,0.4003836,0.71169424,0.013412263,0.3154635
2235,1,4.0267615,1.4743545,-0.20428331,4.0267615,3.8040507,-0.9094262,0.98248035,0.8137184,0.44910604,0.98248035,0.97820526,0.28711724
2236,0,-2.090541,-1.7409387,-0.30186868,-2.090541,-2.540652,-1.0977409,0.1100196,0.14919375,0.42510074,0.1100196,0.073057,0.25016344
2237,0,-1.8204088,-0.20247239,-0.20863809,-1.8204088,0.17649293,-0.8546635,0.13938482,0.44955412,0.4480289,0.13938482,0.5440091,0.2984555
2238,0,-2.1338964,-1.9934263,-0.5680256,-2.1338964,-3.0989754,-0.87313664,0.10584566,0.11989485,0.36169255,0.10584566,0.043149535,0.29460204
2239,1,3.3478732,1.2247535,-0.4138632,3.3478732,3.3302608,-0.75039315,0.96603507,0.772899,0.39798617,0.96603507,0.9654525,0.32073563
2240,1,2.2022877,0.4346886,-0.27155384,2.2022877,0.9799458,-0.9320841,0.90045476,0.6069927,0.43252566,0.90045476,0.7270975,0.28250208
2241,0,-3.7065983,-0.45384112,-0.5307938,-3.7065983,-0.10045868,-0.6960355,0.023972152,0.38844788,0.37033173,0.023972152,0.4749064,0.3326918
2242,1,2.3746638,-0.6488644,-0.47838616,2.3746638,-0.3529701,-0.7606536,0.9148748,0.34324548,0.3826333,0.9148748,0.41266236,0.3185044
2243,0,2.7213483,-0.04857178,-0.45772523,2.7213483,0.77431595,-0.8052403,0.9382747,0.48785943,0.38752562,0.9382747,0.6844538,0.3089057
2244,1,0.27203518,-1.0413415,-0.58314586,0.27203518,-0.5722638,-0.8663791,0.56759244,0.26089123,0.35820904,0.56759244,0.36071464,0.2960083
2245,0,-4.5852885,-5.5794144,-0.24171115,-4.5852885,-4.6635175,-0.71152866,0.0100978,0.0037605802,0.43986472,0.0100978,0.009345068,0.32926115
2246,1,-2.5197823,-0.42439812,0.05589788,-2.5197823,-0.16974258,-0.6105677,0.07448295,0.3954648,0.51397085,0.07448295,0.45766592,0.35192972
2247,1,2.8383315,0.90388775,-0.35326552,2.8383315,2.7167273,-0.8412794,0.9447124,0.71174777,0.41259077,0.9447124,0.9380065,0.3012654
2248,0,6.7507887,1.0219349,-0.3584895,6.7507887,2.8081312,-0.6610488,0.99883145,0.7353493,0.41132525,0.99883145,0.9431136,0.34050405
2249,0,-0.1565896,-0.13096918,-0.5768138,-0.1565896,0.88111144,-0.77349687,0.46093237,0.46730444,0.35966605,0.46093237,0.70705247,0.31572315
2250,1,2.3065152,1.3084034,-0.53462625,2.3065152,3.8907168,-0.8649734,0.90941525,0.7872458,0.36943856,0.90941525,0.9799784,0.2963013
2251,0,1.5577551,0.098798335,-0.3459251,1.5577551,0.59689593,-0.8325074,0.82603097,0.5246795,0.41437092,0.82603097,0.64494586,0.30311516
2252,0,-4.6120944,-4.397549,-0.38324142,-4.6120944,-2.8714902,-0.75571156,0.009833342,0.012157835,0.40534535,0.009833342,0.053581033,0.31957805
2253,0,-2.145339,-3.0600681,-0.57448816,-2.145339,-3.5428052,-0.69868016,0.10476758,0.044784788,0.36020184,0.10476758,0.028118525,0.33210492
2254,1,5.1050205,0.27846652,-0.39480346,5.1050205,1.4497782,-0.68048745,0.9939704,0.56917024,0.40256152,0.9939704,0.8099643,0.33615252
2255,1,1.3658901,-1.1045297,-0.5124075,1.3658901,-0.8434231,-0.7303908,0.7967154,0.24889211,0.37462932,0.7967154,0.30081433,0.32510898
2256,1,2.6838908,1.1376984,-0.55027765,2.6838908,3.192632,-0.7916118,0.93606937,0.7572568,0.3658,0.93606937,0.96055603,0.31182268
2257,1,-0.96747315,-0.73271894,-0.5418844,-0.96747315,-0.7358526,-0.77723897,0.27538446,0.32459834,0.36774933,0.27538446,0.32391176,0.31491524
2258,0,0.78899395,-1.9206703,-0.06567696,0.78899395,-2.2449188,-0.89191717,0.6876153,0.12778684,0.4835867,0.6876153,0.095788665,0.29071432
2259,0,-5.5331297,-5.045429,-0.5041812,-5.5331297,-4.5932245,-0.84526587,0.0039380267,0.006397505,0.37655857,0.0039380267,0.010018782,0.3004269
2260,0,-5.47908,-2.9428349,-0.3059184,-5.47908,-3.7861278,-0.94099486,0.0041558235,0.050076246,0.4241113,0.0041558235,0.022180147,0.28069943
2261,0,-2.199882,-0.9737989,-0.4169669,-2.199882,-0.7653856,-0.8776703,0.09976108,0.27412397,0.39724275,0.09976108,0.31747815,0.2936608
2262,1,3.3665202,0.8304105,-0.5505186,3.3665202,2.8472238,-0.6817374,0.96664166,0.69644165,0.3657441,0.96664166,0.94517505,0.33587363
2263,1,-2.9000287,-2.9444137,-0.5633303,-2.9000287,-3.452918,-0.68504333,0.052152142,0.0500012,0.36277726,0.052152142,0.030681957,0.33513662
2264,1,6.190695,0.39810252,-0.22411871,6.190695,1.9031557,-0.66839474,0.9979558,0.5982317,0.44420364,0.9979558,0.8702483,0.33885637
2265,0,-7.604086,-6.776313,-0.5830823,-7.604086,-5.34444,-0.77281904,0.0004981625,0.001139173,0.35822365,0.0004981625,0.004751936,0.3158696
2266,0,-0.76383424,-0.3724983,0.022421867,-0.76383424,0.07176095,-0.8642892,0.31781438,0.4079375,0.5056052,0.31781438,0.51793253,0.29644397
2267,0,-0.08655143,-1.9567232,-0.4739884,-0.08655143,-2.596809,-0.8358122,0.47837564,0.12382211,0.38367265,0.47837564,0.06934407,0.30241752
2268,0,-6.668405,-4.625223,-0.58295536,-6.668405,-4.8469377,-0.79289925,0.0012688114,0.009706331,0.35825285,0.0012688114,0.0077912086,0.3115465
2269,0,-2.9198055,-2.0533829,-0.5215075,-2.9198055,-1.7274396,-0.7335117,0.051183145,0.113711,0.37249982,0.051183145,0.15091537,0.32442456
2270,0,-4.8097715,-5.655223,-0.5145316,-4.8097715,-4.706417,-0.7906159,0.00808384,0.0034869914,0.3741318,0.00808384,0.00895616,0.31203645
2271,0,-1.9869316,-2.1356215,-0.41496047,-1.9869316,-2.4722033,-0.9587147,0.12058186,0.10568251,0.3977233,0.12058186,0.07782996,0.2771356
2272,0,-3.0733614,-4.126144,0.24182394,-3.0733614,-3.8066912,-0.8885019,0.04421954,0.015888495,0.5601631,0.04421954,0.021738522,0.2914191
2273,1,-1.5931123,-0.65182686,-0.4571005,-1.5931123,-0.48392838,-0.87329364,0.16894646,0.34257796,0.38767385,0.16894646,0.38132492,0.29456943
2274,1,5.327855,2.0261176,-0.5494014,5.327855,4.8640614,-0.78821,0.995169,0.8835121,0.36600327,0.995169,0.9923401,0.31255317
2275,1,6.6790504,1.7645867,-0.41777134,6.6790504,3.8733406,-0.79611397,0.9987446,0.85378325,0.3970502,0.9987446,0.9796346,0.3108574
2276,0,-2.1743839,-3.6974277,-0.41565126,-2.1743839,-3.1168854,-0.8801604,0.102074526,0.02418766,0.3975578,0.102074526,0.0424161,0.29314452
2277,1,2.802055,1.1109236,-0.5718455,2.802055,2.8827994,-0.85288787,0.94278675,0.7523012,0.36081108,0.94278675,0.9469896,0.2988274
2278,0,-5.2076507,-4.8971224,-0.41450548,-5.2076507,-4.543023,-0.7314874,0.005444713,0.007412684,0.39783227,0.005444713,0.010529146,0.3248684
2279,0,1.9890189,0.8900393,-0.4725005,1.9890189,2.6789799,-0.92437685,0.87963927,0.70889825,0.38402456,0.87963927,0.93577486,0.28406692
2280,1,0.7558835,-1.3854609,-0.06926577,0.7558835,-1.671072,-0.7658999,0.6804593,0.2001334,0.48269045,0.6804593,0.1582813,0.3173667
2281,0,-2.1834652,-3.7149994,-0.5781878,-2.1834652,-3.6829562,-0.8827861,0.10124517,0.023776371,0.3593497,0.10124517,0.024531588,0.29260078
2282,1,4.9371395,2.7909374,-0.48549497,4.9371395,5.741726,-0.8944452,0.99287605,0.9421841,0.38095543,0.99287605,0.996801,0.29019335
2283,0,-7.4796486,-6.2052717,-0.3284949,-7.4796486,-5.520171,-0.9996233,0.0005641373,0.0020146929,0.41860688,0.0005641373,0.0039891847,0.2690155
2284,1,1.4579611,0.47865605,-0.5681932,1.4579611,1.2530533,-0.70825326,0.81122065,0.61743045,0.36165383,0.81122065,0.7778279,0.32998493
2285,0,0.43246,1.4912485,-0.57038444,0.43246,3.8730803,-0.78761107,0.6064609,0.8162656,0.36114812,0.6064609,0.97962934,0.31268185
2286,1,1.9993963,-0.67258745,-0.5005077,1.9993963,-0.43593127,-0.8279376,0.88073367,0.3379177,0.37742135,0.88073367,0.3927109,0.30408132
2287,1,0.54191476,-0.7307444,-0.13427255,0.54191476,-0.24312489,-0.9187075,0.6322577,0.3250314,0.46648222,0.6322577,0.43951643,0.28522134
2288,0,1.4873376,-1.43801,-0.5323447,1.4873376,-1.8420168,-0.73148763,0.8156783,0.19185372,0.3699702,0.8156783,0.13681294,0.32486835
2289,1,2.8458638,1.6699716,-0.5031261,2.8458638,4.4222703,-0.7872653,0.94510454,0.841572,0.3768063,0.94510454,0.98813546,0.31275618
2290,0,2.2282016,0.20428365,-0.592254,2.2282016,1.4239231,-0.91022784,0.90275353,0.550894,0.35611784,0.90275353,0.8059527,0.2869532
2291,1,0.08198924,-0.80726147,-0.56929326,0.08198924,-0.996239,-0.80438197,0.5204859,0.30847436,0.36139992,0.5204859,0.2696815,0.30908895
2292,1,3.0375257,0.61477935,-0.54818976,3.0375257,1.7437859,-0.86380017,0.9542409,0.6490302,0.3662845,0.9542409,0.8511673,0.29654598
2293,1,1.9886248,0.49754247,-0.55289054,1.9886248,1.9226588,-0.84655786,0.8795976,0.6218816,0.36519405,0.8795976,0.8724346,0.30015543
2294,0,-3.6013765,-4.1796646,-0.51629615,-3.6013765,-3.4824915,-0.8720432,0.02656138,0.015072968,0.3737187,0.02656138,0.029814528,0.29482934
2295,1,0.5764881,0.39122277,0.15420446,0.5764881,1.1832762,-0.8285749,0.6402589,0.59657705,0.5384749,0.6402589,0.76553637,0.3039465
2296,1,-2.0786755,-2.248667,-0.55482614,-2.0786755,-2.6212165,-0.7488315,0.111186795,0.09546451,0.36474544,0.111186795,0.067785375,0.32107595
2297,1,0.8703544,0.28259456,-0.4628292,0.8703544,1.4548395,-0.7566484,0.70481944,0.5701822,0.38631487,0.70481944,0.81074214,0.31937438
2298,0,0.448301,1.0002187,-0.5724346,0.448301,3.0673447,-0.6089988,0.6102352,0.7311016,0.36067525,0.6102352,0.9555255,0.35228762
2299,1,5.472946,2.176525,-0.4894493,5.472946,5.3847814,-0.9213897,0.9958188,0.89812154,0.38002336,0.9958188,0.99543506,0.28467482
2300,1,3.2001963,1.171808,-0.5139503,3.2001963,3.5087078,-0.69450724,0.96084166,0.76347166,0.37426794,0.96084166,0.9709345,0.33303115
2301,0,4.1140466,1.3400768,-0.30620134,4.1140466,3.8724952,-0.82407534,0.9839212,0.7925026,0.42404225,0.9839212,0.97961766,0.30489928
2302,0,-6.212487,-6.5753546,-0.15963149,-6.212487,-5.795059,-0.93049634,0.0020002373,0.00139237,0.46017665,0.0020002373,0.0030333211,0.282824
2303,0,-1.6005617,-0.14507405,-0.5744134,-1.6005617,0.50362664,-0.71385276,0.16790311,0.46379498,0.36021906,0.16790311,0.6233112,0.32874808
2304,1,4.337578,2.0023434,0.66509295,4.337578,5.26291,-0.6949505,0.98710036,0.88104296,0.66040355,0.98710036,0.99484646,0.3329327
2305,1,5.5862885,-0.9775399,-0.31925112,5.5862885,-1.1704078,-0.87622166,0.9962651,0.2733802,0.4208583,0.9962651,0.23678128,0.29396135
2306,1,6.061083,1.7195756,-0.53691226,6.061083,4.301017,-0.6762959,0.9976736,0.8480742,0.36890617,0.9976736,0.98662645,0.3370885
2307,0,-0.16035168,-1.1555785,-0.5401102,-0.16035168,-1.4764142,-0.8904705,0.4599978,0.23947163,0.36816195,0.4599978,0.18596965,0.29101273
2308,1,3.9404864,1.2650182,-0.57077265,3.9404864,2.326153,-0.7385642,0.98093194,0.77988875,0.36105856,0.98093194,0.91102,0.3233182
2309,0,-6.118312,-2.6686423,-0.57881856,-6.118312,-3.6728318,-0.7271155,0.0021973315,0.06484926,0.3592045,0.0021973315,0.024775032,0.32582802
2310,1,-1.6640985,-2.0485032,-0.597229,-1.6640985,-3.0056229,-0.90339196,0.15921259,0.114203714,0.3549779,0.15921259,0.047172498,0.28835395
2311,1,6.149226,2.1935625,-0.22310041,6.149226,5.61384,-0.86587274,0.9978694,0.89966995,0.4444551,0.9978694,0.99636614,0.29611382
2312,0,-5.394972,-3.2527397,-0.5688833,-5.394972,-3.5834255,-0.74584997,0.004518836,0.037228566,0.36149454,0.004518836,0.027029485,0.32172626
2313,0,-4.5698776,-5.459056,-0.562528,-4.5698776,-3.9474113,-0.8328155,0.010253014,0.0042395233,0.36296272,0.010253014,0.018939001,0.30305007
2314,1,5.61156,0.41826054,-0.41736513,5.61156,1.4218276,-0.7211704,0.996358,0.6030669,0.39714742,0.996358,0.8056247,0.3271353
2315,1,4.8482103,0.23316029,-0.31716305,4.8482103,1.04426,-0.84739214,0.9922186,0.55802745,0.4213673,0.9922186,0.7396711,0.2999802
2316,1,6.362481,2.2437162,-0.4780845,6.362481,5.293975,-0.82444024,0.9982779,0.90410715,0.38270456,0.9982779,0.9950033,0.30482194
2317,1,1.4132113,0.80528325,-0.060095772,1.4132113,2.8163967,-0.9399135,0.80427194,0.6911035,0.48498055,0.80427194,0.9435555,0.2809178
2318,1,1.658198,0.6658382,-0.21359521,1.658198,2.0216322,-0.9740937,0.839996,0.6605706,0.44680327,0.839996,0.88304967,0.27406532
2319,1,5.4838686,1.3734725,-0.5605295,5.4838686,3.5328782,-0.69200134,0.9958639,0.7979407,0.36342496,0.9958639,0.97160894,0.333588
2320,1,0.5781493,-0.1732181,-0.54636234,0.5781493,0.61392176,-0.79160947,0.64064145,0.4568034,0.36670876,0.64064145,0.6488348,0.3118232
2321,1,3.3309064,-1.1539463,-0.5161326,3.3309064,-1.5156364,-0.7828953,0.965474,0.239769,0.373757,0.965474,0.18010497,0.3136962
2322,0,-3.3316875,-2.4776037,-0.47402328,-3.3316875,-3.6661944,-0.7986069,0.034499977,0.077443235,0.38366443,0.034499977,0.024935907,0.3103236
2323,0,-0.34343368,0.039748907,-0.0036094263,-0.34343368,0.6747737,-0.89370054,0.41497564,0.5099359,0.49909768,0.41497564,0.66257125,0.29034677
2324,0,-4.7937574,-3.9654636,-0.4877008,-4.7937574,-4.2422476,-0.9227631,0.008213266,0.01860648,0.38043535,0.008213266,0.014171526,0.28439522
2325,0,-5.543438,-3.7862968,-0.5135721,-5.543438,-3.4426405,-0.7928114,0.0038977985,0.022176482,0.37435654,0.0038977985,0.030989094,0.31156534
2326,0,-1.1104853,-5.380855,-0.4718099,-1.1104853,-3.9792154,-0.8140111,0.24778041,0.004582785,0.38418797,0.24778041,0.018357024,0.30703643
2327,0,4.0635285,-0.1331302,-0.45544344,4.0635285,0.20684111,-0.7857629,0.98310214,0.4667665,0.3880673,0.98310214,0.55152667,0.31307918
2328,0,0.3327754,-0.11976233,-0.5598916,0.3327754,1.0582509,-0.6974201,0.58243454,0.47009513,0.36357257,0.58243454,0.7423561,0.33238447
2329,0,-1.694986,0.10130122,-0.5547623,-1.694986,1.2229125,-0.87313735,0.15512127,0.52530366,0.36476022,0.15512127,0.7725757,0.29460192
2330,1,0.77373683,0.3145346,-0.53127325,0.77373683,1.1101108,-0.7192263,0.6843287,0.5779917,0.37021998,0.6843287,0.75214976,0.32756338
2331,0,-2.6986134,-3.495379,-0.5350794,-2.6986134,-4.569496,-0.8291378,0.063055225,0.029444,0.36933297,0.063055225,0.0102568865,0.30382738
2332,0,-1.1836247,-1.7974838,-0.3400373,-1.1836247,-2.6645436,-0.85667723,0.23440108,0.14215763,0.41580042,0.23440108,0.065098256,0.29803404
2333,0,3.5921726,0.99846625,0.27533492,3.5921726,2.7331696,-0.66148084,0.9731996,0.73075694,0.5684021,0.9731996,0.9389557,0.34040704
2334,0,3.1920793,0.8980509,-0.5811696,3.1920793,2.384471,-1.0819604,0.96053517,0.71054876,0.3586635,0.96053517,0.91563547,0.25313517
2335,0,-2.5812964,-2.3878999,-0.5703255,-2.5812964,-2.3805537,-0.70581466,0.07035189,0.08410006,0.3611617,0.07035189,0.08466764,0.33052433
2336,1,1.7073559,0.69749415,-0.5290389,1.7073559,2.1749723,-0.6857629,0.846493,0.667632,0.37074104,0.846493,0.8979794,0.33497632
2337,0,5.6196117,0.8676009,0.42738527,5.6196117,2.6405163,-0.8067528,0.996387,0.7042462,0.60524917,0.996387,0.93342406,0.3085829
2338,1,3.1185744,2.413571,-0.2939671,3.1185744,5.411854,-0.7924297,0.9576524,0.9178563,0.42703295,0.9576524,0.99555653,0.31164718
2339,0,3.5854428,0.66512764,-0.33045882,3.5854428,2.1439128,-0.9119711,0.97302353,0.6604113,0.41812903,0.97302353,0.89509857,0.28659666
2340,1,5.620377,1.0300658,-0.4780473,5.620377,3.159277,-0.8159256,0.9963898,0.73692864,0.38271335,0.9963898,0.95927274,0.30662924
2341,0,-2.17058,-1.8336412,-0.21805835,-2.17058,-1.8464016,-0.9929614,0.102423705,0.13780507,0.44570044,0.102423705,0.13629594,0.27032754
2342,1,1.7633203,0.5569703,-0.5460404,1.7633203,1.9392518,-0.8675793,0.853625,0.63575125,0.36678353,0.853625,0.87426996,0.29575825
2343,0,2.1247144,-0.45317513,-0.39075816,2.1247144,-0.097795546,-0.77700734,0.8932821,0.38860613,0.4035348,0.8932821,0.47557056,0.31496522
2344,1,3.5843036,0.8950835,-0.5101886,3.5843036,2.4249182,-0.77639365,0.9729936,0.7099381,0.3751493,0.9729936,0.9187078,0.31509766
2345,0,-5.365884,-4.4980183,-0.59868455,-5.365884,-3.9223297,-0.6953817,0.00465159,0.011008497,0.3546447,0.00465159,0.019410692,0.332837
2346,0,2.5610836,-1.7433807,-0.46588993,2.5610836,-2.6139495,-0.85489506,0.92831457,0.14888403,0.3855895,0.92831457,0.06824603,0.29840702
2347,0,1.6955072,-3.5441024,0.024798121,1.6955072,-3.0156486,-0.7106253,0.84494704,0.028083097,0.50619924,0.84494704,0.046723906,0.32946068
2348,0,-5.684414,-4.664324,-0.28592336,-5.684414,-3.9825325,-0.994935,0.0033870135,0.009337607,0.42900223,0.0033870135,0.018297346,0.2699384
2349,1,4.860811,1.6945937,-0.46050012,4.860811,4.361029,-0.76862335,0.9923153,0.8448273,0.38686717,0.9923153,0.9873956,0.316777
2350,1,5.752022,1.4961911,-0.47874326,5.752022,3.434778,-0.86289304,0.99683374,0.81700575,0.38254893,0.99683374,0.96877396,0.29673526
2351,0,3.8866198,1.2424476,0.20571536,3.8866198,3.5298462,-0.9492625,0.9798978,0.7759898,0.55124825,0.9798978,0.9715252,0.27903315
2352,0,-4.277333,-5.242417,-0.5521792,-4.277333,-4.145034,-0.7691703,0.013689625,0.005259652,0.36535895,0.013689625,0.015595819,0.3166586
2353,0,-7.352825,-4.016122,-0.5736346,-7.352825,-4.9242115,-0.8300085,0.00064036914,0.017703656,0.3603986,0.00064036914,0.0072160056,0.30364326
2354,0,2.6252952,1.0089872,-0.71426976,2.6252952,2.9205115,-0.9019264,0.93247193,0.7328219,0.32865605,0.93247193,0.94885117,0.2886548
2355,1,2.841933,1.8398775,-0.43734467,2.841933,4.3343625,-0.78527266,0.94490016,0.86293423,0.39237386,0.94490016,0.98705935,0.31318462
2356,1,-0.60707897,-2.104826,-0.48024812,-0.60707897,-2.0922241,-0.9148471,0.3527258,0.108628646,0.3821935,0.3527258,0.1098549,0.286009
2357,1,5.9185095,1.2776638,-0.5106116,5.9185095,3.2610128,-0.7428897,0.99731797,0.78205186,0.3750502,0.99731797,0.9630669,0.32237256
2358,0,-1.6451935,-2.003225,-0.17523748,-1.6451935,-2.1892014,-0.85310906,0.16175961,0.118864715,0.45630237,0.16175961,0.100724414,0.29878107
2359,0,0.9871745,-1.4077156,-0.43843392,0.9871745,-2.0186043,-0.8233681,0.72852945,0.19659461,0.3921142,0.72852945,0.117263384,0.30504918
2360,1,5.722795,2.112421,-0.5990466,5.722795,4.922564,-0.84894514,0.99674016,0.8921046,0.35456187,0.99674016,0.99277216,0.2996542
2361,1,2.3165617,1.5270824,-0.5674056,2.3165617,4.0372663,-0.7161302,0.9102394,0.82157904,0.36183572,0.9102394,0.98266035,0.3282457
2362,0,-6.15485,-6.5943613,-0.5037833,-6.15485,-5.197255,-0.8408076,0.0021186613,0.0013661913,0.376652,0.0021186613,0.0055012954,0.30136472
2363,1,3.9459798,0.67259306,-0.44233328,3.9459798,2.235442,-0.7726894,0.98103434,0.66208357,0.3911851,0.98103434,0.9033874,0.3158976
2364,1,2.161245,-0.9473404,-0.46635002,2.161245,-0.6161153,-0.7956731,0.896715,0.27942,0.38548052,0.896715,0.35066545,0.31095186
2365,1,2.361473,0.95565367,-0.46426177,2.361473,3.025669,-0.7771471,0.9138419,0.72225076,0.3859753,0.9138419,0.9537204,0.31493506
2366,0,3.5078278,-0.12558517,-0.3120767,3.5078278,0.61031073,-0.80318975,0.97090966,0.46864492,0.4226079,0.97090966,0.6480116,0.30934364
2367,1,4.062999,0.5951923,-0.41215602,4.062999,2.0638835,-0.746443,0.9830934,0.6445556,0.39839524,0.9830934,0.887343,0.32159683
2368,0,-1.1229646,-0.71337384,-0.51618737,-1.1229646,-0.20867205,-0.9348005,0.2454618,0.3288538,0.37374422,0.2454618,0.44802046,0.2819518
2369,1,-3.969949,-4.743971,-0.44091013,-3.969949,-4.8160048,-0.7209983,0.018524751,0.008628909,0.39152414,0.018524751,0.008034012,0.32717317
2370,1,4.120241,0.044233233,-0.17114338,4.120241,1.1876171,-0.9513594,0.9840189,0.5110565,0.45731825,0.9840189,0.76631457,0.2786115
2371,1,4.957235,1.6246697,0.2335159,4.957235,4.315971,-0.9678303,0.9930167,0.8354381,0.5581151,0.9930167,0.98682237,0.27531317
2372,1,6.337944,1.9579375,-0.2662471,6.337944,4.2961826,-0.9221488,0.9982352,0.8763095,0.43382865,0.9982352,0.98656255,0.28452027
2373,1,3.6379087,0.21344894,-0.4998207,3.6379087,0.7412664,-0.7293633,0.97436696,0.55316055,0.37758282,0.97436696,0.67727274,0.32533446
2374,1,4.811885,2.4780385,-0.04139042,4.811885,5.4687777,-0.70372313,0.99193317,0.9225879,0.48965386,0.99193317,0.99580127,0.33098727
2375,0,-0.5564858,1.1774471,-0.20770347,-0.5564858,3.044018,-0.79951906,0.36436096,0.76448846,0.44826,0.36436096,0.95452356,0.3101284
2376,1,-1.5253,-2.0252774,-0.5242002,-1.5253,-2.449295,-0.83361655,0.17868239,0.1165744,0.3718706,0.17868239,0.07949012,0.3028809
2377,1,2.8251245,-0.43389487,-0.5204141,2.8251245,0.16793984,-0.7396216,0.94401854,0.39319664,0.37275538,0.94401854,0.54188657,0.3230869
2378,1,4.8425293,0.13081689,-0.35551456,4.8425293,1.2192364,-0.81212354,0.99217457,0.5326576,0.4120458,0.99217457,0.77192914,0.30743816
2379,0,-3.2020662,-0.7819794,-0.52792066,-3.2020662,-0.42548704,-0.87253517,0.039088044,0.31389344,0.371002,0.039088044,0.3952045,0.29472706
2380,0,2.5158768,-1.6780472,-0.1448351,2.5158768,-2.4124737,-0.97780484,0.9252474,0.15735424,0.46385437,0.9252474,0.082226455,0.27332756
2381,1,5.7164593,1.175809,-0.5783076,5.7164593,3.175412,-0.7153888,0.9967194,0.7641934,0.3593221,0.9967194,0.9598984,0.3284092
2382,1,-0.23801896,-1.7247324,-0.4415583,-0.23801896,-1.6913564,-0.80207133,0.4407746,0.15126261,0.39136973,0.4407746,0.15559754,0.30958262
2383,1,3.1779912,1.459707,-0.47988862,3.1779912,3.6857214,-0.74901783,0.9599976,0.81148785,0.38227844,0.9599976,0.97553444,0.32103536
2384,0,-0.3313043,-0.37731743,-0.27331334,-0.3313043,0.08158383,-0.8709627,0.41792327,0.40677404,0.43209386,0.41792327,0.52038467,0.29505402
2385,1,3.9953809,1.8509434,-0.5086802,3.9953809,3.5273194,-0.8066206,0.98193204,0.86423784,0.37550297,0.98193204,0.9714552,0.3086111
2386,0,-2.936394,-0.10295898,-0.5929544,-2.936394,0.561267,-0.7739895,0.050383527,0.47428298,0.35595727,0.050383527,0.63674563,0.3156167
2387,0,2.3887298,-3.0518847,-0.35336024,2.3887298,-3.5802436,-0.9036344,0.9159639,0.045136176,0.41256782,0.9159639,0.02711329,0.2883042
2388,0,3.147276,-1.7788566,-0.52255845,3.147276,-1.7040608,-0.7436601,0.95880127,0.14444438,0.3722542,0.95880127,0.15393564,0.32220432
2389,1,4.338846,2.0693607,-0.48561645,4.338846,5.6766706,-0.747222,0.9871165,0.8878893,0.38092676,0.9871165,0.9965868,0.32142693
2390,1,5.153225,1.6866144,-0.5356252,5.153225,4.3243446,-0.70614433,0.9942525,0.84377843,0.36920586,0.9942525,0.98693085,0.33045134
2391,1,3.0419338,0.22765875,-0.46241438,3.0419338,1.6703734,-0.74971426,0.954433,0.5566701,0.38641325,0.954433,0.84162563,0.32088357
2392,1,4.8136797,0.8410014,-0.50061816,4.8136797,1.7912363,-0.7310898,0.9919475,0.69867605,0.37739542,0.9919475,0.8570788,0.32495564
2393,1,6.5722528,0.3956746,-0.41203642,6.5722528,1.9095631,-0.6416558,0.9986033,0.59764796,0.3984239,0.9986033,0.8709701,0.34487233
2394,0,-2.5385857,-1.2846005,-0.42200756,-2.5385857,-1.6047565,-0.7368887,0.07319706,0.21676815,0.39603645,0.07319706,0.16731788,0.32368487
2395,1,-0.52056783,-0.34142298,-0.5008499,-0.52056783,-0.15829334,-0.77877057,0.37271947,0.4154639,0.37734097,0.37271947,0.4605091,0.31458494
2396,0,-2.446661,-0.051911235,-0.5584653,-2.446661,0.9909296,-0.7416736,0.079683065,0.4870251,0.36390263,0.079683065,0.7292715,0.3226383
2397,1,-0.40286705,-0.88156676,-0.5017936,-0.40286705,-0.6511943,-1.0191901,0.40062368,0.2928532,0.37711927,0.40062368,0.34272045,0.2651852
2398,0,-0.006293714,0.12863392,-0.5546979,-0.006293714,1.2246689,-0.86688083,0.4984266,0.5321142,0.36477515,0.4984266,0.7728842,0.29590374
2399,1,0.88647234,0.87505805,-0.47363394,0.88647234,2.7323673,-0.9406453,0.70816165,0.7057971,0.3837565,0.70816165,0.9389097,0.28077
2400,0,3.972833,-1.0899471,-0.5494675,3.972833,-1.5832264,-0.7715834,0.9815276,0.25162825,0.36598796,0.9815276,0.17033902,0.3161367
2401,0,0.9581857,-1.9514667,-0.4776721,0.9581857,-2.6471741,-0.8672565,0.7227584,0.12439353,0.38280198,0.7227584,0.06616339,0.29582548
2402,0,2.3984551,0.49690446,-0.5687349,2.3984551,1.1425146,-0.83377445,0.9167094,0.6217316,0.3615288,0.9167094,0.758141,0.30284756
2403,0,-0.44542176,-1.8859591,-0.5920867,-0.44542176,-1.3637857,-0.8509085,0.39044985,0.13170588,0.35615623,0.39044985,0.20362571,0.29924232
2404,1,5.4854474,2.453415,-0.47612673,5.4854474,4.879506,-0.89672387,0.9958704,0.9208108,0.38316715,0.9958704,0.99245656,0.2897242
2405,0,-5.417753,-5.4944754,-0.20747077,-5.417753,-5.037311,-0.86791813,0.0044175037,0.0040925937,0.44831756,0.0044175037,0.006449315,0.29568768
2406,1,3.459035,0.45468387,-0.44683975,3.459035,1.8196001,-0.72275424,0.9694994,0.6117523,0.39011243,0.9694994,0.86051816,0.3267868
2407,0,2.9465075,0.39453608,-0.19190179,2.9465075,1.6375227,-0.84855205,0.9500982,0.5973742,0.4521712,0.9500982,0.83719754,0.2997367
2408,1,0.30358928,0.0920496,-0.61919117,0.30358928,1.3945696,-0.7749981,0.5753197,0.5229961,0.34996542,0.5753197,0.8013208,0.3153989
2409,0,1.1187065,-1.1703765,-0.56239265,1.1187065,-1.707893,-0.73961574,0.7537487,0.23678693,0.36299405,0.7537487,0.1534372,0.3230882
2410,0,-2.191721,-2.2702937,-0.13709003,-2.191721,-3.3629398,-0.8724797,0.10049642,0.0936133,0.46578106,0.10049642,0.03347398,0.2947386
2411,1,6.519439,0.82867485,-0.443334,6.519439,2.5767388,-0.67369175,0.99852765,0.69607466,0.3909468,0.99852765,0.9293494,0.3376707
2412,0,-1.5263016,-1.688057,-0.56778914,-1.5263016,-2.3138828,-0.6905118,0.17853545,0.15603153,0.36174715,0.17853545,0.0899797,0.33391923
2413,1,6.1123724,0.3850116,-0.45522186,6.1123724,1.1937721,-0.7657581,0.9977896,0.59508127,0.3881199,0.9977896,0.767415,0.31739742
2414,0,-3.6261306,-5.5524025,-0.5366763,-3.6261306,-3.8747756,-0.7222523,0.025928786,0.003863147,0.3689611,0.025928786,0.020336822,0.3268972
2415,1,-4.601506,-4.3677235,-0.49625376,-4.601506,-3.325745,-0.90067846,0.009936972,0.012521303,0.3784215,0.009936972,0.03469846,0.2889111
2416,1,4.0154014,1.5499874,-0.51469463,4.0154014,3.7066453,-0.8681993,0.9822838,0.8249119,0.37409362,0.9822838,0.976029,0.29562914
2417,1,6.4978557,1.9307748,-0.5094615,6.4978557,4.3732486,-0.8075321,0.9984956,0.8733352,0.37531975,0.9984956,0.98754686,0.30841663
2418,1,7.6460896,2.4383867,-0.43169066,7.6460896,5.5780187,-0.60685605,0.9995223,0.919708,0.39372268,0.9995223,0.99623424,0.3527767
2419,1,-1.5285525,1.0364448,-0.56914264,-1.5285525,3.3511057,-0.79017377,0.17820556,0.7381634,0.36143467,0.17820556,0.966141,0.31213138
2420,0,-4.558605,-2.8694303,-0.44299448,-4.558605,-2.964849,-0.8579216,0.010368039,0.05368559,0.3910277,0.010368039,0.04903938,0.29777378
2421,0,1.9334383,-0.49004677,-0.30172905,1.9334383,0.04565704,-1.0538594,0.8736295,0.37988257,0.42513487,0.8736295,0.51141226,0.2584847
2422,1,-0.19207524,0.1419773,-0.07486643,-0.19207524,1.2174878,-0.80352056,0.45212826,0.53543484,0.48129213,0.45212826,0.7716211,0.30927294
2423,0,3.9498627,1.839123,-0.40874887,3.9498627,4.778984,-0.79588157,0.9811065,0.86284494,0.39921215,0.9811065,0.99166554,0.31090719
2424,0,0.5305958,1.0557278,-0.3940181,0.5305958,3.2274773,-0.7809807,0.62962204,0.7418733,0.4027504,0.62962204,0.96185523,0.31410855
2425,1,4.936948,0.039733738,-0.2296959,4.936948,0.71359074,-0.69174665,0.9928746,0.50993216,0.44282717,0.9928746,0.6711941,0.33364463
2426,0,-3.4609842,-2.7653804,-0.5724491,-3.4609842,-2.9825282,-0.7645979,0.030442972,0.059223875,0.3606719,0.030442972,0.04822146,0.31764886
2427,0,-3.340735,-2.697676,-0.40732947,-3.340735,-2.0767603,-0.74467134,0.034199875,0.063110635,0.39955264,0.034199875,0.1113762,0.32198352
2428,1,5.645877,1.4391721,0.14688005,5.645877,3.7529118,-0.9479676,0.9964804,0.8083264,0.5366541,0.9964804,0.97708786,0.27929375
2429,1,2.222799,-1.7333168,-0.3863411,2.222799,-2.4722538,-1.0500064,0.90227824,0.15016381,0.40459839,0.90227824,0.07782632,0.25922388
2430,0,-0.08864076,0.23628038,0.12472423,-0.08864076,1.0130208,-0.9113387,0.4778543,0.55879676,0.5311407,0.4778543,0.73361087,0.28672597
2431,1,-0.74194324,0.47878915,-0.30981186,-0.74194324,1.8387414,-0.8534199,0.32257935,0.6174619,0.42316064,0.32257935,0.86279976,0.29871595
2432,1,5.9814215,1.1204779,-0.19184867,5.9814215,3.530411,-0.64958745,0.99748117,0.7540773,0.45218438,0.99748117,0.9715408,0.34308252
2433,0,2.4209425,-1.5553182,-0.52353376,2.4209425,-0.6710582,-0.8501245,0.91841036,0.17431948,0.3720263,0.91841036,0.33825994,0.29940674
2434,0,0.23706234,-1.4418344,-0.54531515,0.23706234,-1.9428248,-0.7540356,0.5589896,0.19126144,0.366952,0.5589896,0.12533784,0.31994262
2435,1,6.137994,1.9257828,-0.53804123,6.137994,4.9526324,-0.7433355,0.9978454,0.87278193,0.36864337,0.9978454,0.9929848,0.3222752
2436,1,5.2808404,0.89040625,-0.49963206,5.2808404,2.3937745,-0.7306885,0.99493754,0.708974,0.37762716,0.99493754,0.9163513,0.32504368
2437,0,3.1146567,-0.109010264,-0.39546993,3.1146567,0.7809267,-0.7686363,0.95749325,0.4727744,0.4024012,0.95749325,0.6858798,0.3167742
2438,0,-0.20980692,-0.5903229,-0.5161489,-0.20980692,-0.4979937,-0.8094615,0.44773984,0.35656077,0.3737532,0.44773984,0.37801227,0.30800524
2439,1,-0.5681676,-1.491125,-0.39741817,-0.5681676,-0.8100089,-0.88411075,0.36165974,0.18375294,0.4019328,0.36165974,0.3078886,0.29232666
2440,1,1.6733671,-2.7221417,-0.5625794,1.6733671,-3.3020883,-0.7884228,0.84202427,0.061679404,0.36295083,0.84202427,0.035499617,0.31250742
2441,0,-3.0225396,-5.3189335,-0.32735687,-3.0225396,-4.0976324,-0.718181,0.046417933,0.0048741014,0.4188839,0.046417933,0.01634051,0.32779366
2442,0,-4.838855,-4.95843,-0.5088029,-4.838855,-4.043008,-0.6886857,0.007853941,0.0069749565,0.37547418,0.007853941,0.017242115,0.3343255
2443,0,-1.5677048,0.56287235,-0.57835203,-1.5677048,1.7396466,-0.7438487,0.17254382,0.63711685,0.35931188,0.17254382,0.8506422,0.32216313
2444,1,-3.0855355,-1.5739791,-0.5425498,-3.0855355,-1.7758352,-0.730946,0.04370786,0.17164989,0.36759463,0.04370786,0.14481817,0.32498714
2445,0,1.5421636,2.002498,-0.49720052,1.5421636,5.0930133,-0.8887321,0.82377905,0.8810591,0.3781988,0.82377905,0.993898,0.29137155
2446,0,2.7310534,0.09907201,-0.4166212,2.7310534,1.3473989,-0.82711625,0.93883437,0.5247477,0.39732555,0.93883437,0.79370403,0.3042552
2447,1,5.382206,2.62614,0.044060677,5.382206,5.6838717,-0.8834227,0.9954234,0.9325251,0.5110134,0.9954234,0.9966112,0.29246902
2448,0,-5.4535627,-5.45557,-0.4840256,-5.4535627,-4.2461996,-0.9007339,0.004262776,0.004254264,0.38130197,0.004262776,0.0141164195,0.28889972
2449,0,-1.0802724,-0.5959237,-0.4766241,-1.0802724,0.29881424,-0.68124866,0.25345445,0.35527682,0.3830496,0.25345445,0.5741526,0.33598268
2450,1,0.32432753,-0.33739722,-0.31119144,0.32432753,-0.12118244,-0.83155805,0.58037853,0.41644186,0.42282394,0.58037853,0.4697414,0.30331573
2451,0,-4.473892,-4.163327,-0.5232874,-4.473892,-5.4529676,-0.7697827,0.011274288,0.015317441,0.37208384,0.011274288,0.004265303,0.31652611
2452,1,2.872414,0.7448187,-0.2690085,2.872414,2.544196,-0.8953503,0.94646585,0.6780487,0.43315053,0.94646585,0.9271826,0.29000694
2453,1,-2.7863894,-2.7366452,-0.44124368,-2.7863894,-2.926679,-0.75460017,0.058064114,0.060845327,0.39144468,0.058064114,0.05085038,0.31981975
2454,1,3.1175814,0.7567433,-0.50864536,3.1175814,2.006053,-0.68659776,0.95761216,0.68064624,0.37551114,0.95761216,0.8814311,0.33479038
2455,0,3.3416164,1.2994385,-0.36986604,3.3416164,3.2690504,-0.78931755,0.9658292,0.7857405,0.4085734,0.9658292,0.96335167,0.31231523
2456,1,-0.17993808,-2.1959019,-0.5416509,-0.17993808,-2.378418,-0.6863127,0.4551365,0.10011911,0.36780363,0.4551365,0.08483331,0.33485383
2457,1,0.784222,-1.2266917,-0.54385585,0.784222,-1.4336542,-0.7150437,0.6865893,0.22676098,0.3672911,0.6865893,0.19252996,0.3284853
2458,1,6.2830286,0.5951346,-0.3540897,6.2830286,1.9324496,-0.6968082,0.9981357,0.64454234,0.41239104,0.9981357,0.8735203,0.33252028
2459,1,4.064232,2.0621374,-0.5231335,4.064232,5.1830935,-0.81538236,0.9831139,0.8871683,0.37211978,0.9831139,0.9944207,0.30674472
2460,1,-1.2790543,-1.5272083,-0.4795357,-1.2790543,-1.9515244,-0.75793356,0.21771125,0.17840251,0.38236177,0.21771125,0.12438724,0.3190951
2461,1,1.3285052,-2.5097349,-0.35605878,1.3285052,-3.257537,-0.8915769,0.79059327,0.07517854,0.41191396,0.79059327,0.037057,0.29078454
2462,0,-2.0630136,-1.2947202,-0.5641616,-2.0630136,-0.5431724,-0.7630471,0.11274402,0.21505494,0.3625851,0.11274402,0.3674499,0.31798506
2463,0,-5.558008,-4.5322285,-0.4791981,-5.558008,-4.1006527,-0.8325504,0.0038416353,0.0106422035,0.3824415,0.0038416353,0.016292034,0.30310607
2464,0,-6.9658484,-7.1176066,-0.48483866,-6.9658484,-5.8413277,-0.7270273,0.00094267254,0.0008100481,0.3811102,0.00094267254,0.0028965685,0.32584742
2465,1,2.815934,0.2803412,-0.2834115,2.815934,2.0535567,-0.7629363,0.9435308,0.56962985,0.42961758,0.9435308,0.8863066,0.3180091
2466,1,3.6853232,0.46331888,-0.4875038,3.6853232,1.9431263,-0.7557738,0.975525,0.61380124,0.38048178,0.975525,0.87469524,0.31956452
2467,1,4.288801,2.2054694,-0.30238283,4.288801,5.439178,-1.0136899,0.9864644,0.9007396,0.4249751,0.9864644,0.99567574,0.26625833
2468,1,1.5830598,-1.1151513,-0.23991352,1.5830598,-0.45132157,-0.99583113,0.8296374,0.24691176,0.44030768,0.8296374,0.3890466,0.26976186
2469,0,-0.08774987,-0.40503418,-0.53430027,-0.08774987,-0.09526166,-0.75955427,0.47807664,0.4001034,0.36951447,0.47807664,0.4762026,0.31874305
2470,0,-0.4333527,0.08765584,-0.52075446,-0.4333527,0.65815383,-0.7986042,0.393326,0.52189994,0.37267584,0.393326,0.65884554,0.31032416
2471,0,0.26925457,-1.4889531,-0.36610687,0.26925457,-0.9204187,-0.92555034,0.5669099,0.18407892,0.40948206,0.5669099,0.28487256,0.28382832
2472,1,1.0780611,-0.6212152,-0.28911358,1.0780611,-0.19461352,-0.81062543,0.74612695,0.34950513,0.42822093,0.74612695,0.4514996,0.30775723
2473,0,3.9118428,1.165171,-0.5986397,3.9118428,3.5776844,-0.74633026,0.98038876,0.762271,0.35465497,0.98038876,0.97281915,0.32162142
2474,0,-0.9919286,-0.947259,0.34161204,-0.9919286,-0.6526406,-0.8504496,0.2705313,0.27943638,0.5845821,0.2705313,0.34239474,0.29933855
2475,0,1.7183177,0.3690758,-0.55121666,1.7183177,2.0433228,-0.75254965,0.847912,0.59123564,0.3655822,0.847912,0.88527113,0.32026598
2476,0,-5.897094,-5.60441,-0.5744091,-5.897094,-5.028991,-0.85674584,0.00273989,0.0036680868,0.36022004,0.00273989,0.0065028467,0.29801968
2477,1,3.7832162,0.0053748935,-0.27928144,3.7832162,0.80940235,-0.8759439,0.9777566,0.50134367,0.43062997,0.9777566,0.69198215,0.294019
2478,0,2.3362646,0.9332018,-0.39140922,2.3362646,2.5329533,-0.77106667,0.91183627,0.71772444,0.40337813,0.91183627,0.9264199,0.31624842
2479,1,5.1964455,1.4470779,-0.44013193,5.1964455,3.2437773,-0.7874086,0.99449426,0.80954826,0.3917095,0.99449426,0.96244884,0.31272537
2480,0,-3.1211474,-1.8767183,-0.19298717,-3.1211474,-3.2910144,-0.94873106,0.042243324,0.13276628,0.4519024,0.042243324,0.035880737,0.27914008
2481,1,2.6036365,-1.7603598,-0.33486244,2.6036365,-2.248658,-0.9251595,0.9310953,0.14674528,0.41705802,0.9310953,0.09546529,0.28390777
2482,1,3.6185126,1.4214242,-0.62240434,3.6185126,3.6562736,-0.8151327,0.9738781,0.80556154,0.34923482,0.9738781,0.97482175,0.30679783
2483,0,0.5896229,-0.79378176,-0.5622763,0.5896229,-0.46307072,-0.8536328,0.6432786,0.31135723,0.36302093,0.6432786,0.3862576,0.29867136
2484,1,4.065518,1.0804725,-0.56365013,4.065518,3.3280587,-0.8202041,0.9831352,0.7465834,0.36270332,0.9831352,0.96537894,0.30572036
2485,1,3.7821243,0.86290747,-0.29851547,3.7821243,2.60068,-0.9678477,0.9777329,0.70326775,0.4259204,0.9777329,0.9309054,0.2753097
2486,1,0.3618545,1.1988726,-0.5750324,0.3618545,2.9910839,-0.7648039,0.5894893,0.7683242,0.3600764,0.5894893,0.95216966,0.31760418
2487,1,3.2904398,-0.29803723,-0.46700412,3.2904398,0.20701236,-0.60919607,0.96409947,0.42603734,0.38532558,0.96409947,0.55156904,0.35224262
2488,1,1.3609246,-0.46902364,-0.5359659,1.3609246,0.0482399,-0.85044515,0.79590994,0.38484737,0.3691265,0.79590994,0.5120576,0.29933947
2489,1,3.6783555,-0.70088416,-0.5233213,3.6783555,-0.5670649,-0.7349069,0.97535807,0.3316162,0.37207592,0.97535807,0.3619144,0.32411888
2490,1,4.4060307,2.3450775,-0.51211905,4.4060307,5.8151474,-0.7434958,0.98794353,0.9125422,0.3746969,0.98794353,0.99702686,0.32224017
2491,1,1.6125352,1.498284,0.09171887,1.6125352,4.1475315,-0.9657638,0.83376306,0.81731844,0.52291363,0.83376306,0.98444253,0.27572566
2492,0,-4.24169,-3.1920395,-0.5693025,-4.24169,-3.7268457,-0.70890987,0.014179315,0.039466392,0.3613978,0.014179315,0.023502951,0.32983977
2493,1,3.6046605,1.8445199,-0.5784257,3.6046605,4.773838,-0.75898886,0.97352344,0.8634824,0.35929492,0.97352344,0.99162287,0.31886584
2494,0,-0.80671906,-0.56906843,-0.15458068,-0.80671906,-0.26465434,-0.8182838,0.30859008,0.3614518,0.46143162,0.30859008,0.43421993,0.3061281
2495,0,-0.3463712,-0.3369287,-0.58774257,-0.3463712,0.07024193,-0.8999056,0.41426268,0.41655576,0.357153,0.41426268,0.51755327,0.2890699
2496,1,1.7519474,-0.53894377,-0.55963117,1.7519474,0.05807519,-0.8177744,0.8521983,0.36843333,0.3636328,0.8521983,0.51451474,0.3062363
2497,1,4.2889204,1.4582139,-0.20400268,4.2889204,3.663947,-0.83086425,0.986466,0.8112593,0.44917548,0.986466,0.9750093,0.30346236
2498,1,3.5406978,0.10611439,-0.3865975,3.5406978,1.3075261,-0.82309115,0.9718238,0.52650374,0.40453666,0.9718238,0.7870989,0.3051079
2499,0,0.416709,-0.68605256,-0.31568232,0.416709,-0.55667746,-0.8355917,0.60269547,0.3349118,0.4217284,0.60269547,0.36431658,0.30246404
2500,1,-1.115135,-2.122226,-0.48598444,-1.115135,-2.5860353,-0.78129333,0.24691482,0.10695526,0.38083997,0.24691482,0.070042595,0.31404123
2501,1,4.044475,1.7790477,-0.51643074,4.044475,3.9538898,-0.7419977,0.9827827,0.85557926,0.37368724,0.9827827,0.981181,0.32256746
2502,0,0.9697038,-0.6042413,0.029325552,0.9697038,-0.65667605,-0.8397049,0.72506046,0.35337391,0.50733083,0.72506046,0.3414867,0.30159694
2503,1,2.265952,-0.93568623,-0.3144324,2.265952,-1.0035664,-0.6937477,0.90601766,0.28177252,0.4220332,0.90601766,0.2682408,0.3331999
2504,1,3.6349568,-0.25499713,-0.44825917,3.6349568,0.5369077,-0.73539615,0.97429323,0.43659392,0.38977477,0.97429323,0.6310928,0.3240117
2505,1,4.0596323,1.6669279,-0.23460175,4.0596323,4.344583,-0.76679623,0.9830374,0.8411658,0.44161707,0.9830374,0.98718935,0.31717256
2506,1,2.5327325,2.2833447,-0.26827705,2.5327325,5.3147826,-0.8151661,0.92640483,0.9074882,0.43333012,0.92640483,0.99510574,0.30679074
2507,0,-2.3395493,-1.6135647,-0.50397575,-2.3395493,-2.3024607,-0.88299453,0.087900035,0.16609427,0.37660682,0.087900035,0.090919375,0.29255763
2508,1,2.411746,0.2861433,-0.5239462,2.411746,1.7166407,-0.7285464,0.9177186,0.5710517,0.37192997,0.9177186,0.84769565,0.3255138
2509,1,5.9442325,1.0560542,-0.51211214,5.9442325,2.7364328,-0.71900105,0.9973859,0.7419358,0.37469852,0.9973859,0.9391425,0.327613
2510,0,4.454895,1.3198829,-0.50912976,4.454895,3.4405556,-0.8139475,0.9885119,0.7891622,0.37539753,0.9885119,0.9689482,0.30704993
2511,1,3.266333,-0.30322546,-0.14612943,3.266333,0.6725205,-0.7911992,0.96325564,0.42476916,0.4635325,0.96325564,0.6620673,0.31191123
2512,1,5.9064527,1.0246938,-0.5057139,5.9064527,2.4267387,-0.65638626,0.9972856,0.73588586,0.37619883,0.9972856,0.9188437,0.34155187
2513,1,2.7487798,0.47507757,-0.56435305,2.7487798,1.7588304,-0.77300525,0.9398444,0.61658484,0.36254084,0.9398444,0.8530631,0.31582937
2514,0,5.10164,1.6239887,-0.1427586,5.10164,3.9958057,-0.7132741,0.9939501,0.8353445,0.46437082,0.9939501,0.9819396,0.32887578
2515,1,-1.3928512,-1.5889173,0.43885976,-1.3928512,-1.7353191,-0.9212042,0.19895296,0.1695363,0.6079873,0.19895296,0.14990847,0.2847126
2516,0,-4.781631,-6.0163155,0.24377514,-4.781631,-4.6930385,-0.6991726,0.008312637,0.0024327056,0.5606438,0.008312637,0.009075692,0.3319957
2517,0,-2.712151,-2.6245954,-0.581042,-2.712151,-2.6136403,-0.86641705,0.062260143,0.06757218,0.35869285,0.062260143,0.0682657,0.29600036
2518,1,4.9659934,0.14207053,-0.5642862,4.9659934,1.7190814,-0.7661301,0.9930773,0.535458,0.3625563,0.9930773,0.8480105,0.31731683
2519,1,5.8639183,1.3283179,-0.42435542,5.8639183,3.1234818,-0.69811684,0.997168,0.7905623,0.39547503,0.997168,0.957851,0.33222988
2520,1,4.2986193,1.7859324,-0.55142653,4.2986193,4.399627,-0.73316765,0.9865948,0.85642785,0.3655335,0.9865948,0.9878671,0.3245
2521,0,0.5076835,-1.0851002,-0.35656714,0.5076835,-1.5301778,-0.90249455,0.6242633,0.25254208,0.4117908,0.6242633,0.17796765,0.28853813
2522,1,6.6672735,2.336326,-0.43038726,6.6672735,5.2787075,-0.6766925,0.99872977,0.9118412,0.39403385,0.99872977,0.9949268,0.3369999
2523,0,0.10310578,-0.9482462,0.04483496,0.10310578,-1.3202091,-1.0531204,0.5257536,0.27923766,0.51120687,0.5257536,0.2107835,0.25862637
2524,1,4.0684314,-0.41772372,-0.5343391,4.0684314,-0.06412953,-0.6858028,0.9831835,0.3970616,0.3695054,0.9831835,0.48397312,0.3349674
2525,0,5.7176614,1.4736623,-0.38139427,5.7176614,4.304239,-0.8409227,0.99672335,0.8136134,0.40579063,0.99672335,0.98666894,0.3013405
2526,1,2.2676926,1.1832056,-0.4677301,2.2676926,2.3297043,-0.7557677,0.90616584,0.76552373,0.38515365,0.90616584,0.91130745,0.31956586
2527,0,-5.639986,-2.9234476,-0.4986645,-5.639986,-2.9828103,-0.68862313,0.0035403396,0.051006563,0.37785456,0.0035403396,0.04820852,0.3343394
2528,1,2.2351158,-2.1966825,-0.19336297,2.2351158,-2.8966668,-0.7989929,0.90335894,0.1000488,0.45180932,0.90335894,0.052318584,0.31024098
2529,1,-0.36007592,-2.0384436,-0.33172202,-0.36007592,-2.6831913,-0.78433514,0.41094118,0.11522531,0.4178217,0.41094118,0.06397252,0.31338632
2530,0,-0.9625106,-0.9682013,-0.5289166,-0.9625106,-0.7669161,-0.9183279,0.27637583,0.27523917,0.3707696,0.27637583,0.3171466,0.2852987
2531,0,3.753976,1.0627179,-0.49748024,3.753976,3.2399044,-0.7055267,0.97711176,0.7432096,0.378133,0.97711176,0.96230865,0.33058804
2532,0,2.4447,0.6215199,-0.5814519,2.4447,2.4054728,-0.7384992,0.920173,0.65056413,0.35859856,0.920173,0.91724366,0.32333243
2533,1,4.577672,1.7173122,-0.5454576,4.577672,4.074518,-0.84822536,0.9898258,0.8477824,0.36691895,0.9898258,0.98328376,0.29980528
2534,1,4.100281,0.5025754,-0.072228655,4.100281,1.7253712,-0.7871944,0.98370194,0.6230644,0.48195067,0.98370194,0.8488194,0.3127714
2535,0,0.5359164,-1.7398279,0.23610757,0.5359164,-2.1879952,-0.81820667,0.63086194,0.1493348,0.5587542,0.63086194,0.10083372,0.30614445
2536,1,6.0051303,0.7180982,-0.29970816,6.0051303,2.7299492,-0.784359,0.99754,0.6721881,0.42562884,0.99754,0.9387709,0.3133812
2537,0,-6.4944863,-5.1973915,-0.5779261,-6.4944863,-4.5205064,-0.7379486,0.0015094696,0.00550055,0.35940996,0.0015094696,0.010766335,0.3234529
2538,1,3.4887414,1.2708868,-0.5033971,3.4887414,3.3697803,-0.7325569,0.97036576,0.7808945,0.37674266,0.97036576,0.96674657,0.32463387
2539,0,3.512581,1.3459518,-0.08154257,3.512581,3.7183352,-0.79178,0.97104365,0.79346704,0.4796256,0.97104365,0.97630095,0.3117866
2540,0,0.16681927,0.13646698,-0.53317887,0.16681927,0.7225936,-0.74692047,0.5416084,0.53406394,0.36977577,0.5416084,0.6731779,0.32149267
2541,1,5.9570665,2.114096,-0.5053719,5.9570665,5.4557166,-0.84219706,0.99741924,0.8922657,0.3762791,0.99741924,0.9957463,0.30107227
2542,1,4.5449085,1.0745598,-0.5332997,4.5449085,3.01795,-0.8269272,0.98949045,0.7454631,0.36974764,0.98949045,0.95337856,0.3042952
2543,1,1.5579678,-0.8574406,-0.48903656,1.5579678,0.06866807,-0.9115043,0.82606155,0.29787433,0.38012058,0.82606155,0.5171603,0.2866921
2544,1,-0.380225,0.31926998,-0.3731788,-0.380225,1.1193615,-0.87002194,0.40607265,0.5791463,0.40777314,0.40607265,0.75387025,0.29524973
2545,1,5.349146,1.0312004,-0.4020744,5.349146,2.712645,-0.8578471,0.9952703,0.7371485,0.40081403,0.9952703,0.9377687,0.29778934
2546,0,4.5533547,-0.049526334,-0.49718255,4.5533547,0.923282,-0.8273813,0.989578,0.48762098,0.378203,0.989578,0.7157104,0.30419907
2547,1,-0.45304334,-1.6667995,-0.35377556,-0.45304334,-1.4588747,-0.82743734,0.38863742,0.15885136,0.41246712,0.38863742,0.18863949,0.3041872
2548,1,5.0709324,1.3908405,-0.4610593,5.0709324,3.9023488,-0.6735094,0.99376255,0.80072635,0.38673455,0.99376255,0.98020536,0.33771148
2549,1,3.572795,-0.5903229,-0.38686994,3.572795,-0.4979937,-0.73253286,0.97268957,0.35656077,0.40447104,0.97268957,0.37801227,0.32463914
2550,1,6.0709004,2.0467381,-0.47655365,6.0709004,4.577823,-0.87497187,0.9976962,0.8856176,0.38306627,0.9976962,0.9898273,0.2942208
2551,1,4.919106,0.9450612,-0.55488086,4.919106,2.5348165,-0.7240109,0.99274737,0.72012085,0.36473274,0.99274737,0.92654675,0.32651037
2552,1,7.290332,1.9611154,-0.40574735,7.290332,4.580478,-0.7952702,0.99931836,0.8766536,0.39993227,0.99931836,0.98985404,0.31103817
2553,0,-6.1723213,-5.046796,-0.5737512,-6.1723213,-5.2668486,-0.867715,0.0020820433,0.0063888235,0.3603717,0.0020820433,0.0051333588,0.29573
2554,0,-0.47795105,-0.49385893,-0.54740024,-0.47795105,-0.111970186,-0.87960684,0.3827361,0.3789849,0.36646774,0.3827361,0.47203666,0.29325926
2555,1,5.0157714,2.667449,0.06911801,5.0157714,6.0045843,-0.9487828,0.9934111,0.9350783,0.5172726,0.9934111,0.9975387,0.27912965
2556,1,0.8093891,0.38502067,-0.2909969,0.8093891,1.6720315,-0.7219869,0.69197935,0.5950834,0.42775983,0.69197935,0.84184647,0.3269556
2557,0,-2.3084488,-0.79653156,-0.34818354,-2.3084488,-0.61481863,-0.8618218,0.09042565,0.31076795,0.41382298,0.09042565,0.35096076,0.29695886
2558,0,2.0402436,1.4340756,-0.35906532,2.0402436,4.007197,-0.8939779,0.8849581,0.8075355,0.41118583,0.8849581,0.9821405,0.2902896
2559,1,4.9823837,1.1377589,-0.5730952,4.9823837,3.1761172,-0.6913039,0.993189,0.7572679,0.36052293,0.993189,0.95992553,0.33374307
2560,0,-6.03697,-6.030395,-0.55592215,-6.03697,-4.983567,-0.6977128,0.002383093,0.002398776,0.36449155,0.002383093,0.0068029873,0.33231953
2561,0,-2.0885298,-0.3110901,-0.5581742,-2.0885298,0.14177465,-0.71627235,0.11021666,0.4228487,0.36397004,0.11021666,0.5353844,0.32821438
2562,0,1.0300502,-1.6405885,-0.23723629,1.0300502,-2.6218133,-0.9133899,0.73692554,0.16238499,0.44096753,0.73692554,0.067747675,0.28630665
2563,1,6.3942366,1.2086921,-0.51555926,6.3942366,2.8861578,-0.70611656,0.9983316,0.77006745,0.3738912,0.9983316,0.94715786,0.3304575
2564,0,-5.4348125,-3.8440318,-0.59626234,-5.4348125,-3.7853463,-0.7428243,0.004343108,0.020958457,0.35519928,0.004343108,0.022197103,0.32238686
2565,1,6.0072374,2.0962825,-0.5682659,6.0072374,4.182313,-0.72500426,0.9975452,0.8905413,0.36163703,0.9975452,0.9849663,0.32629195
2566,0,-5.7954607,-4.4761877,-0.513088,-5.7954607,-3.9222078,-0.67018056,0.0030321071,0.011248728,0.3744699,0.0030321071,0.019413011,0.3384564
2567,1,5.091409,-0.4040775,-0.40501535,5.091409,-0.2316213,-0.712668,0.9938883,0.40033308,0.40010795,0.9938883,0.44235215,0.3290096
2568,1,3.2248354,1.1857375,-0.4288122,3.2248354,3.204093,-0.833444,0.9617582,0.76597786,0.39440998,0.9617582,0.96098804,0.30291733
2569,0,5.0320096,0.17165709,-0.3986539,5.0320096,1.1205722,-0.8929657,0.9935167,0.5428092,0.4016358,0.9935167,0.75409484,0.2904982
2570,1,2.2679734,-2.3053422,-0.35116887,2.2679734,-2.6268275,-0.8010274,0.9061897,0.09068149,0.413099,0.9061897,0.06743168,0.30980578
2571,0,4.2665863,0.4983928,-0.4541405,4.2665863,1.5162317,-0.861241,0.9861645,0.6220816,0.3883768,0.9861645,0.8199829,0.29708013
2572,1,6.828562,2.3361342,-0.3752026,6.828562,5.5381093,-0.7115366,0.9989188,0.9118257,0.4072845,0.9989188,0.99608153,0.3292594
2573,0,2.1159458,1.3650686,-0.27329698,2.1159458,3.355819,-1.0027497,0.89244336,0.7965822,0.43209788,0.89244336,0.9662949,0.26840115
2574,1,3.0791087,1.2358695,-0.23276785,3.0791087,2.9602513,-0.816077,0.95602274,0.7748442,0.44206938,0.95602274,0.9507458,0.30659705
2575,1,3.564785,-1.1348466,-0.46933058,3.564785,-1.3266901,-0.84102297,0.972476,0.24326782,0.38477466,0.972476,0.2097074,0.3013194
2576,1,3.4610715,1.7596172,-0.44598803,3.4610715,4.7550526,-0.78851473,0.96955955,0.8531617,0.3903151,0.96955955,0.9914654,0.3124877
2577,0,-4.379401,-4.4563193,-0.568806,-4.379401,-3.308638,-0.9854096,0.012377732,0.011471867,0.3615124,0.012377732,0.035276037,0.27181974
2578,0,-3.7385087,-2.852567,-0.514816,-3.7385087,-3.7481968,-0.72920305,0.023236763,0.054548778,0.37406522,0.023236763,0.023017885,0.32536966
2579,1,3.679444,-0.5494555,-0.35893983,3.679444,-0.42185843,-0.775519,0.97538424,0.36599073,0.41121623,0.97538424,0.39607212,0.31528643
2580,0,-1.2961128,-2.3048677,-0.4180156,-1.2961128,-3.5119517,-0.94774556,0.21481997,0.09072062,0.3969917,0.21481997,0.028974077,0.27933842
2581,1,5.507073,1.1490711,-0.33787608,5.507073,3.1945467,-0.82530123,0.9959584,0.75934124,0.41632548,0.9959584,0.9606285,0.30463952
2582,1,6.5866885,2.3490345,-0.43480626,6.5866885,5.734155,-0.65880346,0.99862325,0.9128575,0.39297923,0.99862325,0.99677676,0.34100845
2583,0,-6.5520506,-6.579721,-0.5721397,-6.5520506,-5.712282,-0.83986104,0.0014251521,0.0013863121,0.36074325,0.0014251521,0.003294233,0.30156407
2584,1,1.4845904,-0.6535021,-0.36578247,1.4845904,-0.67298126,-0.809417,0.81526494,0.3422008,0.40956053,0.81526494,0.33782962,0.30801472
2585,1,0.5724022,0.75728583,-0.551196,0.5724022,2.5673323,-0.8147559,0.6393173,0.68076414,0.36558697,0.6393173,0.9287293,0.30687797
2586,0,3.0181217,0.9116093,-0.20774928,3.0181217,2.632025,-0.81968737,0.9533861,0.7133294,0.44824865,0.9533861,0.9328944,0.30583003
2587,0,-5.825733,-4.6957064,-0.45088938,-5.825733,-3.997737,-0.8882026,0.0029419593,0.009051731,0.38914934,0.0029419593,0.018026227,0.2914809
2588,0,4.6773357,0.0845263,-0.5058066,4.6773357,0.8666153,-0.74157745,0.99078196,0.521119,0.37617707,0.99078196,0.7040409,0.32265928
2589,0,1.5797288,0.5870465,-0.609764,1.5797288,2.1562448,-0.7611597,0.8291661,0.6426872,0.35211304,0.8291661,0.8962509,0.31839454
2590,0,1.0602999,0.5447345,-0.27071476,1.0602999,2.1981745,-0.9555106,0.7427479,0.6329131,0.43273163,0.7427479,0.90008545,0.27777794
2591,1,5.1163583,2.167904,-0.40325737,5.1163583,5.410573,-0.8321585,0.994038,0.89733005,0.40052998,0.994038,0.9955509,0.30318886
2592,0,4.3365827,0.019191414,-0.31199932,4.3365827,0.56885237,-0.8444011,0.9870877,0.5047977,0.42262682,0.9870877,0.63849837,0.3006087
2593,0,-4.8869314,-5.0936904,-0.4909524,-4.8869314,-3.8008616,-0.72732854,0.0074880444,0.0060979235,0.37966925,0.0074880444,0.021862838,0.32578126
2594,0,-2.9201448,-0.79316604,-0.64853364,-2.9201448,-0.54921323,-0.8590198,0.051166672,0.31148928,0.34332004,0.051166672,0.36604697,0.29754418
2595,0,-6.7944016,-6.175946,-0.6063429,-6.7944016,-4.9861465,-0.7603145,0.0011187749,0.0020745252,0.3528939,0.0011187749,0.0067855823,0.318578
2596,1,4.6858044,1.4394943,-0.5032807,4.6858044,3.6369512,-0.7988163,0.990859,0.8083763,0.37677002,0.990859,0.9743431,0.31027877
2597,1,2.9430532,0.45286515,-0.35767117,2.9430532,1.288565,-0.81303966,0.9499341,0.6113202,0.4115234,0.9499341,0.7839042,0.3072431
2598,1,4.0851097,1.7246263,-0.21634547,4.0851097,4.5645404,-0.7035781,0.983457,0.8487237,0.44612357,0.983457,0.9896926,0.3310194
2599,0,-2.1023903,-3.4720135,-0.38343626,-2.1023903,-3.0932636,-0.7139472,0.10886472,0.030119108,0.40529838,0.10886472,0.043385983,0.32872725
2600,1,1.595489,-0.3637091,-0.45036286,1.595489,-0.25844553,-0.82459295,0.831387,0.41006196,0.38927448,0.831387,0.43574587,0.30478957
2601,1,1.7953938,1.7785345,-0.08134174,1.7953938,4.213772,-0.9038222,0.85758734,0.85551584,0.47967577,0.85758734,0.98542506,0.28826568
2602,1,5.76543,0.8363554,-0.5856087,5.76543,2.6097393,-0.7341095,0.99687576,0.6976971,0.35764307,0.99687576,0.9314858,0.32429355
2603,0,-1.7680948,-1.2298832,-0.52489203,-1.7680948,-2.1513915,-0.71362877,0.14577942,0.22620188,0.37170902,0.14577942,0.10420126,0.3287975
2604,0,4.050063,0.56650096,0.05421024,4.050063,2.0787075,-0.81537485,0.9828771,0.63795537,0.5135492,0.9828771,0.88881636,0.30674633
2605,1,5.389206,1.0266755,-0.21726623,5.389206,2.68297,-0.855615,0.99545515,0.7362709,0.44589612,0.99545515,0.93601424,0.2982563
2606,0,-6.692732,-6.277877,-0.5375632,-6.692732,-5.1361713,-0.7014042,0.0012383555,0.0018738643,0.36875463,0.0012383555,0.0058457856,0.33150098
2607,1,0.30676302,-0.5317225,-0.3413535,0.30676302,0.2284806,-0.851643,0.576095,0.37011525,0.41548076,0.576095,0.5568729,0.29908833
2608,0,-1.3740764,0.57939935,-0.57083917,-1.3740764,1.8314136,-0.87198526,0.20196204,0.64092916,0.3610432,0.20196204,0.86193,0.2948414
2609,1,2.0828252,1.6309911,-0.4097632,2.0828252,3.9358969,-0.8094043,0.8892226,0.8363054,0.39896888,0.8892226,0.98084587,0.30801743
2610,0,-5.358625,-4.2448335,-0.5875722,-5.358625,-4.6362514,-0.8500702,0.004685319,0.014135445,0.3571921,0.004685319,0.009600897,0.29941812
2611,1,3.7431402,1.5069413,-0.53758436,3.7431402,3.2309809,-0.7034228,0.97686815,0.81860745,0.3687497,0.97686815,0.9619836,0.33105376
2612,1,0.04314562,-0.5903229,-0.54237914,0.04314562,-0.4979937,-0.7755853,0.5107847,0.35656077,0.36763433,0.5107847,0.37801227,0.31527215
2613,1,4.658904,0.6683539,-0.26007947,4.658904,2.2204819,-0.75593567,0.9906121,0.6611345,0.4353442,0.9906121,0.9020738,0.3195293
2614,1,2.5055778,-0.6502521,-0.5541661,2.5055778,0.0418742,-0.79505205,0.9245319,0.34293273,0.36489838,0.9245319,0.510467,0.31108493
2615,1,3.3675222,0.05902563,-0.30736226,3.3675222,1.0974969,-0.77382326,0.966674,0.5147521,0.42375872,0.966674,0.74979085,0.31565264
2616,0,3.2307458,-0.7880994,-0.13680315,3.2307458,-0.81421673,-0.8414887,0.96197504,0.3125769,0.46585247,0.96197504,0.30699268,0.30122134
2617,0,0.20011705,-0.4581949,-0.07003454,0.20011705,-0.17545074,-0.8037753,0.5498629,0.3874141,0.4824985,0.5498629,0.45624945,0.30921853
2618,1,0.4479907,-0.91010976,-0.5467037,0.4479907,-1.0160669,-0.65924305,0.61016136,0.28697738,0.3666295,0.61016136,0.26579422,0.34090966
2619,1,6.23993,2.4881682,-0.446979,6.23993,5.6129665,-0.83803475,0.9980538,0.92330825,0.3900793,0.9980538,0.9963631,0.30194888
2620,1,4.939689,1.411319,-0.15495501,4.939689,3.5422568,-0.8902791,0.992894,0.80397385,0.46133858,0.992894,0.9718665,0.29105222
2621,1,3.4857244,0.8998409,-0.5011605,3.4857244,2.7074485,-0.80672383,0.97027886,0.7109168,0.377268,0.97027886,0.9374648,0.30858907
2622,1,1.9009725,-0.85521185,-0.20960954,1.9009725,-0.50634456,-0.8990104,0.87000155,0.2983407,0.44778863,0.87000155,0.37605083,0.28925392
2623,1,2.2760608,1.3123438,-0.5218704,2.2760608,3.3658228,-0.6986951,0.9068749,0.7879051,0.37241498,0.9068749,0.96661913,0.33210158
2624,1,3.8614917,-0.10505611,-0.33655798,3.8614917,0.8377555,-0.8320985,0.9793968,0.47376007,0.41664582,0.9793968,0.69799227,0.30320156
2625,0,-1.5104389,0.13625886,-0.3502428,-1.5104389,1.0261204,-0.9241892,0.18087375,0.5340121,0.41332355,0.18087375,0.736163,0.2841051
2626,1,4.739554,1.3826396,-0.4939984,4.739554,3.521292,-0.7582593,0.9913332,0.79941463,0.3789521,0.9913332,0.9712876,0.3190243
2627,0,4.7365813,1.5510145,-0.4710644,4.7365813,4.246027,-0.7814361,0.9913077,0.8250602,0.38436434,0.9913077,0.9858812,0.31401047
2628,0,-4.354192,-2.3270595,-0.5053406,-4.354192,-3.7747355,-0.7174247,0.012689725,0.08890656,0.37628645,0.012689725,0.022428578,0.32796034
2629,0,0.20024183,1.2824876,-0.24319576,0.20024183,3.278913,-0.89932775,0.54989386,0.7828729,0.439499,0.54989386,0.96369827,0.28918865
2630,0,-1.108622,-1.8708692,-0.44778562,-1.108622,-2.6364245,-0.7844509,0.24812788,0.13344118,0.3898874,0.24812788,0.06683067,0.3133614
2631,1,5.83111,2.1538577,-0.22931206,5.83111,5.1333947,-0.78955066,0.99707377,0.8960287,0.44292188,0.99707377,0.994138,0.31226516
2632,1,5.2669477,1.3840845,-0.40509564,5.2669477,3.6265426,-0.9378026,0.9948671,0.79964614,0.40008867,0.9948671,0.97408164,0.2813444
2633,0,2.1414876,1.1128546,0.2695443,2.1414876,3.2187412,-0.8621782,0.89487064,0.75266093,0.566981,0.89487064,0.9615334,0.29688445
2634,1,4.2148485,0.8003032,-0.424691,4.2148485,1.7520733,-0.8223922,0.98544055,0.69003934,0.39539477,0.98544055,0.85221416,0.3052561
2635,1,1.3145372,0.78925174,-0.5867438,1.3145372,1.9450977,-0.83276093,0.7882714,0.68767065,0.35738233,0.7882714,0.87491107,0.3030616
2636,1,2.1753283,1.425252,-0.5949759,2.1753283,3.8625226,-0.8165141,0.8980119,0.80616045,0.35549396,0.8980119,0.9794176,0.30650413
2637,1,3.5047624,1.6992536,-0.4252528,3.5047624,4.288044,-0.91745,0.97082305,0.8454372,0.39526048,0.97082305,0.9864543,0.28547776
2638,1,4.131141,1.3057547,-0.5079055,4.131141,2.0351126,-0.9026001,0.98418945,0.7868019,0.37568465,0.98418945,0.88443464,0.28851646
2639,0,4.4168267,0.6150199,-0.49571604,4.4168267,2.2966275,-0.84263086,0.98807156,0.64908504,0.37854794,0.98807156,0.90859735,0.300981
2640,0,-7.4219246,-7.3987045,-0.28610498,-7.4219246,-6.0260267,-0.7887688,0.00059763977,0.0006116708,0.42895773,0.00059763977,0.002409252,0.3124331
2641,0,2.325424,0.22394732,-0.4402128,2.325424,1.2536088,-0.97262335,0.9109609,0.555754,0.39169025,0.9109609,0.77792394,0.27435791
2642,0,-0.72065234,-1.6365764,-0.5433426,-0.72065234,-1.7433413,-0.82183075,0.32724935,0.16293146,0.36741036,0.32724935,0.14888902,0.3053752
2643,0,-0.46870178,0.63103044,-0.32369,-0.46870178,2.587186,-0.8725816,0.38492355,0.6527231,0.4197767,0.38492355,0.9300323,0.2947174
2644,1,5.0276985,0.82047075,-0.4612577,5.0276985,2.694082,-0.8524637,0.9934888,0.69433624,0.3866875,0.9934888,0.9366765,0.29891628
2645,1,2.5437756,-0.4423432,-0.35884088,2.5437756,0.0021328628,-0.774124,0.92715424,0.39118278,0.4112402,0.92715424,0.5005332,0.31558767
2646,0,-5.035741,-2.39151,-0.5869248,-5.035741,-3.2198114,-0.9016094,0.006459385,0.08382239,0.35734075,0.006459385,0.03842695,0.28871986
2647,0,-0.96500254,-1.3237826,-0.5101504,-0.96500254,-1.4799418,-0.7867259,0.2758777,0.21018966,0.37515828,0.2758777,0.1854362,0.31287214
2648,0,-6.6082754,-6.0646815,-0.474771,-6.6082754,-4.6909957,-0.78685915,0.0013473391,0.0023181117,0.38348764,0.0013473391,0.009094083,0.31284347
2649,1,4.0128427,-1.5371239,-0.4778605,4.0128427,-1.4437717,-0.6693642,0.98223925,0.17695375,0.38275746,0.98223925,0.19096196,0.3386392
2650,1,1.7674974,1.4447349,-0.54317105,1.7674974,3.834266,-0.8436049,0.8541462,0.8091868,0.36745024,0.8541462,0.97884023,0.3007761
2651,1,4.0539494,1.7737168,-0.32361367,4.0539494,4.074052,-0.71607584,0.98294234,0.85491925,0.41979533,0.98294234,0.9832761,0.32825768
2652,1,1.5620692,0.021177828,-0.077348836,1.5620692,1.0456225,-0.8889422,0.82665,0.50529426,0.4806724,0.82665,0.73993343,0.29132816
2653,1,4.177538,0.7686393,-0.5290609,4.177538,2.3251755,-0.6674919,0.98489535,0.68322647,0.37073594,0.98489535,0.9109407,0.33905867
2654,0,1.1706331,-2.3527918,-0.49865583,1.1706331,-2.8098037,-0.7688645,0.7632594,0.086844124,0.37785658,0.7632594,0.056796692,0.31672478
2655,0,-2.6645327,-3.4093146,0.2401473,-2.6645327,-4.104871,-1.0200138,0.06509893,0.032005623,0.55974996,0.06509893,0.01622457,0.26502472
2656,0,-1.5501746,-1.6952226,-0.52877766,-1.5501746,-0.88377863,-0.79565275,0.17506106,0.15509026,0.37080202,0.17506106,0.29239538,0.31095618
2657,0,-2.1878476,-2.4211776,-0.4870832,-2.1878476,-2.6544003,-0.72766554,0.1008471,0.08157199,0.38058093,0.1008471,0.06571831,0.3257072
2658,1,1.5228977,1.416787,-0.5308325,1.5228977,3.421949,-0.832021,0.82096475,0.8048342,0.3703227,0.82096475,0.96838343,0.3032179
2659,0,-5.9726763,-6.087582,-0.22661422,-5.9726763,-5.389635,-0.8344194,0.0025409418,0.0022657479,0.44358766,0.0025409418,0.0045429063,0.30271143
2660,1,1.8210143,-1.5393374,0.12957212,1.8210143,-1.7510827,-0.76712215,0.86068773,0.17663161,0.5323478,0.86068773,0.14791068,0.317102
2661,0,-2.4307241,-2.9641063,-0.4095174,-2.4307241,-2.7812471,-0.7798765,0.08085963,0.049074028,0.39902782,0.08085963,0.058346,0.3143465
2662,1,5.041487,2.4256947,-0.33395964,5.041487,5.4094267,-0.8243165,0.9935774,0.9187658,0.4172775,0.9935774,0.99554574,0.30484816
2663,1,6.390545,2.3833206,-0.43246526,6.390545,5.8564334,-0.8165445,0.9983254,0.91554654,0.39353782,0.9983254,0.9971468,0.30649766
2664,0,1.0988458,-0.83563864,-0.038559884,1.0988458,-0.39009085,-0.844836,0.75004375,0.3024541,0.49036124,0.75004375,0.40369543,0.30051726
2665,0,-6.0241456,-6.354761,-0.40764707,-6.0241456,-6.1099105,-0.87533355,0.0024137774,0.0017354335,0.39947647,0.0024137774,0.0022158287,0.2941457
2666,0,1.4867616,-1.0969898,-0.21466121,1.4867616,-0.9579441,-1.0572021,0.81559175,0.25030434,0.44653982,0.81559175,0.27729002,0.25784448
2667,0,-0.73537725,-3.2862868,0.013649911,-0.73537725,-3.7660732,-0.83888793,0.32401583,0.03604464,0.5034124,0.32401583,0.022619288,0.30176905
2668,1,6.398864,2.6805289,-0.12556145,6.398864,6.249355,-0.70737696,0.9983393,0.9358679,0.46865082,0.9983393,0.998072,0.3301787
2669,1,-0.15967736,0.8070655,-0.54648805,-0.15967736,2.4202096,-0.7089059,0.46016523,0.6914838,0.36667958,0.46016523,0.91835546,0.32984066
2670,0,-3.5257308,-2.5740733,-0.43674186,-3.5257308,-3.052442,-0.8503027,0.02858891,0.07082577,0.3925176,0.02858891,0.04511216,0.29936936
2671,1,3.0490913,0.8561108,-0.3640627,3.0490913,2.437759,-0.826771,0.95474327,0.70184743,0.40997645,0.95474327,0.91966164,0.30432826
2672,0,-4.293728,-4.332396,-0.4116315,-4.293728,-3.3469548,-0.68381464,0.013470011,0.012965716,0.39852098,0.013470011,0.03399502,0.33541045
2673,1,3.5414577,0.011836499,-0.53730166,3.5414577,0.8371786,-0.7453948,0.9718446,0.5029591,0.36881548,0.9718446,0.6978706,0.32182556
2674,0,-0.66778153,1.7605932,-0.6047873,-0.66778153,4.1628284,-0.786919,0.3389938,0.85328394,0.35324922,0.3389938,0.98467505,0.31283063
2675,1,4.7761307,1.5159898,-0.31139916,4.7761307,4.029914,-1.0188378,0.9916419,0.8199472,0.42277327,0.9916419,0.9825346,0.26525384
2676,1,-2.6674967,-0.887726,-0.51308393,-2.6674967,-1.0228661,-0.9168403,0.064918764,0.2915793,0.37447083,0.064918764,0.2644695,0.28560215
2677,0,-0.51071626,-2.221614,-0.522682,-0.51071626,-2.2381363,-0.71166253,0.37502563,0.09782628,0.3722253,0.37502563,0.09637773,0.3292316
2678,0,1.7898821,0.702699,-0.28207523,1.7898821,2.479028,-0.87967753,0.8569128,0.66878587,0.42994508,0.8569128,0.9226585,0.2932446
2679,0,3.0281985,0.44240746,-0.565032,3.0281985,1.549567,-0.7360831,0.95383185,0.60883254,0.36238396,0.95383185,0.8248512,0.32386124
2680,0,-2.4395812,-3.6614993,-0.36565536,-2.4395812,-5.2726994,-0.8992089,0.0802038,0.025050322,0.40959123,0.0802038,0.0051035644,0.2892131
2681,0,-4.496994,-5.2141266,-0.4568746,-4.496994,-4.8684287,-0.80217385,0.011019655,0.005409757,0.3877275,0.011019655,0.0076268166,0.30956072
2682,1,5.9968786,1.933988,-0.32044798,5.9968786,4.652053,-0.7242404,0.9975197,0.8736902,0.4205666,0.9975197,0.9905482,0.3264599
2683,1,6.3576965,2.2225084,-0.4040165,6.3576965,4.9843845,-0.9467942,0.9982697,0.9022526,0.40034774,0.9982697,0.9932025,0.27953
2684,1,3.3797312,-0.4146491,-0.49871027,3.3797312,0.33621475,-0.81827515,0.967065,0.3977979,0.37784377,0.967065,0.5832707,0.3061299
2685,1,6.5464506,1.9516829,-0.29366294,6.5464506,4.8873634,-0.70845574,0.9985669,0.8756301,0.42710736,0.9985669,0.99251515,0.32994017
2686,1,-0.33312607,-2.053173,-0.5547353,-0.33312607,-2.1427794,-0.7307117,0.41748017,0.11373215,0.36476648,0.41748017,0.10500789,0.32503858
2687,1,5.64932,1.3300818,-0.51155627,5.64932,3.553243,-0.6825272,0.99649245,0.7908542,0.3748288,0.99649245,0.9721653,0.3356975
2688,0,-5.301102,-5.0712214,-0.49988037,-5.301102,-5.858525,-0.89807796,0.004961358,0.006235625,0.37756875,0.004961358,0.0028473225,0.28944564
2689,1,3.2699044,0.68113816,-0.045093298,3.2699044,2.6333935,-0.9055803,0.96338177,0.6639927,0.48872858,0.96338177,0.93298,0.2879051
2690,0,2.2120485,1.0357717,-0.51942647,2.2120485,3.042087,-0.77181387,0.90132624,0.73803335,0.37298638,0.90132624,0.95443964,0.31608686
2691,1,5.1984496,0.6081008,-0.18980008,5.1984496,2.240029,-0.8674383,0.9945052,0.6475074,0.45269194,0.9945052,0.90378696,0.29578763
2692,1,6.070518,0.8746563,-0.46875715,6.070518,2.901339,-0.6656942,0.9976954,0.7057137,0.38491046,0.9976954,0.9479126,0.33946165
2693,0,-6.4316864,-6.5321727,-0.6223567,-6.4316864,-5.4055014,-1.0234278,0.0016071468,0.001453723,0.34924564,0.0016071468,0.0044717155,0.26436025
2694,0,2.2870471,-0.68005896,-0.005914543,2.2870471,-0.73222387,-0.91109693,0.9077986,0.33624816,0.49852136,0.9077986,0.3247069,0.28677544
2695,0,-0.69239044,-1.6421386,0.12751508,-0.69239044,-1.3206229,-0.8486434,0.33350152,0.16217427,0.5318356,0.33350152,0.21071468,0.29971752
2696,0,-5.899397,-5.855474,-0.58398306,-5.899397,-4.92178,-0.57571983,0.002733604,0.0028559973,0.35801658,0.002733604,0.0072334455,0.35991806
2697,0,0.61698806,0.31107724,0.032147728,0.61698806,1.9363201,-0.78537357,0.64953315,0.5771482,0.50803626,0.64953315,0.8739473,0.31316292
2698,1,5.096239,1.6655772,-0.49738565,5.096239,4.1879206,-0.7505809,0.9939175,0.8409853,0.37815526,0.9939175,0.98504907,0.32069474
2699,1,4.749229,2.046507,-0.4442243,4.749229,4.93268,-0.75245005,0.9914159,0.88559425,0.39073488,0.9914159,0.9928444,0.32028767
2700,0,-1.4886055,-5.381495,-0.18732488,-1.4886055,-4.185401,-0.7131355,0.18413112,0.0045798663,0.45330527,0.18413112,0.014988043,0.3289064
2701,1,3.5158958,0.27960777,-0.43609115,3.5158958,1.4217169,-0.9384893,0.9711367,0.5694501,0.39267278,0.9711367,0.80560744,0.2812056
2702,1,2.969948,1.9809597,-0.403942,2.969948,4.0821223,-0.7472614,0.95119786,0.8787834,0.4003656,0.95119786,0.98340833,0.32141832
2703,1,4.442113,0.7331482,0.41987497,4.442113,2.4431674,-0.61564016,0.9883659,0.67549574,0.6034533,0.9883659,0.92006034,0.3507737
2704,0,-2.9378562,-0.37876916,-0.51768506,-2.9378562,-0.043967545,-0.88322824,0.05031361,0.40642378,0.3733937,0.05031361,0.48900986,0.29250926
2705,1,6.43213,1.5138847,-0.42183018,6.43213,4.0139966,-0.6804241,0.9983936,0.8196362,0.39607888,0.9983936,0.9822594,0.33616665
2706,1,-0.67804146,0.6682816,-0.5295534,-0.67804146,1.8087358,-0.75655794,0.33669856,0.6611182,0.37062103,0.33669856,0.859209,0.31939405
2707,0,-5.8090973,-6.412188,-0.53116155,-5.8090973,-5.6946177,-0.8468553,0.0029911634,0.0016387393,0.37024602,0.0029911634,0.0033527443,0.30009294
2708,1,0.9718745,0.49614316,-0.38499022,0.9718745,1.6000032,-0.678414,0.72549295,0.6215525,0.4049239,0.72549295,0.83201885,0.33661538
2709,0,-2.013173,0.083789974,-0.6125711,-2.013173,0.87921786,-0.7760199,0.117826745,0.52093524,0.3514729,0.117826745,0.7066601,0.31517833
2710,1,4.329096,-0.63027304,-0.22140156,4.329096,-0.21987715,-0.81225425,0.986992,0.34744865,0.44487464,0.986992,0.44525114,0.30741033
2711,0,1.2767037,-0.34883082,-0.471118,1.2767037,0.106717676,-0.93946165,0.7818881,0.41366595,0.38435167,0.7818881,0.5266541,0.2810091
2712,0,-0.56183755,0.5786266,-0.27343234,-0.56183755,1.5843602,-0.9146445,0.3631224,0.6407513,0.43206465,0.3631224,0.82982117,0.28605038
2713,1,2.253907,2.3762553,-0.60353184,2.253907,4.8450336,-0.74842197,0.90498704,0.91499865,0.35353607,0.90498704,0.99219406,0.32116523
2714,1,2.7121453,0.1163812,-0.08170004,2.7121453,0.6993544,-0.84073424,0.93773955,0.5290625,0.47958636,0.93773955,0.6680446,0.30138016
2715,1,6.937421,1.3182532,-0.4864163,6.937421,3.9534388,-0.733733,0.99903023,0.78889096,0.38073814,0.99903023,0.9811726,0.32437608
2716,1,2.5615625,-0.59565836,-0.31431752,2.5615625,-0.025608808,-0.8877685,0.92834646,0.35533765,0.42206123,0.92834646,0.49359816,0.29157054
2717,1,0.31853086,-2.3133829,-0.33140048,0.31853086,-3.5234857,-0.839216,0.57896614,0.09002065,0.41789988,0.57896614,0.028651327,0.30169994
2718,0,-6.5508885,-6.700635,-0.30858395,-6.5508885,-5.521554,-0.8007581,0.0014268067,0.0012286193,0.42346042,0.0014268067,0.0039836946,0.30986336
2719,0,-3.3599548,-3.0605693,-0.5750791,-3.3599548,-2.4830534,-0.90441114,0.03357069,0.044763353,0.36006567,0.03357069,0.07705477,0.28814486
2720,0,-3.9002643,-5.363617,-0.44414136,-3.9002643,-3.8104267,-0.72644717,0.019835168,0.004662097,0.3907546,0.019835168,0.021659223,0.32597485
2721,0,-3.7082608,-4.5037403,-0.5595824,-3.7082608,-5.6569977,-0.7996868,0.023933286,0.010946373,0.36364406,0.023933286,0.00348083,0.3100925
2722,1,3.0821714,-1.463754,-0.2792794,3.0821714,-2.0486965,-0.78017163,0.9561513,0.18789381,0.43063042,0.9561513,0.11418416,0.3142829
2723,1,6.643427,0.8514582,-0.539032,6.643427,2.3178084,-0.74001575,0.99869907,0.70087296,0.36841282,0.99869907,0.91034126,0.3230007
2724,0,-7.3005543,-6.3855405,-0.4882214,-7.3005543,-5.5306597,-0.8499265,0.00067470886,0.0016829201,0.38031265,0.00067470886,0.0039477274,0.29944828
2725,0,1.6592038,-0.99931556,-0.5497841,1.6592038,-1.3099113,-0.7057552,0.8401311,0.269076,0.3659145,0.8401311,0.21250169,0.33053747
2726,1,4.6387334,0.6809579,-0.43278262,4.6387334,2.0372229,-0.727875,0.9904227,0.66395247,0.39346206,0.9904227,0.88465023,0.3256612
2727,0,4.4535995,0.31530035,-0.19792604,4.4535995,1.3692681,-0.7282264,0.98849726,0.5781785,0.4506794,0.98849726,0.7972619,0.32558405
2728,1,4.0138483,1.0190232,-0.4129625,4.0138483,3.374647,-0.7578489,0.9822567,0.7347823,0.39820197,0.9822567,0.9669027,0.31911346
2729,0,4.189208,2.2391124,-0.330325,4.189208,5.4350376,-0.83410984,0.985068,0.9037072,0.41816154,0.985068,0.9956579,0.30277678
2730,1,2.9046478,-1.1519471,0.5514735,2.9046478,-0.9980303,-0.91483235,0.9480757,0.2401336,0.6344774,0.9480757,0.26932886,0.286012
2731,1,-0.83707726,-1.4118555,-0.59205925,-0.83707726,-1.26788,-0.72903144,0.3021507,0.19594157,0.35616252,0.3021507,0.21962039,0.3254073
2732,1,0.4305499,-0.5903229,-0.5379976,0.4305499,-0.4979937,-0.67954224,0.60600495,0.35656077,0.36865354,0.60600495,0.37801227,0.3363635
2733,0,-5.670779,-5.6545763,-0.5662918,-5.670779,-4.3216004,-0.6990312,0.0034333512,0.003489239,0.3620929,0.0034333512,0.013104604,0.33202708
2734,1,3.5452068,1.1631012,-0.5351895,3.5452068,3.4412513,-0.72825015,0.9719471,0.7618958,0.36930734,0.9719471,0.9689691,0.32557884
2735,0,-5.985732,-6.2052383,-0.52526164,-5.985732,-4.697688,-0.8486077,0.0025080661,0.0020147602,0.3716227,0.0025080661,0.0090339715,0.299725
2736,0,-1.7044675,-4.2804775,-0.5267316,-1.7044675,-4.2621446,-0.78504586,0.15388268,0.01364723,0.3712795,0.15388268,0.013896222,0.3132334
2737,1,0.0118747875,1.1092108,-0.40878227,0.0118747875,3.2801766,-0.8250201,0.50296867,0.7519819,0.39920416,0.50296867,0.96374243,0.30469906
2738,0,1.2492664,-2.2640343,-0.33857128,1.2492664,-2.6432896,-0.8612864,0.77717286,0.09414575,0.4161566,0.77717286,0.06640381,0.29707065
2739,1,0.290592,0.09186712,-0.49751416,0.290592,1.0145876,-0.8067301,0.5721411,0.5229506,0.378125,0.5721411,0.733917,0.30858773
2740,1,-0.6656492,-0.22706598,-0.5495535,-0.6656492,0.3571255,-0.70878947,0.33947176,0.44347617,0.365968,0.33947176,0.58834445,0.32986638
2741,0,1.287257,1.2322617,-0.36198163,1.287257,3.739425,-0.786563,0.7836825,0.77421415,0.41047996,0.7836825,0.97678405,0.31290713
2742,1,0.9780374,2.351792,-0.47872508,0.9780374,5.0917892,-0.92413175,0.72671866,0.9130766,0.38255322,0.72671866,0.9938905,0.28411677
2743,1,2.431387,2.050338,-0.17953184,2.431387,5.069488,-0.86137986,0.91918963,0.88598174,0.4552372,0.91918963,0.9937536,0.29705113
2744,0,-5.339744,-3.8204348,-0.50629675,-5.339744,-4.6919346,-0.86070406,0.0047741956,0.021448161,0.37606204,0.0047741956,0.009085625,0.29719228
2745,1,4.133724,1.4055555,-0.42405763,4.133724,3.8143213,-0.75697386,0.9842296,0.803064,0.3955462,0.9842296,0.9784232,0.31930363
2746,0,5.262724,0.8627682,-0.5441611,5.262724,2.8395007,-0.7622355,0.9948455,0.70323867,0.36722013,0.9948455,0.9447734,0.3181611
2747,1,3.4622803,0.67879766,-0.57377654,3.4622803,2.562356,-0.78796864,0.9695953,0.6634703,0.36036587,0.9695953,0.92839926,0.31260502
2748,1,3.410795,1.046916,0.008849584,3.410795,2.8709385,-0.88830614,0.9680402,0.7401822,0.5022124,0.9680402,0.946391,0.2914595
2749,0,-6.582202,-6.651511,-0.58473337,-6.582202,-5.805439,-0.8154906,0.0013828817,0.0012904009,0.35784417,0.0013828817,0.003002093,0.30672172
2750,0,-0.37545937,-1.4298398,-0.54413074,-0.37545937,-0.85003483,-0.7557816,0.4072225,0.19312364,0.36722723,0.4072225,0.29942554,0.31956282
2751,1,3.5004416,-0.04396443,0.023025945,3.5004416,1.2023587,-0.8091719,0.9707003,0.48901066,0.50575626,0.9707003,0.7689441,0.308067
2752,1,4.62022,1.9870722,-0.44772232,4.62022,5.0873365,-0.7277348,0.99024546,0.8794331,0.38990247,0.99024546,0.99386346,0.325692
2753,1,3.2760832,0.21932083,-0.52972704,3.2760832,1.5057292,-0.78576267,0.9635992,0.5546115,0.37058055,0.9635992,0.81842744,0.31307924
2754,1,1.6644235,1.0610456,-0.35402042,1.6644235,3.2419674,-0.90012443,0.84083086,0.7428903,0.41240785,0.84083086,0.9623834,0.28902492
2755,1,2.9998198,1.1703663,-0.4278355,2.9998198,3.2105184,-0.6712835,0.9525659,0.76321125,0.39464334,0.9525659,0.96122825,0.3382095
2756,1,5.978465,1.2244825,-0.5157102,5.978465,2.5368576,-0.732719,0.99747366,0.7728514,0.37385586,0.99747366,0.9266856,0.32459834
2757,1,1.6724752,-0.6869976,-0.56666076,1.6724752,-0.799994,-0.7004893,0.84190553,0.3347013,0.3620077,0.84190553,0.3100268,0.33170375
2758,1,-0.829783,-0.7173206,-0.3845119,-0.829783,-0.059029296,-0.778636,0.30369094,0.3279833,0.40503913,0.30369094,0.48524696,0.31461394
2759,0,-1.1886373,-1.57822,-0.5515531,-1.1886373,-1.833215,-0.7893549,0.23350276,0.17104772,0.36550415,0.23350276,0.13785572,0.31230718
2760,1,2.2969947,2.4062352,-0.37841725,2.2969947,5.6737633,-0.9316565,0.9086278,0.91730154,0.4065087,0.9086278,0.99657685,0.28258878
2761,0,-6.0790176,-4.1149697,-0.5495378,-6.0790176,-4.8729486,-0.750041,0.0022851916,0.016064165,0.36597168,0.0022851916,0.007592683,0.32081237
2762,0,-1.8447626,-3.820083,-0.46006995,-1.8447626,-4.3916845,-0.84122646,0.136489,0.021455549,0.3869692,0.136489,0.01222847,0.30127653
2763,1,3.4248905,1.7177756,-0.48568732,3.4248905,4.344201,-0.7997992,0.96847343,0.8478421,0.38091004,0.96847343,0.98718446,0.3100685
2764,0,-3.0448556,-2.5429864,-0.52063715,-3.0448556,-3.8458521,-0.79806924,0.045440093,0.07289908,0.37270325,0.045440093,0.020921139,0.31043866
2765,1,3.9745407,0.6617255,-0.49196577,3.9745407,1.7167706,-0.93062204,0.9815585,0.65964794,0.3794306,0.9815585,0.84771246,0.28279853
2766,0,-6.24171,-5.4426184,-0.482946,-6.24171,-4.3351517,-0.6636316,0.0019427423,0.004309484,0.3815567,0.0019427423,0.012930499,0.33992428
2767,1,3.4824555,1.731417,-0.19363275,3.4824555,4.681146,-0.85191226,0.9701844,0.8495935,0.4517425,0.9701844,0.9908167,0.29903188
2768,0,-3.729448,-1.4261489,-0.5300996,-3.729448,-1.9877532,-0.701005,0.023443298,0.19369943,0.37049368,0.023443298,0.120494775,0.33158943
2769,1,5.6808324,0.76712495,-0.32676408,5.6808324,2.2917614,-0.77301383,0.9966009,0.68289864,0.41902816,0.9966009,0.9081924,0.31582752
2770,1,-0.9510094,-3.5607736,-0.5026853,-0.9510094,-2.720858,-0.72864836,0.27868184,0.02763163,0.37690985,0.27868184,0.06175373,0.3254914
2771,0,-5.990733,-5.695394,-0.45415026,-5.990733,-4.764634,-0.8254585,0.0024955857,0.0033501512,0.38837448,0.0024955857,0.008453929,0.3046062
2772,0,-3.6721737,-1.8753419,-0.554124,-3.6721737,-2.1064968,-0.7218591,0.024790937,0.13292482,0.36490816,0.024790937,0.10846697,0.32698372
2773,1,5.1632924,1.2977171,-0.46040773,5.1632924,3.415381,-0.9215684,0.99430966,0.78545046,0.38688907,0.99430966,0.9681818,0.28463843
2774,1,1.9462163,1.3791451,-0.40746522,1.9462163,3.5002992,-0.75589657,0.87503344,0.79885364,0.39952007,0.87503344,0.97069633,0.31953782
2775,0,-3.1825166,-5.78042,-0.5340239,-3.1825166,-4.707712,-0.7746295,0.039828982,0.003077916,0.36957887,0.039828982,0.0089446725,0.3154785
2776,1,2.1097777,-0.44506508,-0.503981,2.1097777,-0.28025156,-0.76128274,0.8918499,0.39053473,0.3766056,0.8918499,0.4303921,0.31836784
2777,0,-4.9336114,-2.962235,-0.62709934,-4.9336114,-3.6592298,-0.75185215,0.007148977,0.049161427,0.34816855,0.007148977,0.025105808,0.32041785
2778,1,5.1994452,0.77010876,-0.005094994,5.1994452,2.4094589,-0.6984763,0.99451065,0.6835444,0.49872628,0.99451065,0.91754574,0.33215013
2779,1,4.2086773,1.8506958,-0.24435778,4.2086773,4.2966866,-0.9153956,0.98535174,0.86420876,0.4392127,0.98535174,0.9865693,0.28589702
2780,1,2.3210752,0.878621,-0.33723807,2.3210752,2.8128521,-0.8389561,0.91060746,0.70653635,0.41648054,0.91060746,0.94336635,0.30175468
2781,1,3.2271996,-0.32885548,-0.46529192,3.2271996,0.28434688,-0.69924325,0.9618451,0.4185191,0.3857312,0.9618451,0.5706116,0.33198002
2782,1,-0.32974756,-1.4280403,-0.56871104,-0.32974756,-0.91632426,-0.8955853,0.41830206,0.1934042,0.3615343,0.41830206,0.28570744,0.28995857
2783,1,2.0084233,0.71872336,-0.33760378,2.0084233,2.6177776,-0.82719266,0.88167864,0.67232585,0.41639167,0.88167864,0.93199706,0.304239
2784,1,4.811699,-0.16971849,-0.4953498,4.811699,0.69414854,-0.80092764,0.9919316,0.4576719,0.3786341,0.9919316,0.66688913,0.30982712
2785,1,3.5521114,1.9123408,-0.5715588,3.5521114,4.8482337,-0.8414035,0.97213465,0.8712819,0.36087722,0.97213465,0.99221885,0.30123928
2786,0,-3.946338,-2.9400666,-0.51528364,-3.946338,-3.7187946,-0.7922411,0.018958954,0.050208095,0.37395573,0.018958954,0.02368844,0.31168768
2787,1,4.0710163,1.2326893,-0.37780762,4.0710163,3.546671,-0.83269525,0.9832261,0.7742889,0.4066558,0.9832261,0.97198695,0.30307546
2788,0,3.8612487,0.13460869,-0.43563548,3.8612487,1.4507343,-0.711153,0.9793919,0.53360146,0.39278144,0.9793919,0.8101114,0.32934415
2789,0,1.2240554,-0.8216615,-0.23551348,1.2240554,-0.658355,-0.9940295,0.7727764,0.3054111,0.44139227,0.7727764,0.34110922,0.2701169
2790,0,-4.769908,-3.6701303,-0.49301857,-4.769908,-2.7858539,-0.8038815,0.008409835,0.024840388,0.37918273,0.008409835,0.058093414,0.30919585
2791,0,-4.6061573,-4.060339,-0.54455894,-4.6061573,-3.4637437,-0.85305375,0.009891319,0.016950887,0.3671277,0.009891319,0.030361628,0.2987927
2792,0,-5.0522833,-1.6377523,-0.52745545,-5.0522833,-1.4291788,-0.7189183,0.006354083,0.16277114,0.37111056,0.006354083,0.19322667,0.3276312
2793,1,5.7518225,2.2628264,0.037650175,5.7518225,4.8439436,-0.71673334,0.99683315,0.90575117,0.5094114,0.99683315,0.99218565,0.32811272
2794,1,1.177086,0.046988636,-0.29649338,1.177086,0.831409,-0.77835464,0.7644235,0.511745,0.4264149,0.7644235,0.69665277,0.3146746
2795,1,0.994241,0.040935785,0.1327345,0.994241,0.98099816,-0.8094988,0.7299248,0.5102325,0.533135,0.7299248,0.7273062,0.30799732
2796,1,3.2406178,-0.95900834,-0.4936726,3.2406178,-1.1476346,-0.7667168,0.96233445,0.27707678,0.37902877,0.96233445,0.2409214,0.31718975
2797,0,4.426366,1.4660454,-0.21305549,4.426366,3.685395,-0.8182424,0.98818344,0.8124556,0.44693667,0.98818344,0.97552675,0.30613688
2798,0,-4.036063,-4.167839,-0.405223,-4.036063,-3.1806161,-0.75694877,0.017360188,0.015249539,0.40005812,0.017360188,0.039901726,0.3193091
2799,0,2.9147816,0.84969,-0.43248728,2.9147816,2.4822683,-0.84099364,0.9485723,0.7005021,0.39353254,0.9485723,0.9228894,0.30132556
2800,1,5.113332,2.0704916,-0.5272173,5.113332,5.061724,-0.7630441,0.99402,0.88800186,0.3711661,0.99402,0.9937052,0.31798574
2801,1,5.8276987,0.40300834,-0.16423261,5.8276987,1.6891103,-0.9145524,0.9970638,0.59941024,0.4590339,0.9970638,0.8441071,0.28606918
2802,1,3.5470688,-0.6462983,-0.3879597,3.5470688,-0.60073847,-0.87683713,0.97199774,0.34382418,0.40420854,0.97199774,0.35417476,0.2938336
2803,0,4.897928,0.47065336,-0.5804806,4.897928,1.9044555,-0.7659734,0.9925932,0.6155384,0.358822,0.9925932,0.87039495,0.31735078
2804,0,1.1752752,0.99807596,-0.2783876,1.1752752,3.0118866,-0.851979,0.7640973,0.7306801,0.4308491,0.7640973,0.95310825,0.29901788
2805,1,1.0778384,-0.045350313,0.18639505,1.0778384,0.9065515,-0.9581475,0.7460847,0.48866436,0.5464643,0.7460847,0.712294,0.27724922
2806,1,4.580367,0.9815794,-0.4984129,4.580367,2.7903898,-0.684767,0.98985285,0.7274215,0.3779137,0.98985285,0.9421543,0.3351982
2807,1,-3.628425,-3.7195234,-0.41728616,-3.628425,-3.7496939,-0.88439757,0.025870902,0.023671588,0.39716634,0.025870902,0.022984242,0.29226732
2808,0,1.4588991,-0.2606264,-0.54357874,1.4588991,0.22442713,-0.7717854,0.81136423,0.43520972,0.3673555,0.81136423,0.55587244,0.31609303
2809,1,3.2816973,0.37347817,-0.53296465,3.2816973,1.5030452,-0.8020905,0.9637956,0.59229916,0.3698257,0.9637956,0.8180282,0.3095785
2810,1,3.2716477,0.97017133,-0.46309316,3.2716477,3.0067508,-0.7254992,0.9634433,0.7251537,0.38625228,0.9634433,0.9528782,0.32618317
2811,1,4.3612995,0.48649916,-0.52812815,4.3612995,1.6404135,-0.8224766,0.987399,0.61928135,0.3709536,0.987399,0.8375912,0.3052382
2812,0,-2.4952574,-4.37341,-0.54903525,-2.4952574,-3.9523191,-0.73147535,0.07619132,0.012451183,0.36608827,0.07619132,0.018848026,0.32487106
2813,0,-4.444686,-4.1425924,-0.5254484,-4.444686,-4.8335695,-0.73465645,0.011604546,0.015633343,0.3715791,0.011604546,0.007895233,0.32417372
2814,0,-4.038866,0.58232045,-0.58770823,-4.038866,2.1712313,-0.74139535,0.017312437,0.64160115,0.35716087,0.017312437,0.8976361,0.3226991
2815,0,2.0412297,0.58817285,-0.29214033,2.0412297,2.380468,-0.8007184,0.88505846,0.6429458,0.42747998,0.88505846,0.91532576,0.30987185
2816,1,2.3905623,0.17247653,-0.3709358,2.3905623,1.371601,-0.83323276,0.91610485,0.54301256,0.4083149,0.91610485,0.79763865,0.30296195
2817,1,4.155707,0.40822485,-0.50922716,4.155707,1.7864615,-0.7356708,0.98456717,0.6006622,0.3753747,0.98456717,0.8564929,0.32395154
2818,1,0.6798441,-0.91940343,-0.378778,0.6798441,-1.0962186,-0.8617068,0.6637039,0.28507945,0.40642166,0.6637039,0.2504491,0.29698288
2819,1,5.7621713,1.5002507,-0.3243444,5.7621713,4.3891845,-0.7052789,0.9968656,0.8176119,0.41961738,0.9968656,0.9877413,0.33064288
2820,1,5.069356,0.32773107,-0.43673104,5.069356,1.6822368,-0.80747336,0.9937528,0.5812072,0.39252016,0.9937528,0.8432005,0.30842918
2821,0,4.2762356,0.9810345,-0.3936036,4.2762356,2.4529016,-0.6538658,0.9862955,0.72731346,0.40285012,0.9862955,0.9207733,0.34211892
2822,0,1.2421643,-0.18594658,-0.40226898,1.2421643,0.42588198,-0.9342699,0.77594054,0.4536468,0.4007673,0.77594054,0.60488987,0.28205925
2823,1,5.6740327,2.3975253,-0.39279938,5.6740327,4.7290754,-0.7852768,0.9965778,0.9166384,0.40304357,0.9965778,0.99124277,0.31318372
2824,1,4.2793326,-0.73009276,-0.52935946,4.2793326,-0.7958499,-0.7036675,0.98633736,0.3251744,0.3706663,0.98633736,0.31091395,0.33099958
2825,0,0.9772359,1.2609451,-0.47918242,0.9772359,3.468409,-0.88723326,0.7265594,0.77918875,0.3824452,0.7265594,0.96977544,0.2916811
2826,1,2.3250086,0.6282364,-0.55554956,2.3250086,2.5620534,-0.7906054,0.9109272,0.6520895,0.36457783,0.9109272,0.9283791,0.3120387
2827,1,4.1072416,-0.35545933,-0.55610335,4.1072416,0.28222248,-0.8490982,0.98381317,0.41205916,0.36444953,0.98381317,0.570091,0.29962206
2828,0,2.7799811,-1.9516346,-0.4531898,2.7799811,-2.5233643,-0.85586244,0.94158435,0.12437523,0.38860264,0.94158435,0.0742364,0.2982045
2829,0,0.53612006,0.14724024,-0.48468906,0.53612006,1.1395597,-0.7070153,0.6309094,0.5367437,0.38114548,0.6309094,0.75759876,0.3302587
2830,0,-2.5327067,-1.1265994,-0.5897541,-2.5327067,-0.8158745,-0.71553314,0.07359689,0.24478921,0.35669127,0.07359689,0.3066401,0.32837737
2831,1,4.8884654,0.22897208,-0.22957379,4.8884654,1.6610343,-0.85152227,0.9925234,0.5569942,0.4428573,0.9925234,0.84037685,0.29911363
2832,1,4.782808,1.6756487,-0.159439,4.782808,4.5568943,-0.7522516,0.9916971,0.8423275,0.46022448,0.9916971,0.9896144,0.32033086
2833,1,1.0540372,1.6808932,-0.49983463,1.0540372,4.08651,-0.81063306,0.74154943,0.8430228,0.3775795,0.74154943,0.98347974,0.3077556
2834,1,4.711637,1.694516,-0.36039314,4.711637,4.3331637,-0.9487399,0.99109006,0.8448171,0.41086438,0.99109006,0.98704416,0.2791383
2835,0,3.8625555,1.1165088,-0.51751703,3.8625555,2.921055,-0.7590302,0.9794183,0.75334054,0.37343302,0.9794183,0.9488776,0.31885687
2836,1,1.3893392,0.20243043,-0.56950015,1.3893392,1.4484278,-0.7646489,0.80048674,0.5504355,0.36135218,0.80048674,0.8097564,0.31763777
2837,0,-2.5508077,-3.7334332,-0.033472314,-2.5508077,-3.8335829,-0.58805716,0.07237224,0.023352237,0.4916327,0.07237224,0.02117394,0.35708076
2838,1,2.8401806,1.3849826,-0.055787787,2.8401806,3.4284606,-0.7505934,0.94480884,0.79979,0.48605666,0.94480884,0.9685823,0.320692
2839,1,6.4500384,1.418639,-0.19628961,6.4500384,4.3337173,-0.9450401,0.998422,0.80512494,0.45108452,0.998422,0.9870511,0.27988338
2840,1,1.5734266,1.8998585,-0.31332737,1.5734266,3.6136572,-0.914853,0.8282715,0.8698755,0.42230278,0.8282715,0.9737543,0.2860078
2841,1,-3.270742,-5.4522133,-0.14954409,-3.270742,-5.4549794,-0.96587664,0.036588665,0.004268508,0.46268353,0.036588665,0.004256767,0.27570313
2842,0,-2.8899436,-3.359458,-0.521267,-2.8899436,-3.4738896,-0.8849206,0.052652933,0.03358681,0.372556,0.052652933,0.03006435,0.29215914
2843,1,5.154118,0.9006662,-0.50384605,5.154118,2.7638166,-0.7506559,0.99425757,0.7110864,0.37663725,0.99425757,0.94068897,0.32067838
2844,0,-4.694871,-5.9958844,0.23686542,-4.694871,-5.038674,-1.0340292,0.009059227,0.0024827952,0.558941,0.009059227,0.0064405897,0.26230368
2845,1,2.1177993,1.828896,-0.41810662,2.1177993,4.580859,-0.9533907,0.89262116,0.86163014,0.3969699,0.89262116,0.98985785,0.27820343
2846,1,2.261577,0.12947151,-0.46560305,2.261577,0.86588496,-0.75826126,0.9056445,0.53232276,0.3856575,0.9056445,0.7038887,0.31902388
2847,1,2.010934,-0.814574,-0.58191943,2.010934,-0.65942943,-0.9317901,0.8819403,0.30691665,0.35849103,0.8819403,0.3408678,0.2825617
2848,1,6.7584968,1.7484078,-0.2727608,6.7584968,4.8228416,-0.84818697,0.9988404,0.8517519,0.43222946,0.9988404,0.9920203,0.2998133
2849,0,3.308484,-0.19508426,-0.23647836,3.308484,0.3616854,-0.8512171,0.9647187,0.45138302,0.4411544,0.9647187,0.58944833,0.29917762
2850,1,3.602983,1.6518523,-0.55154264,3.602983,4.247433,-0.80526245,0.97348017,0.83914125,0.36550656,0.97348017,0.9859007,0.30890098
2851,1,1.4763947,-0.680761,0.17392665,1.4763947,-0.5908797,-0.8485367,0.8140274,0.3360915,0.5433724,0.8140274,0.35643303,0.2997399
2852,0,-1.9321016,0.6340147,-0.35069543,-1.9321016,1.8045458,-0.8525313,0.12651815,0.6533992,0.41321376,0.12651815,0.85870135,0.29890212
2853,1,0.7055978,1.6586308,-0.5015451,0.7055978,3.969099,-0.94746643,0.6694277,0.8400541,0.37717763,0.6694277,0.98145974,0.27939463
2854,1,3.26351,-0.4602862,-0.53735614,3.26351,-0.08881807,-0.66862094,0.96315557,0.38691792,0.36880285,0.96315557,0.47781008,0.3388057
2855,0,-1.8539636,-2.3757842,-0.5250839,-1.8539636,-3.1828303,-0.72632045,0.1354082,0.085038014,0.3716642,0.1354082,0.039816987,0.32600272
2856,0,-2.1387596,0.38384908,-0.5475179,-2.1387596,1.6864147,-0.8338146,0.10538627,0.5948011,0.36644047,0.10538627,0.8437521,0.3028391
2857,1,-0.2583437,-3.315448,-0.46396136,-0.2583437,-2.917534,-0.744158,0.43577093,0.035045017,0.3860465,0.43577093,0.051293567,0.32209557
2858,1,4.1138306,1.9702728,-0.37509143,4.1138306,4.777688,-0.71158797,0.98391783,0.87764037,0.40731135,0.98391783,0.99165475,0.32924804
2859,1,2.7119408,0.6051363,-0.29700664,2.7119408,1.9888923,-0.72511387,0.9377276,0.6468305,0.4262894,0.9377276,0.8796259,0.32626787
2860,0,-1.002448,-0.3002212,-0.54368186,-1.002448,0.7060971,-0.69347596,0.2684604,0.4255034,0.36733148,0.2684604,0.6695382,0.3332603
2861,1,4.9091787,0.5022312,0.54228735,4.9091787,1.5884744,-0.79572415,0.9926755,0.6229836,0.63234437,0.9926755,0.83040136,0.31094092
2862,0,3.015655,0.87172693,-0.556745,3.015655,2.6575203,-0.8057364,0.95327634,0.70510495,0.36430094,0.95327634,0.934473,0.30879977
2863,0,-1.2092705,-0.82214624,-0.5415734,-1.2092705,-0.23261823,-0.6781593,0.22983016,0.30530828,0.36782163,0.22983016,0.44210625,0.33667225
2864,0,-2.7234836,-0.9182224,-0.17519002,-2.7234836,-1.0847193,-0.8924505,0.061601788,0.28532022,0.45631418,0.061601788,0.252614,0.29060438
2865,0,-6.870385,-6.7883697,-0.5511327,-6.870385,-5.3070164,-0.71721226,0.0010370006,0.001125536,0.36560166,0.0010370006,0.004932246,0.32800716
2866,0,3.682522,0.7062074,0.023567237,3.682522,1.9335176,-0.90347326,0.97545797,0.6695626,0.50589156,0.97545797,0.8736382,0.28833726
2867,0,-5.3925905,-0.6383376,-0.58770823,-5.3925905,-0.2409898,-0.74139535,0.0045295605,0.34562242,0.35716087,0.0045295605,0.44004244,0.3226991
2868,0,2.9786315,1.1031153,-0.53346777,2.9786315,2.765872,-0.77705264,0.95159936,0.75084335,0.36970845,0.95159936,0.9408035,0.31495544
2869,0,-2.8988755,0.46312675,-0.57603735,-2.8988755,1.7385709,-0.7430662,0.052209176,0.61375564,0.3598449,0.052209176,0.8505054,0.32233402
2870,0,-1.4848614,-1.6854923,-0.5257531,-1.4848614,-2.08269,-0.866326,0.18469426,0.15636955,0.37150794,0.18469426,0.11079067,0.29601938
2871,0,-5.435249,-2.5000095,-0.14279607,-5.435249,-2.6981368,-1.0722072,0.0043412214,0.07585751,0.46436152,0.0043412214,0.06308339,0.25498357
2872,0,-3.4136705,-3.2663014,-0.58577776,-3.4136705,-2.5248015,-0.8608434,0.03187095,0.036745515,0.3576042,0.03187095,0.07413769,0.29716316
2873,1,-1.6404686,-2.2411075,-0.5644902,-1.6404686,-2.7733455,-0.70034957,0.1624013,0.09611929,0.36250913,0.1624013,0.058781642,0.33173472
2874,0,2.5452447,1.7414783,-0.5674635,2.5452447,4.059325,-0.90756345,0.92725337,0.8508747,0.3618223,0.92725337,0.9830322,0.28749868
2875,1,1.9596835,0.6190548,-0.46239161,1.9596835,2.3946545,-0.8046347,0.8764987,0.65000355,0.3864186,0.8764987,0.9164188,0.309035
2876,1,1.0165393,-0.770445,-0.30898726,1.0165393,-0.32265294,-0.96354973,0.73429793,0.31638286,0.42336196,0.73429793,0.42002937,0.27616805
2877,0,0.588544,-1.7414275,-0.54187554,0.588544,-2.4228592,-0.76496804,0.643031,0.14913169,0.3677514,0.643031,0.08144609,0.31756863
2878,1,2.8326542,0.22879282,-0.3999031,2.8326542,1.4941293,-0.8036725,0.94441503,0.55695,0.40133563,0.94441503,0.81669724,0.3092405
2879,0,6.5348506,1.6391026,-0.30354708,6.5348506,3.953841,-0.6465577,0.9985501,0.8374128,0.4246906,0.9985501,0.9811801,0.34376568
2880,1,5.7359085,1.188541,-0.5109352,5.7359085,3.3779922,-0.72483766,0.9967824,0.76648,0.37497434,0.9967824,0.9670096,0.3263286
2881,0,0.56551826,-0.407808,-0.5443533,0.56551826,0.2932029,-0.7186469,0.6377284,0.39943781,0.36717546,0.6377284,0.5727801,0.32769102
2882,0,-5.990394,-4.68974,-0.53743285,-5.990394,-3.8425431,-0.7116028,0.0024964297,0.009105403,0.36878496,0.0024964297,0.020989027,0.3292448
2883,0,-0.40245113,-2.6497335,-0.0011484697,-0.40245113,-3.3288279,-0.9782684,0.40072358,0.06600543,0.49971288,0.40072358,0.034595355,0.27323553
2884,0,-2.1741004,-1.8520682,-0.617661,-2.1741004,-2.3954453,-0.8468497,0.10210052,0.13563025,0.3503136,0.10210052,0.08352067,0.30009413
2885,1,5.8201904,1.0303088,-0.38251168,5.8201904,3.037907,-0.7390667,0.99704176,0.7369757,0.40552127,0.99704176,0.95425755,0.32320827
2886,0,-4.7876854,-4.943512,-0.5611327,-4.7876854,-4.2478123,-0.8139238,0.0082628755,0.0070790458,0.3632854,0.0082628755,0.014093994,0.307055
2887,1,2.58587,-0.11968407,-0.29013476,2.58587,0.74224603,-0.6749068,0.92994666,0.47011468,0.42797092,0.92994666,0.67748684,0.33739898
2888,1,4.1076508,1.6061285,-0.05946555,4.1076508,4.3453403,-0.819865,0.9838198,0.83287317,0.48513797,0.9838198,0.9871989,0.30579233
2889,0,-5.243664,-5.3081803,0.02097046,-5.243664,-4.5584617,-1.0577514,0.0052531324,0.004926536,0.50524247,0.0052531324,0.010369512,0.2577394
2890,1,7.0657806,1.28089,-0.176853,7.0657806,3.798343,-0.78594923,0.99914694,0.78260124,0.45590162,0.99914694,0.9780832,0.31303912
2891,1,2.819975,-2.6905346,-0.52424526,2.819975,-3.5664625,-0.68183196,0.9437458,0.06353421,0.37186012,0.9437458,0.027479187,0.33585256
2892,1,3.333216,-1.0966151,-0.2075117,3.333216,-0.9377245,-0.6724905,0.96555096,0.25037467,0.44830745,0.96555096,0.2813602,0.3379394
2893,0,1.9325321,0.69316804,-0.28810376,1.9325321,2.2606087,-0.9415507,0.87352943,0.66667134,0.42846817,0.87352943,0.9055617,0.28058723
2894,0,-4.0783577,-1.4786365,-0.50795925,-4.0783577,-1.945152,-0.6791157,0.01665323,0.18563345,0.37567204,0.01665323,0.12508294,0.33645868
2895,0,5.1166663,-0.61541724,-0.5500123,5.1166663,-0.31111377,-0.7243162,0.9940398,0.35082445,0.36586154,0.9940398,0.42284292,0.32644323
2896,0,-2.9818058,-2.9677954,-0.30241755,-2.9818058,-2.5114121,-0.9401256,0.04825463,0.04890216,0.4249666,0.04825463,0.07506201,0.28087497
2897,1,-0.3695333,1.6436188,-0.5704305,-0.3695333,4.2893043,-0.71680075,0.4086538,0.8380268,0.36113748,0.4086538,0.9864711,0.32809785
2898,0,-4.4850016,-4.6695,-0.57394457,-4.4850016,-3.5141783,-0.7437272,0.01115112,0.009289848,0.36032715,0.01115112,0.028911496,0.32218963
2899,1,3.2331023,-0.20597552,-0.49485907,3.2331023,0.13288781,-0.6609478,0.9620612,0.44868743,0.37874955,0.9620612,0.53317314,0.34052673
2900,1,3.8554735,1.6813195,-0.50616056,3.8554735,4.2045937,-0.85080105,0.97927505,0.84307915,0.37609398,0.97927505,0.98529273,0.29926485
2901,1,2.9845014,0.6571815,-0.3107112,2.9845014,2.4342723,-0.76917946,0.95186895,0.658627,0.42294115,0.95186895,0.9194037,0.31665662
2902,0,-2.7981396,-1.4149843,-0.566883,-2.7981396,-0.8584646,-0.6963565,0.05742479,0.19544908,0.36195636,0.05742479,0.29766023,0.33262053
2903,1,4.3737593,-0.12737332,-0.387025,4.3737593,0.4755282,-0.6932469,0.9875531,0.46819967,0.40443367,0.9875531,0.61669135,0.3333112
2904,0,-3.0818431,-2.823851,-0.5496361,-3.0818431,-3.9805815,-0.7418525,0.043862455,0.056048833,0.3659488,0.043862455,0.018332422,0.3225992
2905,0,-6.7478256,-6.3609114,-0.4961419,-6.7478256,-5.8950377,-0.702553,0.001172053,0.0017248113,0.37844777,0.001172053,0.0027455143,0.33124644
2906,1,-2.4228644,0.32593644,-0.31574738,-2.4228644,1.3060915,-1.0094312,0.08144571,0.5807703,0.4217125,0.08144571,0.78685844,0.26709116
2907,0,-0.14797473,0.44101292,-0.35199174,-0.14797473,1.6703416,-0.89241016,0.46307367,0.60850036,0.4128995,0.46307367,0.84162134,0.2906127
2908,1,1.5835087,1.0324055,-0.3419763,1.5835087,3.1934745,-0.803821,0.8297009,0.737382,0.41532952,0.8297009,0.9605879,0.30920875
2909,0,-4.192217,-2.5574913,-0.12109237,-4.192217,-3.333401,-0.96114206,0.014887749,0.07192482,0.46976385,0.014887749,0.034442946,0.2766496
2910,1,1.15923,0.34937218,-0.2942966,1.15923,1.1267177,-0.78852654,0.7611928,0.5864653,0.42695233,0.7611928,0.7552327,0.31248513
2911,1,2.0770435,-0.26603827,0.09276492,2.0770435,0.42916477,-0.79362273,0.8886518,0.43387994,0.52317464,0.8886518,0.6056742,0.31139132
2912,1,-0.97858894,0.10875654,-0.5310198,-0.97858894,1.3730242,-0.81347954,0.27317187,0.5271624,0.37027907,0.27317187,0.7978683,0.30714953
2913,1,5.819494,1.0501852,0.067583166,5.819494,2.742341,-0.87111473,0.9970396,0.74081045,0.5168894,0.9970396,0.9394793,0.2950224
2914,1,1.9419279,1.0169289,-0.52182305,1.9419279,2.8168595,-0.966449,0.8745638,0.7343739,0.37242606,0.8745638,0.9435801,0.27558887
2915,0,-0.24416432,-3.1221454,-0.34438342,-0.24416432,-2.3550622,-0.81954396,0.43926036,0.042202964,0.41474512,0.43926036,0.08666423,0.3058605
2916,0,1.6183641,0.34303313,-0.4602139,1.6183641,1.7068028,-0.78759706,0.83456945,0.5849271,0.38693506,0.83456945,0.8464211,0.31268486
2917,0,3.5460818,1.6012044,-0.09691823,3.5460818,4.3539205,-0.85559267,0.97197086,0.83218664,0.47578937,0.97197086,0.98730683,0.298261
2918,1,0.4846639,-2.5656111,-0.51724446,0.4846639,-2.5277843,-0.7852633,0.6188486,0.07138469,0.3734968,0.6188486,0.07393321,0.31318662
2919,0,4.0819144,1.8628398,-0.42939937,4.0819144,4.864628,-0.8783896,0.9834049,0.8656276,0.39426976,0.9834049,0.9923443,0.2935116
2920,0,-5.0893307,-3.9210877,-0.47632888,-5.0893307,-4.3191633,-1.0104539,0.006124404,0.019434344,0.38311937,0.006124404,0.01313616,0.26689103
2921,0,-1.7948353,-2.5305724,-0.42479986,-1.7948353,-2.9808798,-0.7497495,0.14248092,0.07374254,0.39536873,0.14248092,0.048297174,0.32087588
2922,0,3.8324966,1.1952751,-0.2632948,3.8324966,3.136035,-0.7200213,0.9788036,0.7676832,0.43455392,0.9788036,0.9583549,0.3273883
2923,0,-6.9631987,-6.8519053,-0.56807536,-6.9631987,-5.875191,-0.81447136,0.0009451714,0.001056322,0.36168107,0.0009451714,0.0028003932,0.3069385
2924,1,4.410433,1.0081439,-0.32900113,4.410433,3.0796218,-0.7745931,0.9879959,0.7326568,0.4184837,0.9879959,0.9560443,0.31548634
2925,0,1.2039028,-1.6052947,-0.074374296,1.2039028,-2.2024703,-1.0604253,0.7692184,0.16724291,0.48141497,0.7692184,0.09952887,0.2572282
2926,1,2.2827096,2.2449412,-0.44934833,2.2827096,5.7749176,-0.7567969,0.90743494,0.90421325,0.38951576,0.90743494,0.99690515,0.3193421
2927,1,1.7445463,0.11099839,-0.16289234,1.7445463,1.169415,-0.7564977,0.85126364,0.5277211,0.45936674,0.85126364,0.7630393,0.31940714
2928,1,3.8761024,-0.561674,-0.46056122,3.8761024,-0.007494539,-0.7529597,0.9796896,0.3631602,0.38685268,0.9796896,0.4981264,0.32017672
2929,0,-5.9519157,-6.5735774,-0.5108398,-5.9519157,-4.7861977,-0.8505502,0.0025941064,0.0013948433,0.37499666,0.0025941064,0.008275076,0.29931745
2930,0,-7.418376,-6.906522,-0.5603306,-7.418376,-5.3195057,-0.84578234,0.000599763,0.0010002328,0.36347097,0.000599763,0.004871327,0.30031836
2931,0,-1.9217864,-2.1642625,-0.43427852,-1.9217864,-3.3049073,-0.95490587,0.12766248,0.103005946,0.3931051,0.12766248,0.03540322,0.27789927
2932,1,-2.858656,-2.1157036,-0.6013279,-2.858656,-2.3890693,-0.75650954,0.054235604,0.107579865,0.35403994,0.054235604,0.08401002,0.31940454
2933,0,-3.0225577,-0.7960249,-0.57826036,-3.0225577,-0.64327353,-0.7872784,0.046417132,0.31087646,0.35933298,0.046417132,0.34450692,0.31275335
2934,1,-0.3912528,-3.248387,-0.3635709,-0.3912528,-2.8461509,-0.73245347,0.40341577,0.03738489,0.4100954,0.40341577,0.054880626,0.32465655
2935,1,4.9350038,1.4538465,-0.3489067,4.9350038,3.4823468,-0.77952707,0.99286085,0.8105897,0.4136476,0.99286085,0.9701812,0.31442183
2936,1,1.7950932,0.4168849,-0.5075417,1.7950932,1.8231468,-0.8315285,0.8575506,0.6027376,0.37576997,0.8575506,0.8609433,0.30332196
2937,1,0.7005279,-2.6337125,-0.502862,0.7005279,-2.628452,-0.68989104,0.6683048,0.067,0.37686834,0.6683048,0.067329586,0.3340573
2938,0,-4.3037367,-1.8373603,-0.5505421,-4.3037367,-1.9237034,-0.7483841,0.013337655,0.13736379,0.36573866,0.013337655,0.12744914,0.3211735
2939,1,2.0658164,-1.6166515,-0.2894776,2.0658164,-1.7861992,-1.0052071,0.88753605,0.16566718,0.42813176,0.88753605,0.14353934,0.26791888
2940,1,4.497162,1.6918128,-0.19078438,4.497162,4.397347,-0.80845094,0.98898214,0.8444624,0.45244807,0.98898214,0.98783976,0.30822068
2941,1,6.2288785,2.5468688,-0.29481184,6.2288785,5.956076,-0.81784165,0.9980323,0.92736286,0.42682627,0.9980323,0.9974166,0.30622202
2942,1,1.9316864,1.7802856,-0.4924939,1.9316864,4.0546064,-0.64466536,0.8734359,0.8557321,0.37930626,0.8734359,0.9829533,0.34419268
2943,1,5.29379,1.1353962,-0.5589954,5.29379,2.710012,-0.7250944,0.99500245,0.7568334,0.36377993,0.99500245,0.9376149,0.32627216
2944,1,3.827302,0.017715454,-0.5237056,3.827302,1.1312227,-0.729563,0.9786956,0.50442874,0.37198618,0.9786956,0.7560645,0.32529065
2945,0,-6.9316163,-5.9149623,-0.5953618,-6.9316163,-5.852215,-0.73053885,0.00097546895,0.0026914978,0.35540557,0.00097546895,0.0028652945,0.3250765
2946,0,1.3101953,0.863615,0.013235927,1.3101953,2.474785,-0.86953104,0.7875458,0.70341533,0.50330895,0.7875458,0.9223552,0.2953519
2947,0,-0.7813355,-2.0402665,-0.11843687,-0.7813355,-1.6858653,-0.8863131,0.31403214,0.115039594,0.47042537,0.31403214,0.15632036,0.29187125
2948,1,-2.8221447,-3.26891,-0.4419639,-2.8221447,-3.9840665,-0.859674,0.05613918,0.0366533,0.3912731,0.05613918,0.01826981,0.29740745
2949,0,-1.4604247,-1.8373603,-0.52369285,-1.4604247,-1.9237034,-0.8146804,0.18840237,0.13736379,0.37198913,0.18840237,0.12744914,0.30689403
2950,0,-3.8464928,-1.8987052,-0.58280635,-3.8464928,-1.9124858,-0.72353446,0.02090802,0.13025509,0.35828713,0.02090802,0.12870184,0.32661512
2951,0,-6.5858545,-6.6894455,-0.4688325,-6.5858545,-5.734202,-0.79339015,0.0013778468,0.0012424269,0.3848926,0.0013778468,0.0032230404,0.3114412
2952,0,-7.685783,-6.3137093,-0.5408561,-7.685783,-4.9687176,-0.69096136,0.00045910012,0.0018080273,0.36798844,0.00045910012,0.0069040605,0.33381924
2953,1,0.067777395,-0.49233067,-0.55183506,0.067777395,0.16120343,-0.8038473,0.51693785,0.37934467,0.36543876,0.51693785,0.5402138,0.30920315
2954,1,3.4318862,-0.29521507,-0.48763013,3.4318862,0.7226056,-0.7889419,0.9686864,0.42672762,0.38045204,0.9686864,0.6731806,0.3123959
2955,0,-4.921625,-5.3843145,-0.47029856,-4.921625,-4.3860025,-0.8162745,0.007234558,0.004567031,0.38454556,0.007234558,0.012297294,0.30655506
2956,1,2.3892198,1.8457466,-0.18047084,2.3892198,4.296374,-0.76942456,0.9160015,0.86362696,0.45500436,0.9160015,0.98656505,0.3166036
2957,0,-2.8007593,-3.7963414,-0.5419777,-2.8007593,-4.6041236,-0.72916615,0.05728316,0.02195971,0.36772764,0.05728316,0.009911255,0.32537776
2958,1,0.085570455,-1.1205306,-0.16230449,0.085570455,-1.7663348,-0.7736658,0.52137953,0.2459129,0.45951274,0.52137953,0.14599873,0.31568664
2959,0,-1.9756184,-0.9597339,-0.5033106,-1.9756184,-0.9929055,-0.9126229,0.12178669,0.2769315,0.376763,0.12178669,0.27033857,0.2864634
2960,1,3.526023,0.22403514,-0.39199892,3.526023,1.3636568,-0.89292556,0.9714192,0.5557757,0.40323618,0.9714192,0.79635334,0.29050648
2961,0,0.57558376,-1.4263248,-0.5473757,0.57558376,-2.09955,-0.7141009,0.6400506,0.19367196,0.36647353,0.6400506,0.10914057,0.32869333
2962,0,-0.3377027,-2.021944,-0.49135622,-0.3377027,-2.4235246,-0.75782883,0.41636765,0.11691811,0.37957412,0.41636765,0.08139633,0.31911784
2963,1,4.335809,0.9414729,-0.49312913,4.335809,3.231317,-0.7479689,0.98707783,0.71939707,0.37915668,0.98707783,0.9619959,0.32126403
2964,1,4.4629426,0.9324671,-0.52387846,4.4629426,2.580026,-0.6970473,0.988603,0.71757555,0.3719458,0.988603,0.92956495,0.33246723
2965,1,4.2297807,1.9915416,-0.14564453,4.2297807,4.7223034,-0.873301,0.9856533,0.8799061,0.4636531,0.9856533,0.99118376,0.2945679
2966,1,3.3426743,0.6152565,-0.55689365,3.3426743,1.662788,-0.85250074,0.9658641,0.6491389,0.3642665,0.9658641,0.8406119,0.29890853
2967,0,-6.955969,-6.2960663,-0.56319857,-6.955969,-6.0746055,-0.88911986,0.000952023,0.00184015,0.3628077,0.000952023,0.0022952731,0.29129148
2968,1,4.2338023,1.3053509,-0.51804376,4.2338023,3.8551888,-0.78425586,0.98571,0.78673416,0.37330976,0.98571,0.9792692,0.3134034
2969,0,-7.496347,-7.707679,-0.496138,-7.496347,-6.642277,-0.85178375,0.00055480056,0.00044916148,0.37844864,0.00055480056,0.0013023565,0.29905882
2970,0,0.8857442,-0.42400885,-0.54830563,0.8857442,-0.35620007,-0.71931845,0.70801115,0.39555785,0.3662576,0.70801115,0.41187975,0.32754308
2971,1,5.6874495,1.0533761,-0.45629323,5.6874495,3.2931268,-0.7177876,0.9966233,0.74142265,0.3878655,0.9966233,0.9641923,0.32788035
2972,0,-6.4833536,-3.3561854,-0.6032635,-6.4833536,-3.6212528,-0.79550475,0.0015263422,0.033693194,0.35359743,0.0015263422,0.026052272,0.31098792
2973,1,-3.4416022,-2.3575807,-0.5287026,-3.4416022,-3.3008661,-0.72699237,0.031020286,0.0864651,0.3708195,0.031020286,0.03554149,0.32585508
2974,1,5.453059,0.9345354,-0.46943924,5.453059,2.8401148,-0.7185689,0.99573505,0.71799445,0.38474897,0.99573505,0.94480544,0.32770818
2975,1,1.9513832,-0.5950482,-1.8700957e-06,1.9513832,-0.6823468,-0.82014364,0.87559736,0.3554774,0.49999952,0.87559736,0.33573774,0.30573317
2976,0,-1.4241897,1.0647572,-0.08708566,-1.4241897,3.2243938,-1.0376642,0.19400561,0.7435986,0.47824234,0.19400561,0.961742,0.26160094
2977,0,-0.38634002,-0.07494353,-0.3491807,-0.38634002,0.946908,-0.7225166,0.40459865,0.4812729,0.41358113,0.40459865,0.7204929,0.32683906
2978,1,5.2562714,1.4500724,-0.5497252,5.2562714,3.592383,-0.7210779,0.99481237,0.81000954,0.36592817,0.99481237,0.97320503,0.32715565
2979,0,2.378998,1.0425291,-0.5801258,2.378998,2.9471288,-0.8063115,0.9152117,0.73933774,0.35890365,0.9152117,0.9501276,0.30867705
2980,1,3.9530358,1.3361355,-0.49916655,3.9530358,3.7134688,-0.69759023,0.9811652,0.79185367,0.3777365,0.9811652,0.9761881,0.3323467
2981,0,-6.2229104,-4.865746,-0.5205689,-6.2229104,-4.7763376,-0.7053962,0.0019795378,0.0076471483,0.37271923,0.0019795378,0.008356387,0.33061695
2982,0,-0.34833342,-1.2155414,-0.3413905,-0.34833342,-1.5410702,-0.84612477,0.41378665,0.22872205,0.41547173,0.41378665,0.17637976,0.30024642
2983,1,3.656094,0.5764878,-0.39018247,3.656094,2.083675,-0.79897463,0.9748173,0.64025885,0.40367338,0.9748173,0.88930637,0.3102449
2984,0,3.5819855,0.21752378,-0.13099499,3.5819855,1.2795498,-0.7767042,0.9729327,0.5541675,0.46729797,0.9729327,0.78237313,0.31503066
2985,0,-4.3211536,-2.1193144,-0.5685302,-4.3211536,-1.545655,-0.75843346,0.013110383,0.10723368,0.36157605,0.013110383,0.1757147,0.3189865
2986,0,5.3390546,0.38071084,0.60805494,5.3390546,2.019331,-0.801178,0.9952225,0.5940445,0.64749694,0.9952225,0.8828118,0.30977362
2987,1,3.2150466,0.2008639,-0.455227,3.2150466,1.18329,-0.72448283,0.9613966,0.5500478,0.3881187,0.9613966,0.7655389,0.3264066
2988,1,4.1677303,-1.8930553,-0.45922774,4.1677303,-2.539952,-0.7487567,0.9847489,0.1308965,0.38716903,0.9847489,0.073104426,0.32109228
2989,1,1.0340629,-0.097998805,0.09233248,1.0340629,0.858694,-0.9650388,0.7377028,0.47551987,0.52306676,0.7377028,0.7023877,0.2758705
2990,0,-5.302428,-3.2216303,-0.533507,-5.302428,-2.9109557,-0.67613864,0.0049548177,0.0383598,0.3696993,0.0049548177,0.051614635,0.33712366
2991,1,4.51246,2.1223986,-0.6443976,4.51246,5.1984477,-0.83223015,0.98914766,0.8930612,0.34425312,0.98914766,0.9945052,0.30317372
2992,0,1.4353806,-1.5522504,-0.14287575,1.4353806,-1.7162293,-0.8785156,0.8077383,0.17476149,0.46434173,0.8077383,0.15235749,0.2934855
2993,1,4.210341,-0.19485223,-0.0047867,4.210341,0.5168186,-0.76382524,0.9853757,0.4514405,0.49880332,0.9853757,0.6264035,0.31781635
2994,0,-3.9537864,-0.57294214,-0.6100146,-3.9537864,0.077992074,-0.7223668,0.018820912,0.36055824,0.35205588,0.018820912,0.5194881,0.32687202
2995,1,6.31009,1.8113204,-0.54233176,6.31009,4.7420473,-0.8286158,0.99818546,0.8595214,0.36764532,0.99818546,0.99135464,0.30393782
2996,0,-7.273627,-6.265181,-0.529892,-7.273627,-5.536912,-0.6805411,0.00069311116,0.0018977607,0.37054205,0.00069311116,0.0039232187,0.33614054
2997,1,-0.5285326,-2.1322525,-0.34500262,-0.5285326,-2.418478,-0.7953062,0.3708592,0.10600135,0.41459483,0.3708592,0.081774466,0.31103048
2998,1,6.5965595,2.3959012,-0.4588394,6.5965595,5.603577,-0.7695135,0.9986368,0.9165142,0.38726118,0.9986368,0.9963289,0.31658435
2999,0,-1.6992267,-3.6029058,-0.5204392,-1.6992267,-5.0727673,-0.83401346,0.15456627,0.026521867,0.37274954,0.15456627,0.006226053,0.3027971
3000,0,0.48415658,-0.5387182,-0.59467506,0.48415658,-0.52983487,-0.7483991,0.61872894,0.3684858,0.3555629,0.61872894,0.3705554,0.32117024
3001,1,0.6645624,-2.1066303,-0.36920366,0.6645624,-2.969358,-0.9952458,0.6602845,0.108454056,0.40873343,0.6602845,0.048829537,0.26987717
3002,0,-6.049696,-4.1358113,-0.47865105,-6.049696,-4.0717993,-0.7119533,0.002353029,0.01573804,0.3825707,0.002353029,0.01676097,0.32916737
3003,0,2.4253817,0.75990367,-0.35892373,2.4253817,2.1354795,-0.82735085,0.9187424,0.6813328,0.4112201,0.9187424,0.8943041,0.3042055
3004,1,0.04542005,1.948262,-0.58676046,0.04542005,4.6756277,-0.71788687,0.5113531,0.87525696,0.35737848,0.5113531,0.9907664,0.32785848
3005,0,-0.19962403,-2.9231336,-0.08535796,-0.19962403,-2.0917087,-0.80488515,0.45025906,0.051021762,0.47867346,0.45025906,0.10990531,0.30898154
3006,0,-2.9816263,-2.149875,-0.4117929,-2.9816263,-2.7557695,-1.1118488,0.048262876,0.10434291,0.39848226,0.048262876,0.059761636,0.24752639
3007,1,5.61534,0.98558635,-0.5388109,5.61534,3.0833502,-0.817893,0.9963716,0.7282153,0.36846423,0.9963716,0.95620066,0.3062111
3008,0,-1.8380805,-1.4192543,-0.26068854,-1.8380805,-1.6331652,-0.92214894,0.13727847,0.19477852,0.43519446,0.13727847,0.16339722,0.2845202
3009,0,5.922557,1.8397821,0.47943038,5.922557,4.8325076,-0.92440987,0.99732876,0.8629229,0.6176134,0.99732876,0.9920964,0.2840602
3010,1,3.5153556,0.78105795,-0.43687743,3.5153556,2.4631386,-0.8709568,0.97112155,0.6859081,0.39248526,0.97112155,0.921517,0.29505527
3011,1,3.4534447,-0.64108896,-0.23493573,3.4534447,-0.62483317,-0.78834236,0.9693337,0.34500042,0.44153473,0.9693337,0.34868303,0.3125247
3012,1,5.080138,2.1613202,-0.5312968,5.080138,5.432523,-0.8019968,0.9938194,0.89672184,0.3702145,0.9938194,0.995647,0.30959854
3013,1,-1.7588419,-0.6022676,-0.5348762,-1.7588419,-0.043476343,-0.7583801,0.14693545,0.35382506,0.36938033,0.14693545,0.48913258,0.31899807
3014,1,1.7205061,-2.0483706,-0.43537405,1.7205061,-2.8049622,-0.82471967,0.848194,0.114217125,0.39284378,0.848194,0.057056624,0.30476272
3015,1,2.2836254,-0.95795494,-0.43970174,2.2836254,-1.2462153,-0.79042196,0.9075118,0.27728784,0.39181203,0.9075118,0.22335595,0.31207806
3016,0,-4.1511116,-5.7175317,-0.37357512,-4.1511116,-4.514806,-0.6795665,0.015502782,0.003277042,0.4076774,0.015502782,0.010827219,0.33635804
3017,1,2.3837707,1.1298853,-0.30215135,2.3837707,3.4171886,-0.8560069,0.9155813,0.7558178,0.42503163,0.9155813,0.96823746,0.2981743
3018,0,-0.738211,-2.4473624,-0.3478779,-0.738211,-2.669632,-0.8994039,0.32339546,0.07963164,0.4138971,0.32339546,0.064789265,0.289173
3019,0,-2.7903214,-1.6833833,-0.39563012,-2.7903214,-2.5336125,-0.92493814,0.057849444,0.15664798,0.4023627,0.057849444,0.07353515,0.28395277
3020,0,-4.35368,-2.8075702,-0.29678583,-4.35368,-2.4335272,-0.94063985,0.012696136,0.056916464,0.42634338,0.012696136,0.08065154,0.2807711
3021,1,3.6268892,2.998771,-0.57561684,3.6268892,5.8421545,-0.74828434,0.97409034,0.9525185,0.35994175,0.97409034,0.9971058,0.32119524
3022,1,4.875427,1.4241962,-0.3717279,4.875427,3.8893156,-0.8934176,0.99242604,0.80599535,0.40812358,0.99242604,0.9799509,0.29040506
3023,0,-2.2848425,-0.9664046,-0.51235247,-2.2848425,-0.5521437,-0.8127372,0.092386104,0.27559772,0.37464222,0.092386104,0.3653672,0.3073075
3024,1,3.849888,1.9698123,-0.52236307,3.849888,4.689387,-0.7160002,0.97916144,0.877591,0.37229985,0.97916144,0.9908914,0.32827437
3025,1,2.450281,-1.1872388,-0.5425622,2.450281,-0.30028898,-0.89317065,0.92058194,0.23375313,0.36759177,0.92058194,0.42548683,0.29045597
3026,1,4.8979354,2.7778406,-0.04256177,4.8979354,6.0985813,-0.75515974,0.9925932,0.9414665,0.4893612,0.9925932,0.997759,0.31969807
3027,1,2.7143676,0.70599574,-0.3871161,2.7143676,1.9175774,-0.93675816,0.93786913,0.6695158,0.40441176,0.93786913,0.8718681,0.28155565
3028,0,0.41825223,0.08154634,-0.34377444,0.41825223,0.9962564,-0.83597237,0.60306495,0.5203753,0.41489288,0.60306495,0.7303219,0.30238372
3029,0,-4.7807426,-3.1576016,-0.5546635,-4.7807426,-2.79424,-0.89627206,0.008319963,0.040792793,0.3647831,0.008319963,0.057636227,0.28981718
3030,1,4.8961706,2.215316,-0.14121825,4.8961706,5.00978,-0.8073932,0.99258035,0.90161645,0.464754,0.99258035,0.99337184,0.3084463
3031,1,4.8442144,1.8765814,-0.08562085,4.8442144,4.900539,-0.9504616,0.99218774,0.86721796,0.47860786,0.99218774,0.99261236,0.278792
3032,1,7.037118,0.8591423,-0.09939887,7.037118,2.3809154,-0.6117643,0.9991221,0.7024814,0.47517073,0.9991221,0.9153604,0.35165685
3033,0,-6.8206816,-6.0161686,0.13086678,-6.8206816,-5.1629963,-0.63358605,0.0010897882,0.0024330623,0.5326701,0.0010897882,0.005691938,0.34669784
3034,1,4.7032905,-0.41050977,-0.5494593,4.7032905,0.36158353,-0.7727045,0.99101603,0.3987899,0.36598986,0.99101603,0.5894237,0.31589437
3035,1,1.437862,-0.6266508,0.023366801,1.437862,-0.46055007,-0.9352048,0.80812335,0.34827033,0.50584143,0.80812335,0.38685533,0.28186998
3036,1,6.599224,1.8766873,-0.483536,6.599224,4.5085998,-0.74846745,0.9986405,0.8672302,0.38141748,0.9986405,0.9891061,0.32115534
3037,1,1.9156541,0.95433533,-0.28465042,1.9156541,2.639411,-0.87608004,0.871653,0.7219862,0.42931402,0.871653,0.9333554,0.29399076
3038,0,-2.4891572,-2.6405444,-0.45578563,-2.4891572,-3.916541,-1.0049872,0.07662181,0.06657419,0.38798606,0.07662181,0.019521177,0.267962
3039,0,-3.9429815,-2.9609776,-0.37257174,-3.9429815,-3.013029,-0.81509304,0.019021483,0.049220238,0.40791973,0.019021483,0.04684072,0.30680627
3040,0,-0.4437868,-0.48005354,-0.4084741,-0.4437868,-0.14204836,-0.8523943,0.390839,0.3822395,0.39927804,0.390839,0.4645475,0.29893085
3041,0,3.8578968,0.28515252,-0.13929409,3.8578968,1.3679404,-0.84962106,0.97932416,0.570809,0.46523264,0.97932416,0.7970472,0.29951236
3042,1,4.888765,2.1105225,-0.41823682,4.888765,5.0931005,-0.8770119,0.9925256,0.89192176,0.39693874,0.9925256,0.9938985,0.29379737
3043,1,2.0929961,-0.45090228,-0.3660767,2.0929961,-0.39326954,-0.89045656,0.8902206,0.38914627,0.4094894,0.8902206,0.40293047,0.29101562
3044,1,4.799661,0.6791481,-0.4218965,4.799661,2.5380375,-0.8997419,0.99183464,0.6635485,0.396063,0.99183464,0.92676574,0.28910354
3045,0,-1.4876746,-2.6635847,-0.47207057,-1.4876746,-3.8811493,-0.8644662,0.18427102,0.06515664,0.38412628,0.18427102,0.020210227,0.29640707
3046,0,-0.1341489,-2.5302348,-0.21444277,-0.1341489,-1.429928,-0.8776611,0.46651295,0.0737656,0.4465938,0.46651295,0.19310991,0.2936627
3047,1,3.7267628,0.078270346,-0.39987627,3.7267628,1.3246874,-0.9297524,0.97649515,0.5195576,0.40134206,0.97649515,0.7899605,0.28297496
3048,0,-3.4850912,0.09410423,-0.5887175,-3.4850912,0.7584623,-0.80008924,0.029739423,0.52350867,0.35692918,0.029739423,0.6810198,0.31000644
3049,1,5.337018,1.9236708,-0.56847095,5.337018,4.7279687,-0.7296227,0.9952128,0.8725472,0.3615897,0.9952128,0.99123317,0.3252775
3050,0,0.43470106,0.350973,-0.54112864,0.43470106,1.4355273,-0.7757504,0.6069957,0.5868535,0.36792508,0.6069957,0.807761,0.3152365
3051,0,3.8016024,-0.8153558,-0.07959009,3.8016024,-0.90090394,-0.74563336,0.978153,0.3067504,0.48011294,0.978153,0.28886476,0.32177353
3052,1,6.4014564,2.2721975,-0.39451677,6.4014564,5.945087,-0.8806494,0.9983436,0.90654814,0.40263045,0.9983436,0.9973882,0.29304323
3053,0,-0.9308598,-3.2662182,-0.2409939,-0.9308598,-3.1373606,-0.7948233,0.2827503,0.03674846,0.44004142,0.2827503,0.041592203,0.31113398
3054,1,1.8858227,-1.7632878,-0.49153227,1.8858227,-0.9872048,-0.75359285,0.8682785,0.14637904,0.37953267,0.8682785,0.27146453,0.32003894
3055,0,-1.1502736,-2.5175333,-0.5306269,-1.1502736,-3.2597814,-0.84344816,0.24043913,0.074638136,0.3703707,0.24043913,0.036976993,0.30080906
3056,0,2.0508993,1.9626575,-0.48619664,2.0508993,4.95233,-0.9244176,0.8860384,0.87682027,0.38078997,0.8860384,0.9929826,0.28405863
3057,1,4.981529,1.8516108,-0.49498814,4.981529,4.671602,-1.0094867,0.9931832,0.8643161,0.37871918,0.9931832,0.9907295,0.2670803
3058,1,4.999227,2.261098,-0.47976807,4.999227,5.1048985,-0.72947145,0.993302,0.9056035,0.38230687,0.993302,0.9939697,0.3253107
3059,0,-3.4585767,-1.580132,-0.5832615,-3.4585767,-0.7005418,-0.6036693,0.030514114,0.1707768,0.3581825,0.030514114,0.3316921,0.3535047
3060,1,3.6705928,1.9390218,-0.39813083,3.6705928,4.6646833,-1.02316,0.97517085,0.87424463,0.4017615,0.97517085,0.9906658,0.2644123
3061,1,-1.3598291,-1.0623562,-0.42503577,-1.3598291,-0.7684186,-0.93368614,0.2042681,0.25685942,0.39531234,0.2042681,0.3168213,0.28217748
3062,1,7.122719,0.82845426,-0.21590112,7.122719,2.2933753,-0.7189623,0.9991941,0.696028,0.44623342,0.9991941,0.9083269,0.32762155
3063,1,-0.64122456,-1.6043112,-0.6069759,-0.64122456,-2.494857,-0.7598418,0.34496978,0.16737993,0.35274935,0.34496978,0.07621951,0.31868064
3064,0,5.5112557,-0.82302403,-0.45542404,5.5112557,-0.4814436,-0.68615353,0.9959752,0.3051221,0.38807192,0.9959752,0.38191128,0.33488926
3065,0,-7.629686,-6.494448,-0.5319817,-7.629686,-4.8279552,-0.71382326,0.00048557753,0.001509527,0.3700548,0.00048557753,0.007939331,0.3287546
3066,1,3.6562953,0.37879825,-0.4375406,3.6562953,1.0954292,-0.73158705,0.9748223,0.5935832,0.39232716,0.9748223,0.74940264,0.32484657
3067,0,-0.6344436,-0.5903229,-0.48155797,-0.6344436,-0.4979937,-0.70412695,0.34650365,0.35656077,0.3818843,0.34650365,0.37801227,0.33089787
3068,1,6.6668396,1.2004793,-0.45516425,6.6668396,3.7067652,-0.7740558,0.99872917,0.76861,0.38813365,0.99872917,0.9760317,0.31560242
3069,0,-4.4438486,-1.6358657,-0.47167176,-4.4438486,-2.3899052,-0.765759,0.011614155,0.1630284,0.38422066,0.011614155,0.08394572,0.31739724
3070,0,4.8738556,1.0124983,-0.33726034,4.8738556,3.0710635,-0.85638255,0.9924142,0.73350877,0.4164751,0.9924142,0.95568323,0.29809567
3071,0,2.4922225,0.06220904,-0.55331206,2.4922225,1.5488857,-0.7402093,0.92359483,0.5155473,0.36509633,0.92359483,0.82475275,0.32295838
3072,0,0.71984065,-0.35688448,-0.46941578,0.71984065,-0.075612545,-0.77671516,0.67257196,0.411714,0.38475454,0.67257196,0.48110586,0.31502828
3073,0,-2.7207553,-1.0276582,-0.05351995,-2.7207553,-0.45412657,-0.97921455,0.06175968,0.26353836,0.4866232,0.06175968,0.38838008,0.27304766
3074,0,-1.1552107,-4.3333473,-0.5438525,-1.1552107,-5.088528,-0.695855,0.23953862,0.012953549,0.36729184,0.23953862,0.00612929,0.33273184
3075,1,4.158161,1.784258,-0.50022495,4.158161,4.531524,-0.87316436,0.9846044,0.8562218,0.3774878,0.9846044,0.9893504,0.29459628
3076,1,3.294878,-0.09602073,-0.52592385,3.294878,0.6564213,-0.70286024,0.9642527,0.47601324,0.37146807,0.9642527,0.658456,0.3311784
3077,0,1.5492682,-1.0335464,-0.2673804,1.5492682,-0.9841234,-0.8813715,0.82480806,0.2623971,0.43355036,0.82480806,0.27207437,0.29289365
3078,1,4.8800073,1.3263686,-0.5051094,4.8800073,3.774001,-0.7340807,0.9924603,0.7902393,0.3763407,0.9924603,0.9775553,0.32429987
3079,0,-3.3732636,-5.368664,-0.52106476,-3.3732636,-4.5992455,-0.8986831,0.033141576,0.0046387357,0.3726033,0.033141576,0.009959238,0.2893212
3080,1,5.197433,1.6548114,-0.26316568,5.197433,3.9854846,-0.65859807,0.9944997,0.83954024,0.43458572,0.9944997,0.9817556,0.34105462
3081,1,2.443593,0.42881042,-0.43870193,2.443593,1.2835152,-0.71984696,0.9200916,0.60558957,0.39205033,0.9200916,0.7830475,0.32742667
3082,1,3.1457841,0.30459875,-0.5099868,3.1457841,1.504787,-0.77331156,0.9587423,0.5755663,0.3751966,0.9587423,0.8182873,0.31576318
3083,0,1.2151263,-1.680915,-0.1192531,1.2151263,-3.1142428,-0.8545852,0.7712047,0.15697435,0.470222,0.7712047,0.042523563,0.2984719
3084,0,-4.1475105,-1.5487309,-0.4009585,-4.1475105,-1.756333,-0.7924301,0.01555784,0.17526965,0.40108207,0.01555784,0.14725019,0.31164712
3085,0,-3.4467616,-1.965565,-0.56014216,-3.4467616,-1.6484606,-0.73759705,0.030865584,0.12286605,0.36351454,0.030865584,0.16131711,0.3235298
3086,0,-5.258683,-4.4280148,-0.58333796,-5.258683,-3.5549786,-0.793112,0.005175228,0.011797328,0.3581649,0.005175228,0.027787756,0.31150088
3087,1,5.2794743,2.2161057,-0.38510484,5.2794743,5.227439,-0.83676547,0.9949307,0.90168655,0.40489626,0.9949307,0.9946614,0.30221644
3088,1,1.2111179,-2.7593389,-0.35093373,1.2111179,-3.5034733,-0.89540255,0.7704967,0.05956139,0.413156,0.7704967,0.029213566,0.2899962
3089,1,2.9472513,-0.40833223,-0.3188061,2.9472513,-0.26840693,-0.8632833,0.9501334,0.3993121,0.42096677,0.9501334,0.4332982,0.29665384
3090,1,6.7253523,2.3554235,0.019939356,6.7253523,5.7183423,-0.8036076,0.99880135,0.9133644,0.5049846,0.99880135,0.99672556,0.30925435
3091,1,3.6427746,-1.5461991,0.009778973,3.6427746,-0.6348404,-0.9277192,0.9744883,0.17563592,0.50244474,0.9744883,0.3464138,0.28338766
3092,0,-5.6033344,-3.888963,-0.67758894,-5.6033344,-4.794777,-0.76326865,0.0036720207,0.02005608,0.33679965,0.0036720207,0.008204966,0.31793702
3093,1,6.407073,1.091052,-0.40237793,6.407073,2.7666762,-0.6936532,0.9983529,0.74857974,0.40074116,0.9983529,0.9408483,0.3332209
3094,0,-2.3923666,0.7819096,-0.57388085,-2.3923666,2.412333,-0.741366,0.08375663,0.68609154,0.36034185,0.08375663,0.9177629,0.3227055
3095,1,5.724388,0.6952766,-0.37960657,5.724388,2.201712,-0.9147178,0.9967452,0.6671397,0.40622178,0.9967452,0.9004032,0.28603542
3096,1,-4.6884155,-3.0619137,-0.53926927,-4.6884155,-4.187971,-0.8348539,0.009117362,0.0447059,0.3683576,0.009117362,0.014950146,0.3026197
3097,0,-6.6667233,-6.0961185,-0.46405745,-6.6667233,-4.9595838,-0.8544672,0.0012709444,0.0022465321,0.38602376,0.0012709444,0.0069669685,0.2984966
3098,1,2.7508588,-0.1726402,-0.5763683,2.7508588,0.7062593,-0.78810716,0.93996185,0.45694682,0.35976866,0.93996185,0.6695741,0.31257525
3099,0,2.8399053,-0.96807265,-0.35769457,2.8399053,-1.0799434,-0.75231504,0.9447946,0.27526483,0.41151774,0.9447946,0.25351673,0.32031706
3100,1,5.4877234,0.7712505,-0.51656765,5.4877234,2.499286,-0.72135115,0.99587977,0.68379134,0.37365517,0.99587977,0.9240917,0.3270955
3101,0,2.7932956,1.5163491,-0.3824305,2.7932956,4.065105,-0.7829865,0.9423125,0.82000023,0.40554082,0.9423125,0.9831284,0.31367657
3102,1,0.42470825,-1.391933,-0.44685137,0.42470825,-1.9534217,-0.8614019,0.6046094,0.19909935,0.39010963,0.6046094,0.12418074,0.2970465
3103,0,0.29143846,-1.5190572,-0.48518437,0.29143846,-2.6184406,-0.7682815,0.57234824,0.1796004,0.38102865,0.57234824,0.067961,0.31685096
3104,1,4.891744,2.5020595,-0.49575627,4.891744,5.8696747,-0.7348753,0.9925477,0.92428607,0.3785385,0.9925477,0.9971841,0.3241258
3105,1,4.758442,0.38494378,0.07727363,4.758442,1.9026465,-0.8002882,0.99149394,0.59506494,0.5193088,0.99149394,0.8701908,0.30996388
3106,0,1.6038909,2.5082383,-0.39035445,1.6038909,5.4163404,-0.736339,0.8325615,0.92471737,0.40363196,0.8325615,0.99557626,0.32380524
3107,1,-0.28316694,-1.4530685,-0.5118472,-0.28316694,-1.412065,-0.7813984,0.42967752,0.18952976,0.3747606,0.42967752,0.19590856,0.31401858
3108,0,5.3927417,1.2587302,-0.3215699,5.3927417,3.3786542,-0.79785895,0.9954711,0.7788074,0.42029318,0.9954711,0.96703076,0.3104837
3109,0,3.163972,0.08689667,-0.2564764,3.163972,0.7895179,-0.95194316,0.9594557,0.5217105,0.43623006,0.9594557,0.6877278,0.2784942
3110,1,-1.7389308,-0.76666903,-0.37295955,-1.7389308,-0.8750412,-0.90382874,0.14944878,0.3172001,0.40782607,0.14944878,0.2942064,0.2882643
3111,1,-2.1179726,-2.9767451,-0.4215021,-2.1179726,-3.120173,-0.727117,0.10736221,0.048487574,0.39615735,0.10736221,0.042282768,0.32582772
3112,1,7.4322414,1.2197487,-0.44273287,7.4322414,3.7183394,-0.7214201,0.9994085,0.7720194,0.39108998,0.9994085,0.976301,0.32708034
3113,1,1.137455,-0.6482533,-0.17003754,1.137455,-0.22763228,-0.8994701,0.75721204,0.34338322,0.45759273,0.75721204,0.4433364,0.2891594
3114,1,5.0838623,2.0627208,-0.51371956,5.0838623,5.15723,-0.83774126,0.99384224,0.8872267,0.37432197,0.99384224,0.9942754,0.30201072
3115,1,5.010444,1.3257055,-0.4792559,5.010444,3.979676,-0.70175046,0.9933762,0.7901294,0.38242784,0.9933762,0.9816513,0.33142424
3116,1,1.3536177,-0.45348844,-0.18775667,1.3536177,-0.3581489,-0.9346068,0.7947204,0.38853168,0.45319825,0.7947204,0.41140774,0.28199103
3117,0,-3.942061,-4.3296375,-0.43510094,-3.942061,-4.8881817,-0.70783865,0.019038668,0.013001066,0.39290893,0.019038668,0.007478758,0.33007658
3118,0,-0.096111536,-1.7492285,-0.5006361,-0.096111536,-2.1151555,-0.85209477,0.4759906,0.14814453,0.37739122,0.4759906,0.107632495,0.29899362
3119,1,4.817232,1.7249774,-0.15043038,4.817232,4.82779,-0.9002249,0.9919757,0.84876883,0.46246314,0.9919757,0.99205935,0.28900427
3120,1,3.6204638,-1.3452623,-0.42521507,3.6204638,-2.0599465,-0.7268318,0.97392774,0.20664601,0.39526948,0.97392774,0.11305119,0.32589036
3121,0,0.6166936,-1.7481457,-0.5338632,0.6166936,-2.8152096,-0.76038474,0.6494662,0.14828123,0.36961633,0.6494662,0.056507792,0.31856275
3122,0,-0.67263496,-0.88653386,-0.49148846,-0.67263496,-0.6050955,-0.8834865,0.33790708,0.29182562,0.379543,0.33790708,0.3531788,0.2924558
3123,0,-1.0332934,-4.6586785,-0.27499434,-1.0332934,-3.9922547,-0.89709413,0.2624461,0.009389972,0.43168142,0.2624461,0.018123526,0.28964803
3124,1,2.7531857,-0.9146042,-0.35195473,2.7531857,-0.4503519,-0.73753,0.94009304,0.2860586,0.41290852,0.94009304,0.3892771,0.3235445
3125,1,4.724395,-0.117321715,-0.4317639,4.724395,0.8601537,-0.8100249,0.991202,0.47070315,0.39370522,0.991202,0.7026928,0.30788517
3126,0,3.9470155,1.8070456,-0.56630373,3.9470155,4.498664,-0.8287584,0.98105365,0.85900444,0.36209017,0.98105365,0.9889985,0.30390766
3127,0,-5.3182626,-5.4122267,0.09249191,-5.3182626,-4.6861486,-0.82151586,0.0048773563,0.004441876,0.5231065,0.0048773563,0.009137864,0.30544198
3128,0,-7.9385014,-7.3145638,-0.58638704,-7.9385014,-6.6757703,-0.73795605,0.00035661348,0.00066532876,0.35746425,0.00035661348,0.0012595125,0.32345125
3129,1,6.396226,1.5794067,-0.5181083,6.396226,3.9917464,-0.79310024,0.99833494,0.82912046,0.37329468,0.99833494,0.98186743,0.31150335
3130,1,0.7460768,-1.0227454,-0.41879046,0.7460768,-0.42496446,-0.87785375,0.67832327,0.264493,0.3968062,0.67832327,0.3953294,0.29362273
3131,1,1.0889219,-0.53790826,-0.18809916,1.0889219,-0.47649947,-0.9294197,0.74817866,0.3686743,0.4531134,0.74817866,0.38307908,0.28304246
3132,0,-3.7600248,-4.3143206,-0.5549909,-3.7600248,-3.1846068,-0.82817316,0.022753393,0.013199088,0.36470723,0.022753393,0.039749123,0.3040315
3133,0,-6.3996606,-6.5822954,-0.09871407,-6.3996606,-5.4447165,-0.9425242,0.0016593633,0.0013827526,0.4753415,0.0016593633,0.00430049,0.28039074
3134,0,1.5510863,-1.319942,-0.38363832,1.5510863,-1.624811,-0.88588,0.82507056,0.21082795,0.40524966,0.82507056,0.16454244,0.29196078
3135,1,1.445516,0.94646794,-0.17245674,1.445516,2.7114503,-0.9911164,0.8093074,0.72040427,0.45699233,0.8093074,0.93769896,0.2706916
3136,0,-0.2159062,-1.8656971,-0.07626605,-0.2159062,-2.5394015,-1.0054891,0.44623217,0.13404039,0.48094267,0.44623217,0.07314173,0.26786357
3137,0,-5.2997074,-4.1486225,-0.57954574,-5.2997074,-5.3135166,-0.86685103,0.004968248,0.015540818,0.35903713,0.004968248,0.0049004457,0.29590994
3138,0,3.188099,-0.15654859,-0.524467,3.188099,0.1617192,-0.7437576,0.96038395,0.46094263,0.3718083,0.96038395,0.5403419,0.322183
3139,1,6.0533676,1.8712013,-0.48180872,6.0533676,4.6675735,-0.7752249,0.9976555,0.8665972,0.3818251,0.9976555,0.99069244,0.31534994
3140,1,3.47534,0.8182745,-0.16913736,3.47534,2.5594363,-0.98940754,0.969978,0.69386995,0.45781618,0.969978,0.9282049,0.2710291
3141,1,-0.78487444,0.21513689,-0.5183141,-0.78487444,1.586948,-0.8240839,0.3132703,0.5535777,0.37324655,0.3132703,0.83018625,0.30489746
3142,1,0.83451486,-0.20340833,-0.24737312,0.83451486,0.39567095,-0.9042462,0.6973087,0.44932252,0.43847018,0.6973087,0.5976471,0.28817868
3143,1,4.6176043,-0.28784946,0.13665918,4.6176043,0.21370938,-0.9622472,0.9902202,0.42853042,0.53411174,0.9902202,0.5532249,0.2764285
3144,0,6.0080433,1.7446735,-0.5356676,6.0080433,4.2549477,-0.72751594,0.9975471,0.8512797,0.36919597,0.9975471,0.98600477,0.3257401
3145,1,0.8493696,-0.19081363,-0.31629595,0.8493696,0.3500663,-0.77687144,0.70043486,0.4524408,0.42157874,0.70043486,0.5866337,0.31499454
3146,1,1.2506839,-0.60948586,-0.4439201,1.2506839,-0.35491443,-0.90241873,0.77741826,0.35217652,0.39080727,0.77741826,0.41219118,0.28855368
3147,1,4.8694234,-1.084435,-0.4043582,4.8694234,-1.2337834,-0.70494497,0.9923807,0.25266767,0.4002657,0.9923807,0.22551996,0.3307168
3148,0,-4.652623,-1.7889509,-0.54920524,-4.652623,-2.2458515,-0.78569484,0.009446465,0.1432014,0.36604884,0.009446465,0.09570791,0.3130938
3149,0,-5.8031693,-3.750033,-0.5487015,-5.8031693,-4.1459923,-0.87197274,0.0030088942,0.022976631,0.36616573,0.0030088942,0.01558111,0.29484397
3150,0,-5.679048,-5.396305,-0.56268007,-5.679048,-4.6088963,-0.80974054,0.0034051747,0.0045128423,0.3629276,0.0034051747,0.0098645305,0.3079458
3151,0,5.4811726,1.9920821,-0.2703668,5.4811726,4.4365225,-0.8214797,0.9958528,0.8799633,0.43281707,0.9958528,0.98830146,0.30544963
3152,0,3.4288986,0.75299406,-0.41616857,3.4288986,2.1946027,-0.7188811,0.96859556,0.67983073,0.39743394,0.96859556,0.89976376,0.32763943
3153,1,6.4105935,1.6710749,-0.3678573,6.4105935,4.159979,-0.84224784,0.99835867,0.8417191,0.40905887,0.99835867,0.984632,0.30106157
3154,1,4.5590944,1.1207103,0.13309878,4.5590944,2.8089516,-0.97827375,0.98963696,0.7541204,0.53322566,0.98963696,0.9431576,0.27323446
3155,0,2.0175707,-1.7554599,-0.52526987,2.0175707,-2.57937,-0.7537384,0.88262963,0.14735988,0.3716208,0.88262963,0.070477985,0.32000726
3156,1,3.7535803,1.3212409,-0.54622036,3.7535803,3.442835,-0.74588853,0.9771029,0.7893881,0.36674178,0.9771029,0.9690167,0.32171783
3157,0,3.1649656,-2.0866268,-0.55364996,3.1649656,-1.6390953,-0.80058706,0.9594944,0.110403426,0.365018,0.9594944,0.1625882,0.30989996
3158,1,-3.3879626,-2.0037422,-0.47851884,-3.3879626,-2.5688798,-0.8382064,0.03267379,0.11881057,0.38260195,0.03267379,0.07116831,0.30191267
3159,1,5.089803,1.1172271,-0.4189918,5.089803,2.909758,-0.8543414,0.99387854,0.75347406,0.39675802,0.99387854,0.9483267,0.29852295
3160,1,3.7722726,0.30784202,-0.3163702,3.7722726,1.9479747,-0.9010241,0.9775173,0.57635844,0.42156062,0.9775173,0.87522566,0.28884012
3161,0,-3.258014,-2.2618468,-0.4985296,-3.258014,-1.4965503,-0.6625856,0.03703998,0.09433247,0.37788627,0.03703998,0.1829406,0.34015906
3162,0,-4.3548284,-4.698682,-0.5236383,-4.3548284,-3.9091654,-0.73074204,0.0126817515,0.00902508,0.3720019,0.0126817515,0.019662851,0.3250319
3163,0,2.6090517,-0.9701425,-0.5786278,2.6090517,-1.2102795,-0.8148736,0.93144184,0.2748521,0.3592484,0.93144184,0.2296516,0.30685297
3164,1,-0.47660655,-0.07025488,-0.5279408,-0.47660655,0.82726836,-0.71788526,0.38305378,0.4824435,0.3709973,0.38305378,0.69577706,0.32785884
3165,1,6.320183,2.7662287,-0.515879,6.320183,6.033515,-0.75629044,0.99820364,0.9408234,0.37381637,0.99820364,0.99760866,0.3194522
3166,0,-1.2880802,0.16382068,-0.5393193,-1.2880802,1.3691524,-0.8548573,0.21617793,0.5408638,0.36834598,0.21617793,0.7972432,0.29841492
3167,0,-1.2374213,-3.1046095,-0.4209984,-1.2374213,-3.2008398,-0.80748725,0.2248852,0.042917524,0.39627787,0.2248852,0.039134134,0.3084262
3168,1,5.923958,1.1244822,-0.4454385,5.923958,3.0182042,-0.6834876,0.9973326,0.75481915,0.39044586,0.9973326,0.9533898,0.33548334
3169,0,-3.8305209,-4.3348894,-0.41649878,-3.8305209,-3.4741602,-0.9183798,0.021237493,0.012933847,0.39735487,0.021237493,0.03005646,0.28528816
3170,1,6.3085723,1.7240835,-0.23406067,6.3085723,4.0730386,-0.7184046,0.99818265,0.8486541,0.44175056,0.99818265,0.98325944,0.3277444
3171,1,0.7075329,1.0625036,-0.08859435,0.7075329,2.7758653,-0.73706007,0.6698558,0.7431687,0.4778659,0.6698558,0.9413576,0.32364735
3172,0,1.3092903,-0.04035282,-0.28950214,1.3092903,0.22538036,-0.91437924,0.78739434,0.48991314,0.42812577,0.78739434,0.5561078,0.28610453
3173,0,-6.870112,-7.3037467,-0.42929184,-6.870112,-6.1632147,-0.93527496,0.0010372837,0.00067255984,0.3942954,0.0010372837,0.0021010502,0.2818558
3174,1,4.1639676,0.654499,0.05336179,4.1639676,2.3061306,-0.7876979,0.9846922,0.65802354,0.5133373,0.9846922,0.9093835,0.31266317
3175,1,4.5437603,0.7352221,0.2959262,4.5437603,2.5098698,-0.6474293,0.9894785,0.67595017,0.57344633,0.9894785,0.92483085,0.34356907
3176,0,-6.408477,-5.2531238,-0.44210443,-6.408477,-4.5556087,-0.793702,0.0016448222,0.0052039293,0.39123964,0.0016448222,0.01039883,0.31137434
3177,1,1.9521034,-1.7056807,-0.4806747,1.9521034,-1.8791245,-0.88039243,0.8756758,0.15372479,0.38209283,0.8756758,0.13248946,0.29309648
3178,1,1.3121753,0.74976456,-0.367714,1.3121753,2.1620903,-0.8340175,0.78787696,0.6791274,0.4090935,0.78787696,0.8967932,0.30279624
3179,0,-2.4985871,-1.4811802,-0.43735856,-2.4985871,-2.2439246,-0.80672276,0.07595729,0.18524922,0.39237055,0.07595729,0.0958748,0.30858928
3180,0,4.3415604,1.3784055,-0.50861144,4.3415604,3.4639535,-0.79254097,0.987151,0.7987348,0.37551907,0.987151,0.9696445,0.31162333
3181,0,-1.788621,-1.987973,-0.6136186,-1.788621,-2.375025,-0.7134498,0.14324188,0.12047148,0.3512342,0.14324188,0.0850971,0.328837
3182,0,-6.342762,-4.7135744,-0.5763309,-6.342762,-3.8838732,-0.6885031,0.0017563459,0.008892856,0.3597773,0.0017563459,0.02015636,0.33436614
3183,0,-4.983712,-4.841768,-0.34755567,-4.983712,-4.4999704,-0.9181484,0.006802008,0.007831275,0.41397527,0.006802008,0.010987263,0.28533533
3184,0,2.0107954,1.6487668,-0.53858626,2.0107954,4.3936357,-0.712974,0.8819259,0.8387243,0.36851653,0.8819259,0.9877951,0.32894203
3185,0,-0.89956117,-1.1733792,-0.55063266,-0.89956117,-1.4840999,-0.72572494,0.28914067,0.23624472,0.36571762,0.28914067,0.18480895,0.32613358
3186,1,4.7178497,1.235949,-0.39801058,4.7178497,3.467373,-0.7079467,0.9911447,0.7748581,0.40179038,0.9911447,0.96974504,0.3300527
3187,1,4.3624525,1.4622488,-0.5125014,4.3624525,3.7876017,-0.948076,0.9874134,0.81187636,0.37460732,0.9874134,0.97785175,0.27927193
3188,1,4.6057453,1.9016919,-0.5354943,4.6057453,4.5639787,-0.70076424,0.9901046,0.87008286,0.36923635,0.9901046,0.9896869,0.3316428
3189,1,5.613041,1.2551721,-0.4370326,5.613041,2.9567323,-0.73750746,0.99636334,0.7781939,0.39244825,0.99636334,0.9505808,0.32354942
3190,1,3.3586588,1.1014478,-0.4018204,3.3586588,2.790231,-0.7670088,0.9663872,0.7505313,0.40087503,0.9663872,0.9421457,0.3171265
3191,1,1.431364,0.3750642,-0.17293167,1.431364,1.8434174,-0.92617,0.80711377,0.5926821,0.45687446,0.80711377,0.86335236,0.28370237
3192,1,3.5998328,1.0236814,-0.37380916,3.5998328,2.5755043,-0.79676235,0.9733987,0.7356891,0.40762088,0.9733987,0.9292684,0.3107185
3193,1,4.5388637,0.3042195,-0.0639552,4.5388637,1.4011256,-0.90438914,0.9894274,0.57547367,0.48401666,0.9894274,0.80236244,0.28814936
3194,1,3.980929,0.5884285,-0.51579547,3.980929,1.3997408,-0.69559884,0.98167384,0.6430045,0.37383595,0.98167384,0.80214274,0.33278874
3195,1,3.0674903,-1.1174301,-0.26076978,3.0674903,-0.77671945,-0.68456936,0.9555317,0.2464883,0.4351745,0.9555317,0.31502736,0.3352422
3196,1,4.6159816,1.6218746,-0.42814243,4.6159816,3.5494006,-0.7611935,0.99020445,0.83505344,0.39456996,0.99020445,0.97206116,0.3183872
3197,0,2.4211023,1.5445123,-0.51532155,2.4211023,3.8407018,-0.82430017,0.91842234,0.8241197,0.37394688,0.91842234,0.9789731,0.30485162
3198,1,5.6283545,2.614933,-0.49144164,5.6283545,5.9667273,-0.8356756,0.99641836,0.93181646,0.379554,0.99641836,0.9974439,0.30244634
3199,1,6.0333996,0.3109964,-0.48710266,6.0333996,1.5338082,-0.6738743,0.9976084,0.5771284,0.38057634,0.9976084,0.8225628,0.33762985
3200,1,5.7217045,2.4259815,-0.5247418,5.7217045,5.307172,-0.8192931,0.9967366,0.9187872,0.3717441,0.9967366,0.99506855,0.30591375
3201,0,3.2567198,0.6532616,-0.21971923,3.2567198,2.4057944,-0.8161359,0.9629139,0.65774506,0.44529015,0.9629139,0.91726804,0.3065845
3202,1,1.7489928,0.43673742,-0.39934254,1.7489928,1.5388751,-0.8816115,0.8518258,0.60748136,0.4014703,0.8518258,0.82330114,0.29284394
3203,1,1.0985205,0.90775603,0.03018564,1.0985205,2.4917574,-0.771693,0.74998283,0.71254075,0.5075458,0.74998283,0.92356193,0.316113
3204,0,1.4310478,-0.25555876,-0.39923745,1.4310478,0.20980701,-0.72553945,0.80706453,0.43645576,0.4014956,0.80706453,0.55226016,0.32617432
3205,0,-5.83514,-4.928129,-0.4681102,-5.83514,-4.2959366,-0.7775862,0.0029144944,0.007187994,0.38506362,0.0029144944,0.013440692,0.31484035
3206,0,-4.8361225,-3.8617349,-0.55817723,-4.8361225,-3.9090502,-0.69652694,0.007875261,0.020598268,0.3639693,0.007875261,0.01966507,0.33258268
3207,1,3.4624212,0.12912992,-0.5196899,3.4624212,0.6304585,-0.7946054,0.9695995,0.5322377,0.37292475,0.9695995,0.65259343,0.31118068
3208,0,-3.9248805,-0.9130361,-0.34003666,-3.9248805,-0.99789566,-0.9055288,0.019362198,0.28637895,0.41580057,0.019362198,0.26935536,0.28791565
3209,1,-0.32979095,-3.3511133,-0.44434288,-0.32979095,-3.6630998,-0.7804834,0.41829148,0.033858724,0.39070663,0.41829148,0.02501126,0.3142157
3210,0,-3.0884418,-1.101793,-0.57835203,-3.0884418,-1.7579778,-0.7438487,0.043586545,0.24940407,0.35931188,0.043586545,0.14704378,0.32216313
3211,1,3.0503554,0.7952944,-0.57200336,3.0503554,2.359969,-0.9271069,0.9547979,0.688967,0.36077467,0.9547979,0.91372335,0.28351203
3212,0,4.408369,0.39801896,-0.5197277,4.408369,1.6455097,-0.68237674,0.9879715,0.59821165,0.37291592,0.9879715,0.83828324,0.33573103
3213,0,-4.812447,-1.7918396,-0.5278322,-4.812447,-1.448174,-0.7618072,0.008062415,0.14284733,0.37102264,0.008062415,0.19028273,0.31825402
3214,0,-2.1532278,-0.5903229,-0.39730662,-2.1532278,-0.4979937,-0.8239612,0.104029976,0.35656077,0.40195963,0.104029976,0.37801227,0.30492347
3215,1,6.111706,2.252043,-0.06367704,6.111706,5.0736256,-0.9541999,0.9977881,0.90482664,0.4840861,0.9977881,0.99377924,0.27804098
3216,0,-5.736236,-2.3017004,-0.56399715,-5.736236,-2.7949512,-0.7632375,0.003216512,0.090982236,0.3626231,0.003216512,0.05759761,0.31794378
3217,1,4.747772,-0.41659707,-0.4948328,4.747772,0.29313353,-0.68830824,0.9914035,0.3973313,0.37875575,0.9914035,0.5727631,0.33440953
3218,1,0.98064697,-1.322655,-0.38446164,0.98064697,-1.1763743,-0.7223454,0.7272365,0.21037692,0.40505123,0.7272365,0.2357047,0.32687673
3219,0,-1.3262937,-2.175976,-0.5778804,-1.3262937,-3.1448727,-0.8604405,0.2097731,0.10192869,0.35942048,0.2097731,0.04129378,0.29724732
3220,0,5.4077377,1.0261228,-0.1274482,5.4077377,2.8022394,-0.7421899,0.9955382,0.7361635,0.468181,0.9955382,0.9427967,0.32252547
3221,1,5.8091025,1.1291367,-0.30058876,5.8091025,3.4147868,-0.84479886,0.99700886,0.75567955,0.42541355,0.99700886,0.9681635,0.30052504
3222,1,1.1334536,0.18471587,-0.4673051,1.1334536,1.4284167,-0.7345412,0.7564757,0.5460481,0.38525426,0.7564757,0.80665445,0.324199
3223,1,4.587061,1.3988134,-0.55079913,4.587061,3.7931037,-0.7351514,0.9899199,0.8019956,0.36567903,0.9899199,0.97797066,0.3240653
3224,0,-2.209648,-0.6519525,-0.54755914,-2.209648,-0.028286457,-0.7167496,0.09888745,0.34254968,0.36643088,0.09888745,0.49292886,0.32810915
3225,1,5.6717787,0.9341074,-0.4114601,5.6717787,2.4422002,-0.8329475,0.9965701,0.71790785,0.39856207,0.9965701,0.9199892,0.3030222
3226,1,1.703387,-1.7875835,-0.32999003,1.703387,-1.6844269,-0.95969963,0.8459766,0.14336926,0.41824305,0.8459766,0.15651016,0.27693832
3227,0,-6.360046,-5.365101,-0.5277133,-6.360046,-4.87381,-0.7072146,0.0017263021,0.0046552164,0.3710504,0.0017263021,0.0075861965,0.3302146
3228,0,-7.7308807,-7.4048834,-0.21990426,-7.7308807,-6.0132194,-0.7756395,0.00043886455,0.00060790527,0.44524443,0.00043886455,0.002440231,0.31526044
3229,1,2.8601568,0.8363933,-0.5646969,2.8601568,3.0666983,-0.8379289,0.9458413,0.69770503,0.3624614,0.9458413,0.955498,0.30197117
3230,1,1.5913055,0.34943575,-0.28081346,1.5913055,1.6665628,-0.7008152,0.8307997,0.58648074,0.43025434,0.8307997,0.841117,0.3316315
3231,1,3.0426297,0.98883295,-0.36823013,3.0426297,2.6653082,-0.839737,0.9544633,0.72885734,0.40896875,0.9544633,0.9349482,0.30159017
3232,0,0.23454219,-0.25452152,-0.5914368,0.23454219,0.13260585,-0.7049345,0.5583682,0.43671086,0.35630527,0.5583682,0.5331029,0.3307191
3233,0,-4.0056233,-3.912549,-0.5539186,-4.0056233,-3.8034298,-0.91915596,0.017887155,0.019597735,0.36495572,0.017887155,0.021807985,0.28512987
3234,1,5.681115,1.3786342,-0.3645148,5.681115,3.6489213,-0.78918195,0.9966018,0.79877156,0.4098671,0.9966018,0.9746406,0.31234434
3235,0,1.575056,-1.3224359,-0.5083413,1.575056,-1.8123527,-0.76037204,0.8285032,0.2104133,0.37558243,0.8285032,0.14035402,0.31856552
3236,1,-3.509872,-4.4563847,-0.5206224,-3.509872,-5.3542557,-0.9199357,0.029032646,0.011471127,0.37270668,0.029032646,0.0047057383,0.28497097
3237,0,-0.73884827,-1.7277869,-0.10512887,-0.73884827,-2.03385,-0.7393919,0.32325608,0.15087087,0.47374198,0.32325608,0.11569444,0.32313713
3238,0,-4.1478395,-3.5359302,-0.17322958,-4.1478395,-4.5075297,-1.0197899,0.0155528,0.028307015,0.45680058,0.0155528,0.010905423,0.26506832
3239,0,-1.588836,-1.0997398,-0.57864845,-1.588836,-1.2405834,-0.6915009,0.16954774,0.24978864,0.35924366,0.16954774,0.22433445,0.33369926
3240,1,-0.4920341,-1.7050309,0.10135412,-0.4920341,-1.6778135,-0.8625238,0.37941453,0.15380935,0.52531683,0.37941453,0.15738522,0.2968123
3241,0,-3.1870885,0.052643478,-0.5425729,-3.1870885,1.0555304,-0.8438095,0.03965451,0.51315784,0.3675893,0.03965451,0.7418355,0.30073306
3242,0,-8.197431,-6.630241,-0.55925125,-8.197431,-5.2675095,-0.69121194,0.00027528434,0.0013181054,0.36372072,0.00027528434,0.005129984,0.3337635
3243,0,-3.3418272,-3.9789586,-0.5287355,-3.3418272,-3.2093964,-0.7154964,0.034163818,0.018361652,0.37081185,0.034163818,0.038813647,0.32838547
3244,1,2.8779275,0.5291548,0.20682713,2.8779275,1.7442558,-0.76611847,0.9467445,0.62928593,0.55152327,0.9467445,0.8512268,0.31731936
3245,0,-2.838465,-0.80643225,-0.47288293,-2.838465,-1.1195937,-0.7729109,0.055280652,0.3086513,0.3839341,0.055280652,0.24608666,0.31584975
3246,1,1.1123295,-0.49798623,-0.54386365,1.1123295,0.16969913,-0.8062193,0.7525632,0.37801406,0.36728927,0.7525632,0.5423233,0.30869675
3247,0,-1.3030436,-1.3068318,-0.6012091,-1.3030436,-1.1767542,-0.753079,0.21365324,0.21301748,0.35406712,0.21365324,0.2356363,0.32015076
3248,0,-3.958727,-1.7847177,-0.58975494,-3.958727,-0.9227536,-0.79294634,0.018729893,0.14372158,0.3566911,0.018729893,0.28439718,0.31153637
3249,1,6.643978,1.9373692,-0.55254793,6.643978,4.547346,-0.71425927,0.9986998,0.8740628,0.3652735,0.9986998,0.9895158,0.32865837
3250,1,1.0916563,-1.8756628,-0.53556913,1.0916563,-2.1743376,-0.6676199,0.74869347,0.13288784,0.36921892,0.74869347,0.10207877,0.33902997
3251,1,2.849995,0.90210646,-0.5646188,2.849995,2.0945983,-0.89211303,0.9453184,0.71138215,0.36247945,0.9453184,0.89037704,0.29067397
3252,0,-0.1279118,-1.9892986,-0.5416028,-0.1279118,-3.1113656,-0.7250955,0.4680656,0.12033108,0.3678148,0.4680656,0.04264086,0.32627192
3253,0,1.3791854,0.55521727,-0.5462364,1.3791854,1.8743298,-0.8640274,0.79886013,0.63534516,0.36673805,0.79886013,0.8669585,0.2964986
3254,0,-0.07468566,-1.8924673,-0.32801825,-0.07468566,-1.3879287,-0.9634998,0.48133725,0.1309634,0.41872293,0.48133725,0.19973864,0.27617803
3255,0,-1.4132428,-1.1595486,-0.17109193,-1.4132428,-1.3983641,-0.93691164,0.19572309,0.23874931,0.45733106,0.19572309,0.19807583,0.2815246
3256,1,6.9178734,2.8685186,-0.36126304,6.9178734,6.175416,-0.8483373,0.99901104,0.9462681,0.41065383,0.99901104,0.9979243,0.29978177
3257,1,2.968656,1.8294206,-0.4306754,2.968656,4.52271,-0.7885022,0.95113784,0.8616927,0.39396507,0.95113784,0.98925704,0.31249034
3258,1,4.543231,1.0793334,-0.27986228,4.543231,3.3523736,-0.8445319,0.98947304,0.7463678,0.43048757,0.98947304,0.9661825,0.3005812
3259,0,0.5669128,0.39879358,-0.276519,0.5669128,1.89077,-0.9705827,0.6380505,0.5983978,0.4313074,0.6380505,0.86884326,0.27476436
3260,1,1.4229144,-0.4989242,-0.46138042,1.4229144,-0.12103763,-0.86670035,0.80579484,0.37779352,0.3866584,0.80579484,0.4697775,0.29594135
3261,1,6.31287,1.3200166,-0.5096501,6.31287,4.027612,-0.6839241,0.99819046,0.78918445,0.37527555,0.99819046,0.98249507,0.33538607
3262,1,-4.7933187,-5.388774,-0.5470114,-4.7933187,-4.0450015,-0.7329211,0.00821684,0.004546802,0.36655807,0.00821684,0.017208364,0.32455403
3263,0,4.1393023,1.5467193,-0.18507622,4.1393023,3.7762046,-1.0180429,0.98431593,0.8244394,0.45386255,0.98431593,0.97760355,0.26540878
3264,0,-3.9251769,-1.4313298,-0.5943602,-3.9251769,-1.3421819,-0.7679069,0.019356573,0.19289157,0.35563505,0.019356573,0.20715147,0.31693205
3265,0,-4.0280743,-4.211608,-0.5248325,-4.0280743,-3.7913632,-0.74245894,0.017496996,0.014606019,0.37172297,0.017496996,0.022066884,0.3224667
3266,1,-1.348271,-0.3704694,-0.5512367,-1.348271,-0.06137395,-0.8567653,0.20615318,0.4084276,0.36557755,0.20615318,0.4846613,0.29801562
3267,0,3.3317444,-0.7196338,-0.2932286,3.3317444,-0.7251394,-0.73001343,0.9655019,0.3274736,0.42721364,0.9655019,0.32626227,0.3251918
3268,0,-2.9933805,-5.30087,-0.53532976,-2.9933805,-4.28936,-0.7784399,0.047725815,0.004962504,0.3692747,0.047725815,0.0135281775,0.31465623
3269,1,1.0413129,-2.0599914,-0.45938027,1.0413129,-3.1401968,-0.80758643,0.7391033,0.113046706,0.38713282,0.7391033,0.041479293,0.30840504
3270,1,3.7455206,0.5921927,-0.440921,3.7455206,1.6930522,-0.98614496,0.97692186,0.6438681,0.39152154,0.97692186,0.8446251,0.2716742
3271,1,5.5438757,1.2810125,-0.49505082,5.5438757,3.819876,-0.7439376,0.9961039,0.78262204,0.37870446,0.9961039,0.97854006,0.32214367
3272,1,4.2177663,0.6260812,-0.54565394,4.2177663,2.3005283,-0.7131364,0.98548234,0.65160036,0.3668733,0.98548234,0.90892076,0.32890618
3273,0,4.7672377,0.5571648,-0.49892285,4.7672377,2.0039222,-0.72189975,0.9915679,0.63579625,0.37779385,0.9915679,0.88120824,0.32697478
3274,0,-0.7210263,-0.13020197,-0.56431633,-0.7210263,0.030287743,-0.805195,0.32716703,0.46749544,0.3625493,0.32716703,0.50757134,0.30891538
3275,0,1.5099266,-0.35430998,-0.57742393,1.5099266,0.13797116,-0.7348237,0.8190504,0.41233766,0.35952556,0.8190504,0.5344382,0.3241371
3276,1,4.1341944,1.6084234,-0.49548143,4.1341944,4.171957,-0.79880077,0.9842369,0.83319235,0.37860313,0.9842369,0.98481214,0.31028208
3277,1,2.492878,0.927451,-0.57696795,2.492878,2.4936566,-0.8357781,0.9236411,0.71655786,0.35963055,0.9236411,0.9236959,0.3024247
3278,0,-2.6440377,-1.3073673,-0.6012156,-2.6440377,-1.1969967,-0.78272235,0.06635744,0.21292773,0.35406563,0.06635744,0.23200992,0.31373346
3279,0,-4.451292,-4.015759,-0.40665555,-4.451292,-4.326838,-0.8387076,0.011529019,0.017709967,0.39971432,0.011529019,0.01303704,0.30180702
3280,1,0.8091537,0.90217054,-0.45336103,0.8091537,2.5247169,-0.9181526,0.6919291,0.7113953,0.38856196,0.6919291,0.9258565,0.28533444
3281,0,-6.5266037,-4.4336195,-0.43733808,-6.5266037,-4.4598026,-0.83487165,0.0014618294,0.011732165,0.3923754,0.0014618294,0.0114324335,0.30261597
3282,0,-2.4686193,-2.6907792,-0.58811677,-2.4686193,-2.6563776,-0.9026542,0.07808757,0.06351966,0.35706708,0.07808757,0.06559701,0.28850538
3283,1,4.5171824,0.9351107,-0.5603884,4.5171824,2.4934418,-0.7859438,0.98919827,0.71811104,0.36345756,0.98919827,0.9236807,0.3130403
3284,1,3.8186293,1.7930372,-0.5103866,3.8186293,4.308012,-0.8075192,0.9785139,0.85729927,0.3751029,0.9785139,0.9867185,0.3084194
3285,0,-0.5095767,-2.3417203,-0.38913417,-0.5095767,-2.0785918,-0.8256986,0.37529278,0.08772614,0.40392575,0.37529278,0.111195065,0.30455536
3286,0,0.22010012,-2.0402598,-0.14478159,0.22010012,-3.16689,-0.8829305,0.55480397,0.11504027,0.46386772,0.55480397,0.040430903,0.2925709
3287,1,2.948441,-0.27620977,-0.33537152,2.948441,0.542759,-0.7500386,0.95018977,0.43138325,0.41693422,0.95018977,0.632454,0.3208129
3288,1,-0.00029430538,-2.3692877,-0.43825734,-0.00029430538,-3.1023545,-0.80778635,0.49992645,0.08554484,0.39215627,0.49992645,0.043010242,0.30836242
3289,0,0.72822773,-0.17313254,-0.43110022,0.72822773,0.1580548,-0.8283292,0.67441624,0.45682466,0.39386365,0.67441624,0.5394317,0.30399847
3290,1,4.836352,2.4562612,0.021565914,4.836352,5.665058,-0.69318163,0.99212646,0.9210181,0.50539124,0.99212646,0.99654704,0.33332568
3291,0,-5.3133917,-4.8506,-0.53927726,-5.3133917,-5.329057,-0.8287122,0.004901055,0.0077629485,0.36835575,0.004901055,0.0048252433,0.30391744
3292,0,-1.1705753,-2.6188207,-0.46836948,-1.1705753,-2.7049217,-0.63700557,0.23675103,0.06793693,0.38500226,0.23675103,0.06268356,0.34592375
3293,0,-2.1324146,-0.24729457,-0.40563083,-2.1324146,-0.16385016,-0.9640774,0.10598598,0.43848953,0.39996025,0.10598598,0.4591289,0.27606258
3294,1,0.13107964,-1.0242704,-0.22053656,0.13107964,-1.0770581,-0.88548267,0.53272307,0.26419643,0.44508824,0.53272307,0.25406316,0.2920429
3295,0,1.2728527,-0.926283,-0.42453262,1.2728527,-0.76719195,-0.974977,0.7812307,0.28367943,0.39543262,0.7812307,0.31708688,0.27388957
3296,0,-3.420545,-2.9494836,-0.12022762,-3.420545,-4.942365,-0.9377899,0.031659514,0.049760923,0.4699792,0.031659514,0.0070871105,0.28134698
3297,0,2.6307707,1.0979468,-0.60819155,2.6307707,3.6119375,-0.9415474,0.9328159,0.7498752,0.35247186,0.9328159,0.97371036,0.28058785
3298,1,6.8022156,2.111995,-0.31093878,6.8022156,5.3291936,-0.82684445,0.99889,0.89206356,0.42288563,0.99889,0.99517536,0.3043127
3299,0,-2.903704,-3.5749056,-0.1531547,-2.903704,-4.6808786,-1.0935993,0.051970772,0.027254451,0.46178597,0.051970772,0.009185705,0.2509411
3300,1,5.210807,2.4107714,-0.14620331,5.210807,5.7280006,-0.981426,0.99457234,0.91764504,0.46351412,0.99457234,0.996757,0.2726089
3301,1,3.7790089,1.8977087,-0.57692915,3.7790089,4.491021,-0.84845585,0.977665,0.86963195,0.3596395,0.977665,0.988915,0.29975688
3302,0,-1.7857759,-0.8410492,-0.5232084,-1.7857759,-0.34269863,-0.7836635,0.14359139,0.30131385,0.37210232,0.14359139,0.41515407,0.31353083
3303,1,5.202127,2.5511603,0.018470457,5.202127,5.81335,-0.8638821,0.9945253,0.9276514,0.50461745,0.9945253,0.9970215,0.29652888
3304,0,3.9390817,0.03812225,-0.42601797,3.9390817,1.1482068,-0.7417027,0.98090565,0.5095294,0.3950776,0.98090565,0.7591832,0.32263193
3305,1,3.9371018,-0.15636802,-0.30822173,3.9371018,0.6813193,-0.763046,0.98086846,0.46098745,0.42354882,0.98086846,0.6640331,0.3179853
3306,1,4.9364595,0.69071054,-0.46343598,4.9364595,2.387204,-0.7622732,0.9928712,0.666125,0.38617104,0.9928712,0.9158463,0.31815293
3307,1,3.5622728,0.7839606,-0.28810313,3.5622728,2.8540814,-0.95003384,0.9724086,0.68653303,0.42846835,0.9724086,0.9455293,0.278878
3308,0,-6.160712,-4.9306936,-0.5254057,-6.160712,-3.7561388,-0.7837466,0.0021063045,0.007169716,0.37158906,0.0021063045,0.02283996,0.31351298
3309,1,5.1186695,1.9038206,-0.46745014,5.1186695,3.7355473,-0.727944,0.99405164,0.87032336,0.38521993,0.99405164,0.97669595,0.32564607
3310,1,-3.4410036,-3.652175,-0.5481399,-3.4410036,-2.8122263,-0.7796534,0.03103829,0.025279056,0.36629608,0.03103829,0.056667052,0.3143946
3311,0,1.776267,1.1666998,-0.53039104,1.776267,3.5725684,-0.7676649,0.8552353,0.76254797,0.37042567,0.8552353,0.9726835,0.31698444
3312,0,-1.4567921,-1.5256199,-0.5113584,-1.4567921,-1.9974648,-0.84435064,0.18895845,0.17863545,0.37487513,0.18895845,0.119469374,0.30061927
3313,0,-3.3126721,-0.3834172,-0.5648931,-3.3126721,0.8257463,-0.76739967,0.03513901,0.405303,0.36241606,0.03513901,0.6954548,0.31704187
3314,0,2.239988,-0.35359666,-0.45325196,2.239988,0.11074257,-0.9498426,0.90378344,0.41251054,0.38858786,0.90378344,0.52765733,0.27891648
3315,0,-5.513287,-4.0862303,-0.46591887,-5.513287,-3.7550864,-0.7442168,0.004016631,0.016524797,0.38558266,0.004016631,0.02286346,0.32208273
3316,1,5.8665576,1.563565,-0.14580834,5.8665576,3.720986,-0.8756191,0.99717534,0.8268643,0.46361238,0.99717534,0.97636217,0.29408643
3317,0,-3.8622515,-0.9547472,-0.61055434,-3.8622515,-0.6303014,-0.8204254,0.020587848,0.27793112,0.3519328,0.020587848,0.34744218,0.3056734
3318,1,5.7792544,0.84528697,-0.17706403,5.7792544,2.7605712,-0.71648085,0.99691856,0.69957757,0.4558493,0.99691856,0.9405076,0.3281684
3319,0,-6.538246,-5.101089,-0.11403166,-6.538246,-5.3752127,-0.8274735,0.0014449332,0.006053246,0.47152293,0.0014449332,0.004608596,0.30417955
3320,1,3.6486154,-0.53849316,-0.2805494,3.6486154,-0.2912881,-0.696887,0.97463316,0.3685382,0.4303191,0.97463316,0.42768854,0.33250278
3321,1,2.9783409,0.7328956,-0.5344775,2.9783409,2.7760832,-0.8482422,0.95158595,0.6754404,0.3694732,0.95158595,0.94136965,0.29980174
3322,1,5.8274236,1.7515043,-0.27139947,5.8274236,4.2177496,-0.7779144,0.997063,0.85214245,0.43256354,0.997063,0.9854821,0.31476957
3323,1,2.0839365,2.5733886,-0.6250652,2.0839365,5.6810045,-0.7994019,0.88933206,0.9291291,0.34863034,0.88933206,0.99660146,0.31015348
3324,1,2.6652937,0.7943889,-0.5467757,2.6652937,2.374831,-0.79604304,0.93494743,0.6887729,0.3666128,0.93494743,0.9148878,0.3108726
3325,0,-4.051836,-4.634478,-0.40620542,-4.051836,-3.696581,-0.82789654,0.01709316,0.009617775,0.39982235,0.01709316,0.024207655,0.30409
3326,0,-7.5038342,-5.239669,-0.54433334,-7.5038342,-3.9155657,-0.83397794,0.0005506644,0.005274049,0.3671801,0.0005506644,0.019539855,0.3028046
3327,1,3.4268055,0.030359507,-0.4979154,3.4268055,0.429399,-0.72489566,0.9685318,0.5075893,0.3780307,0.9685318,0.6057302,0.32631585
3328,1,1.3341485,1.498363,-0.4668867,1.3341485,4.197394,-0.9481273,0.791526,0.8173302,0.38535336,0.791526,0.985188,0.2792616
3329,0,-4.315501,-4.7779627,-0.55240554,-4.315501,-5.0848255,-0.8124651,0.0131837195,0.008342931,0.3653065,0.0131837195,0.006151887,0.30736545
3330,0,-6.157111,-6.3035297,-0.4217991,-6.157111,-4.790009,-0.7303809,0.0021138862,0.0018264924,0.39608634,0.0021138862,0.008243856,0.32511115
3331,1,3.766202,1.1851032,-0.49197024,3.766202,3.0400379,-0.7919871,0.9773835,0.76586413,0.37942958,0.9773835,0.9543505,0.31174216
3332,0,-1.9880414,-2.7719464,-0.5869638,-1.9880414,-2.7268867,-0.6823721,0.12046422,0.0588591,0.3573318,0.12046422,0.061405353,0.3357321
3333,0,5.5985985,1.8096006,-0.43504664,5.5985985,4.6377144,-0.74926513,0.99631065,0.8593136,0.3929219,0.99631065,0.990413,0.32098144
3334,1,3.9735303,0.569632,-0.476385,3.9735303,1.9463655,-0.75332177,0.98154026,0.63867825,0.3831061,0.98154026,0.87504977,0.32009792
3335,1,3.6765146,0.79849803,-0.49110746,3.6765146,2.1104436,-0.64678264,0.97531384,0.6896531,0.37963274,0.97531384,0.89191407,0.34371492
3336,0,-3.3246672,-3.401383,-0.41381323,-3.3246672,-2.668066,-0.8006806,0.034734584,0.03225227,0.39799812,0.034734584,0.06488421,0.30987993
3337,1,4.515114,0.06274895,-0.48190168,4.515114,0.8045717,-0.74222445,0.9891761,0.5156821,0.38180315,0.9891761,0.6909516,0.3225179
3338,1,4.524946,-0.280859,-0.29069096,4.524946,0.5491446,-0.7541561,0.9892809,0.4302432,0.4278347,0.9892809,0.63393706,0.31991637
3339,1,-3.757193,-4.84006,-0.5602172,-3.757193,-4.3280535,-0.71683943,0.02281644,0.007844554,0.3634972,0.02281644,0.0130214095,0.32808936
3340,0,-5.2771773,-4.3564653,-0.49641177,-5.2771773,-5.4179783,-0.7092607,0.005080878,0.012661272,0.37838426,0.005080878,0.0044165137,0.32976222
3341,0,1.4679093,-0.99378276,-0.4855509,1.4679093,-1.361643,-0.89474964,0.81273943,0.27016556,0.3809422,0.81273943,0.20397343,0.29013065
3342,1,4.5426803,1.2602599,-0.53631955,4.5426803,3.831461,-0.78432506,0.9894673,0.77907085,0.36904413,0.9894673,0.978782,0.31338847
3343,0,-4.3979325,-5.4411983,-0.57435125,-4.3979325,-4.9450164,-0.7339721,0.012153231,0.004315581,0.3602334,0.012153231,0.0070684794,0.32432368
3344,1,3.6888876,0.07424638,-0.47192365,3.6888876,1.031843,-0.7960655,0.9756099,0.5185531,0.38416103,0.9756099,0.737273,0.3108678
3345,0,3.771679,1.1457493,-0.45001823,3.771679,3.4640598,-0.8516189,0.9775044,0.7587337,0.38935643,0.9775044,0.96964765,0.29909337
3346,0,-6.0523996,-4.8909807,-0.517802,-6.0523996,-3.8865814,-0.8062844,0.0023466907,0.0074580098,0.37336633,0.0023466907,0.020102939,0.30868283
3347,1,0.81760913,0.36211008,-0.5372973,0.81760913,1.6163019,-0.8044809,0.6937286,0.58955115,0.36881652,0.6937286,0.8342845,0.30906785
3348,0,3.4733393,0.32972538,-0.021951675,3.4733393,1.3628213,-0.84566665,0.9699196,0.5816926,0.4945123,0.9699196,0.79621786,0.30034268
3349,0,1.1072234,-1.4378297,-0.54495335,1.1072234,-1.6171565,-0.77273405,0.75161105,0.19188164,0.36703607,0.75161105,0.16559741,0.315888
3350,0,-4.4088745,-5.4724984,-0.38797826,-4.4088745,-4.608568,-0.83185804,0.012022565,0.0041831513,0.4042041,0.012022565,0.009867735,0.30325234
3351,0,-2.9679108,-4.4170284,-0.54763937,-2.9679108,-2.7987707,-0.77531445,0.048896793,0.011926098,0.36641222,0.048896793,0.05739064,0.3153306
3352,0,3.0869107,-0.40385115,-0.53943276,3.0869107,0.2610407,-0.73083925,0.9563496,0.4003874,0.3683195,0.9563496,0.5648921,0.32501057
3353,0,3.1899695,0.30002272,-0.0036834925,3.1899695,1.336599,-0.95078605,0.96045506,0.5744481,0.49907914,0.96045506,0.7919301,0.27872676
3354,1,0.7944152,1.6576893,-0.51807016,0.7944152,4.2221956,-0.8308091,0.6887786,0.8399276,0.3733036,0.6887786,0.9855456,0.303474
3355,1,-2.1677682,-2.8504262,-0.43617475,-2.1677682,-2.2730803,-0.8803468,0.102682486,0.054659292,0.3926528,0.102682486,0.093377106,0.29310593
3356,0,-2.065652,0.25171846,-0.5277482,-2.065652,1.1706585,-0.7098166,0.11248037,0.5625994,0.37104222,0.11248037,0.763264,0.32963938
3357,0,2.8685558,0.7341175,-0.5800972,2.8685558,2.3911688,-0.7045466,0.94627,0.6757082,0.35891023,0.94627,0.91615134,0.33080497
3358,1,5.1684895,0.9484169,-0.53542763,5.1684895,2.1521854,-0.722522,0.99433905,0.7207967,0.36925188,0.99433905,0.8958728,0.32683787
3359,1,3.7865613,1.2227654,-0.53040296,3.7865613,3.196622,-0.69531196,0.9778292,0.7725498,0.37042293,0.9778292,0.96070695,0.33285245
3360,1,4.442807,-0.7987557,0.31293413,4.442807,0.28486627,-0.7727665,0.9883739,0.31029177,0.5776013,0.9883739,0.57073885,0.31588095
3361,1,4.144129,1.832426,-0.5091853,4.144129,4.796634,-0.80350983,0.9843903,0.8620505,0.3753845,0.9843903,0.99181014,0.3092752
3362,0,1.0510623,-0.12446886,-0.55420864,1.0510623,0.79106855,-0.73673373,0.74097884,0.46892285,0.36488855,0.74097884,0.68806076,0.3237188
3363,1,-4.222911,-2.9831522,-0.49704388,-4.222911,-2.080585,-0.796034,0.014444227,0.048192833,0.37823564,0.014444227,0.11099822,0.31087452
3364,0,-3.7531662,0.13833305,-0.64366424,-3.7531662,1.101194,-0.6775809,0.022906398,0.5345282,0.3444187,0.022906398,0.75048375,0.3368014
3365,0,2.371038,0.75555056,-0.4774527,2.371038,2.1365454,-0.8407873,0.91459197,0.68038696,0.38285384,0.91459197,0.89440477,0.301369
3366,1,3.0385103,1.6705718,-0.53876686,3.0385103,3.4799902,-0.7180455,0.9542839,0.84165204,0.3684745,0.9542839,0.97011304,0.32782352
3367,0,2.5278955,-1.1423678,0.13781925,2.5278955,-1.6803516,-0.9730848,0.9260744,0.2418859,0.5344004,0.9260744,0.15704891,0.27426606
3368,1,2.3982868,-0.98344624,-0.44242942,2.3982868,-0.96457505,-0.80591977,0.9166966,0.2722085,0.39116225,0.9166966,0.27596313,0.30876067
3369,0,-3.7990344,-3.4218698,-0.31177747,-3.7990344,-3.1722357,-0.72720027,0.021901948,0.031618927,0.42268094,0.021901948,0.040224012,0.32580942
3370,1,6.078278,1.5691892,-0.16466695,6.078278,4.20749,-0.8989591,0.9977131,0.827668,0.45892602,0.9977131,0.98533463,0.28926447
3371,0,-0.5672508,-1.1532041,-0.20991446,-0.5672508,-1.4855189,-1.0685484,0.36187142,0.23990433,0.44771326,0.36187142,0.18459527,0.25567922
3372,0,-6.6804533,-6.8324842,-0.20555358,-6.6804533,-5.962431,-0.97805566,0.0012536353,0.0010770151,0.4487918,0.0012536353,0.0025670412,0.27327776
3373,0,1.2813814,1.2931175,-0.6212961,1.2813814,3.6905146,-0.7932998,0.78268486,0.7846744,0.34948674,0.78268486,0.9756486,0.31146055
3374,1,3.6301403,0.9032842,-0.261656,3.6301403,2.6626906,-0.8734854,0.97417223,0.7116239,0.4349567,0.97417223,0.9347888,0.2945296
3375,1,3.1739697,-1.6446986,-0.4511822,3.1739697,-1.3945707,-0.8996444,0.95984286,0.16182673,0.38907972,0.95984286,0.19867906,0.2891236
3376,0,4.758213,-0.033841997,0.17640263,4.758213,1.0859612,-0.8255639,0.9914921,0.49154034,0.5439866,0.9914921,0.74762046,0.30458388
3377,1,3.8332567,2.336504,-0.41828144,3.8332567,5.8643837,-0.7912933,0.9788193,0.91185546,0.39692807,0.9788193,0.9971693,0.31189102
3378,1,3.4592206,0.55343723,-0.24569379,3.4592206,1.6844673,-0.9346874,0.9695049,0.6349327,0.43888366,0.9695049,0.84349513,0.2819747
3379,1,5.6248493,1.3650179,-0.24912001,5.6248493,3.7986631,-0.7283144,0.99640584,0.79657406,0.4380401,0.99640584,0.97809005,0.32556474
3380,0,-6.0983477,-4.603355,-0.48719546,-6.0983477,-4.109933,-0.73738486,0.002241541,0.0099188015,0.38055447,0.002241541,0.01614397,0.32357627
3381,0,-4.3039274,-3.4850097,-0.5535835,-4.3039274,-4.269963,-0.7114109,0.013335144,0.029741772,0.36503342,0.013335144,0.0137894945,0.32928714
3382,1,5.7489796,1.5983284,-0.5298463,5.7489796,4.311192,-0.79003775,0.99682415,0.83178467,0.37055272,0.99682415,0.98676,0.31216058
3383,1,7.0073214,0.3492109,-0.3632276,7.0073214,2.0340407,-0.77482843,0.99909556,0.5864262,0.41017848,0.99909556,0.884325,0.31543553
3384,0,-0.08417314,-4.0368357,-0.4979196,-0.08417314,-2.9424882,-0.7760991,0.47896913,0.017347014,0.37802967,0.47896913,0.05009274,0.31516123
3385,1,5.3827114,-0.2841024,-0.31074345,5.3827114,0.45256215,-0.77901405,0.99542564,0.4294483,0.4229333,0.99542564,0.6112482,0.31453243
3386,1,2.0815852,1.6393374,0.056108832,2.0815852,4.3875465,-0.617803,0.8891004,0.8374448,0.51402354,0.8891004,0.9877215,0.3502813
3387,0,-6.550276,-6.8687067,-0.5958478,-6.550276,-5.8025684,-0.7743278,0.00142768,0.0010387409,0.35529423,0.00142768,0.003010697,0.31554365
3388,1,0.8698637,1.541276,-0.39214432,0.8698637,3.3762393,-0.74489033,0.7047173,0.8236501,0.40320122,0.7047173,0.96695364,0.32193568
3389,1,0.07856521,-0.18499209,-0.13108873,0.07856521,0.35713702,-0.8584416,0.5196312,0.4538834,0.46727467,0.5196312,0.5883472,0.29766503
3390,0,2.2401989,-1.3049848,-0.33087838,2.2401989,-1.6591837,-0.82361495,0.90380174,0.21332727,0.41802692,0.90380174,0.1598716,0.30499685
3391,0,-1.4861062,-0.7082749,-0.69510376,-1.4861062,-0.42798853,-0.8934194,0.1845069,0.32998013,0.33289868,0.1845069,0.39460677,0.29040468
3392,0,-3.2260737,-0.326166,-0.5894865,-3.2260737,0.6105304,-0.73473847,0.03819622,0.41917378,0.35675266,0.03819622,0.64806175,0.32415578
3393,0,-2.665437,-2.9216514,-0.35149124,-2.665437,-3.571545,-0.839869,0.065043904,0.05109358,0.41302085,0.065043904,0.027343694,0.30156237
3394,1,1.7788984,-0.2969929,-0.55574656,1.7788984,0.20052326,-0.7086183,0.8555607,0.42629278,0.3645322,0.8555607,0.5499635,0.32990423
3395,1,0.15556413,-1.2738976,-0.5311319,0.15556413,-0.89035094,-0.9151552,0.53881276,0.21859077,0.37025294,0.53881276,0.2910374,0.28594607
3396,1,0.37820604,-0.8763288,-0.6281333,0.37820604,-1.4759732,-0.8085291,0.59344035,0.2939391,0.34793395,0.59344035,0.18603641,0.30820403
3397,1,6.020859,0.32601756,-0.45784903,6.020859,1.7121044,-0.6640608,0.9975783,0.5807901,0.3874962,0.9975783,0.847109,0.339828
3398,0,-0.8148345,-0.5552604,-0.37323815,-0.8148345,-0.4263752,-0.82222444,0.30686125,0.36464483,0.4077588,0.30686125,0.39499223,0.30529168
3399,1,3.6485164,-1.292628,-0.48812652,3.6485164,-1.7590524,-0.7896585,0.97463065,0.21540831,0.380335,0.97463065,0.14690906,0.312242
3400,0,-4.713051,-0.3671944,-0.58162206,-4.713051,-0.017268717,-0.70833147,0.008897471,0.40921912,0.35855943,0.008897471,0.49568295,0.32996762
3401,0,3.2272902,-0.2782037,-0.56425935,3.2272902,0.26823676,-0.71846974,0.96184844,0.43089423,0.3625625,0.96184844,0.56666,0.32773006
3402,1,0.9504588,1.1370441,-0.44280377,0.9504588,3.343589,-0.8411227,0.72120744,0.7571365,0.39107308,0.72120744,0.9658942,0.30129838
3403,1,2.4949324,1.9751546,-0.5378573,2.4949324,5.1737237,-0.7718017,0.9237858,0.8781637,0.36868617,0.9237858,0.9943685,0.31608948
3404,1,5.13939,0.85385203,-0.31706822,5.13939,2.4871538,-0.75902164,0.9941729,0.70137453,0.4213904,0.9941729,0.9232363,0.3188587
3405,0,-5.453183,-3.924664,-0.5581971,-5.453183,-4.449168,-0.7237042,0.0042643873,0.01936631,0.36396474,0.0042643873,0.011553247,0.3265778
3406,1,2.6038318,1.1675518,-0.3169263,2.6038318,2.9894006,-0.74715686,0.9311078,0.7627022,0.421425,0.9311078,0.952093,0.3214411
3407,1,1.7813098,0.18814988,0.026509404,1.7813098,1.3921815,-0.88022053,0.8558585,0.5468992,0.50662696,0.8558585,0.8009403,0.2931321
3408,0,-5.693159,-5.0574555,-0.5645699,-5.693159,-4.0170403,-0.9105618,0.0033576216,0.0063215103,0.3624907,0.0033576216,0.017687693,0.28688487
3409,1,5.0378294,0.59229344,-0.3915172,5.0378294,2.2089665,-0.7838328,0.993554,0.6438912,0.40335214,0.993554,0.9010519,0.3134944
3410,0,-6.6339264,-5.1591663,-0.40630555,-6.6339264,-4.564653,-0.75660497,0.0013132627,0.005713655,0.3997983,0.0013132627,0.010306169,0.3193838
3411,0,-3.8403425,-1.5356898,-0.5574121,-3.8403425,-1.7827075,-0.77458596,0.021034293,0.17716272,0.36414647,0.021034293,0.14396913,0.3154879
3412,1,4.6971655,1.3189667,-0.27281064,4.6971655,3.7352235,-0.79077613,0.9909614,0.78900975,0.4322172,0.9909614,0.97668856,0.31200203
3413,1,2.0573359,0.44958705,-0.54433817,2.0573359,1.6792128,-0.66089106,0.88668674,0.61054105,0.367179,0.88668674,0.8428003,0.3405395
3414,0,-5.3836613,-5.1944513,-0.6083737,-5.3836613,-4.260176,-0.89670646,0.0045700017,0.0055166567,0.35243028,0.0045700017,0.013923222,0.28972778
3415,0,-1.1604812,-2.645722,-0.43588766,-1.1604812,-2.9146023,-0.6972116,0.23857985,0.06625318,0.39272127,0.23857985,0.05143642,0.33243075
3416,0,-0.25666922,-1.076263,-0.25750005,-0.25666922,-1.1023731,-0.87128145,0.43618265,0.25421387,0.4359783,0.43618265,0.2492955,0.29498774
3417,1,1.8763671,-0.854321,-0.6079644,1.8763671,-0.9211244,-0.8067676,0.8671933,0.2985272,0.35252368,0.8671933,0.28472885,0.30857974
3418,0,-5.133805,-3.0513654,-0.5459558,-5.133805,-3.3494432,-0.8981837,0.0058595557,0.045158565,0.36680323,0.0058595557,0.0339134,0.2894239
3419,0,4.7679443,-0.2808255,-0.39152598,4.7679443,1.0211034,-0.779974,0.99157375,0.4302514,0.40335,0.99157375,0.7351875,0.31432548
3420,1,3.551467,0.95609725,-0.35544366,3.551467,3.2079625,-0.8715606,0.9721172,0.72233975,0.41206297,0.9721172,0.9611328,0.29492968
3421,1,3.3711028,0.2992932,-0.47681284,3.3711028,1.0239583,-0.7085168,0.9667891,0.5742697,0.38300502,0.9667891,0.7357429,0.32992667
3422,1,5.123216,1.2654015,-0.33763286,5.123216,3.5021431,-0.7145488,0.9940784,0.77995455,0.41638464,0.9940784,0.97074866,0.3285945
3423,1,5.323535,1.4619764,-0.47042543,5.323535,3.7782722,-0.77602434,0.9951481,0.8118348,0.38451555,0.9951481,0.9776488,0.31517735
3424,1,2.48463,-0.41384965,-0.039952565,2.48463,-0.07118729,-0.8598622,0.92305726,0.39798942,0.49001318,0.92305726,0.48221067,0.29736814
3425,0,-4.1929145,-3.9637806,-0.4140764,-4.1929145,-4.9511404,-0.89671755,0.014877522,0.018637236,0.3979351,0.014877522,0.0070256265,0.2897255
3426,1,6.569101,1.9616206,-0.45398834,6.569101,3.8624554,-0.8928449,0.9985989,0.8767082,0.38841292,0.9985989,0.97941625,0.29052308
3427,0,0.43659842,-1.2819902,-0.5726834,0.43659842,-1.9375503,-0.8227062,0.60744816,0.21721165,0.36061788,0.60744816,0.12591723,0.30518952
3428,0,2.4036207,-0.34193376,-0.32982698,2.4036207,-0.21541977,-0.8817919,0.917103,0.4153398,0.41828272,0.917103,0.44635236,0.2928066
3429,1,3.9958303,2.1161957,-0.2573136,3.9958303,4.2098427,-0.7800771,0.98194,0.8924674,0.43602416,0.98194,0.98536855,0.31430325
3430,0,-1.3445091,0.78925174,-0.58773184,-1.3445091,1.9450977,-0.8738626,0.20676953,0.68767065,0.3571554,0.20676953,0.87491107,0.2944512
3431,1,4.0571585,0.11894345,0.27340174,4.0571585,1.0520035,-0.99115866,0.98299605,0.5297009,0.56792784,0.98299605,0.74115944,0.2706833
3432,0,-1.5645444,0.5753945,-0.55486643,-1.5645444,1.8055143,-0.7444017,0.17299552,0.640007,0.3647361,0.17299552,0.8588189,0.32204238
3433,0,5.724527,1.3038493,-0.45364013,5.724527,3.5963068,-0.7340978,0.9967457,0.7864821,0.38849565,0.9967457,0.97330725,0.32429615
3434,0,-2.393592,-2.6327827,-0.37969458,-2.393592,-2.0304322,-0.8652133,0.08366265,0.067058146,0.40620053,0.08366265,0.11604457,0.2962513
3435,0,-4.524536,-5.565292,-0.46903768,-4.524536,-4.8905435,-0.7508577,0.0107235005,0.0038138614,0.38484403,0.0107235005,0.0074612475,0.32063442
3436,0,5.064728,1.6350145,-0.5617174,5.064728,4.225794,-0.7583511,0.99372405,0.8368555,0.36315018,0.99372405,0.9855967,0.3190044
3437,0,1.2433412,0.25718462,-0.15866962,1.2433412,1.5630523,-1.0333982,0.77614504,0.5639441,0.46041557,0.77614504,0.82679087,0.26242584
3438,0,0.42181867,1.6415759,-0.57957083,0.42181867,4.0283084,-0.86190456,0.6039184,0.8377493,0.35903135,0.6039184,0.98250705,0.29694158
3439,0,2.1169097,-0.9293947,0.12039979,2.1169097,-1.4698892,-0.97587734,0.89253587,0.28304753,0.5300636,0.89253587,0.18695945,0.27371055
3440,1,-0.6455466,1.2084987,-0.5387956,-0.6455466,3.1517115,-0.69359136,0.3439938,0.77003324,0.3684678,0.3439938,0.9589761,0.33323464
3441,0,-1.3825748,-1.5822911,-0.57377815,-1.3825748,-1.3019676,-0.8933883,0.2005958,0.17047125,0.36036548,0.2005958,0.21383408,0.29041108
3442,0,-7.137718,-4.7205477,-0.6322552,-7.137718,-3.935932,-0.73885965,0.00079393224,0.008831604,0.34699935,0.00079393224,0.019153474,0.32325354
3443,1,3.838893,1.2751671,-0.2881596,3.838893,3.4082665,-0.7921829,0.97893584,0.781626,0.42845452,0.97893584,0.96796185,0.31170017
3444,1,-1.0586667,-0.5903229,-0.49595803,-1.0586667,-0.4979937,-0.70048547,0.25756434,0.35656077,0.37849098,0.25756434,0.37801227,0.3317046
3445,1,2.1368356,-0.59477973,-0.54455566,2.1368356,-0.32349473,-0.72667307,0.89443225,0.3555389,0.36712846,0.89443225,0.41982427,0.32592523
3446,1,2.5289538,-0.72800255,-0.47127318,2.5289538,-0.20800522,-0.8759961,0.9261468,0.32563323,0.38431492,0.9261468,0.44818538,0.29400817
3447,0,1.3108282,1.5357503,-0.5432472,1.3108282,3.6622212,-0.7030805,0.7876517,0.82284606,0.36743253,0.7876517,0.9749673,0.33112958
3448,1,4.149362,-0.15258543,-0.5250074,4.149362,0.6003116,-0.69453347,0.9844705,0.4619275,0.37168208,0.9844705,0.6457276,0.33302534
3449,1,2.5880306,1.8102705,-0.5275342,2.5880306,4.8383746,-0.79076374,0.93008727,0.85939455,0.37109217,0.93008727,0.9921423,0.3120047
3450,1,6.0712757,1.4506807,-0.33308473,6.0712757,3.9895906,-0.7904587,0.99769706,0.8101032,0.41749024,0.99769706,0.98182905,0.3120702
3451,1,4.8098516,0.8763919,-0.5089885,4.8098516,2.4632123,-0.74218035,0.99191684,0.706074,0.37543067,0.99191684,0.92152226,0.32252756
3452,0,-1.4465178,-1.3827524,-0.5113625,-1.4465178,-2.2053628,-0.960571,0.19053806,0.20056732,0.3748742,0.19053806,0.09926994,0.2767639
3453,1,3.7207778,1.2001617,-0.5213005,3.7207778,1.8021879,-0.8734975,0.9763574,0.7685535,0.3725482,0.9763574,0.85841507,0.29452705
3454,1,2.654116,-0.6112888,-0.35765955,2.654116,-0.37453228,-0.8195604,0.93426424,0.35176525,0.4115262,0.93426424,0.40744635,0.30585697
3455,1,-0.1991355,0.82202417,-0.22181042,-0.1991355,2.5671268,-0.89750564,0.45037997,0.69466585,0.44477364,0.45037997,0.9287157,0.28956336
3456,1,4.92426,0.37961683,-0.4022649,4.92426,1.2171181,-0.84386164,0.9927844,0.5937807,0.4007683,0.9927844,0.77155596,0.3007221
3457,0,4.4299235,-0.9925953,-0.3027745,4.4299235,-1.3644485,-0.82363576,0.98822486,0.27039975,0.4248794,0.98822486,0.20351826,0.30499244
3458,1,1.5350974,2.2879572,-0.6461266,1.5350974,5.267534,-0.7830298,0.82275087,0.9078747,0.34386295,0.82275087,0.9948702,0.31366727
3459,1,5.266629,1.646647,-0.31308228,5.266629,4.563807,-0.9287626,0.9948656,0.8384374,0.42236257,0.9948656,0.9896852,0.2831758
3460,0,0.6347778,-0.9411026,-0.5387716,0.6347778,-1.21189,-0.8059461,0.653572,0.28067765,0.3684734,0.653572,0.22936682,0.30875504
3461,0,2.9693704,-0.3659066,-0.5330234,2.9693704,0.08802295,-0.695493,0.9511711,0.4095305,0.369812,0.9511711,0.52199155,0.33281225
3462,0,-6.2160244,-6.7822533,-0.4030375,-6.2160244,-5.3946757,-0.7907783,0.0019931886,0.0011324335,0.4005828,0.0019931886,0.0045201676,0.3120016
3463,0,0.20178376,-2.6482136,-0.37411126,0.20178376,-2.8773127,-0.8044244,0.55027544,0.0660992,0.40754798,0.55027544,0.05328654,0.30907992
3464,1,3.3656588,0.39250207,-0.52119356,3.3656588,1.4912163,-0.79880166,0.9666139,0.59688485,0.37257317,0.9666139,0.81626076,0.3102819
3465,0,-2.410941,0.11037269,0.14844893,-2.410941,1.1472963,-0.8074278,0.0823422,0.5275652,0.5370442,0.0823422,0.7590167,0.3084389
3466,1,0.32031894,-1.0305868,-0.46116227,0.32031894,-1.549892,-0.86178493,0.57940197,0.26297036,0.38671017,0.57940197,0.17510186,0.29696655
3467,0,1.8937262,-0.056620955,-0.4971658,1.8937262,0.79575574,-0.80863374,0.8691798,0.48584852,0.37820694,0.8691798,0.6890659,0.30818173
3468,1,4.5837374,1.5098366,0.3431238,4.5837374,3.959919,-0.8991932,0.9898867,0.819037,0.58494914,0.9898867,0.981292,0.2892163
3469,1,4.67774,2.2911172,-0.40265608,4.67774,5.341959,-0.77751565,0.9907857,0.9081387,0.40067434,0.9907857,0.99523634,0.31485558
3470,0,-4.17927,-4.443639,-0.48990083,-4.17927,-3.2768164,-0.8870716,0.01507883,0.011616563,0.3799169,0.01507883,0.036375143,0.2917145
3471,0,1.7954178,0.7484007,-0.5842522,1.7954178,2.6007845,-0.8031354,0.8575902,0.67883015,0.35795474,0.8575902,0.9309121,0.30935526
3472,1,1.1038638,-1.2459869,-0.27986354,1.1038638,-1.3068496,-0.95432776,0.75098336,0.22339559,0.43048722,0.75098336,0.2130145,0.27801532
3473,0,0.5131501,0.95203745,-0.286797,0.5131501,2.527588,-0.98638487,0.6255446,0.7215247,0.4287882,0.6255446,0.92605335,0.27162674
3474,0,-2.975789,-1.463314,-0.5391836,-2.975789,-0.8502049,-0.665063,0.048531704,0.18796095,0.3683775,0.048531704,0.29938987,0.33960322
3475,1,5.286604,0.5526298,-0.34676543,5.286604,1.7018689,-0.8058123,0.99496657,0.6347455,0.414167,0.99496657,0.8457787,0.3087836
3476,1,2.5939612,-0.8785854,-0.23142263,2.5939612,-0.26203102,-0.96021575,0.9304719,0.293471,0.4424012,0.9304719,0.43486452,0.276835
3477,0,-2.6372733,-4.3998947,-0.47868073,-2.6372733,-4.4216585,-0.80524886,0.06677776,0.012129697,0.38256374,0.06677776,0.01187166,0.30890387
3478,1,6.7226505,0.49857026,-0.45152366,6.7226505,1.9418701,-0.6388079,0.99879813,0.62212324,0.38899857,0.99879813,0.87455744,0.3455161
3479,0,-1.1156026,-2.1152902,0.219877,-1.1156026,-2.8043451,-0.9990303,0.24682787,0.10761956,0.55474883,0.24682787,0.057089824,0.26913214
3480,1,6.264814,0.76207244,-0.14016351,6.264814,2.4208474,-0.97414434,0.99810153,0.6818035,0.46501637,0.99810153,0.91840327,0.27405524
3481,0,3.7009163,0.18234721,0.39191496,3.7009163,1.3482286,-0.89327365,0.9758946,0.5454609,0.5967436,0.9758946,0.79383993,0.29043472
3482,1,4.244372,0.8213124,-0.5408604,4.244372,2.8561983,-0.7707381,0.98585814,0.6945149,0.36798745,0.98585814,0.9456382,0.31631947
3483,0,-2.6063275,-4.321315,-0.31391844,-2.6063275,-4.8050723,-0.88848543,0.0687323,0.013108298,0.42215857,0.0687323,0.008121609,0.2914225
3484,0,-1.7969102,-3.6526797,-0.28449184,-1.7969102,-3.3743367,-0.8327829,0.1422276,0.025266623,0.42935288,0.1422276,0.033107203,0.30305696
3485,1,6.838483,1.6079712,0.09192529,6.838483,3.7102509,-0.85160184,0.99892944,0.8331295,0.52296513,0.99892944,0.97611314,0.29909694
3486,1,3.3268988,2.6786208,0.21029364,3.3268988,6.141773,-1.0026836,0.96534014,0.9357533,0.5523805,0.96534014,0.99785346,0.2684141
3487,0,2.9286256,0.42654133,-0.16726051,2.9286256,1.8113878,-0.8452747,0.9492435,0.60504746,0.45828208,0.9492435,0.8595295,0.30042502
3488,0,1.1576679,0.14514613,0.055061214,1.1576679,0.8875266,-0.91694015,0.76090866,0.53622293,0.5137618,0.76090866,0.7083795,0.28558177
3489,1,1.6699687,-0.17433453,-0.43977004,1.6699687,0.90962756,-0.76731443,0.8415717,0.45652646,0.39179578,0.8415717,0.71292394,0.31706035
3490,0,-0.63944733,1.045506,-0.5944255,-0.63944733,2.8757195,-0.9743277,0.34537148,0.739911,0.35562006,0.34537148,0.9466331,0.27401876
3491,1,4.525765,0.46384057,0.0018702671,4.525765,2.1951509,-0.8303172,0.98928946,0.61392486,0.50046754,0.98928946,0.89981323,0.303578
3492,1,2.7087226,1.9654727,-0.54163814,2.7087226,4.768428,-0.72977984,0.93753934,0.877124,0.3678066,0.93753934,0.99157774,0.32524303
3493,0,-3.2649913,-2.0545745,-0.5514666,-3.2649913,-1.7699914,-0.9505755,0.036791917,0.11359097,0.3655242,0.036791917,0.1455434,0.2787691
3494,0,0.4919474,-0.5595556,-0.47695708,0.4919474,-0.28616935,-0.79882723,0.6205651,0.3636503,0.38297096,0.6205651,0.42894194,0.31027645
3495,0,-1.4031743,-1.9195035,-0.2666021,-1.4031743,-2.6511235,-0.9443655,0.19731288,0.12791695,0.43374145,0.19731288,0.065919794,0.28001937
3496,0,-7.328393,-7.1537056,-0.57529235,-7.328393,-5.5366282,-0.7486629,0.0006561971,0.00078135007,0.36001652,0.0006561971,0.0039243274,0.32111272
3497,0,2.3085034,-0.32230848,-0.55554765,2.3085034,0.43205398,-0.7201171,0.9095788,0.42011327,0.36457828,0.9095788,0.606364,0.3273672
3498,0,-0.62550426,-0.9516828,-0.51664376,-0.62550426,-0.9157821,-0.8609664,0.34853062,0.2785465,0.3736374,0.34853062,0.2858181,0.29713747
3499,0,0.88381207,-2.7184613,-0.4906548,0.88381207,-3.5002031,-0.7453916,0.7076115,0.061892744,0.3797393,0.7076115,0.029306453,0.32182628
3500,0,-4.16613,-0.26135534,-0.55881745,-4.16613,0.20567265,-0.82670814,0.015275223,0.4350306,0.36382115,0.015275223,0.55123764,0.30434155
3501,1,6.323555,0.86905503,-0.28282845,6.323555,2.3380954,-0.84775144,0.9982097,0.704549,0.42976046,0.9982097,0.9119834,0.29990476
3502,1,4.781399,1.0797606,-0.28847408,4.781399,3.1081543,-0.8457472,0.9916855,0.74644864,0.42837748,0.9916855,0.9572279,0.30032575
3503,0,-2.7643433,-1.055039,-0.349485,-2.7643433,-0.9023487,-0.89745957,0.059281692,0.25825864,0.4135073,0.059281692,0.28856808,0.28957283
3504,0,2.9110203,1.0238721,-0.5516516,2.9110203,2.8420012,-0.7272177,0.94838846,0.7357261,0.36548135,0.94838846,0.94490373,0.32580557
3505,1,1.7593955,1.3543072,-0.3278978,1.7593955,3.7138748,-0.8956066,0.8531339,0.79483294,0.41875222,0.8531339,0.97619754,0.2899542
3506,0,-6.466496,-6.886335,-0.022621538,-6.466496,-5.5944576,-0.96555036,0.0015522505,0.0010206087,0.49434486,0.0015522505,0.0037046403,0.2757683
3507,0,3.4644256,-0.99408865,-0.23976278,3.4644256,-1.2892627,-0.6708145,0.96965843,0.27010524,0.44034484,0.96965843,0.21597764,0.3383145
3508,1,0.04766713,0.23710957,-0.5469399,0.04766713,1.4285505,-0.8762604,0.5119145,0.5590012,0.36657465,0.5119145,0.8066753,0.2939533
3509,0,-3.3343377,-4.1081486,-0.4678658,-3.3343377,-3.478498,-0.78028774,0.034411807,0.016172338,0.3851215,0.034411807,0.02993026,0.31425786
3510,1,3.450045,2.490397,-0.3589775,3.450045,6.2063184,-0.78212786,0.96923244,0.9234659,0.41120708,0.96923244,0.9979874,0.31386146
3511,0,-5.347917,-4.717344,-0.53492135,-5.347917,-4.817153,-0.7477081,0.004735519,0.008859694,0.36936978,0.004735519,0.008024867,0.32132092
3512,1,6.0150404,2.064993,-0.3144498,6.0150404,4.7867274,-0.8189972,0.9975642,0.88745385,0.42202896,0.9975642,0.9917292,0.30597657
3513,1,2.4103057,-0.30075854,-0.515307,2.4103057,0.46282268,-0.7686012,0.9176098,0.42537203,0.37395027,0.9176098,0.6136836,0.3167818
3514,1,4.288378,2.0720394,-0.51651776,4.288378,3.8174613,-0.7543913,0.9864587,0.88815564,0.37366682,0.9864587,0.9784894,0.31986523
3515,1,-1.7238631,-0.2480915,-0.51257944,-1.7238631,0.5586537,-0.73589206,0.15137424,0.4382933,0.37458903,0.15137424,0.636141,0.32390308
3516,0,-3.132371,-2.2017424,-0.61651325,-3.132371,-2.008891,-0.71900177,0.04179156,0.09959413,0.3505749,0.04179156,0.11827257,0.32761285
3517,0,-2.5613651,-3.2114623,-0.36584008,-2.5613651,-3.7162778,-0.8933519,0.071666665,0.03873665,0.40954655,0.071666665,0.023746716,0.2904186
3518,0,-5.229817,-5.4661975,-0.5434178,-5.229817,-4.916973,-0.699082,0.005325987,0.004209481,0.36739287,0.005325987,0.007268047,0.33201578
3519,0,1.6418841,1.7263236,-0.55347466,1.6418841,4.2327003,-0.70636505,0.8377911,0.84894156,0.36505863,0.8377911,0.98569447,0.33040255
3520,0,1.0082457,0.21277273,-0.20704977,1.0082457,1.4017284,-0.7305828,0.7326767,0.5529934,0.44842166,0.7326767,0.802458,0.32506683
3521,1,4.914668,2.0488248,-0.39870718,4.914668,5.2548037,-0.7446146,0.9927153,0.88582885,0.401623,0.9927153,0.9948048,0.32199585
3522,0,-4.0860763,-1.5189297,-0.6478403,-4.0860763,-1.8179512,-0.7251166,0.0165273,0.17961918,0.34347638,0.0165273,0.1396799,0.32626727
3523,0,-3.4945254,-3.657147,-0.15201208,-3.4945254,-3.2288861,-1.0531871,0.0294684,0.025156837,0.46207,0.0294684,0.038093038,0.25861356
3524,1,6.521062,1.7398165,-0.4662251,6.521062,4.072622,-0.7705562,0.99853003,0.8506638,0.38551015,0.99853003,0.98325264,0.3163588
3525,0,-2.5389676,-1.9105585,-0.2998761,-2.5389676,-2.3887458,-0.9645445,0.07317115,0.12891811,0.42558777,0.07317115,0.08403491,0.27596924
3526,1,2.3366008,0.16544077,-0.37504604,2.3366008,1.5222859,-0.8056229,0.9118633,0.5412661,0.40732226,0.9118633,0.82087487,0.30882403
3527,1,1.0461005,0.7273608,-0.48391664,1.0461005,2.2260153,-0.7320637,0.7400254,0.67422587,0.3813277,0.7400254,0.90256155,0.32474202
3528,0,1.4709748,-0.5903229,-0.4478878,1.4709748,-0.4979937,-0.81088114,0.8132055,0.35656077,0.3898631,0.8132055,0.37801227,0.30770275
3529,0,-6.3408756,-6.4219995,-0.44949657,-6.3408756,-5.7662296,-0.768397,0.0017596561,0.0016227653,0.38948047,0.0017596561,0.0031217665,0.31682596
3530,1,2.8312366,0.70071524,-0.5297894,2.8312366,2.41111,-0.8953662,0.94434065,0.66834635,0.370566,0.94434065,0.91767055,0.2900037
3531,1,5.6594906,0.97150934,-0.38037932,5.6594906,2.6980734,-0.741765,0.99652785,0.72542024,0.40603545,0.99652785,0.93691283,0.3226183
3532,1,4.1282077,0.1777893,-0.19109187,4.1282077,0.710161,-0.89480543,0.98414373,0.5443306,0.4523719,0.98414373,0.6704367,0.29011914
3533,0,0.66536427,-2.7255354,-0.0018623546,0.66536427,-3.3056915,-0.8736074,0.66046435,0.061483283,0.49953446,0.66046435,0.035376452,0.29450423
3534,1,2.2805665,-0.9826292,-0.2661597,2.2805665,-0.55265385,-0.7963257,0.90725476,0.2723704,0.4338501,0.90725476,0.3652489,0.31081203
3535,0,1.3768415,0.8592754,-0.49692953,1.3768415,2.4200346,-1.0122132,0.79848325,0.7025092,0.3782625,0.79848325,0.9183423,0.26654693
3536,1,5.7916484,2.332703,-0.39615953,5.7916484,5.318697,-0.8488195,0.99695635,0.9115495,0.4022354,0.99695635,0.99512476,0.29968053
3537,0,-3.7863948,-4.191516,-0.3682273,-3.7863948,-3.4169707,-0.8019979,0.022174358,0.014898033,0.40896946,0.022174358,0.031769276,0.30959833
3538,1,2.3885999,0.075345874,-0.48310465,2.3885999,0.80206937,-0.7139907,0.9159539,0.51882756,0.3815193,0.9159539,0.690417,0.32871765
3539,0,-0.084774464,1.6929481,-0.47771525,-0.084774464,4.5498223,-0.68793905,0.4788191,0.8446114,0.3827918,0.4788191,0.9895415,0.3344917
3540,0,-2.2165196,0.07645205,-0.51959246,-2.2165196,0.87747735,-0.8402395,0.0982768,0.5191037,0.37294757,0.0982768,0.7062992,0.30148435
3541,1,4.564609,0.72357196,-0.48690432,4.564609,2.129361,-0.8003415,0.98969334,0.6733931,0.3806231,0.98969334,0.8937243,0.30995247
3542,0,0.53044945,-2.2434406,-0.23369539,0.53044945,-3.3217402,-0.8347113,0.6295879,0.09591676,0.4418406,0.6295879,0.034832858,0.30264983
3543,0,-4.791888,-2.157165,-0.5546519,-4.791888,-2.1722324,-1.0239367,0.008228506,0.10366357,0.3647858,0.008228506,0.10227189,0.2642613
3544,1,0.23001784,2.277554,-0.5663376,0.23001784,5.709767,-0.7351048,0.5572522,0.90700096,0.36208236,0.5572522,0.99669755,0.32407552
3545,1,3.478995,0.7594619,-0.45268375,3.478995,2.4390564,-0.97380143,0.9700842,0.68123686,0.3887229,0.9700842,0.91975754,0.27412343
3546,0,-7.370294,-6.8478684,-0.55503345,-7.370294,-6.0463133,-0.8038074,0.00062928675,0.0010605904,0.36469743,0.00062928675,0.0023609833,0.30921167
3547,0,-4.021608,-4.9193354,-0.22669092,-4.021608,-4.381937,-0.9140147,0.017608505,0.0072510224,0.4435687,0.017608505,0.012346771,0.286179
3548,0,1.372107,-0.45598215,-0.58484703,1.372107,-0.29848993,-0.75297356,0.7977204,0.38793942,0.35781807,0.7977204,0.4259267,0.32017374
3549,1,4.3388395,2.4275994,-0.41745138,4.3388395,5.840285,-0.8760834,0.9871165,0.9189079,0.39712676,0.9871165,0.9971004,0.29399005
3550,1,6.0601163,1.771527,-0.41214928,6.0601163,4.098089,-0.7949925,0.9976713,0.8546475,0.39839688,0.9976713,0.9836668,0.31109768
3551,1,6.101901,0.2265843,-0.539032,6.101901,1.2591665,-0.74001575,0.9977664,0.55640495,0.36841282,0.9977664,0.7788826,0.3230007
3552,1,5.1566696,1.7242603,0.104141176,5.1566696,4.2422805,-0.68949306,0.9942721,0.84867674,0.5260118,0.9942721,0.985829,0.33414584
3553,1,3.9954987,1.2755803,-0.45731285,3.9954987,3.7691522,-0.8057096,0.9819341,0.7816965,0.3876235,0.9819341,0.97744864,0.30880553
3554,0,-6.3694143,-6.237319,-0.42098272,-6.3694143,-5.1551676,-0.8411864,0.0017102323,0.0019512753,0.3962816,0.0017102323,0.005736417,0.30128497
3555,0,4.3564324,1.426273,0.23505537,4.3564324,3.429183,-0.8114859,0.9873383,0.8063199,0.55849475,0.9873383,0.96860427,0.30757394
3556,1,5.7893987,1.9688653,-0.53593045,5.7893987,5.206554,-0.72418106,0.9969495,0.8774892,0.36913475,0.9969495,0.99454933,0.32647294
3557,1,3.2141733,1.0782624,-0.56676507,3.2141733,3.2443125,-0.84199107,0.96136415,0.74616504,0.3619836,0.96136415,0.9624682,0.3011156
3558,1,-4.222363,-6.175197,-0.44581246,-4.222363,-5.311899,-0.8389784,0.014452029,0.0020760768,0.39035687,0.014452029,0.0049083396,0.30174997
3559,1,2.8541117,-0.21776336,-0.46716923,2.8541117,0.40487134,-0.8017012,0.9455309,0.44577327,0.38528648,0.9455309,0.5998575,0.30966175
3560,1,1.6593647,-0.4261273,-0.15942198,1.6593647,-0.024270207,-0.8385416,0.8401527,0.39505145,0.4602287,0.8401527,0.49393275,0.301842
3561,1,6.2345943,0.70855796,-0.48772514,6.2345943,2.2679758,-0.67043567,0.9980434,0.67008245,0.38042963,0.9980434,0.9061899,0.3383993
3562,1,1.638265,1.7131301,-0.47530952,1.638265,3.9976895,-0.85148394,0.83729875,0.8472418,0.38336033,0.83729875,0.98197293,0.29912168
3563,1,2.1431608,-1.3734596,-0.44199127,2.1431608,-1.3757064,-0.7349373,0.89502794,0.20206147,0.39126655,0.89502794,0.20169947,0.3241122
3564,0,-0.7251639,-1.5070667,-0.4437502,-0.7251639,-2.4889314,-0.9265371,0.32625687,0.18137391,0.3908477,0.32625687,0.076637775,0.2836278
3565,1,2.9668646,1.1104367,0.16096422,2.9668646,2.83101,-0.92908394,0.9510545,0.7522105,0.5401544,0.9510545,0.9443287,0.28311062
3566,0,-2.3034697,-0.6696812,-0.6378168,-2.3034697,0.14604461,-0.80343556,0.09083602,0.33856824,0.34574023,0.09083602,0.5364464,0.3092911
3567,0,-1.5182917,0.8300531,-0.56041586,-1.5182917,2.247489,-0.7418667,0.1797132,0.6963662,0.36345124,0.1797132,0.90443367,0.32259607
3568,0,1.2552267,1.0696326,-0.6045121,1.2552267,2.8471196,-0.7373092,0.77820325,0.74452704,0.35331208,0.77820325,0.9451696,0.3235928
3569,0,-3.297875,-1.7370548,-0.52645373,-3.297875,-2.408596,-0.8337927,0.035644162,0.14968742,0.37134436,0.035644162,0.08251955,0.30284372
3570,0,-1.9694853,-2.9416,-0.06129392,-1.9694853,-3.0992813,-0.92995113,0.12244418,0.050135024,0.4846813,0.12244418,0.04313691,0.2829346
3571,1,2.6587954,-0.8556879,-0.21207032,2.6587954,-0.51947755,-0.77177787,0.93455094,0.29824105,0.4471802,0.93455094,0.37297443,0.31609464
3572,1,3.900991,1.1023258,-0.5275006,3.900991,2.3419864,-0.8137151,0.980179,0.75069565,0.37110004,0.980179,0.91229516,0.3070994
3573,0,-3.8103116,-3.1929274,-0.06291704,-3.8103116,-4.0698085,-1.0033939,0.021661662,0.03943275,0.4842759,0.021661662,0.01679381,0.26827466
3574,0,-2.7729,-1.4039052,-0.50005966,-2.7729,-1.0218732,-0.82320863,0.05880629,0.19719714,0.37752667,0.05880629,0.26466268,0.30508298
3575,1,5.3891306,1.2876732,-0.38242456,5.3891306,3.5406363,-0.73879594,0.9954548,0.7837531,0.40554228,0.9954548,0.9718221,0.3232675
3576,0,1.4922311,0.21304974,-0.5440703,1.4922311,1.0847435,-0.6494101,0.81641287,0.5530619,0.36724123,0.81641287,0.74739057,0.34312248
3577,0,-3.4319875,-2.121486,-0.57326144,-3.4319875,-1.5347971,-0.7518784,0.03131059,0.10702598,0.3604846,0.03131059,0.17729288,0.32041216
3578,0,3.921798,1.7531612,-0.53398573,3.921798,4.9139657,-0.7518866,0.9805792,0.85235107,0.36958775,0.9805792,0.99271023,0.32041034
3579,1,5.4745407,0.6254866,0.1852438,5.4745407,1.9281373,-0.8720026,0.9958254,0.65146536,0.54617894,0.9958254,0.8730431,0.2948378
3580,0,-6.432478,-6.471321,-0.63350385,-6.432478,-4.923709,-0.76962006,0.0016058772,0.0015447903,0.34671646,0.0016058772,0.0072196075,0.3165613
3581,0,-3.3134449,-3.0248404,-0.5763169,-3.3134449,-4.0585203,-0.74944824,0.03511282,0.0463162,0.35978052,0.03511282,0.016981218,0.32094154
3582,1,-0.8333181,-0.6849732,-0.38868114,-0.8333181,0.26709223,-1.0185583,0.30294392,0.33515227,0.40403482,0.30294392,0.5663789,0.26530832
3583,0,-0.4864054,0.30538842,0.78669596,-0.4864054,1.5351157,-0.7284168,0.3807407,0.57575923,0.68712145,0.3807407,0.8227536,0.32554224
3584,1,2.9440293,1.115493,-0.41939372,2.9440293,2.83804,-0.7890421,0.9499805,0.7531518,0.39666185,0.9499805,0.9446971,0.31237438
3585,1,4.2355385,0.19684178,-0.304102,4.2355385,0.7397363,-0.8580804,0.98573446,0.5490522,0.42455503,0.98573446,0.6769382,0.29774055
3586,0,-6.407536,-4.171321,-0.5349177,-6.407536,-4.3870993,-0.6972327,0.0016463677,0.015197339,0.36937064,0.0016463677,0.012283981,0.33242604
3587,0,2.0827897,-1.0244074,-0.46693325,2.0827897,-0.4198322,-0.8317761,0.88921916,0.26416978,0.38534236,0.88921916,0.3965569,0.30326962
3588,0,0.31715629,-2.3052552,-0.5735501,0.31715629,-2.0710433,-0.7766035,0.5786311,0.09068867,0.36041808,0.5786311,0.11194328,0.31505236
3589,1,3.6780329,0.2389524,0.41330135,3.6780329,0.91950315,-0.724403,0.9753504,0.55945545,0.6018792,0.9753504,0.71494085,0.32642412
3590,1,1.6082696,-0.039559588,-0.54798746,1.6082696,1.1833127,-0.83705556,0.833171,0.49011138,0.36633146,0.833171,0.7655429,0.30215526
3591,0,-0.92096084,-0.1337148,-0.5749718,-0.92096084,0.43603247,-0.7341822,0.28476214,0.46662098,0.36009037,0.28476214,0.6073133,0.32427764
3592,1,3.8367915,0.89383996,-0.49142486,3.8367915,2.1027431,-0.7797599,0.97889245,0.7096819,0.379558,0.97889245,0.8911695,0.31437165
3593,0,-5.882567,-6.0397844,-0.54524815,-5.882567,-5.418523,-0.8959449,0.002779871,0.0023764116,0.36696756,0.002779871,0.00441412,0.28988454
3594,1,1.0656787,-0.94986784,-0.510308,1.0656787,0.31352282,-0.84363306,0.74377424,0.2789114,0.37512133,0.74377424,0.57774496,0.3007702
3595,0,1.3256698,-0.60090715,-0.516688,1.3256698,-0.6676792,-0.76617,0.79012346,0.3541362,0.373627,0.79012346,0.3390167,0.3173082
3596,0,1.4536617,-2.524478,-0.304641,1.4536617,-3.12948,-0.83885,0.81056136,0.074159905,0.4244233,0.81056136,0.041907486,0.30177703
3597,0,-0.15952712,-1.1771739,-0.4222839,-0.15952712,-1.4990087,-0.9619237,0.4602026,0.23556073,0.39597034,0.4602026,0.18257344,0.2764932
3598,0,-0.8912428,0.554657,-0.4551744,-0.8912428,1.6054147,-0.79400754,0.29085344,0.63521534,0.3881312,0.29085344,0.8327738,0.31130883
3599,1,5.4752827,1.1989619,-0.30975914,5.4752827,3.3859646,-0.79942924,0.99582845,0.7683401,0.42317355,0.99582845,0.96726304,0.3101476
3600,0,-0.84707725,-1.0506276,-0.43872654,-0.84707725,-1.1623871,-0.82052237,0.30004632,0.2591046,0.39204445,0.30004632,0.23823379,0.3056528
3601,1,3.398242,1.6492391,-0.46944264,3.398242,4.5292215,-1.0119034,0.9676495,0.83878815,0.38474816,0.9676495,0.9893261,0.26660752
3602,1,4.4709244,-0.73412764,-0.46562037,4.4709244,-0.5375352,-0.83487386,0.98869264,0.3242896,0.38565338,0.98869264,0.36876115,0.3026155
3603,0,-2.9667435,-3.2222323,-0.49759024,-2.9667435,-3.8731685,-0.9138894,0.048951108,0.0383376,0.37810716,0.048951108,0.020368868,0.2862046
3604,0,0.46543545,-1.1660435,-0.54736876,0.46543545,-0.6768857,-0.8058647,0.6143028,0.23757088,0.36647508,0.6143028,0.33695674,0.3087724
3605,1,5.88175,1.1051912,0.20522091,5.88175,3.1266856,-0.8132987,0.9972179,0.7512315,0.5511259,0.9972179,0.95798016,0.307188
3606,1,3.6780024,1.8257995,-0.5411439,3.6780024,4.3616924,-0.79109174,0.97534955,0.86126053,0.36792153,0.97534955,0.98740387,0.3119343
3607,1,4.796056,2.0647466,0.22185484,4.796056,5.0981097,-0.8776667,0.99180543,0.8874293,0.55523735,0.99180543,0.9939288,0.2936615
3608,0,1.8872491,-0.25707108,-0.3668483,1.8872491,0.5350691,-0.7928068,0.8684416,0.43608382,0.4093028,0.8684416,0.63066465,0.3115663
3609,0,-1.8707381,-1.4359326,0.13951716,-1.8707381,-1.5102446,-0.9994335,0.13345633,0.19217598,0.5348228,0.13345633,0.18090254,0.26905283
3610,1,6.535687,1.3248491,-0.37007946,6.535687,3.7695296,-0.7155213,0.9985513,0.7899874,0.4085218,0.9985513,0.977457,0.32838
3611,1,4.9683867,1.7438372,-0.53826845,4.9683867,4.344857,-0.7224357,0.9930937,0.8511738,0.3685905,0.9930937,0.98719287,0.32685685
3612,1,0.7000668,-1.2767444,-0.49045733,0.7000668,-1.481971,-0.8094234,0.6682026,0.21810491,0.37978584,0.6682026,0.1851299,0.30801338
3613,0,-2.9732099,-3.048219,-0.4733172,-2.9732099,-3.2337327,-0.6676798,0.048650943,0.045294426,0.3838314,0.048650943,0.03791585,0.33901656
3614,1,5.292729,1.6972915,-0.47822556,5.292729,4.287662,-0.8487104,0.99499714,0.84518063,0.38267124,0.99499714,0.9864492,0.29970345
3615,1,5.54763,1.9368256,-0.11691179,5.54763,5.0347967,-0.69356066,0.9961184,0.874003,0.4708053,0.9961184,0.99353456,0.33324143
3616,0,-2.4664097,-1.2830182,-0.5321603,-2.4664097,-2.2371027,-0.76062274,0.07824679,0.2170369,0.37001318,0.07824679,0.09646778,0.3185111
3617,1,2.062323,1.1420494,-0.31242353,2.062323,3.1166627,-0.80995053,0.88718694,0.7580557,0.42252326,0.88718694,0.9575749,0.30790102
3618,0,-3.2885327,-4.3863983,-0.6223906,-3.2885327,-4.4755287,-0.8234191,0.035966687,0.012292488,0.34923798,0.035966687,0.011256061,0.30503836
3619,1,1.9190762,0.8016088,-0.5143046,1.9190762,2.3592656,-0.7988988,0.8720354,0.69031847,0.374185,0.8720354,0.9136679,0.31026113
3620,0,-4.349941,-2.762207,-0.2649204,-4.349941,-3.9705076,-0.863243,0.012743094,0.05940094,0.43415457,0.012743094,0.018514598,0.2966622
3621,1,2.2635522,-0.9896887,-0.055668604,2.2635522,-1.2049754,-0.95995796,0.90581316,0.27097356,0.48608646,0.90581316,0.23059133,0.2768866
3622,1,5.4175916,1.6137066,-0.33854777,5.4175916,4.152735,-0.80924654,0.9955818,0.83392537,0.41616228,0.9955818,0.984522,0.30805105
3623,1,7.045972,1.5909725,-0.42085135,7.045972,4.1626077,-0.69304144,0.99912983,0.8307529,0.39631307,0.99912983,0.98467165,0.33335683
3624,0,-5.5095224,-5.388511,-0.6014168,-5.5095224,-4.3875017,-0.75654304,0.004031719,0.004547992,0.3540196,0.004031719,0.012279098,0.31939727
3625,0,-7.2228413,-7.406391,-0.5661551,-7.2228413,-6.311285,-0.6453233,0.000729194,0.00060698995,0.3621245,0.000729194,0.0018124079,0.34404418
3626,1,4.778474,2.7471583,-0.2180046,4.778474,5.5791016,-0.8583807,0.9916613,0.93975264,0.4457137,0.9916613,0.99623823,0.2976778
3627,1,0.8345121,0.8392899,-0.5286541,0.8345121,3.0603466,-0.9414193,0.6973081,0.6983156,0.37083086,0.6973081,0.95522714,0.28061372
3628,1,3.8881574,1.624732,-0.36354023,3.8881574,3.9955902,-0.98596257,0.97992814,0.83544666,0.41010284,0.97992814,0.9819357,0.27171028
3629,1,-0.65756047,-1.3370397,-0.34301078,-0.65756047,-1.3834572,-0.71315444,0.34128785,0.2079973,0.4150783,0.34128785,0.20045432,0.3289022
3630,1,3.9101388,1.3370178,-0.5634948,3.9101388,3.6167107,-0.71355057,0.98035586,0.7919991,0.3627392,0.98035586,0.9738322,0.32881477
3631,1,6.3603344,0.3209858,0.043666642,6.3603344,2.078613,-0.7895595,0.9982742,0.57956445,0.5109149,0.9982742,0.88880706,0.31226328
3632,0,-2.594284,-4.6294146,-0.20325306,-2.594284,-4.6279845,-0.744817,0.0695072,0.009666126,0.44936094,0.0695072,0.009679825,0.3219517
3633,0,-0.05369991,-2.183885,-0.5627336,-0.05369991,-2.5158973,-0.75355995,0.48657826,0.10120697,0.36291522,0.48657826,0.074751206,0.3200461
3634,0,-3.3515878,-3.386483,-0.37799323,-3.3515878,-3.2885818,-0.8634031,0.033843208,0.03272059,0.40661103,0.033843208,0.035964984,0.29662883
3635,1,6.777233,1.7572751,-0.103718996,6.777233,4.693372,-0.64457965,0.9988619,0.852868,0.47409347,0.9988619,0.99092734,0.34421203
3636,1,3.2087202,-1.8144956,-0.5161887,3.2087202,-2.232445,-0.70270395,0.96116114,0.14009567,0.37374386,0.96116114,0.09687451,0.33121297
3637,0,-6.194977,-6.7470026,-0.41782168,-6.194977,-5.817811,-0.9548255,0.0020354986,0.001173017,0.39703813,0.0020354986,0.002965289,0.27791542
3638,1,2.604261,-0.82052827,-0.4942132,2.604261,-1.098181,-0.7271285,0.9311353,0.30565155,0.37890157,0.9311353,0.25008088,0.32582518
3639,0,-1.0002477,-2.9901886,-0.41819835,-1.0002477,-3.398486,-0.88879585,0.2688927,0.047871094,0.39694795,0.2688927,0.032342818,0.29135838
3640,0,2.1913996,0.17771333,-0.342025,2.1913996,1.4516177,-0.7416359,0.8994745,0.54431176,0.41531768,0.8994745,0.81024724,0.3226465
3641,1,3.333446,0.9096166,-0.38092905,3.333446,2.543176,-0.9015622,0.9655586,0.7129217,0.40590286,0.9655586,0.92711365,0.28872958
3642,1,-0.313037,1.3422754,-0.51202875,-0.313037,3.74255,-0.67594683,0.4223736,0.7928639,0.37471807,0.4223736,0.9768548,0.33716652
3643,1,0.5367936,-0.094980955,-0.46369916,0.5367936,0.618474,-0.80621415,0.6310662,0.47627258,0.38610864,0.6310662,0.6498714,0.30869782
3644,1,5.784056,1.6357613,0.21334329,5.784056,4.1760597,-0.7677789,0.9969332,0.8369574,0.55313444,0.9969332,0.9848734,0.31695977
3645,1,3.053466,-0.20870811,-0.5600108,3.053466,0.6372094,-0.7355081,0.9549319,0.44801158,0.36354497,0.9549319,0.65412235,0.3239872
3646,1,1.4939901,1.6442794,-0.38662326,1.4939901,4.123851,-0.8961395,0.81667644,0.8381164,0.4045304,0.81667644,0.9840756,0.28984448
3647,1,4.5119267,1.1202161,-0.29264197,4.5119267,3.359819,-0.84066033,0.98914194,0.7540288,0.4273572,0.98914194,0.96642494,0.3013957
3648,0,1.4872833,-0.7052642,-0.42651555,1.4872833,-0.23499966,-0.8646698,0.81567013,0.33064613,0.39495867,0.81567013,0.44151896,0.2963646
3649,1,6.5614834,1.8169653,-0.46713182,6.5614834,4.445679,-0.8216561,0.99858814,0.86020166,0.3852953,0.99858814,0.98840684,0.30541223
3650,0,0.05486703,-1.0132769,-0.52847654,0.05486703,-0.9580569,-0.8684597,0.51371336,0.26633903,0.3708723,0.51371336,0.27726743,0.2955749
3651,1,2.4532633,1.8812908,-0.46812263,2.4532633,3.8659306,-0.87360823,0.92079973,0.86775935,0.3850607,0.92079973,0.9794862,0.29450405
3652,1,1.221062,-1.5538363,0.02821584,1.221062,-1.909173,-0.6274212,0.77225035,0.17453286,0.5070535,0.77225035,0.12907378,0.34809554
3653,1,3.2455618,0.8023377,-0.17531443,3.2455618,2.5196855,-0.9667822,0.9625133,0.6904743,0.4562833,0.9625133,0.9255104,0.27552235
3654,0,2.2846115,-0.6716009,-0.40027702,2.2846115,-0.16015077,-0.7646791,0.90759456,0.33813846,0.40124577,0.90759456,0.46004763,0.31763124
3655,0,-1.3041643,-0.7499927,0.12469051,-1.3041643,-0.79255265,-0.8060659,0.213465,0.3208229,0.5311323,0.213465,0.3116208,0.30872947
3656,1,2.072375,-0.9652977,-0.5454867,2.072375,-0.9090952,-0.8497641,0.888189,0.27581874,0.36691216,0.888189,0.287185,0.29948235
3657,0,-5.0715485,-5.315272,-0.5717505,-5.0715485,-4.21615,-0.8312465,0.006233598,0.004891894,0.360833,0.006233598,0.0145407915,0.30338156
3658,0,-0.039541632,-2.4682431,-0.2259736,-0.039541632,-3.4151988,-0.84457177,0.49011588,0.07811466,0.4437458,0.49011588,0.03182383,0.30057278
3659,1,0.5925836,0.428239,-0.57351124,0.5925836,1.9777547,-0.72215545,0.64395773,0.6054531,0.36042705,0.64395773,0.87844163,0.3269185
3660,1,6.4920197,1.4985137,-0.50398237,6.4920197,3.9903622,-0.7148097,0.99848676,0.81735265,0.37660527,0.99848676,0.98184276,0.32853693
3661,1,3.9279828,0.5089274,-0.55033267,3.9279828,2.2440548,-0.8190571,0.9806966,0.624555,0.36578724,0.9806966,0.9041365,0.30596384
3662,1,7.348857,2.1688957,-0.5045768,7.348857,5.4428673,-0.70711803,0.99935704,0.8974213,0.3764657,0.99935704,0.9956916,0.330236
3663,0,-5.3311014,-3.4445305,-0.51602215,-5.3311014,-4.129714,-0.7430992,0.0048154374,0.030932395,0.37378284,0.0048154374,0.015832769,0.3223268
3664,1,-1.4103029,-1.2856271,-0.47695202,-1.4103029,-2.027649,-0.81159675,0.19618629,0.21659388,0.38297215,0.19618629,0.11633038,0.30755034
3665,1,4.689668,2.027602,-0.5534492,4.689668,5.02392,-0.73003954,0.99089396,0.8836648,0.36506456,0.99089396,0.9934643,0.32518604
3666,1,7.178761,1.413678,-0.26521596,7.178761,3.7941487,-0.6896436,0.999238,0.8043454,0.43408197,0.999238,0.97799313,0.33411235
3667,1,-0.22650145,-2.172056,-0.47914207,-0.22650145,-2.1863427,-0.70057297,0.44361553,0.10228809,0.38245475,0.44361553,0.10098364,0.33168522
3668,1,6.0725126,2.574688,-0.111107685,6.0725126,5.743564,-0.91388476,0.9976999,0.92921466,0.47225165,0.9976999,0.996807,0.28620556
3669,0,3.974116,1.5837648,-0.41747463,3.974116,3.757055,-0.8631806,0.9815508,0.829737,0.39712125,0.9815508,0.9771805,0.29667526
3670,0,0.40893704,-0.7580092,-0.56871545,0.40893704,-0.6729947,-0.7020049,0.600833,0.31907862,0.36153325,0.600833,0.3378266,0.33136785
3671,0,-4.0652337,-3.9321399,-0.51193106,-4.0652337,-3.6869302,-0.81192154,0.016869515,0.019224843,0.37474096,0.016869515,0.024436671,0.30748117
3672,1,1.0957379,1.4030564,0.24543414,1.0957379,3.8370464,-0.7056514,0.74946064,0.80266845,0.5610524,0.74946064,0.9788977,0.33056045
3673,1,4.0827665,2.106178,-0.48168975,4.0827665,5.0773163,-0.836043,0.9834188,0.8915022,0.3818532,0.9834188,0.993802,0.30236882
3674,1,3.6040955,1.0930355,-0.6364061,3.6040955,2.8577027,-0.7497089,0.97350883,0.7489529,0.34605938,0.97350883,0.9457155,0.32088473
3675,1,3.639835,0.9152225,-0.3968085,3.639835,2.3122737,-0.80574507,0.9744151,0.71406764,0.40207937,0.9744151,0.90988845,0.30879796
3676,0,-5.5366306,-2.6919653,0.1722376,-5.5366306,-2.150176,-0.8288269,0.003924318,0.06344914,0.54295325,0.003924318,0.104314774,0.30389318
3677,1,5.0103827,0.42325604,-0.53895813,5.0103827,1.4769202,-0.8304033,0.99337584,0.6042621,0.36842996,0.99337584,0.8141069,0.3035598
3678,1,5.0356007,0.8055732,-0.4997629,5.0356007,2.3716931,-0.7529582,0.99353975,0.6911654,0.37759638,0.99353975,0.9146431,0.32017708
3679,0,-3.271781,-1.8572099,-0.54773057,-3.271781,-2.5605931,-0.7284001,0.036552057,0.13502859,0.36639112,0.036552057,0.071718045,0.3255459
3680,1,6.7648883,1.3323253,-0.091643125,6.7648883,3.8041718,-0.840271,0.9988477,0.791225,0.47710526,0.9988477,0.9782079,0.3014777
3681,0,-8.493645,-6.2765856,-0.51922464,-8.493645,-5.5665846,-0.7491136,0.00020472368,0.0018762811,0.37303352,0.00020472368,0.0038089536,0.32101446
3682,0,1.8521017,-0.04253027,-0.54950166,1.8521017,0.750234,-0.65158284,0.8643736,0.48936906,0.36598003,0.8643736,0.6792297,0.34263292
3683,1,-0.64555407,-2.1696622,-0.45872405,-0.64555407,-3.1902947,-0.8289707,0.3439921,0.102508105,0.38728854,0.3439921,0.039532587,0.30386275
3684,0,1.8379874,-0.4681407,-0.38857037,1.8379874,0.0009486973,-1.0091989,0.86271054,0.3850564,0.40406153,0.86271054,0.50023717,0.26713666
3685,0,-6.284482,-6.6663604,0.03355406,-6.284482,-5.292915,-0.9544657,0.001861551,0.0012714051,0.50838774,0.001861551,0.0050019403,0.27798763
3686,0,2.7105622,0.81216395,-0.5579097,2.7105622,2.1245556,-0.7975811,0.937647,0.6925704,0.36403126,0.937647,0.89326704,0.31054318
3687,1,4.086967,0.68531346,-0.40843394,4.086967,2.643776,-0.7182736,0.9834872,0.66492355,0.3992877,0.9834872,0.9336263,0.32777327
3688,1,3.2816446,0.12803832,-0.5150213,3.2816446,0.90219074,-0.75643885,0.9637937,0.5319659,0.37401715,0.9637937,0.7113995,0.31941992
3689,1,2.2458205,2.0721343,-0.5246247,2.2458205,5.0655,-0.7204361,0.90428936,0.8881652,0.37177145,0.90428936,0.9937289,0.32729697
3690,0,-4.905313,-2.6677303,-0.519749,-4.905313,-2.0747676,-0.775435,0.0073526623,0.064904585,0.37291095,0.0073526623,0.11157357,0.31530458
3691,1,2.806315,0.6838295,-0.4226551,2.806315,1.9151154,-0.830999,0.94301605,0.66459286,0.3958816,0.94301605,0.87159276,0.30343387
3692,0,1.9484906,-2.5309386,-0.4830296,1.9484906,-3.3417206,-0.75976574,0.875282,0.073717535,0.381537,0.875282,0.034167334,0.31869712
3693,0,-1.8821807,-1.7662253,-0.3886551,-1.8821807,-1.3671007,-0.78793085,0.1321386,0.14601237,0.40404108,0.1321386,0.20308869,0.31261313
3694,0,0.061032265,0.71069,-0.5749433,0.061032265,2.0628664,-0.704355,0.5152533,0.67055357,0.36009696,0.5152533,0.88724124,0.33084738
3695,0,0.0036072806,-2.2942522,-0.1682935,0.0036072806,-2.270959,-0.8783237,0.5009018,0.09160011,0.45802566,0.5009018,0.093556866,0.29352528
3696,0,2.5336428,0.3964859,-0.50841165,2.5336428,1.595361,-0.84035504,0.92646694,0.59784305,0.37556595,0.92646694,0.831369,0.30146
3697,0,-0.1981011,0.33718312,-0.5321368,-0.1981011,1.1842452,-0.76291484,0.45063606,0.5835061,0.37001866,0.45063606,0.76571023,0.31801376
3698,1,5.166778,0.43862718,-0.16684857,5.166778,1.5408039,-0.8084074,0.9943294,0.60793185,0.45838436,0.9943294,0.8235816,0.30822995
3699,1,4.607144,2.6168609,-0.40611953,4.607144,5.7185855,-0.7240646,0.9901183,0.9319388,0.39984298,0.9901183,0.9967264,0.32649857
3700,0,3.1003768,1.1161051,-0.4713556,3.1003768,3.2585068,-0.9025171,0.9569083,0.75326556,0.38429543,0.9569083,0.96297765,0.2885335
3701,1,-0.119825795,-0.40149048,-0.5396882,-0.119825795,0.23488414,-0.7187339,0.47007933,0.40095428,0.36826015,0.47007933,0.55845255,0.32767186
3702,0,0.05873491,0.51594466,-0.62883985,0.05873491,1.6544069,-0.8199029,0.5146795,0.626199,0.34777364,0.5146795,0.8394858,0.30578426
3703,1,6.479496,1.3562725,-0.33864576,6.479496,3.2806916,-0.65805066,0.99846774,0.7951532,0.4161385,0.99846774,0.9637605,0.3411776
3704,0,-4.773834,-4.5606318,-0.5859866,-4.773834,-4.0614142,-0.73609686,0.008377156,0.010347267,0.35755622,0.008377156,0.016932977,0.32385823
3705,1,5.890125,0.25023386,-0.33218145,5.890125,1.4128228,-0.7475769,0.997241,0.56223404,0.41770995,0.997241,0.80421084,0.3213495
3706,1,6.118662,0.5017878,-0.25990063,6.118662,2.162301,-0.7401344,0.9978034,0.6228794,0.43538815,0.9978034,0.8968127,0.32297474
3707,1,3.7520862,1.1178766,-0.23085986,3.7520862,3.1953144,-0.85168654,0.97706944,0.75359464,0.44254002,0.97706944,0.9606576,0.2990792
3708,1,2.756187,0.03194779,-0.56640625,2.756187,0.6522641,-0.81304216,0.94026184,0.50798625,0.36206648,0.94026184,0.6575205,0.3072426
3709,0,-4.8875856,-6.749346,0.17440131,-4.8875856,-5.9105487,-0.8781737,0.0074831834,0.0011702748,0.5434902,0.0074831834,0.002703371,0.2935564
3710,0,0.28045678,-1.243774,-0.49653697,0.28045678,-1.9755445,-0.74768543,0.5696582,0.22377974,0.37835485,0.5696582,0.121794604,0.32132584
3711,0,-1.9901974,-1.7478364,-0.17976609,-1.9901974,-2.458678,-0.9894122,0.12023597,0.1483203,0.45517913,0.12023597,0.07880625,0.2710282
3712,0,-6.4413185,-6.1258426,-0.5449654,-6.4413185,-4.5858316,-0.74881923,0.0015917654,0.002180882,0.36703327,0.0015917654,0.010092373,0.32107866
3713,0,-6.3278866,-6.286912,-0.44367653,-6.3278866,-5.4703903,-0.81994945,0.0017826204,0.0018570414,0.39086527,0.0017826204,0.0041919425,0.3057744
3714,1,0.031193487,0.5970671,-0.08570516,0.031193487,1.8318682,-0.9880524,0.5077977,0.644985,0.4785868,0.5077977,0.86198413,0.27129692
3715,1,0.5754622,-1.4267758,-0.5318495,0.5754622,-1.8643844,-0.8830098,0.6400226,0.19360155,0.37008563,0.6400226,0.13419282,0.29255444
3716,1,0.24199155,0.41209364,-0.5801319,0.24199155,1.6117288,-0.82935476,0.5602044,0.6015898,0.35890225,0.5602044,0.8336513,0.30378154
3717,1,4.9341555,-0.2188259,-0.45690218,4.9341555,0.4100455,-0.7158761,0.9928549,0.44551077,0.38772094,0.9928549,0.60109884,0.32830173
3718,0,-4.58999,-2.1800342,-0.6192124,-4.58999,-2.6677744,-0.84849113,0.010050911,0.10155781,0.3499606,0.010050911,0.0649019,0.29974946
3719,0,-4.3678102,-4.4699984,-0.01485239,-4.3678102,-3.704158,-0.8738724,0.01252023,0.011317776,0.496287,0.01252023,0.024029315,0.29444918
3720,1,2.9088194,1.0983729,-0.22132085,2.9088194,2.9631567,-0.9553806,0.94828075,0.7499551,0.44489455,0.94828075,0.9508816,0.27780402
3721,1,4.5488806,0.43482685,0.06964658,4.5488806,1.3883855,-0.68139637,0.98953176,0.6070257,0.5174046,0.98953176,0.8003344,0.33594972
3722,1,3.5780272,1.9285126,0.0025553778,3.5780272,4.645959,-0.9541551,0.9728282,0.87308466,0.50063884,0.9728282,0.99049103,0.27804998
3723,1,5.7431965,-0.07489472,-0.3264659,5.7431965,1.2164077,-0.77638644,0.9968058,0.48128507,0.4191008,0.9968058,0.77143073,0.3150992
3724,1,3.001989,-1.1526843,-0.33209294,3.001989,-1.1488194,-0.75735307,0.95266396,0.2399991,0.4177315,0.95266396,0.24070479,0.3192212
3725,1,1.429674,0.16176912,-0.46871665,1.429674,1.0050776,-0.93457973,0.80685055,0.5403543,0.38492,0.80685055,0.7320557,0.28199652
3726,1,6.4112673,1.5710413,-0.4081798,6.4112673,4.1093044,-0.7677014,0.99835974,0.827932,0.39934868,0.99835974,0.98384607,0.31697655
3727,1,-0.47627908,-1.7762907,0.053369,-0.47627908,-1.3116139,-0.9057773,0.38313118,0.14476177,0.5133391,0.38313118,0.2122169,0.2878647
3728,0,-2.128594,-1.3390006,-0.57392913,-2.128594,-1.6569157,-0.74648666,0.106348544,0.20767447,0.3603307,0.106348544,0.16017647,0.3215873
3729,0,-3.308099,-1.0116574,-0.5708556,-3.308099,-0.8570167,-0.7620789,0.035294387,0.26665562,0.36103943,0.035294387,0.29796302,0.3181951
3730,1,3.4013686,1.9393198,0.059078746,3.4013686,5.287423,-0.9407164,0.96774733,0.8742774,0.5147654,0.96774733,0.99497074,0.28075564
3731,1,1.2720027,-0.24123317,-0.46747553,1.2720027,0.23171222,-0.74739516,0.7810854,0.4399825,0.38521394,0.7810854,0.5576703,0.32138914
3732,1,7.439001,2.5598426,-0.04658876,7.439001,5.6151233,-0.96477216,0.99941254,0.928232,0.48835492,0.99941254,0.9963709,0.27592376
3733,1,5.2169247,-0.2061629,-0.05151909,5.2169247,0.46675384,-0.6351768,0.99460524,0.44864106,0.48712307,0.99460524,0.61461514,0.34633765
3734,0,2.5609052,-1.0576117,-0.39703667,2.5609052,-1.5906551,-0.88191473,0.92830276,0.25776613,0.4020245,0.92830276,0.16929175,0.29278114
3735,1,1.9953086,-3.0614254,-0.08247305,1.9953086,-2.315349,-0.80378276,0.8803036,0.044726763,0.4793934,0.8803036,0.0898597,0.30921692
3736,0,-5.4810085,-5.17955,-0.46043867,-5.4810085,-3.7390351,-0.8394954,0.0041478504,0.0055990135,0.38688177,0.0041478504,0.023224818,0.30164105
3737,1,3.6403046,2.0533257,-0.44017678,3.6403046,4.692393,-0.8004684,0.97442675,0.8862832,0.39169884,0.97442675,0.9909185,0.30992532
3738,0,1.3837074,0.49990562,-0.46258146,1.3837074,1.8556521,-0.66297376,0.79958576,0.6224372,0.38637358,0.79958576,0.86478937,0.3400719
3739,0,-5.9150624,-5.539059,-0.5932691,-5.9150624,-4.320807,-0.8527414,0.0026912289,0.003914837,0.35588512,0.0026912289,0.01311487,0.2988581
3740,1,4.2033663,1.2659848,-0.3526134,4.2033663,3.6331096,-0.87640965,0.9852749,0.7800547,0.4127488,0.9852749,0.9742469,0.29392236
3741,0,-3.091102,1.3238387,-0.58770823,-3.091102,3.6646113,-0.74139535,0.043475788,0.78981966,0.35716087,0.043475788,0.97502553,0.3226991
3742,1,4.2544327,1.5067937,-0.46760613,4.2544327,4.0638223,-0.84686565,0.9859977,0.8185856,0.385183,0.9859977,0.9831071,0.30009076
3743,0,-6.9412737,-6.7720137,-0.431926,-6.9412737,-5.960949,-0.96076655,0.0009661028,0.0011440755,0.3936665,0.0009661028,0.0025708387,0.27672473
3744,0,-0.9326031,-1.3996851,-0.4973233,-0.9326031,-1.2298436,-0.8469976,0.2823969,0.19786608,0.3781699,0.2823969,0.2262088,0.30006304
3745,0,-6.887659,-7.0047417,-0.5295867,-6.887659,-5.386418,-0.7264013,0.0010192596,0.00090674544,0.37061328,0.0010192596,0.0045574787,0.32598493
3746,0,0.21639818,0.5692282,-0.33079746,0.21639818,2.0407398,-0.7687829,0.5538894,0.6385851,0.4180466,0.5538894,0.8850086,0.31674245
3747,0,-4.594919,-5.0293937,-0.4644312,-4.594919,-4.11778,-0.8092962,0.010001987,0.0065002465,0.38593516,0.010001987,0.016019803,0.3080405
3748,0,-5.688182,-5.562391,-0.2713198,-5.688182,-4.662157,-0.9978219,0.0033743186,0.0038248997,0.4325831,0.0033743186,0.009357671,0.26936987
3749,0,2.2769449,0.8951294,0.07642979,2.2769449,2.7549744,-0.8898528,0.90694946,0.7099475,0.51909816,0.90694946,0.94019365,0.2911402
3750,1,0.62836015,-1.4519806,-0.51981443,0.62836015,-1.2569467,-0.89407396,0.65211755,0.18969694,0.37289563,0.65211755,0.22149995,0.29026982
3751,1,0.9491362,1.615101,-0.4866959,0.9491362,4.546801,-0.7185266,0.7209414,0.8341184,0.38067225,0.7209414,0.9895102,0.32771754
3752,0,-1.3080564,-3.0960813,-0.16751142,-1.3080564,-2.2362156,-0.9511372,0.21281227,0.043269187,0.4582198,0.21281227,0.09654513,0.27865618
3753,1,1.1909521,1.0536491,-0.597884,1.1909521,3.2180183,-0.773729,0.7669113,0.74147505,0.35482794,0.7669113,0.9615068,0.315673
3754,1,5.4168444,1.1227815,-0.5047569,5.4168444,3.3439975,-0.67785466,0.99557847,0.75450426,0.37642342,0.99557847,0.9659077,0.33674031
3755,0,-2.617023,-0.7971885,-0.5434413,-2.617023,-0.8158407,-0.81518596,0.06805085,0.31062725,0.3673874,0.06805085,0.30664727,0.3067865
3756,0,-2.3003159,-0.5659617,-0.6005382,-2.3003159,-0.3217443,-0.731084,0.09109681,0.36216918,0.3542206,0.09109681,0.42025074,0.32495692
3757,1,4.657358,0.50101924,-0.1731091,4.657358,2.1186645,-0.92363,0.99059767,0.62269884,0.45683047,0.99059767,0.89270407,0.28421882
3758,1,4.72818,-0.7291066,-0.20260938,4.72818,-0.17929411,-0.8307311,0.9912349,0.3253908,0.4495202,0.9912349,0.4552962,0.3034905
3759,0,-2.6770456,-0.63931704,-0.58958197,-2.6770456,0.036679476,-0.7055657,0.06434151,0.34540096,0.3567308,0.06434151,0.50916886,0.3305794
3760,1,5.343839,1.909659,-0.4144995,5.343839,4.3936563,-0.7370686,0.99524516,0.87098086,0.3978337,0.99524516,0.98779535,0.3236455
3761,0,-4.9741135,-4.8766813,-0.67223454,-4.9741135,-4.1558514,-0.8979327,0.006867163,0.0075646085,0.33799666,0.006867163,0.015430608,0.2894755
3762,0,-0.12500969,-1.6357056,-0.17587496,-0.12500969,-2.3834486,-0.84030426,0.4687882,0.16305025,0.45614427,0.4687882,0.08444356,0.3014707
3763,1,1.9699744,-1.1501172,-0.41509324,1.9699744,-1.3086356,-0.8670231,0.87760836,0.2404677,0.39769152,0.87760836,0.21271525,0.2958741
3764,1,0.67758036,1.6682448,-0.544798,0.67758036,3.967515,-0.72903204,0.6631985,0.8413417,0.36707214,0.6631985,0.9814309,0.32540718
3765,1,3.5996978,0.60665077,-0.54138535,3.5996978,2.4870172,-0.7752248,0.9733952,0.64717644,0.36786538,0.9733952,0.92322665,0.31534994
3766,1,2.2901242,0.2937824,-0.51399386,2.2901242,1.2065434,-0.8371062,0.90805584,0.57292193,0.3742577,0.90805584,0.76968676,0.30214462
3767,1,-0.067676425,-2.3812099,-0.2714674,-0.067676425,-1.6664364,-0.8071884,0.48308736,0.0846168,0.43254685,0.48308736,0.15889986,0.30848998
3768,0,-4.369306,-5.191772,-0.55780685,-4.369306,-4.7608905,-0.81368524,0.01250175,0.0055313758,0.36405507,0.01250175,0.0084853675,0.30710575
3769,0,-4.1759315,-3.6542842,-0.5725633,-4.1759315,-4.3249736,-0.7655411,0.0151284905,0.025227137,0.36064556,0.0151284905,0.01306105,0.31744444
3770,0,-6.5411067,-6.422803,-0.5389386,-6.5411067,-5.2840815,-0.7406656,0.0014408118,0.0016214643,0.36843452,0.0014408118,0.005046096,0.3228586
3771,1,2.0081391,-0.7295058,-0.47098833,2.0081391,-0.5050558,-0.68415606,0.881649,0.32530317,0.38438234,0.881649,0.3763533,0.33533436
3772,0,3.8916597,0.65329593,-0.07366392,3.8916597,2.2126179,-0.7361152,0.9799968,0.65775275,0.48159233,0.9799968,0.9013769,0.3238542
3773,0,-1.2734293,-2.1054356,-0.3971274,-1.2734293,-1.4859809,-0.9497024,0.21867077,0.10856963,0.4020027,0.21867077,0.18452574,0.27894467
3774,1,3.5732834,1.1270459,-0.3369211,3.5732834,3.0255241,-0.8344847,0.9727025,0.7552933,0.41655758,0.9727025,0.953714,0.30269763
3775,1,4.1890736,-0.54273015,-0.42432702,4.1890736,0.20322272,-0.7597303,0.98506606,0.3675527,0.3954818,0.98506606,0.5506316,0.3187048
3776,0,-6.281664,-6.032793,-0.48279846,-6.281664,-4.5956945,-0.82012004,0.0018667944,0.0023930443,0.38159153,0.0018667944,0.009994311,0.30573818
3777,1,1.8324459,-1.9742378,-0.36947542,1.8324459,-2.1679187,-0.8501137,0.86205286,0.12193443,0.4086678,0.86205286,0.10266862,0.29940903
3778,1,2.937408,0.035980403,-0.4605512,2.937408,1.1098747,-0.7469801,0.94966495,0.5089941,0.38685504,0.94966495,0.7521058,0.32147968
3779,0,-3.6631517,-4.807864,0.09106663,-3.6631517,-5.0007277,-0.9615741,0.025009993,0.008099149,0.5227509,0.025009993,0.006688015,0.27656314
3780,0,-4.4223094,-1.8315003,-0.53620744,-4.4223094,-2.3728085,-0.71773815,0.011864028,0.13805963,0.36907026,0.011864028,0.08526982,0.32789126
3781,0,-5.752292,-5.7124825,-0.39985508,-5.752292,-4.610051,-0.8651379,0.003165442,0.0032935755,0.40134713,0.003165442,0.009853257,0.296267
3782,1,3.5416594,2.1957371,-0.32531905,3.5416594,5.4316254,-0.96599936,0.97185016,0.89986604,0.41937998,0.97185016,0.99564314,0.27567863
3783,1,5.8632593,1.6878251,-0.537714,5.8632593,4.3550344,-0.75211275,0.9971661,0.84393793,0.36871952,0.9971661,0.9873209,0.3203611
3784,0,-2.1510327,-1.3491527,-0.55037063,-2.1510327,-1.1281438,-0.70605785,0.10423476,0.20600894,0.36577842,0.10423476,0.24450384,0.3304705
3785,1,3.8312528,1.1730138,-0.29192865,3.8312528,3.2598057,-0.73128235,0.97877777,0.76368934,0.42753178,0.97877777,0.96302384,0.32491338
3786,0,-6.5211077,-6.517378,-0.27243966,-6.5211077,-5.467061,-0.92730856,0.001469874,0.0014753584,0.43230826,0.001469874,0.004205863,0.28347108
3787,0,2.8517969,-0.5903229,-0.5564888,2.8517969,-0.4979937,-0.7268137,0.9454115,0.35656077,0.36436027,0.9454115,0.37801227,0.32589436
3788,1,2.7320752,0.5367663,-0.56965846,2.7320752,1.2690338,-0.72324157,0.938893,0.6310599,0.36131567,0.938893,0.7805773,0.32667956
3789,0,-0.9686254,-0.73592013,-0.6002841,-0.9686254,-0.60609245,-0.8181889,0.27515456,0.32389694,0.35427868,0.27515456,0.35295108,0.30614823
3790,0,3.7391224,1.4440972,-0.0919777,3.7391224,3.765604,-0.93487334,0.97677714,0.8090883,0.4770218,0.97677714,0.9773703,0.28193706
3791,0,0.063245445,-0.32152393,-0.04380532,0.063245445,0.284058,-0.97656417,0.5158061,0.4203044,0.48905045,0.5158061,0.57054085,0.27357405
3792,1,2.6691658,-0.018751636,-0.5185224,2.6691658,0.61539173,-0.8686272,0.93518245,0.49531224,0.37319782,0.93518245,0.64916974,0.29554003
3793,1,4.7150345,2.5276408,-0.61799055,4.7150345,6.0087757,-0.69514847,0.99112004,0.9260569,0.3502386,0.99112004,0.9975489,0.33288875
3794,1,5.115042,1.2055172,-0.20394301,5.115042,3.165358,-0.83664376,0.9940301,0.7695048,0.44919023,0.9940301,0.9595096,0.30224213
3795,0,-5.4701314,-2.4960773,-0.6071398,-5.4701314,-2.620683,-0.8238605,0.0041930233,0.07613364,0.35271192,0.0041930233,0.0678191,0.30494478
3796,1,4.689755,1.9585679,-0.3622043,4.689755,4.743315,-0.99957293,0.9908948,0.8763778,0.41042605,0.9908948,0.99136555,0.26902542
3797,0,-1.5398513,1.0679096,-0.53286624,-1.5398513,2.8623488,-0.94004875,0.1765569,0.74419916,0.36984864,0.1765569,0.94595355,0.2808905
3798,0,-3.1449094,-1.4068298,-0.5778531,-3.1449094,-1.2040707,-0.7586431,0.041292332,0.19673456,0.35942677,0.041292332,0.23075186,0.31894094
3799,0,4.6614666,0.70777065,0.2585067,4.6614666,2.011772,-0.81368744,0.99063593,0.66990834,0.5642691,0.99063593,0.8820275,0.3071053
3800,1,3.8663862,-0.5903229,-0.50858164,3.8663862,-0.4979937,-0.8186474,0.97949535,0.35656077,0.37552607,0.97949535,0.37801227,0.30605087
3801,1,2.6034608,0.35672736,-0.082310125,2.6034608,1.429583,-1.0798066,0.93108404,0.58824795,0.47943407,0.93108404,0.8068363,0.2535426
3802,0,4.0656953,0.60816157,-0.2960487,4.0656953,1.9938287,-0.85632324,0.9831381,0.6475213,0.42652366,0.9831381,0.88014764,0.2981081
3803,1,6.04138,1.1378467,-0.5289322,6.04138,3.139967,-0.90810627,0.99762744,0.75728405,0.37076595,0.99762744,0.9585116,0.28738752
3804,0,-3.1308496,-0.46702594,-0.5054179,-3.1308496,0.124334216,-0.6834559,0.041852523,0.38532043,0.3762683,0.041852523,0.5310436,0.33549044
3805,1,6.7503815,2.617471,-0.38480714,6.7503815,5.6214495,-0.8590045,0.998831,0.93197757,0.404968,0.998831,0.9963936,0.29754737
3806,0,-4.294147,-4.004855,-0.4983647,-4.294147,-3.7213624,-0.8546536,0.013464442,0.017900655,0.37792507,0.013464442,0.023629125,0.29845756
3807,1,2.7982142,-0.33029282,-0.5381091,2.7982142,0.020857662,-0.6533387,0.9425792,0.41816938,0.36862755,0.9425792,0.5052142,0.34223756
3808,1,5.7804475,1.3027656,-0.34173518,5.7804475,2.4812152,-0.7791519,0.9969222,0.7863001,0.41538805,0.9969222,0.92281437,0.31450272
3809,1,3.8706205,-0.63636565,-0.39187488,3.8706205,-0.544096,-0.63504934,0.9795802,0.34606856,0.40326604,0.9795802,0.36723524,0.34636647
3810,0,-6.6625795,-6.2827477,-0.5487924,-6.6625795,-4.991029,-0.7764365,0.0012762151,0.0018647761,0.36614463,0.0012762151,0.0067527564,0.3150884
3811,1,0.378921,-0.7888735,-0.48733646,0.378921,-1.0749228,-0.7194474,0.59361285,0.31241062,0.38052127,0.59361285,0.25446802,0.32751468
3812,1,6.424346,1.6288117,-0.31328282,6.424346,4.5851107,-0.7828213,0.998381,0.8360068,0.42231363,0.998381,0.9899004,0.31371215
3813,1,1.7839257,0.04151547,-0.38267314,1.7839257,0.9424615,-0.81191754,0.8561809,0.5103774,0.4054823,0.8561809,0.71959656,0.307482
3814,1,0.49164185,1.2734606,-0.48584414,0.49164185,3.5077443,-0.7309984,0.6204931,0.7813346,0.38087308,0.6204931,0.9709073,0.32497567
3815,1,3.6611223,1.3625262,-0.5342971,3.6611223,3.9624374,-0.6923941,0.9749405,0.79617,0.3695152,0.9749405,0.98133814,0.33350074
3816,0,-1.6730599,-0.3880839,-0.507255,-1.6730599,-0.084255725,-0.7301214,0.15801664,0.40417865,0.37583724,0.15801664,0.4789485,0.3251681
3817,0,-2.2847638,-1.3814532,-0.57087016,-2.2847638,-1.0435666,-0.69056773,0.092392705,0.20077573,0.36103606,0.092392705,0.2604624,0.3339068
3818,1,3.6626277,0.33454448,-0.57489675,3.6626277,1.5861504,-0.7777034,0.97497725,0.58286464,0.3601077,0.97497725,0.83007383,0.31481504
3819,1,5.5743847,0.82266843,-0.41874266,5.5743847,2.5444365,-0.93029356,0.9962205,0.69480246,0.39681765,0.9962205,0.9271988,0.28286517
3820,1,0.34554845,-1.5091918,-0.42150363,0.34554845,-1.7072333,-0.70996296,0.5855377,0.1810586,0.396157,0.5855377,0.15352291,0.329607
3821,1,4.6620083,1.0562254,0.013197109,4.6620083,2.8731208,-1.0330455,0.99064094,0.74196863,0.50329924,0.99064094,0.9465016,0.2624941
3822,0,1.3348649,-0.8239609,0.12428663,1.3348649,-0.56493056,-0.9317216,0.7916442,0.3049235,0.5310317,0.7916442,0.36240742,0.28257558
3823,0,-3.2883635,-0.60918915,-0.5108548,-3.2883635,-0.41494882,-0.7674953,0.035972558,0.3522442,0.37499318,0.035972558,0.3977261,0.3170212
3824,1,0.4976157,-2.4912,-0.1096513,0.4976157,-2.7485223,-0.88751125,0.62189883,0.0764774,0.47261462,0.62189883,0.06017016,0.29162368
3825,1,-1.3265998,0.35961625,-0.48822266,-1.3265998,1.7176259,-0.784509,0.20972236,0.58894753,0.38031238,0.20972236,0.8478228,0.31334892
3826,1,3.011106,-0.10309544,-0.5389086,3.011106,0.31272176,-0.7115275,0.95307326,0.47424892,0.3684415,0.95307326,0.57754946,0.3292614
3827,0,-0.0937078,-0.8354175,-0.1445685,-0.0937078,-0.8374121,-0.9306328,0.4765902,0.30250078,0.46392068,0.4765902,0.3020801,0.28279635
3828,0,0.8491358,-0.91645396,-0.5362764,0.8491358,-1.0299304,-0.7729735,0.7003858,0.28568098,0.3690542,0.7003858,0.2630976,0.31583622
3829,0,5.9495726,1.1379651,-0.61834043,5.9495726,3.2367277,-0.86516595,0.9973998,0.75730586,0.35015902,0.9973998,0.9621933,0.29626116
3830,1,6.970436,1.5792534,-0.24282603,6.970436,4.17461,-0.74455553,0.99906164,0.82909876,0.43959,0.99906164,0.9848518,0.32200876
3831,0,0.40497437,-0.5738839,-0.4640162,0.40497437,-0.5995829,-0.74888974,0.59988225,0.36034113,0.38603348,0.59988225,0.3544391,0.32106325
3832,0,-1.3188148,-2.7104096,-0.39510906,-1.3188148,-3.4132893,-0.8723483,0.21101557,0.06236189,0.402488,0.21101557,0.031882714,0.29476592
3833,1,-0.42165682,-0.30050227,-0.3261174,-0.42165682,0.27865106,-0.9169806,0.39612037,0.42543474,0.4191856,0.39612037,0.5692155,0.2855735
3834,1,3.4978006,-1.0012767,-0.43862844,3.4978006,-0.7043841,-0.8835708,0.9706251,0.26869047,0.39206782,0.9706251,0.33084092,0.29243836
3835,0,6.074851,1.4340602,-0.51689863,6.074851,3.6303055,-0.75909555,0.9977053,0.80753314,0.37357768,0.9977053,0.97417647,0.31884268
3836,1,6.5345774,1.2899172,-0.3581514,6.5345774,3.4670577,-0.76036036,0.99854976,0.7841332,0.41140714,0.99854976,0.96973574,0.31856802
3837,0,-3.7204413,-4.0347223,-0.46161824,-3.7204413,-4.6983256,-0.88864315,0.023650385,0.017383074,0.386602,0.023650385,0.009028266,0.2913899
3838,1,2.9361448,0.6136393,-0.34528705,2.9361448,1.4530237,-0.8005465,0.9496045,0.6487705,0.41452572,0.9496045,0.81046337,0.30990863
3839,0,-6.7087355,-6.5359807,-0.04940228,-6.7087355,-5.4217424,-0.96502185,0.0012187191,0.0014482056,0.48765194,0.0012187191,0.004399994,0.27587387
3840,1,1.9471569,-0.07337159,-0.3741996,1.9471569,0.57747674,-0.9613514,0.8751363,0.4816653,0.40752664,0.8751363,0.6404866,0.2766077
3841,0,-1.816695,-2.3250117,-0.25251597,-1.816695,-2.6030233,-0.94719696,0.13983092,0.08907258,0.43720433,0.13983092,0.0689441,0.27944887
3842,0,5.150143,1.3588834,-0.46448335,5.150143,3.5393357,-0.6377419,0.99423486,0.7955782,0.38592276,0.99423486,0.9717865,0.34575716
3843,1,1.5726566,0.6243179,0.020786222,1.5726566,2.4605925,-0.8921695,0.828162,0.65119994,0.5051964,0.828162,0.9213326,0.29066232
3844,1,5.504625,2.6854355,-0.39471185,5.504625,5.929904,-0.732477,0.9959486,0.9361617,0.40258354,0.9959486,0.9973483,0.32465142
3845,1,3.848043,1.5668414,-0.54115266,3.848043,3.6699252,-0.7545881,0.9791237,0.82733285,0.36791947,0.9791237,0.97515464,0.3198224
3846,1,2.217582,0.5900162,-0.45361304,2.217582,1.8898711,-0.78404796,0.9018173,0.64336884,0.38850206,0.9018173,0.8687408,0.31344813
3847,1,2.5387464,1.1084013,-0.37387803,2.5387464,3.0378206,-0.84486413,0.92681384,0.75183094,0.40760425,0.92681384,0.95425373,0.3005113
3848,1,1.4718213,1.0538505,-0.41006786,1.4718213,3.1408865,-0.7840141,0.81333405,0.7415136,0.3988959,0.81333405,0.95854807,0.3134554
3849,0,-2.8153791,-0.6475488,-0.5164099,-2.8153791,-0.30543047,-0.8599881,0.05649875,0.34354213,0.37369213,0.05649875,0.4242305,0.29734185
3850,1,-0.47672343,-0.61301756,-0.42116252,-0.47672343,-0.008551478,-0.7448498,0.38302615,0.35137114,0.3962386,0.38302615,0.4978621,0.32194453
3851,0,1.8130376,1.185603,-0.4810347,1.8130376,3.5060534,-0.91183114,0.8597286,0.7659537,0.38200784,0.8597286,0.9708595,0.2866253
3852,1,4.261439,-0.586932,-0.111853614,4.261439,-0.62396824,-1.0460231,0.9860941,0.35733908,0.47206572,0.9860941,0.3488795,0.2599895
3853,1,6.521369,1.1111919,-0.4812758,6.521369,3.6850443,-0.71701306,0.9985305,0.7523512,0.38195094,0.9985305,0.97551835,0.3280511
3854,1,4.4672027,1.2887774,-0.57129616,4.4672027,2.7797763,-0.8562946,0.9886509,0.78394014,0.3609378,0.9886509,0.94157314,0.2981141
3855,0,-2.3933978,-0.7254381,0.028242305,-2.3933978,-0.2449719,-0.7864907,0.08367754,0.32619658,0.5070601,0.08367754,0.43906146,0.3129227
3856,1,5.9290686,2.4478586,-0.5539377,5.9290686,5.2619524,-0.7666053,0.99734604,0.9204047,0.36495134,0.99734604,0.99484164,0.3172139
3857,1,2.0462773,1.273267,-0.28551888,2.0462773,3.1421232,-1.0078139,0.88557094,0.78130156,0.42910126,0.88557094,0.95859724,0.26740786
3858,1,3.050021,1.2606323,-0.48687544,3.050021,3.259791,-0.78255475,0.95478344,0.779135,0.3806299,0.95478344,0.9630233,0.31376955
3859,1,6.080392,1.1732851,-0.20481735,6.080392,2.785296,-0.7819989,0.997718,0.7637383,0.44897392,0.997718,0.94187605,0.31388927
3860,1,6.0754213,0.24563372,-0.38864386,6.0754213,1.5052471,-0.74977577,0.99770653,0.5611015,0.40404376,0.99770653,0.81835574,0.32087016
3861,0,-5.868579,-6.0337367,-0.5709233,-5.868579,-4.9687195,-0.877319,0.0028189188,0.0023907926,0.3610238,0.0028189188,0.0069040474,0.29373366
3862,1,5.674823,0.5861549,-0.44724143,5.674823,2.3376904,-0.672472,0.9965804,0.64248246,0.39001685,0.9965804,0.9119508,0.33794355
3863,0,-4.3057303,-1.6022489,-0.59872985,-4.3057303,-1.9689054,-0.7005135,0.013311443,0.16766754,0.3546343,0.013311443,0.1225065,0.3316984
3864,1,5.2012835,-0.068952665,-0.3022343,5.2012835,0.9654866,-0.77786136,0.99452066,0.48276868,0.4250114,0.99452066,0.72421896,0.31478098
3865,0,0.5303525,-1.9134153,-0.43163264,0.5303525,-2.687461,-0.88538027,0.62956536,0.12859763,0.39373654,0.62956536,0.06371733,0.29206407
3866,1,1.7891324,-0.62536454,-0.4973495,1.7891324,0.2141754,-0.771594,0.8568209,0.34856236,0.37816373,0.8568209,0.5533401,0.31613436
3867,1,-3.31953,-0.6266688,-0.5477079,-3.31953,-0.17966573,-0.8338544,0.034907237,0.34826627,0.36639637,0.034907237,0.45520398,0.3028307
3868,1,6.231408,1.5179918,-0.49852854,6.231408,4.145656,-0.79052836,0.99803716,0.8202426,0.37788653,0.99803716,0.98441374,0.31205526
3869,0,-3.6428256,-0.7205398,-0.55954456,-3.6428256,-0.11701873,-0.7179952,0.025510453,0.32727414,0.36365283,0.025510453,0.47077864,0.3278346
3870,0,-6.0519724,-4.427918,-0.14227176,-6.0519724,-3.5177336,-0.9104991,0.0023476912,0.011798456,0.46449196,0.0023476912,0.028811846,0.28689772
3871,1,4.367637,0.08947897,-0.40388983,4.367637,0.8099216,-0.8367069,0.98747766,0.52235484,0.40037814,0.98747766,0.69209284,0.3022288
3872,0,-1.9018734,-2.2192628,-0.49467123,-1.9018734,-3.6967502,-0.7327569,0.1298966,0.098033965,0.37879378,0.1298966,0.024203656,0.32459003
3873,1,4.1346235,0.9975233,-0.39768475,4.1346235,3.0811155,-0.745844,0.9842435,0.7305713,0.40186873,0.9842435,0.9561071,0.32172754
3874,0,-2.081349,-0.43773916,-0.40738374,-2.081349,0.21270235,-0.9061187,0.110922866,0.3922798,0.39953965,0.110922866,0.55297595,0.28779474
3875,0,1.151584,-0.34210294,-0.524172,1.151584,0.2804806,-0.83100736,0.7598001,0.41529876,0.3718772,0.7598001,0.569664,0.30343214
3876,0,-6.7891927,-5.8185835,-0.46136296,-6.7891927,-4.823697,-0.79443955,0.0011246111,0.0029630063,0.38666254,0.0011246111,0.00797294,0.31121624
3877,1,2.886009,0.83342206,-0.29499346,2.886009,2.5138595,-0.8429464,0.9471505,0.697078,0.4267818,0.9471505,0.9251078,0.30091462
3878,1,6.4328804,-0.057709694,-0.29984593,6.4328804,0.98868,-0.8205048,0.9983948,0.48557657,0.42559513,0.9983948,0.7288271,0.30565652
3879,0,-6.292469,-4.307434,-0.5674346,-6.292469,-4.2159433,-0.71760565,0.0018467694,0.013289085,0.36182895,0.0018467694,0.01454375,0.32792047
3880,1,3.1238885,-0.1454721,-0.4232805,3.1238885,0.6304486,-0.81392384,0.9578674,0.46369597,0.39573202,0.9578674,0.65259117,0.307055
3881,1,1.6134713,0.17535657,-0.45716083,1.6134713,1.085756,-0.82844853,0.8338928,0.5437271,0.38765958,0.8338928,0.74758166,0.30397323
3882,0,-5.7806435,-4.9412155,-0.60716784,-5.7806435,-4.4730163,-0.7270052,0.00307723,0.0070952056,0.35270554,0.00307723,0.011284056,0.32585227
3883,0,-4.272831,-0.25697342,-0.5545104,-4.272831,0.5430691,-0.6721158,0.013750544,0.43610787,0.3648186,0.013750544,0.6325261,0.33802325
3884,1,5.979108,1.2157661,-0.41095743,5.979108,2.836605,-0.8685337,0.9974753,0.7713176,0.39868256,0.9974753,0.9446221,0.2955595
3885,0,3.0373428,1.1882473,-0.4875958,3.0373428,3.2781258,-0.7827401,0.95423293,0.76642746,0.3804601,0.95423293,0.96367073,0.31372964
3886,0,-0.8573934,0.29536295,-0.5868366,-0.8573934,1.1786642,-0.7064514,0.29788426,0.5733086,0.35736102,0.29788426,0.76470757,0.33038345
3887,0,1.5900941,1.7041159,-0.16047049,1.5900941,4.39405,-0.93256235,0.83062935,0.84607154,0.45996824,0.83062935,0.9878001,0.28240517
3888,0,-4.4972353,-2.0402603,-0.65974355,-4.4972353,-2.7934372,-0.75379336,0.0110170245,0.11504023,0.34079725,0.0110170245,0.057679847,0.31999528
3889,1,4.7634616,1.5116926,-0.41022527,4.7634616,3.990758,-0.869218,0.99153626,0.8193119,0.3988581,0.99153626,0.98184985,0.29541707
3890,0,-1.2190166,-0.16086987,-0.56942,-1.2190166,0.60598063,-0.70999384,0.22810954,0.4598691,0.36137068,0.22810954,0.6470234,0.32960021
3891,1,6.179466,1.0234562,-0.43994802,6.179466,2.6998389,-0.75562894,0.9979328,0.7356453,0.39175335,0.9979328,0.9370171,0.319596
3892,1,0.34185624,-0.5903229,-0.50972575,0.34185624,-0.4979937,-0.8980793,0.58464134,0.35656077,0.37525782,0.58464134,0.37801227,0.28944534
3893,0,3.1702235,-0.75263715,0.050100535,3.1702235,-0.899822,-0.9184675,0.9596982,0.32024693,0.5125225,0.9596982,0.2890871,0.28527024
3894,0,4.847455,0.65389264,-0.19198196,4.847455,1.5561092,-0.74422467,0.9922127,0.6578871,0.45215142,0.9922127,0.82579434,0.322081
3895,0,3.5593066,1.4407135,-0.5253032,3.5593066,3.622729,-0.69676363,0.9723289,0.80856514,0.37161303,0.9723289,0.9739852,0.33253017
3896,1,3.501297,0.7556928,-0.45460355,3.501297,2.1076612,-0.733797,0.97072464,0.6804179,0.3882668,0.97072464,0.8916456,0.32436207
3897,0,-7.3857255,-7.377423,-0.55559313,-7.3857255,-6.3230944,-0.81492865,0.00061965646,0.0006248195,0.36456773,0.00061965646,0.0017911684,0.30684122
3898,1,3.7870011,-0.05607474,-0.18279201,3.7870011,1.0092374,-0.76286244,0.97783875,0.48598498,0.4544288,0.97783875,0.7328709,0.31802514
3899,0,-3.3686566,-2.2465231,-0.5862019,-3.3686566,-3.2931485,-0.7629736,0.03328951,0.095649794,0.35750678,0.03328951,0.035806987,0.31800103
3900,0,-1.7285204,-0.8269146,-0.54462385,-1.7285204,-0.95542157,-0.8575345,0.15077694,0.30429783,0.3671126,0.15077694,0.2777958,0.29785472
3901,1,2.9955983,0.8162405,-0.42847618,2.9955983,2.039926,-0.73281217,0.9523748,0.6934377,0.39449024,0.9523748,0.8849258,0.32457793
3902,0,-6.0142164,-6.535712,-0.058045406,-6.0142164,-4.936736,-0.8235069,0.002437805,0.0014485946,0.4854927,0.002437805,0.007126832,0.30501974
3903,0,-1.1417339,-1.0614934,-0.55013394,-1.1417339,-0.23988266,-0.7349681,0.24200216,0.25702417,0.36583334,0.24200216,0.44031525,0.32410544
3904,1,-1.0214593,-2.9103484,-0.5011529,-1.0214593,-2.4366472,-0.71526265,0.26474324,0.05164437,0.37726974,0.26474324,0.08042052,0.32843706
3905,0,-3.567186,-1.1234975,-0.47364032,-3.567186,-1.121507,-0.85354066,0.027459858,0.24536313,0.383755,0.027459858,0.24573185,0.29869065
3906,1,3.1404746,0.41871107,-0.3307774,3.1404746,1.4694867,-0.80149573,0.95853174,0.6031748,0.4180515,0.95853174,0.81297934,0.30970564
3907,0,-5.2662435,-5.101335,-0.4691577,-5.2662435,-6.062321,-0.72670645,0.00513645,0.0060517658,0.38481563,0.00513645,0.0023235772,0.32591787
3908,1,2.9252915,-0.22244555,-0.038079765,2.9252915,0.5327848,-0.960319,0.9490826,0.4446168,0.49048123,0.9490826,0.6301324,0.27681434
3909,0,0.2537286,-1.3163328,-0.5057693,0.2537286,-1.5362762,-0.7783376,0.563094,0.21142906,0.3761858,0.563094,0.17707725,0.31467828
3910,1,3.1513317,1.9689363,-0.57390416,3.1513317,5.0765643,-0.7348361,0.9589612,0.87749684,0.36033645,0.9589612,0.99379736,0.32413438
3911,0,-1.73361,-0.9386332,-0.044305615,-1.73361,-0.75621235,-0.93844473,0.1501264,0.2811765,0.48892537,0.1501264,0.31946915,0.2812146
3912,1,-0.82847446,-1.5881151,-0.096841566,-0.82847446,-1.8749306,-0.74847114,0.30396774,0.16964926,0.47580853,0.30396774,0.13297224,0.3211545
3913,1,0.9473705,0.75095534,-0.026481893,0.9473705,2.4198315,-1.0019991,0.72058606,0.67938685,0.49337992,0.72058606,0.91832715,0.26854855
3914,0,-4.078143,-4.474331,-0.55958855,-4.078143,-4.395866,-0.8883277,0.016656743,0.0112694,0.36364266,0.016656743,0.012178067,0.29145506
3915,0,3.8733172,1.9909195,-0.56068957,3.8733172,5.221051,-0.7200825,0.9796341,0.87984043,0.3633879,0.9796341,0.9946274,0.32737482
3916,0,3.6745934,0.3407537,-0.49853578,3.6745934,1.6432561,-0.76095176,0.97526747,0.5843736,0.37788484,0.97526747,0.83797747,0.31843966
3917,1,0.19486722,0.56920946,-0.62147546,0.19486722,1.9657526,-0.73466337,0.54856324,0.63858074,0.34944594,0.54856324,0.8771542,0.3241722
3918,0,-5.621913,-5.2426634,-0.593119,-5.621913,-4.7752542,-0.86548245,0.003604673,0.0052583627,0.3559195,0.003604673,0.008365369,0.29619518
3919,1,4.834892,-0.21176985,-0.4771219,4.834892,0.2684646,-0.6678798,0.9921151,0.44725454,0.38293198,0.9921151,0.5667159,0.33897173
3920,0,-2.5513372,-0.2460858,-0.48139632,-2.5513372,0.07400614,-0.7769186,0.072336696,0.43878713,0.38192245,0.072336696,0.5184931,0.31498438
3921,1,3.9717999,-0.7502137,-0.2877134,3.9717999,-0.09489259,-0.88987535,0.9815089,0.32077473,0.42856377,0.9815089,0.47629464,0.29113555
3922,0,-0.0040015355,-2.4877496,-0.5569076,-0.0040015355,-2.3348396,-0.7783078,0.49899957,0.07672145,0.36426327,0.49899957,0.08827837,0.3146847
3923,0,-0.33171332,-0.5903229,-0.4153116,-0.33171332,-0.4979937,-0.9264836,0.4178238,0.35656077,0.39763921,0.4178238,0.37801227,0.28363866
3924,1,4.3130083,0.42563996,-0.12356447,4.3130083,1.7580818,-0.8250238,0.98678386,0.60483205,0.46914813,0.98678386,0.8529692,0.3046983
3925,1,1.5413556,-0.4962243,-0.13572644,1.5413556,0.66696036,-0.9590329,0.8236617,0.37842837,0.46612036,0.8236617,0.6608222,0.27707186
3926,0,-6.819434,-4.516653,-0.57701975,-6.819434,-5.182543,-0.6821235,0.001091147,0.010807453,0.35961863,0.001091147,0.005582376,0.33578753
3927,1,2.346075,-0.70291615,-0.52314353,2.346075,-0.5804215,-0.73200405,0.91262174,0.331166,0.37211746,0.91262174,0.3588356,0.3247551
3928,0,0.24771923,-1.0425491,-0.49123996,0.24771923,-0.6606513,-0.72193676,0.56161505,0.26065844,0.3796015,0.56161505,0.34059334,0.3269666
3929,1,3.3213115,0.25770354,-0.49924046,3.3213115,1.2869887,-0.7719997,0.9651528,0.5640717,0.37771916,0.9651528,0.7836371,0.31604668
3930,0,4.9392095,1.469909,-0.3750558,4.9392095,4.180522,-0.7996994,0.9928906,0.8130436,0.40731993,0.9928906,0.98493975,0.31008983
3931,0,-1.3674064,-3.0610218,-0.32983422,-1.3674064,-3.6327815,-0.8005705,0.20303923,0.04474401,0.41828096,0.20303923,0.025761338,0.3099035
3932,0,-3.8916276,-4.1208024,-0.5593788,-3.8916276,-3.7560134,-0.83144957,0.020003777,0.015972232,0.3636912,0.020003777,0.02284276,0.30333865
3933,0,-7.3084393,-3.9423156,-0.5871711,-7.3084393,-3.8707519,-0.74845403,0.00066941336,0.019033913,0.35728422,0.00066941336,0.020417146,0.32115826
3934,1,1.1263331,1.1659226,-0.5123035,1.1263331,2.878021,-0.7983521,0.7551616,0.76240724,0.3746537,0.7551616,0.9467492,0.31037813
3935,0,-3.6389,-2.814439,-0.5263568,-3.6389,-2.1372142,-0.82919174,0.025608221,0.056548882,0.371367,0.025608221,0.105532065,0.303816
3936,1,0.8112826,1.2475336,-0.2390069,0.8112826,3.4507594,-0.8376719,0.69238275,0.7768726,0.4405311,0.69238275,0.9692537,0.30202532
3937,0,-5.3331895,-1.8247966,-0.6072265,-5.3331895,-1.7667396,-0.8126695,0.0048054405,0.1388593,0.35269213,0.0048054405,0.14594825,0.30732194
3938,0,-5.564409,-5.061863,-0.53063345,-5.564409,-4.122392,-0.7980938,0.0038172186,0.0062938854,0.37036917,0.0038172186,0.015947264,0.31043342
3939,1,3.9311836,-0.3034917,-0.33448708,3.9311836,0.052837223,-0.8351813,0.9807571,0.42470413,0.41714928,0.9807571,0.51320624,0.30255064
3940,1,7.204314,2.4467201,-0.51893055,7.204314,5.745646,-0.7823485,0.99925715,0.9203213,0.37310237,0.99925715,0.9968135,0.31381395
3941,0,-3.1001234,-0.32087022,-0.57835203,-3.1001234,-0.06614214,-0.7438487,0.043102164,0.42046368,0.35931188,0.043102164,0.48347053,0.32216313
3942,1,4.999827,1.3905208,-0.011738449,4.999827,3.4588642,-0.9656458,0.993306,0.8006754,0.49706545,0.993306,0.96949434,0.27574924
3943,1,1.9886382,0.6182132,-0.5469914,1.9886382,2.026701,-0.676715,0.879599,0.64981204,0.36656266,0.879599,0.8835721,0.3369949
3944,0,-3.498407,-4.3115244,-0.14475292,-3.498407,-3.763431,-0.8435076,0.029357594,0.013235557,0.4638748,0.029357594,0.022677774,0.30079657
3945,0,4.7177987,0.48020968,-0.47304094,4.7177987,1.9235088,-0.84116256,0.99114424,0.6177973,0.38389677,0.99114424,0.87252915,0.30128998
3946,0,-6.198952,-6.4131813,-0.12338275,-6.198952,-5.4170995,-0.8662131,0.0020274392,0.0016371149,0.46919337,0.0020274392,0.00442038,0.2960429
3947,1,4.8968654,2.215316,-0.41382998,4.8968654,5.00978,-0.8522767,0.99258536,0.90161645,0.39799413,0.99258536,0.99337184,0.2989555
3948,1,-2.0555902,-2.1976008,-0.51378995,-2.0555902,-1.8949006,-0.68076277,0.113488734,0.099966146,0.3743055,0.113488734,0.13068672,0.3360911
3949,0,-1.2966931,-0.38872278,-0.51202476,-1.2966931,0.17375022,-0.7668281,0.2147221,0.40402478,0.374719,0.2147221,0.5433286,0.31716567
3950,1,-2.9955015,-1.8157117,-0.5240464,-2.9955015,-1.2557139,-0.71586776,0.047629513,0.13994922,0.37190655,0.047629513,0.2217126,0.32830358
3951,0,0.38654625,-1.186728,-0.4084005,0.38654625,-1.7212033,-0.773224,0.595451,0.23384465,0.3992957,0.595451,0.15171623,0.3157821
3952,0,-2.062857,0.48190704,-0.18771029,-2.062857,1.6721579,-0.9654379,0.112759694,0.6181981,0.45320976,0.112759694,0.84186333,0.27579075
3953,0,-6.013375,-4.8244276,-0.58529925,-6.013375,-3.658019,-0.7593552,0.0024398528,0.007967164,0.35771415,0.0024398528,0.025135458,0.3187863
3954,0,-3.01494,-0.6552218,-0.61936927,-3.01494,-0.5597862,-0.8315574,0.04675548,0.34181377,0.34992492,0.04675548,0.36359692,0.30331588
3955,1,0.17396864,-2.2571402,0.17722714,0.17396864,-2.45701,-0.9979462,0.5433828,0.09473535,0.5441912,0.5433828,0.07892743,0.26934543
3956,0,-0.5285407,-3.3312557,-0.57230026,-0.5285407,-3.1975508,-0.8883453,0.37085733,0.034514364,0.3607062,0.37085733,0.039257996,0.29145142
3957,0,-2.0092235,-4.5105753,-0.4447729,-2.0092235,-3.7349625,-0.8754573,0.11823792,0.010872622,0.3906043,0.11823792,0.023317387,0.29412
3958,0,0.72551465,-1.6260493,-0.55012095,0.72551465,-2.0083091,-0.70580614,0.6738202,0.1643723,0.36583632,0.6738202,0.11833327,0.3305262
3959,1,3.7545285,0.1671118,-0.56660366,3.7545285,1.0146865,-0.7481402,0.97712404,0.541681,0.3620209,0.97712404,0.7339363,0.3212267
3960,1,3.0155969,1.5244989,-0.31359845,3.0155969,3.719394,-0.82281435,0.9532738,0.8212,0.42223662,0.9532738,0.97632545,0.30516657
3961,1,1.4682069,1.1302233,-0.4533159,1.4682069,3.209814,-0.8291966,0.81278473,0.7558801,0.38857266,0.81278473,0.9612019,0.30381498
3962,1,3.7642865,1.2051487,0.0066744164,3.7642865,3.847817,-0.8986721,0.9773412,0.76943946,0.5016686,0.9773412,0.9791191,0.28932345
3963,1,4.0687838,0.50859404,-0.48468655,4.0687838,2.1336777,-0.7010101,0.9831892,0.6244768,0.38114607,0.9831892,0.8941336,0.3315883
3964,1,3.389492,1.504249,-0.5066523,3.389492,3.5678825,-0.8140831,0.96737444,0.8182074,0.37597862,0.96737444,0.97255874,0.30702108
3965,1,2.0514305,0.9722735,-0.480858,2.0514305,2.9590888,-0.9258989,0.88609207,0.7255724,0.38204953,0.88609207,0.9506913,0.28375748
3966,0,-7.372698,-7.3706994,-0.5823647,-7.372698,-5.739326,-0.6981488,0.0006277768,0.0006290319,0.35838863,0.0006277768,0.0032066202,0.3322228
3967,1,6.581279,1.6660007,-0.36366487,6.581279,3.8414083,-0.7249159,0.99861586,0.84104186,0.4100727,0.99861586,0.9789876,0.32631138
3968,1,5.157626,1.6127052,-0.5277271,5.157626,4.4615884,-0.6801813,0.99427766,0.8337866,0.37104714,0.99427766,0.98858774,0.33622086
3969,0,-3.7860768,-4.215749,0.101953775,-3.7860768,-4.562898,-0.6365169,0.022181254,0.01454654,0.5254664,0.022181254,0.010324084,0.34603432
3970,1,7.6530952,1.9702904,-0.31259865,7.6530952,4.691991,-0.81541836,0.99952567,0.87764233,0.42248055,0.99952567,0.9909149,0.3067371
3971,0,-6.0141897,-1.7267146,-0.5877092,-6.0141897,-1.9464443,-0.74139565,0.00243787,0.1510083,0.35716066,0.00243787,0.12494159,0.32269904
3972,1,4.464993,1.102024,-0.39072827,4.464993,3.1664033,-0.8783587,0.98862606,0.75063914,0.40354198,0.98862606,0.95955026,0.293518
3973,0,1.6501405,2.1999874,-0.44286382,1.6501405,5.432475,-0.78895956,0.83891004,0.90024835,0.39105877,0.83891004,0.9956468,0.31239212
3974,0,-7.251647,-7.3836656,-0.5665038,-7.251647,-6.1841054,-0.84859824,0.00070850336,0.0006209335,0.36204395,0.00070850336,0.0020577025,0.299727
3975,1,3.141468,0.7599716,-0.3061008,3.141468,2.5858457,-0.99093175,0.9585712,0.68134755,0.4240668,0.9585712,0.9299451,0.27072808
3976,0,-0.40966004,-1.8027809,-0.45527005,-0.40966004,-1.5872108,-0.7296772,0.39899364,0.14151289,0.3881085,0.39899364,0.16977668,0.32526556
3977,0,-6.26519,-3.3698437,-0.5885168,-6.26519,-2.7302637,-0.73363376,0.0018977436,0.03325133,0.35697526,0.0018977436,0.061211005,0.32439783
3978,1,0.3451448,-1.4798133,-0.34952015,0.3451448,-0.8020682,-0.8535296,0.58543974,0.18545562,0.41349876,0.58543974,0.30958328,0.29869297
3979,0,0.13539392,-0.19785163,-0.50063765,0.13539392,0.5518434,-0.8058762,0.53379685,0.45069784,0.37739083,0.53379685,0.6345632,0.30876997
3980,1,3.0120265,2.3098695,-0.008190569,3.0120265,5.9017534,-1.0543224,0.95311445,0.90969115,0.49795237,0.95311445,0.9972728,0.25839594
3981,0,-1.4362233,-4.028255,-0.03588039,-1.4362233,-3.0631902,-0.8791641,0.19213088,0.017493887,0.49103084,0.19213088,0.044651415,0.29335102
3982,0,-6.496109,-6.721453,-0.43887466,-6.496109,-5.054855,-0.8323908,0.0015070258,0.0012033364,0.39200914,0.0015070258,0.006337868,0.30313978
3983,1,2.2249484,0.96532345,-0.5078205,2.2249484,1.4911761,-0.7595621,0.9024676,0.7241864,0.37570462,0.9024676,0.81625473,0.31874135
3984,0,-3.9590192,-3.3329844,-0.47295856,-3.9590192,-3.807128,-0.6694522,0.018724523,0.034456797,0.38391623,0.018724523,0.021729235,0.33861953
3985,0,2.502355,0.0014442801,-0.35086608,2.502355,0.83888876,-0.8132597,0.92430675,0.500361,0.4131724,0.92430675,0.6982311,0.3071963
3986,1,4.684206,0.80558217,-0.34539142,4.684206,2.1457536,-0.90296316,0.99084455,0.6911673,0.41450042,0.99084455,0.8952713,0.28844196
3987,0,-5.370253,-3.9344468,-0.5759653,-5.370253,-3.2736478,-0.8010129,0.0046314034,0.019181395,0.35986152,0.0046314034,0.036486376,0.30980888
3988,0,-2.7636178,-4.75099,-0.019153707,-2.7636178,-4.4003124,-0.9782302,0.059322167,0.008569071,0.49521172,0.059322167,0.012124691,0.2732431
3989,1,1.6678789,-1.1128623,-0.2833841,1.6678789,-1.4031007,-0.7523196,0.8412928,0.24733762,0.42962432,0.8412928,0.19732453,0.32031608
3990,1,4.718796,1.3764273,-0.41866994,4.718796,3.7875454,-0.885623,0.99115306,0.7984166,0.3968351,0.99115306,0.9778506,0.2920139
3991,1,2.0055964,1.0109913,-0.47642422,2.0055964,2.6348293,-0.84645176,0.8813834,0.7332141,0.38309687,0.8813834,0.93306977,0.3001777
3992,0,-4.2346387,-3.3342104,-0.55576926,-4.2346387,-2.8042207,-0.9165023,0.014278223,0.03441604,0.36452696,0.014278223,0.057096522,0.28567111
3993,0,-5.2865734,-3.9845028,-0.50821435,-5.2865734,-4.1480002,-0.7785113,0.0050336006,0.018261988,0.37561223,0.0050336006,0.0155503405,0.31464085
3994,1,1.1203016,-1.4063461,0.1489101,1.1203016,-1.1650597,-0.5919385,0.75404465,0.196811,0.5371589,0.75404465,0.23774913,0.35619017
3995,0,0.6567166,-1.7617245,-0.45382988,0.6567166,-1.6442612,-0.7061999,0.6585224,0.1465745,0.38845053,0.6585224,0.16188607,0.3304391
3996,0,-3.085023,-3.8790135,-0.37986234,-3.085023,-3.8856301,-0.8071326,0.043729287,0.020252561,0.4061601,0.043729287,0.020121688,0.30850187
3997,0,-1.6336472,-1.223253,-0.5696191,-1.6336472,-1.6673592,-0.78152156,0.16333134,0.22736448,0.36132473,0.16333134,0.15877658,0.31399205
3998,1,3.1923776,0.71942484,-0.53000146,3.1923776,2.3168912,-0.73487437,0.9605464,0.67248034,0.37051654,0.9605464,0.9102664,0.324126
3999,1,2.6687586,-0.03356704,-0.22501323,2.6687586,0.31914994,-0.74104285,0.93515784,0.49160904,0.44398284,0.93515784,0.57911706,0.32277614
4000,0,-2.6322606,-1.9632301,-0.46817303,-2.6322606,-1.3729132,-0.7945616,0.067090824,0.123117894,0.38504875,0.067090824,0.20214958,0.31119004
4001,0,-3.674254,-3.2107782,-0.5738772,-3.674254,-3.5600295,-0.794124,0.024740696,0.038762126,0.36034268,0.024740696,0.027651628,0.31128386
