index,label,pred,score,logit,ssim,text_score,text_logit,image_score,image_logit
0,1,0,0.00020885242,-8.473674,0.7241573929786682,0.99962354,7.884361,0.00020885242,-8.473674
1,1,0,0.00019040024,-8.566192,0.7534626722335815,0.9998186,8.614483,0.00019040024,-8.566192
2,0,0,8.400067e-06,-11.687263,0.6320307850837708,8.400067e-06,-11.687263,0.006863742,-4.974615
3,1,0,0.00020259038,-8.504122,0.6709128618240356,0.99997187,10.478539,0.00020259038,-8.504122
4,0,0,6.4904634e-05,-9.642527,0.5348872542381287,6.4904634e-05,-9.642527,0.2180972,-1.2767897
5,0,0,1.0066623e-05,-11.506275,0.7703402042388916,1.0066623e-05,-11.506275,0.0069221505,-4.9660826
6,0,0,0.011608507,-4.4443407,0.6687647104263306,0.011608507,-4.4443407,0.42407846,-0.30605292
7,1,0,3.3265293e-05,-10.310963,1.0,3.3265293e-05,-10.310963,0.78437763,1.2913618
8,1,0,0.0005385061,-7.526173,0.8959490656852722,0.9999783,10.739019,0.0005385061,-7.526173
9,0,0,1.03254315e-05,-11.48089,0.7121835350990295,1.03254315e-05,-11.48089,0.008276419,-4.786034
10,1,0,0.00015198678,-8.791565,0.5368459820747375,0.912854,2.348991,0.00015198678,-8.791565
11,1,0,0.000133754,-8.919374,0.4914585053920746,0.99996173,10.169958,0.000133754,-8.919374
12,1,0,0.00023175756,-8.369587,0.7036476731300354,0.99998903,11.416765,0.00023175756,-8.369587
13,0,0,1.8373321e-05,-10.9045925,0.5395834445953369,1.8373321e-05,-10.9045925,0.02325435,-3.737734
14,0,0,0.4819066,-0.07240522,0.551647961139679,0.4819066,-0.07240507,0.96636647,3.3580194
15,1,0,0.00022064653,-8.418728,0.5436968803405762,0.99969137,8.083103,0.00022064653,-8.418728
16,0,0,0.00023221763,-8.367603,0.6941908001899719,0.00023221763,-8.367603,0.46441,-0.1426013
17,1,0,0.00019133187,-8.56131,0.6509329676628113,0.99990773,9.290947,0.00019133187,-8.56131
18,1,0,0.00019810656,-8.526507,0.6149424314498901,0.999969,10.380478,0.00019810656,-8.526507
19,1,0,0.00019687635,-8.532738,0.6797952055931091,0.99950135,7.6031446,0.00019687635,-8.532738
20,1,0,0.00039652552,-7.8323736,1.0,0.00039652552,-7.8323736,0.929914,2.5853682
21,0,0,2.0041542e-05,-10.817683,0.7330626249313354,2.0041542e-05,-10.817683,0.04200673,-3.1270108
22,0,0,6.151468e-06,-11.998814,0.8095940947532654,6.151468e-06,-11.998814,0.3878731,-0.45626128
23,1,0,0.00020806493,-8.477452,0.5236761569976807,0.9998211,8.62878,0.00020806493,-8.477452
24,0,0,0.00014232175,-8.857278,0.6818646192550659,0.00014232175,-8.857278,0.007915986,-4.8309236
25,0,0,5.296101e-05,-9.8459015,0.9118810892105103,5.296101e-05,-9.8459015,0.013824966,-4.267358
26,0,0,0.3656851,-0.5507729,0.7565504908561707,0.3953996,-0.4246709,0.3656851,-0.5507729
27,0,1,0.999858,8.8596945,0.7052531242370605,0.9999763,10.65077,0.999858,8.859886
28,0,0,1.2701776e-05,-11.273756,0.6380211114883423,1.2701776e-05,-11.273756,0.06816328,-2.6152515
29,1,0,0.00030463943,-8.096077,0.772712230682373,0.9999856,11.150196,0.00030463943,-8.096077
30,1,0,0.00021919655,-8.425323,0.6362255811691284,0.99956125,7.7310553,0.00021919655,-8.425323
31,0,1,0.990211,4.6166596,0.6669073700904846,0.990211,4.616659,0.99388665,5.0911517
32,1,0,9.423571e-05,-9.269617,1.0,9.423571e-05,-9.269617,0.9273283,2.5463557
33,0,0,1.7626679e-05,-10.946079,0.7602370977401733,1.7626679e-05,-10.946079,0.16239801,-1.6404929
34,1,0,0.00018407885,-8.599962,0.6374760866165161,0.9999845,11.074688,0.00018407885,-8.599962
35,1,0,0.34592187,-0.6370139,1.0,0.99992824,9.542492,0.34592187,-0.6370139
36,0,0,2.4410938e-05,-10.620455,0.7427785396575928,2.4410938e-05,-10.620455,0.8769717,1.9640605
37,1,0,0.0003271673,-8.024712,0.7231619358062744,0.9872542,4.3497205,0.0003271673,-8.024712
38,0,0,7.888307e-06,-11.750121,0.6502478718757629,7.888307e-06,-11.750121,0.020566769,-3.8632975
39,0,0,0.00014479127,-8.840073,0.7306157350540161,0.00014479127,-8.840073,0.1554925,-1.6921561
40,1,0,0.00031548474,-8.061085,0.7534921169281006,0.9999865,11.212498,0.00031548474,-8.061085
41,0,0,7.828388e-05,-9.4550905,0.7597376108169556,7.828388e-05,-9.4550905,0.058629714,-2.776095
42,0,0,7.5386656e-06,-11.795458,0.7025708556175232,7.5386656e-06,-11.795458,0.012202251,-4.3938575
43,1,0,0.00027013948,-8.216302,0.8262739777565002,0.999943,9.771901,0.00027013948,-8.216302
44,1,0,0.00021022798,-8.467108,1.0,0.00021022798,-8.467108,0.97125137,3.5199976
45,1,0,0.08645126,-2.357756,1.0,0.9861367,4.2645493,0.08645126,-2.357756
46,0,0,4.254794e-05,-10.0648365,0.750715434551239,4.254794e-05,-10.0648365,0.034897987,-3.3198047
47,1,0,0.0004832296,-7.6345353,0.9321577548980713,0.9998209,8.626951,0.0004832296,-7.6345353
48,0,1,0.9319873,2.6176245,0.8563421368598938,0.9319873,2.6176243,0.9753121,3.6764438
49,0,0,0.027312664,-3.5727122,0.783321738243103,0.027312664,-3.5727122,0.08615646,-2.3614945
50,1,0,0.00021147159,-8.461208,0.6074626445770264,0.9999517,9.939241,0.00021147159,-8.461208
51,1,0,8.153767e-05,-9.414364,1.0,8.153767e-05,-9.414364,0.98847544,4.451688
52,1,0,0.00018331484,-8.604122,0.706022322177887,0.9999877,11.30676,0.00018331484,-8.604122
53,1,0,0.00023454134,-8.357644,1.0,0.00023454134,-8.357644,0.9340596,2.6507885
54,0,1,0.99110234,4.7130294,0.8127636313438416,0.99110234,4.713034,0.99659425,5.678896
55,0,0,1.7028417e-05,-10.98061,0.6737255454063416,1.7028417e-05,-10.98061,0.1796981,-1.5183944
56,0,0,1.0537397e-05,-11.460569,0.6609622240066528,1.0537397e-05,-11.460569,0.55556345,0.2231755
57,1,0,0.00019749792,-8.529585,0.729661226272583,0.9999856,11.143226,0.00019749792,-8.529585
58,1,0,0.00018775283,-8.580196,0.6209631562232971,0.8866616,2.057085,0.00018775283,-8.580196
59,1,0,0.00025965885,-8.255882,0.7974860072135925,0.99999046,11.55578,0.00025965885,-8.255882
60,0,0,1.3348992e-05,-11.224056,0.7096843719482422,1.3348992e-05,-11.224056,0.6564906,0.6476938
61,1,0,0.00011783783,-9.046083,0.5961007475852966,0.9999857,11.156309,0.00011783783,-9.046083
62,1,0,0.0001985621,-8.52421,0.6462385654449463,0.83158326,1.5968902,0.0001985621,-8.52421
63,1,0,0.00019904852,-8.521763,0.6057694554328918,0.9999782,10.734423,0.00019904852,-8.521763
64,1,0,7.977055e-05,-9.436276,1.0,7.977055e-05,-9.436276,0.75905454,1.147503
65,1,0,0.00028473855,-8.163654,0.7692557573318481,0.9994261,7.4625525,0.00028473855,-8.163654
66,0,1,0.9991246,7.0399384,0.6054414510726929,0.9991246,7.039873,0.99943143,7.471866
67,0,0,0.00023528676,-8.35447,0.7245705127716064,0.00023528676,-8.35447,0.022878572,-3.7544103
68,0,0,0.0005475565,-7.509497,0.6415952444076538,0.0005475565,-7.509497,0.047624454,-2.995613
69,1,0,3.3237677e-05,-10.311793,1.0,3.3237677e-05,-10.311793,0.984339,4.140802
70,1,0,0.0002368409,-8.347885,0.7106456756591797,0.9999846,11.080346,0.0002368409,-8.347885
71,1,0,0.0001567254,-8.760859,0.585678219795227,0.9999007,9.217493,0.0001567254,-8.760859
72,1,0,1.17882855e-05,-11.3483925,1.0,1.17882855e-05,-11.3483925,0.29393536,-0.8763468
73,0,1,0.9468566,2.8801541,0.6809023022651672,0.97594917,3.7032423,0.9468566,2.8801548
74,0,1,0.9998167,8.604289,0.6336237192153931,0.9999366,9.665873,0.9998167,8.604238
75,0,0,3.0188623e-05,-10.408015,0.8526792526245117,3.0188623e-05,-10.408015,0.036902416,-3.2618778
76,1,0,0.0001889844,-8.573657,0.4646148979663849,0.99997973,10.805199,0.0001889844,-8.573657
77,0,1,0.9997603,8.336007,0.6136367917060852,0.99988556,9.075592,0.9997603,8.335985
78,0,1,0.65506554,0.6413809,0.9572821259498596,0.65506554,0.6413808,0.8730604,1.9282931
79,0,0,8.559158e-05,-9.365838,0.5729158520698547,8.559158e-05,-9.365838,0.870905,1.908984
80,0,0,7.2168027e-06,-11.839091,0.5893794894218445,7.2168027e-06,-11.839091,0.08668313,-2.3548236
81,0,0,0.00025865663,-8.25975,0.7050822973251343,0.00025865663,-8.25975,0.9492112,2.9279556
82,0,1,0.9894019,4.5364237,0.7048176527023315,0.9897259,4.567801,0.9894019,4.536417
83,1,0,7.704819e-06,-11.773657,1.0,7.704819e-06,-11.773657,0.20469981,-1.3571751
84,1,0,0.000158073,-8.7522955,0.5963226556777954,0.9995448,7.694402,0.000158073,-8.7522955
85,0,1,0.68043214,0.7557584,1.0,0.9999174,9.401064,0.68043214,0.75575835
86,1,0,0.00031116419,-8.074879,0.8384010791778564,0.99998534,11.128464,0.00031116419,-8.074879
87,0,1,0.8439842,1.6881764,0.6762257218360901,0.95411277,3.0345936,0.8439842,1.6881766
88,1,0,0.00022130093,-8.415766,0.5780718922615051,0.97991824,3.8876584,0.00022130093,-8.415766
89,1,0,0.00025540573,-8.272402,0.6826336979866028,0.9999733,10.529995,0.00025540573,-8.272402
90,1,0,0.00027655996,-8.192806,0.7552523016929626,0.999956,10.030266,0.00027655996,-8.192806
91,0,1,0.99985504,8.838918,0.7955031394958496,0.99998224,10.939924,0.99985504,8.838734
92,1,0,0.00026814133,-8.223728,0.6775945425033569,0.9999902,11.536589,0.00026814133,-8.223728
93,1,0,0.00031724977,-8.055504,0.761033296585083,0.99997365,10.5423765,0.00031724977,-8.055504
94,1,0,7.339873e-06,-11.822182,1.0,7.339873e-06,-11.822182,0.88931763,2.08379
95,1,0,0.00040680685,-7.806765,0.8068636655807495,0.9922035,4.846251,0.00040680685,-7.806765
96,1,0,0.00011666931,-9.05605,0.5655815601348877,0.99039197,4.6355047,0.00011666931,-9.05605
97,1,0,0.00016267977,-8.723564,0.5988850593566895,0.9975681,6.016655,0.00016267977,-8.723564
98,1,0,0.00016071077,-8.7357435,0.759292721748352,0.99998915,11.432973,0.00016071077,-8.7357435
99,0,0,1.0961776e-05,-11.421085,0.6073634624481201,1.0961776e-05,-11.421085,0.04756959,-2.9968233
100,1,0,0.00020355039,-8.499393,0.6582995653152466,0.99935466,7.3451304,0.00020355039,-8.499393
101,0,0,0.0019060611,-6.2608085,0.7370629906654358,0.0019060611,-6.2608085,0.05714206,-2.8033752
102,0,0,1.1474018e-05,-11.375414,0.6409763693809509,1.1474018e-05,-11.375414,0.16099557,-1.6508391
103,1,0,0.00027893926,-8.1842375,0.6623765826225281,0.9998442,8.766559,0.00027893926,-8.1842375
104,1,0,0.00024850832,-8.299786,0.5718044638633728,0.99993193,9.594917,0.00024850832,-8.299786
105,1,0,0.00014540112,-8.835869,0.4470725357532501,0.99938715,7.396745,0.00014540112,-8.835869
106,0,0,0.0012046415,-6.720368,0.5115123987197876,0.0012046415,-6.720368,0.012609878,-4.3605847
107,1,0,0.00013513959,-8.909067,0.5846296548843384,0.999985,11.108563,0.00013513959,-8.909067
108,1,0,0.00024673223,-8.30696,0.6128406524658203,0.99997246,10.498593,0.00024673223,-8.30696
109,1,0,0.0002767739,-8.192033,0.7979333996772766,0.99996984,10.408653,0.0002767739,-8.192033
110,0,1,0.5187691,0.07511163,1.0,0.6555005,0.6433063,0.5187691,0.07511157
111,1,0,0.00022216518,-8.411867,0.7537896633148193,0.99998903,11.421549,0.00022216518,-8.411867
112,0,0,3.299315e-05,-10.319178,0.7172008156776428,3.299315e-05,-10.319178,0.3038032,-0.82925224
113,1,0,0.00014024736,-8.871963,0.6037217974662781,0.99993217,9.598393,0.00014024736,-8.871963
114,0,1,0.9989949,6.9016495,0.6605186462402344,0.99927336,7.2263975,0.9989949,6.9017034
115,1,0,0.00017861415,-8.630104,0.6770179271697998,0.9984451,6.4647546,0.00017861415,-8.630104
116,0,1,0.9998729,8.97059,0.59177166223526,0.9999769,10.67205,0.9998729,8.970945
117,0,1,0.86479753,1.855722,0.8181004524230957,0.94082516,2.7662604,0.86479753,1.8557224
118,1,0,0.00019775721,-8.528273,0.7690145373344421,0.99998677,11.231905,0.00019775721,-8.528273
119,0,0,7.8907e-05,-9.447162,0.7875456213951111,7.8907e-05,-9.447162,0.014326656,-4.231203
120,1,0,0.00016173677,-8.729379,0.5401477217674255,0.9999409,9.735298,0.00016173677,-8.729379
121,1,0,0.00031135912,-8.074252,0.8261444568634033,0.90424466,2.2453032,0.00031135912,-8.074252
122,1,0,0.00028915424,-8.148261,0.7497721314430237,0.9999697,10.403713,0.00028915424,-8.148261
123,1,0,0.27501473,-0.9693266,1.0,0.9998853,9.07342,0.27501473,-0.9693267
124,1,0,0.00020671143,-8.48398,0.7096418142318726,0.99997425,10.568792,0.00020671143,-8.48398
125,1,0,0.00018321033,-8.604692,0.6799688339233398,0.9998068,8.551847,0.00018321033,-8.604692
126,1,0,0.00028775088,-8.153128,0.8579500317573547,0.99998224,10.938299,0.00028775088,-8.153128
127,0,0,2.0991783e-05,-10.7713585,0.5101193785667419,2.0991783e-05,-10.7713585,0.020901207,-3.8468256
128,1,0,0.00016032475,-8.738149,0.6938437819480896,0.9999796,10.800203,0.00016032475,-8.738149
129,1,0,0.00018054491,-8.61935,0.6134080290794373,0.99990714,9.284681,0.00018054491,-8.61935
130,1,0,0.0001959286,-8.537564,0.6321598291397095,0.99977356,8.392629,0.0001959286,-8.537564
131,1,0,3.2030766e-05,-10.348782,1.0,3.2030766e-05,-10.348782,0.87257975,1.9239635
132,0,0,5.897008e-06,-12.0410595,0.7397558689117432,5.897008e-06,-12.0410595,0.024092386,-3.701472
133,1,0,0.00020549909,-8.489863,0.6013420820236206,0.9997743,8.3957,0.00020549909,-8.489863
134,0,0,8.791014e-05,-9.3391075,0.7179483771324158,8.791014e-05,-9.3391075,0.03272672,-3.3862891
135,0,0,7.870971e-06,-11.752321,0.5025539398193359,7.870971e-06,-11.752321,0.07321817,-2.5382745
136,1,0,7.459512e-06,-11.806013,1.0,7.459512e-06,-11.806013,0.9837239,4.1016436
137,0,1,0.91163933,2.3338175,1.0,0.999972,10.4808235,0.91163933,2.333818
138,0,1,0.8732635,1.930127,1.0,0.99997985,10.811277,0.8732635,1.9301269
139,1,0,0.00037112317,-7.8986053,0.8113239407539368,0.9999887,11.392854,0.00037112317,-7.8986053
140,0,0,9.375554e-06,-11.577395,0.5874055027961731,9.375554e-06,-11.577395,0.013041955,-4.326456
141,0,0,2.258073e-05,-10.698391,0.8930485248565674,2.258073e-05,-10.698391,0.7747516,1.2353384
142,1,0,0.00024669387,-8.307116,0.671576738357544,0.9999796,10.797867,0.00024669387,-8.307116
143,1,0,0.00017461975,-8.652725,0.555391788482666,0.99998593,11.17506,0.00017461975,-8.652725
144,1,0,0.00019558647,-8.539312,0.6351122856140137,0.9999645,10.245285,0.00019558647,-8.539312
145,1,0,0.00026754863,-8.225942,0.6798060536384583,0.99997556,10.621247,0.00026754863,-8.225942
146,0,1,0.94598395,2.8629444,1.0,0.99997485,10.592024,0.94598395,2.8629441
147,0,0,2.8081366e-05,-10.480376,0.7128087878227234,2.8081366e-05,-10.480376,0.03277466,-3.3847759
148,1,0,0.00038203798,-7.8696084,0.8709328174591064,0.9999819,10.918814,0.00038203798,-7.8696084
149,0,0,0.00017246183,-8.665162,0.6225146651268005,0.00017246183,-8.665162,0.23065917,-1.204593
150,1,0,0.33526376,-0.68447286,1.0,0.99964976,7.9564896,0.33526376,-0.68447274
151,1,0,0.00016201723,-8.727646,0.563241183757782,0.97377825,3.6145945,0.00016201723,-8.727646
152,0,1,0.8466439,1.7085177,1.0,0.99806947,6.2479925,0.8466439,1.7085178
153,1,0,0.029958699,-3.477519,1.0,0.029958699,-3.477519,0.9222288,2.4730225
154,0,0,1.4992643e-05,-11.107936,0.5092997550964355,1.4992643e-05,-11.107936,0.026993591,-3.5847912
155,1,0,0.0002631796,-8.242411,0.5859718918800354,0.9999622,10.184093,0.0002631796,-8.242411
156,0,1,0.5215373,0.086202554,1.0,0.9250556,2.5131075,0.5215373,0.08620256
157,1,0,0.2772666,-0.958061,1.0,0.2772666,-0.95806086,0.80992174,1.4495015
158,1,0,0.0002723955,-8.207983,0.8877776861190796,0.99996746,10.333571,0.0002723955,-8.207983
159,0,0,1.1608549e-05,-11.363757,0.5698568820953369,1.1608549e-05,-11.363757,0.023201993,-3.7400417
160,0,0,1.038087e-05,-11.475535,0.8842962384223938,1.038087e-05,-11.475535,0.6801401,0.7544158
161,0,0,0.0013421592,-6.6121325,0.6354220509529114,0.0013421592,-6.6121325,0.14066237,-1.8097994
162,1,0,0.00018252473,-8.608442,0.6148762106895447,0.99998355,11.013962,0.00018252473,-8.608442
163,1,0,0.00027645743,-8.193177,1.0,0.00027645743,-8.193177,0.9615312,3.218679
164,1,0,0.26608336,-1.0145859,1.0,0.9998983,9.193533,0.26608336,-1.0145859
165,1,0,0.00021530098,-8.443258,0.6246973276138306,0.9998727,8.969018,0.00021530098,-8.443258
166,1,0,0.00032955554,-8.017436,0.8540904521942139,0.9999902,11.53249,0.00032955554,-8.017436
167,1,0,0.0002199221,-8.422017,0.639142632484436,0.9999926,11.819939,0.0002199221,-8.422017
168,0,0,1.6915508e-05,-10.987263,0.800452709197998,1.6915508e-05,-10.987263,0.1174029,-2.0172572
169,1,0,0.00021686101,-8.436037,0.6680194735527039,0.9999691,10.385366,0.00021686101,-8.436037
170,0,0,3.3324097e-05,-10.309196,0.8474146723747253,3.3324097e-05,-10.309196,0.16685808,-1.6080605
171,1,0,0.00017773276,-8.635052,0.7107444405555725,0.99997485,10.590649,0.00017773276,-8.635052
172,0,0,0.30851832,-0.8070555,1.0,0.30851832,-0.8070555,0.811643,1.4607215
173,0,0,3.0556672e-05,-10.395897,0.6148903369903564,3.0556672e-05,-10.395897,0.026546497,-3.6019523
174,1,0,0.00033283772,-8.007523,0.6402459740638733,0.57215077,0.29063174,0.00033283772,-8.007523
175,1,0,0.00021480415,-8.445569,0.5978631973266602,0.9999913,11.655527,0.00021480415,-8.445569
176,0,1,0.8732178,1.9297146,1.0,0.99980146,8.523975,0.8732178,1.9297146
177,0,0,5.6476806e-06,-12.08426,0.765187680721283,5.6476806e-06,-12.08426,0.017160922,-4.0478106
178,1,0,0.00025358298,-8.279566,0.6852449774742126,0.9997905,8.4701805,0.00025358298,-8.279566
179,1,0,0.00045094598,-7.703712,0.8000792264938354,0.9999913,11.655758,0.00045094598,-7.703712
180,1,0,0.0002063357,-8.4858,0.6152470111846924,0.99998,10.820432,0.0002063357,-8.4858
181,1,0,0.0002690322,-8.22041,0.7216718792915344,0.9999225,9.465707,0.0002690322,-8.22041
182,1,0,0.0001810248,-8.616695,0.5319139361381531,0.99997973,10.8066845,0.0001810248,-8.616695
183,0,0,2.8388915e-05,-10.469483,0.7417249083518982,2.8388915e-05,-10.469483,0.006135806,-5.087459
184,0,0,5.202527e-06,-12.166361,0.5870063304901123,5.202527e-06,-12.166361,0.48502746,-0.05990824
185,1,0,0.00017468253,-8.652366,0.6192868947982788,0.9999889,11.407295,0.00017468253,-8.652366
186,0,0,6.931676e-05,-9.576755,0.6812810301780701,6.931676e-05,-9.576755,0.084384814,-2.3842087
187,0,0,0.3471683,-0.6315097,0.6444389820098877,0.3471683,-0.6315098,0.5145436,0.058190763
188,1,0,7.011111e-05,-9.565359,1.0,7.011111e-05,-9.565359,0.97417915,3.6304145
189,0,0,0.0052218395,-5.24967,0.7310910224914551,0.0052218395,-5.24967,0.10201647,-2.1750174
190,1,0,0.00026655587,-8.22966,0.7991580963134766,0.9999558,10.027073,0.00026655587,-8.22966
191,1,0,0.00019708708,-8.531668,0.705102264881134,0.9999926,11.817826,0.00019708708,-8.531668
192,0,0,0.00338959,-5.683651,0.5844435691833496,0.00338959,-5.683651,0.18077336,-1.5111167
193,0,1,0.7845136,1.292166,1.0,0.99990284,9.239006,0.7845136,1.2921662
194,1,0,0.00017338998,-8.659794,0.5510484576225281,0.99998033,10.834915,0.00017338998,-8.659794
195,1,0,0.00020357482,-8.499273,0.7396285533905029,0.99994004,9.721429,0.00020357482,-8.499273
196,1,0,0.001881285,-6.273917,1.0,0.001881285,-6.273917,0.98579466,4.239834
197,1,0,3.0475247e-05,-10.398565,1.0,3.0475247e-05,-10.398565,0.924531,2.5055642
198,0,0,0.00015380594,-8.779665,0.8291847705841064,0.00015380594,-8.779665,0.015712518,-4.13746
199,1,0,0.00969629,-4.6262684,1.0,0.00969629,-4.6262684,0.7883017,1.3147187
200,1,0,0.00016893119,-8.68585,0.5695468783378601,0.9999838,11.031109,0.00016893119,-8.68585
201,1,0,0.00054262,-7.5185585,0.49949976801872253,0.99994695,9.844215,0.00054262,-7.5185585
202,1,0,0.00033109833,-8.012764,0.693642258644104,0.9999813,10.888617,0.00033109833,-8.012764
203,1,0,0.20228359,-1.3720825,1.0,0.99996936,10.394581,0.20228359,-1.3720826
204,0,1,0.99988246,9.048612,0.5509504079818726,0.9999895,11.460773,0.99988246,9.048369
205,1,0,0.0002323751,-8.366925,0.7262914776802063,0.99995804,10.077709,0.0002323751,-8.366925
206,1,0,0.00023665106,-8.348687,0.7640853524208069,0.9999881,11.338704,0.00023665106,-8.348687
207,0,1,0.9963696,5.6147757,0.8042942881584167,0.9984457,6.46515,0.9963696,5.614758
208,0,0,0.004954686,-5.3024545,0.6860212087631226,0.004954686,-5.3024545,0.3623806,-0.56504655
209,0,0,2.08002e-05,-10.780527,0.6097445487976074,2.08002e-05,-10.780527,0.94066525,2.763392
210,1,0,0.14088786,-1.8079352,1.0,0.9997342,8.232466,0.14088786,-1.8079352
211,1,0,0.0005164219,-7.56807,0.7489345669746399,0.9998271,8.662193,0.0005164219,-7.56807
212,0,1,0.99948126,7.5635905,0.48478230834007263,0.99948126,7.5635676,0.99948895,7.5786667
213,0,0,1.2510223e-05,-11.288952,0.7256115078926086,1.2510223e-05,-11.288952,0.0755628,-2.504221
214,0,1,0.9998518,8.816954,0.798690915107727,0.99998975,11.48928,0.9998518,8.817233
215,0,0,1.0156893e-05,-11.497348,0.6357347369194031,1.0156893e-05,-11.497348,0.00789247,-4.8339224
216,0,0,5.4231565e-05,-9.822193,0.7219979763031006,5.4231565e-05,-9.822193,0.573848,0.2975685
217,0,0,6.6544662e-06,-11.920216,0.7955202460289001,6.6544662e-06,-11.920216,0.067659885,-2.6232042
218,0,1,0.7805516,1.2688838,1.0,0.8892041,2.0826366,0.7805516,1.268884
219,0,0,9.466802e-06,-11.56771,0.7774056196212769,9.466802e-06,-11.56771,0.06595342,-2.6505775
220,0,1,0.9997099,8.145009,0.7394164800643921,0.99998987,11.501056,0.9997099,8.145271
221,0,0,0.0004953671,-7.609716,0.711489737033844,0.0004953671,-7.609716,0.092577785,-2.2825587
222,0,0,4.862057e-06,-12.234044,0.6293556690216064,4.862057e-06,-12.234044,0.016689993,-4.076115
223,1,0,0.0001930548,-8.552343,0.5631256103515625,0.99056447,4.6537867,0.0001930548,-8.552343
224,0,0,7.603525e-06,-11.786891,0.6564773917198181,7.603525e-06,-11.786891,0.008348677,-4.7772684
225,1,0,0.00023166543,-8.369985,0.7365812659263611,0.9999318,9.592379,0.00023166543,-8.369985
226,0,0,8.272838e-05,-9.399865,0.6750767230987549,8.272838e-05,-9.399865,0.15040399,-1.731436
227,1,0,0.0002470206,-8.305792,0.6906257271766663,0.99996936,10.395111,0.0002470206,-8.305792
228,0,0,7.2238954e-06,-11.838109,0.8372885584831238,7.2238954e-06,-11.838109,0.12411613,-1.954016
229,1,0,0.00037662228,-7.883891,0.7263256907463074,0.9999757,10.625204,0.00037662228,-7.883891
230,0,0,0.0001691954,-8.684287,0.4226064682006836,0.0001691954,-8.684287,0.11680609,-2.0230296
231,0,1,0.85799,1.7986952,1.0,0.99996936,10.392866,0.85799,1.7986952
232,1,0,4.2876443e-05,-10.057145,1.0,4.2876443e-05,-10.057145,0.96717685,3.383245
233,1,0,0.00029600112,-8.124851,0.6846214532852173,0.99943036,7.47003,0.00029600112,-8.124851
234,0,1,0.9426617,2.7997386,1.0,0.98105824,3.9472604,0.9426617,2.7997386
235,0,1,0.9916882,4.7817316,0.7155138850212097,0.9960024,5.518045,0.9916882,4.7817307
236,0,1,0.68986,0.7994648,1.0,0.99382305,5.080742,0.68986,0.7994648
237,0,1,0.9151244,2.3778734,1.0,0.99920243,7.133103,0.9151244,2.3778734
238,0,1,0.63439906,0.5511358,0.7752892971038818,0.63439906,0.5511357,0.7182684,0.9358887
239,0,1,0.9998288,8.672597,0.8248645663261414,0.99994314,9.775896,0.9998288,8.672626
240,0,0,1.2601176e-05,-11.281708,0.6951587796211243,1.2601176e-05,-11.281708,0.014573783,-4.21385
241,0,1,0.7770262,1.2484196,0.6658216714859009,0.7770262,1.2484198,0.911434,2.3312712
242,1,0,0.00018878502,-8.574713,0.6895461678504944,0.9999263,9.515939,0.00018878502,-8.574713
243,0,0,1.10016135e-05,-11.417458,0.9509958028793335,1.10016135e-05,-11.417458,0.0943673,-2.261439
244,1,0,0.0001840392,-8.600178,0.6511238217353821,0.99999046,11.566132,0.0001840392,-8.600178
245,0,0,5.9783444e-05,-9.724722,0.6911869645118713,5.9783444e-05,-9.724722,0.25535217,-1.0702678
246,1,0,0.00031031482,-8.077613,0.807275116443634,0.9999883,11.352461,0.00031031482,-8.077613
247,1,0,0.086454295,-2.3577175,1.0,0.086454295,-2.3577175,0.95851195,3.1399765
248,1,0,0.0002695172,-8.218609,0.758720874786377,0.9999529,9.964249,0.0002695172,-8.218609
249,1,0,0.00021430601,-8.447891,0.7435431480407715,0.99997926,10.783741,0.00021430601,-8.447891
250,1,0,0.00024275536,-8.323214,0.7408427596092224,0.9999732,10.525892,0.00024275536,-8.323214
251,0,1,0.9995394,7.682466,0.9064101576805115,0.9995394,7.682369,0.9995852,7.78736
252,1,0,0.00020303244,-8.501942,0.8549464344978333,0.9999865,11.21503,0.00020303244,-8.501942
253,1,0,0.0001948657,-8.543005,0.7350470423698425,0.98816144,4.4244843,0.0001948657,-8.543005
254,0,0,0.00064098317,-7.3518662,0.8815650939941406,0.00064098317,-7.3518662,0.23222299,-1.1958011
255,1,0,0.00029007232,-8.14509,0.6487035155296326,0.9999604,10.137553,0.00029007232,-8.14509
256,0,1,0.9996056,7.8377404,0.5557193160057068,0.9996569,7.9773216,0.9996056,7.837779
257,0,1,0.73892885,1.0404087,0.7124170660972595,0.73892885,1.0404087,0.90009207,2.1982481
258,1,0,0.00028311275,-8.169382,0.6308229565620422,0.99994683,9.842318,0.00028311275,-8.169382
259,0,0,4.1111566e-06,-12.401802,0.7332269549369812,4.1111566e-06,-12.401802,0.092996575,-2.2775836
260,1,0,0.00010124621,-9.197854,0.4337952733039856,0.9998292,8.675194,0.00010124621,-9.197854
261,0,0,0.043674313,-3.0863385,0.7114158272743225,0.043674313,-3.0863383,0.935339,2.67175
262,1,0,0.00032333104,-8.03651,0.718245804309845,0.99999034,11.543836,0.00032333104,-8.03651
263,0,1,0.919749,2.438942,0.7060058116912842,0.919749,2.438943,0.98549575,4.2187085
264,1,0,0.09760012,-2.224179,1.0,0.9999887,11.392301,0.09760012,-2.224179
265,0,0,9.28246e-06,-11.587375,0.6542502641677856,9.28246e-06,-11.587375,0.57446617,0.30009684
266,1,0,0.0002770197,-8.191145,0.654245138168335,0.9999801,10.823361,0.0002770197,-8.191145
267,0,1,0.99916387,7.085885,0.7206753492355347,0.9997322,8.225222,0.99916387,7.0858636
268,1,0,0.0002533901,-8.280327,0.7142824530601501,0.9999083,9.29723,0.0002533901,-8.280327
269,1,0,0.00024348393,-8.320216,0.7222248911857605,0.9999753,10.611124,0.00024348393,-8.320216
270,0,0,0.0009954921,-6.9112773,0.7182417511940002,0.0009954921,-6.9112773,0.7339075,1.0145392
271,0,0,2.4778281e-05,-10.605518,0.7980555891990662,2.4778281e-05,-10.605518,0.08555919,-2.3691044
272,0,0,1.7373957e-05,-10.960521,0.7973779439926147,1.7373957e-05,-10.960521,0.6467477,0.60477376
273,0,1,0.9997875,8.456401,0.6526111960411072,0.9999348,9.637451,0.9997875,8.456611
274,1,1,0.93942523,2.7413898,1.0,0.97517425,3.6707368,0.93942523,2.74139
275,1,0,0.07009546,-2.585224,1.0,0.9920191,4.822699,0.07009546,-2.585224
276,0,1,0.99984384,8.764446,0.7344682812690735,0.9998865,9.084234,0.99984384,8.7649765
277,0,1,0.5891207,0.3603315,1.0,0.9048295,2.2520764,0.5891207,0.36033157
278,1,0,0.00018565966,-8.59141,0.6160011887550354,0.99998665,11.225831,0.00018565966,-8.59141
279,0,0,1.1058331e-05,-11.412315,0.7628406286239624,1.1058331e-05,-11.412315,0.03248496,-3.3939538
280,1,0,0.00019888631,-8.522578,0.7590456604957581,0.9999932,11.903408,0.00019888631,-8.522578
281,1,0,0.00019258047,-8.554804,0.6393209099769592,0.9999895,11.461567,0.00019258047,-8.554804
282,1,0,0.00019065385,-8.56486,0.6869359016418457,0.9999049,9.260723,0.00019065385,-8.56486
283,1,0,0.000340718,-7.9841146,0.6949772238731384,0.9968405,5.7541656,0.000340718,-7.9841146
284,1,0,0.00024748145,-8.303927,0.6973570585250854,0.23875959,-1.159492,0.00024748145,-8.303927
285,0,1,0.9987545,6.686973,0.9425469040870667,0.9987545,6.6869698,0.9994772,7.5558095
286,0,1,0.9230692,2.4847977,0.6770115494728088,0.9230692,2.484798,0.9816752,3.9810061
287,0,0,5.7732468e-05,-9.759633,0.4640004634857178,5.7732468e-05,-9.759633,0.015800392,-4.131794
288,1,0,0.0003362608,-7.9972873,0.7788090705871582,0.9999809,10.866339,0.0003362608,-7.9972873
289,1,0,0.00022575381,-8.39584,0.6184449791908264,0.9999895,11.467459,0.00022575381,-8.39584
290,0,0,0.0008013895,-7.1283617,0.628443717956543,0.0008013895,-7.1283617,0.11750204,-2.0163007
291,1,0,0.00020530735,-8.490797,0.6493086814880371,0.9999558,10.026497,0.00020530735,-8.490797
292,0,0,1.6208032e-05,-11.029987,0.7556598782539368,1.6208032e-05,-11.029987,0.11046969,-2.0859523
293,0,0,1.2168003e-05,-11.316689,0.8538327217102051,1.2168003e-05,-11.316689,0.4041189,-0.3883319
294,1,1,0.67578864,0.7344847,0.5753357410430908,0.67578864,0.7344846,0.92590505,2.5254245
295,0,0,0.012426348,-4.375432,0.6120577454566956,0.036074787,-3.2854195,0.012426348,-4.375432
296,1,0,0.4663469,-0.13481633,1.0,0.9503096,2.950975,0.4663469,-0.13481623
297,0,1,0.65160614,0.62610674,1.0,0.74203146,1.056554,0.65160614,0.6261066
298,0,0,0.0007896948,-7.143074,0.8527389764785767,0.0007896948,-7.143074,0.040953107,-3.1535122
299,0,0,2.5069132e-05,-10.593848,0.49756622314453125,2.5069132e-05,-10.593848,0.2688899,-1.000262
300,1,0,0.00030109132,-8.107796,0.6479495167732239,0.99993086,9.579032,0.00030109132,-8.107796
301,1,0,0.058094166,-2.78584,1.0,0.9995183,7.6376443,0.058094166,-2.78584
302,1,0,0.00025990824,-8.254922,0.8315983414649963,0.9999924,11.787368,0.00025990824,-8.254922
303,1,0,0.00016530408,-8.707559,0.6529642343521118,0.99203014,4.8240943,0.00016530408,-8.707559
304,1,0,6.3524254e-05,-9.664025,1.0,6.3524254e-05,-9.664025,0.7776389,1.2519598
305,1,0,0.00025448785,-8.276003,0.6991935968399048,0.99987876,9.017803,0.00025448785,-8.276003
306,1,0,0.00080728554,-7.1210256,1.0,0.00080728554,-7.1210256,0.7548776,1.124798
307,0,1,0.5017805,0.007122128,1.0,0.9999863,11.194505,0.5017805,0.00712204
308,1,0,0.0003036269,-8.099407,0.8164179921150208,0.999967,10.317639,0.0003036269,-8.099407
309,1,0,0.4678217,-0.1288913,1.0,0.75330204,1.1163015,0.4678217,-0.12889135
310,0,1,0.9962993,5.595533,0.7939949035644531,0.99668366,5.7055645,0.9962993,5.5955367
311,1,0,0.0002769819,-8.191281,0.4609900712966919,0.93852705,2.7257135,0.0002769819,-8.191281
312,1,0,0.00023015097,-8.376545,0.8856901526451111,0.9998604,8.876823,0.00023015097,-8.376545
313,1,0,0.00018305388,-8.605547,0.7144892811775208,0.9925201,4.888027,0.00018305388,-8.605547
314,1,0,0.00017707812,-8.638742,0.5596429109573364,0.99997413,10.563897,0.00017707812,-8.638742
315,1,0,0.0002936465,-8.13284,0.7721039056777954,0.99998033,10.839187,0.0002936465,-8.13284
316,0,0,1.5487463e-05,-11.075464,0.6935707926750183,1.5487463e-05,-11.075464,0.12237933,-1.9700888
317,1,0,0.00017696316,-8.639392,0.5749958157539368,0.99997723,10.688149,0.00017696316,-8.639392
318,0,0,9.5310796e-05,-9.258272,0.5946885347366333,9.5310796e-05,-9.258272,0.029142544,-3.5059805
319,1,0,0.00024393748,-8.318355,0.6419011354446411,0.999984,11.04682,0.00024393748,-8.318355
320,1,0,0.00017288004,-8.66274,0.6712667942047119,0.99985695,8.852425,0.00017288004,-8.66274
321,0,1,0.9997751,8.399682,0.7127538919448853,0.9999577,10.068943,0.9997751,8.399565
322,0,1,0.9979588,6.192164,0.6916250586509705,0.9979588,6.1921816,0.99853694,6.525796
323,0,0,0.00064299733,-7.3487267,0.6469133496284485,0.00064299733,-7.3487267,0.13981912,-1.8167931
324,0,0,1.1830902e-05,-11.344784,0.7292822599411011,1.1830902e-05,-11.344784,0.5018406,0.0073623806
325,1,0,6.066303e-05,-9.710115,1.0,6.066303e-05,-9.710115,0.41052037,-0.36181456
326,0,0,0.018370327,-3.9784775,0.7680552005767822,0.018370327,-3.9784775,0.81301993,1.4697535
327,0,0,0.19154394,-1.4400091,0.6614154577255249,0.19154394,-1.440009,0.5417652,0.16745098
328,1,0,0.00024117898,-8.32973,0.6462126970291138,0.9999459,9.82427,0.00024117898,-8.32973
329,1,0,0.0002669198,-8.228295,0.7477530241012573,0.9999889,11.409594,0.0002669198,-8.228295
330,0,0,7.1420577e-06,-11.849503,0.7333249449729919,7.1420577e-06,-11.849503,0.631433,0.5383693
331,0,1,0.9995565,7.7203283,0.7848804593086243,0.9995565,7.7202697,0.9997141,8.159465
332,1,0,0.0002224522,-8.410576,0.575862467288971,0.99998415,11.053736,0.0002224522,-8.410576
333,1,0,0.44204122,-0.232882,1.0,0.99984825,8.793216,0.44204122,-0.232882
334,1,0,0.00022186333,-8.413227,0.6796690225601196,0.99956435,7.7382116,0.00022186333,-8.413227
335,0,1,0.9997919,8.477381,0.7314108610153198,0.9998486,8.795557,0.9997919,8.477536
336,0,0,1.6780783e-05,-10.995259,0.7305333614349365,1.6780783e-05,-10.995259,0.8852303,2.0429206
337,1,0,0.00028139778,-8.17546,0.7996037602424622,0.9999876,11.293543,0.00028139778,-8.17546
338,0,0,0.10742833,-2.1172829,0.8647859692573547,0.2159095,-1.2896651,0.10742833,-2.1172829
339,0,0,0.4328353,-0.27029234,0.8026499152183533,0.4328353,-0.27029246,0.5983953,0.39878342
340,0,1,0.9052686,2.2571862,1.0,0.99989176,9.130672,0.9052686,2.2571864
341,1,0,0.00021519346,-8.443758,0.5644969344139099,0.99992526,9.500805,0.00021519346,-8.443758
342,1,0,0.00016568706,-8.705244,0.6404861807823181,0.9999759,10.632494,0.00016568706,-8.705244
343,0,0,0.014506075,-4.2185755,0.7841006517410278,0.014506075,-4.2185755,0.84235173,1.6758313
344,0,0,9.312554e-06,-11.584138,0.8398953080177307,9.312554e-06,-11.584138,0.01903354,-3.9423356
345,1,0,0.00018828995,-8.577339,0.6637798547744751,0.99384993,5.085122,0.00018828995,-8.577339
346,1,0,0.0002407613,-8.331464,0.6220914721488953,0.9991381,7.0555086,0.0002407613,-8.331464
347,1,0,0.00016364967,-8.717619,0.6065361499786377,0.99998343,11.006594,0.00016364967,-8.717619
348,0,0,0.35905612,-0.57946324,0.767852783203125,0.35905612,-0.5794632,0.64480424,0.59627783
349,0,1,0.99018574,4.6140556,0.7320702075958252,0.99018574,4.614051,0.99238163,4.869548
350,1,0,0.00015611509,-8.764761,0.5842125415802002,0.9999864,11.206043,0.00015611509,-8.764761
351,1,0,0.0001877566,-8.580176,0.6464077830314636,0.9999833,10.99773,0.0001877566,-8.580176
352,1,0,0.00017626413,-8.643351,0.6810053586959839,0.99983644,8.718497,0.00017626413,-8.643351
353,0,0,4.4241574e-06,-12.328426,0.687873899936676,4.4241574e-06,-12.328426,0.096084364,-2.2415094
354,1,0,6.547644e-05,-9.633755,1.0,6.547644e-05,-9.633755,0.8024899,1.4019296
355,0,0,8.335476e-06,-11.694982,0.7213754057884216,8.335476e-06,-11.694982,0.050080836,-2.9427385
356,0,1,0.98269856,4.0395126,0.6811966896057129,0.9840545,4.122504,0.98269856,4.039518
357,0,0,1.1115957e-05,-11.407118,0.6409603357315063,1.1115957e-05,-11.407118,0.22170037,-1.2557849
358,1,0,0.00023594835,-8.351662,0.7828691005706787,0.999271,7.222993,0.00023594835,-8.351662
359,0,0,1.0590813e-05,-11.455513,0.5282801985740662,1.0590813e-05,-11.455513,0.00867512,-4.738583
360,1,0,0.00032898862,-8.019158,0.7939823865890503,0.99999225,11.772963,0.00032898862,-8.019158
361,1,0,0.00015530383,-8.769972,0.5576570630073547,0.9999726,10.504452,0.00015530383,-8.769972
362,1,0,0.0002307409,-8.373984,0.8259631991386414,0.9999114,9.331521,0.0002307409,-8.373984
363,1,0,0.02057384,-3.8629465,1.0,0.38796067,-0.45589265,0.02057384,-3.8629465
364,1,0,0.00024181264,-8.3271055,0.6850405931472778,0.9998241,8.645204,0.00024181264,-8.3271055
365,1,0,0.00025298793,-8.281916,0.7945181727409363,0.999853,8.825226,0.00025298793,-8.281916
366,0,1,0.99945515,7.5144625,0.7461227178573608,0.99945515,7.5145025,0.9994804,7.561975
367,1,0,2.1666154e-05,-10.7397375,1.0,2.1666154e-05,-10.7397375,0.8971423,2.1658678
368,0,0,1.7302462e-05,-10.964644,0.5152365565299988,1.7302462e-05,-10.964644,0.006718081,-4.996212
369,0,1,0.99975854,8.328572,0.6602304577827454,0.9999219,9.457268,0.99975854,8.328569
370,1,0,0.00019298743,-8.552692,0.5379668474197388,0.9999018,9.228722,0.00019298743,-8.552692
371,1,0,0.00022163837,-8.414242,0.742343544960022,0.9999825,10.949034,0.00022163837,-8.414242
372,0,0,0.007896365,-4.833425,0.6918678283691406,0.007896365,-4.833425,0.018465817,-3.9731956
373,1,0,0.00016922927,-8.684087,0.6442669630050659,0.9999809,10.865645,0.00016922927,-8.684087
374,1,0,0.0002867201,-8.156717,0.7851368188858032,0.99998224,10.937202,0.0002867201,-8.156717
375,1,0,0.00041993102,-7.775,0.8712148666381836,0.99954647,7.69808,0.00041993102,-7.775
376,1,0,0.051820382,-2.9067605,1.0,0.051820382,-2.9067605,0.70050436,0.8497009
377,0,1,0.88223076,2.0137265,1.0,0.99943155,7.4720645,0.88223076,2.0137265
378,0,0,1.4200124e-05,-11.162246,0.6422357559204102,1.4200124e-05,-11.162246,0.08887055,-2.3275042
379,1,0,0.00021555877,-8.442061,0.5498523116111755,0.99999,11.514418,0.00021555877,-8.442061
380,1,0,0.00022079806,-8.418041,0.7770979404449463,0.9999838,11.026992,0.00022079806,-8.418041
381,1,0,0.00025406698,-8.277658,0.7131679654121399,0.9996705,8.017543,0.00025406698,-8.277658
382,0,1,0.78502315,1.295183,1.0,0.9998004,8.518908,0.78502315,1.295183
383,0,0,0.0060604196,-5.0998974,0.48811542987823486,0.0060604196,-5.0998974,0.03244142,-3.39534
384,1,0,0.00020131412,-8.510443,0.6542166471481323,0.99990916,9.306582,0.00020131412,-8.510443
385,0,0,7.856115e-06,-11.75421,0.6295812726020813,7.856115e-06,-11.75421,0.44375443,-0.22593838
386,0,1,0.99989784,9.188845,0.6951658129692078,0.99998224,10.938826,0.99989784,9.188743
387,0,0,8.463277e-06,-11.679766,0.8008795976638794,8.463277e-06,-11.679766,0.14060602,-1.8102657
388,1,0,0.19797207,-1.3990175,1.0,0.99998426,11.060341,0.19797207,-1.3990176
389,1,0,0.2538669,-1.0780939,1.0,0.99998546,11.140153,0.2538669,-1.0780938
390,1,0,0.0001992876,-8.520562,0.5646898746490479,0.9999833,10.9976425,0.0001992876,-8.520562
391,1,0,0.00032342473,-8.036221,0.7806814908981323,0.9999614,10.162834,0.00032342473,-8.036221
392,0,1,0.9997465,8.279899,0.8318023085594177,0.9999578,10.072111,0.9997465,8.279758
393,0,0,0.023666728,-3.7197337,0.5675616264343262,0.023666728,-3.7197337,0.077303536,-2.4795606
394,0,1,0.93409145,2.6513062,1.0,0.99997747,10.700197,0.93409145,2.651306
395,1,0,0.0014988255,-6.5015736,1.0,0.0014988255,-6.5015736,0.7658088,1.1847949
396,0,0,1.9216242e-05,-10.8597355,0.7026588916778564,1.9216242e-05,-10.8597355,0.04910784,-2.963382
397,0,0,1.1372075e-05,-11.384338,0.7194989919662476,1.1372075e-05,-11.384338,0.029690105,-3.4868016
398,0,0,2.420112e-05,-10.629087,0.7647430896759033,2.420112e-05,-10.629087,0.31456628,-0.77885705
399,1,0,0.00019741282,-8.530016,0.6949751973152161,0.999946,9.825865,0.00019741282,-8.530016
400,0,0,6.012266e-06,-12.021703,0.6322245597839355,6.012266e-06,-12.021703,0.21631238,-1.2872869
401,1,0,0.0001803737,-8.620299,0.7040858864784241,0.9999474,9.854082,0.0001803737,-8.620299
402,1,0,0.00014178008,-8.861092,1.0,0.00014178008,-8.861092,0.9782906,3.8080611
403,0,0,1.3446634e-05,-11.216768,0.6204470992088318,1.3446634e-05,-11.216768,0.6737242,0.72507787
404,1,0,0.00050155184,-7.597302,0.7093175053596497,0.9999733,10.531405,0.00050155184,-7.597302
405,0,0,1.29585205e-05,-11.253744,0.7339370250701904,1.29585205e-05,-11.253744,0.009716338,-4.6241827
406,0,0,0.008209538,-4.794215,0.756949245929718,0.008209538,-4.794215,0.035876382,-3.2911403
407,0,0,0.057836525,-2.7905583,0.7780771851539612,0.057836525,-2.7905583,0.3328165,-0.6954738
408,1,0,0.00012435549,-8.992242,0.7001090049743652,0.9945687,5.2101274,0.00012435549,-8.992242
409,0,0,0.0012261448,-6.7026534,0.6388217806816101,0.0012261448,-6.7026534,0.2832148,-0.9285705
410,1,0,0.022133833,-3.7882655,1.0,0.9999721,10.48667,0.022133833,-3.7882655
411,0,0,6.0682455e-06,-12.012435,0.6530160903930664,6.0682455e-06,-12.012435,0.08122363,-2.4258366
412,1,0,0.19189535,-1.4377414,1.0,0.99996746,10.331903,0.19189535,-1.4377414
413,0,0,3.091099e-05,-10.384368,0.831306517124176,3.091099e-05,-10.384368,0.039987348,-3.1783834
414,1,0,0.34112474,-0.658286,1.0,0.34112474,-0.65828604,0.6624715,0.6743275
415,0,1,0.66042143,0.6651728,1.0,0.9999831,10.9892025,0.66042143,0.665173
416,1,0,0.00023009302,-8.376797,0.8535494208335876,0.99998987,11.498548,0.00023009302,-8.376797
417,1,0,0.00025315734,-8.281246,0.49341660737991333,0.9999689,10.378984,0.00025315734,-8.281246
418,0,1,0.5780181,0.31464288,1.0,0.98020566,3.9023652,0.5780181,0.3146427
419,0,0,2.1696758e-05,-10.738326,0.6368772983551025,2.1696758e-05,-10.738326,0.0075246803,-4.882014
420,1,0,0.32600966,-0.7262888,0.5735512375831604,0.32600966,-0.7262888,0.89163315,2.107533
421,1,0,0.00019311592,-8.552027,0.742514967918396,0.99997544,10.61529,0.00019311592,-8.552027
422,0,0,0.17978226,-1.5178235,0.7447694540023804,0.17978226,-1.5178235,0.9149206,2.3752522
423,0,0,1.6654501e-05,-11.002813,0.7207571864128113,1.6654501e-05,-11.002813,0.96493393,3.314825
424,0,0,2.1120537e-05,-10.765244,0.5956391096115112,2.1120537e-05,-10.765244,0.02750056,-3.565663
425,0,0,1.1399459e-05,-11.381933,0.940208911895752,1.1399459e-05,-11.381933,0.013350663,-4.3027487
426,0,0,0.0071982034,-4.9266996,0.751670777797699,0.0071982034,-4.9266996,0.054311108,-2.857185
427,0,1,0.9975248,5.998955,0.656866729259491,0.9975248,5.9989476,0.99774593,6.09275
428,1,0,0.00018721243,-8.583079,0.4677509665489197,0.9985109,6.5081134,0.00018721243,-8.583079
429,0,0,0.0015740381,-6.4525356,0.8011511564254761,0.0015740381,-6.4525356,0.8958544,2.1519887
430,1,0,0.00019207782,-8.557418,0.7143251299858093,0.99997985,10.812808,0.00019207782,-8.557418
431,1,0,0.00021600192,-8.440007,0.7275134325027466,0.9995364,7.6759386,0.00021600192,-8.440007
432,1,0,0.00025145564,-8.2879925,0.7293710112571716,0.9989994,6.906149,0.00025145564,-8.2879925
433,1,0,0.00018264313,-8.607794,0.6680688858032227,0.9994679,7.538192,0.00018264313,-8.607794
434,0,1,0.9998497,8.802574,0.6901165843009949,0.999925,9.498112,0.9998497,8.80243
435,0,1,0.5907241,0.36695957,1.0,0.99991906,9.422126,0.5907241,0.36695972
436,0,1,0.9998567,8.8505,0.6541783213615417,0.99997663,10.664605,0.9998567,8.850698
437,1,0,0.00035765974,-7.9355707,0.7081577777862549,0.9999887,11.3862505,0.00035765974,-7.9355707
438,1,0,0.00021203188,-8.458562,0.7075964212417603,0.99998474,11.093918,0.00021203188,-8.458562
439,0,1,0.6218589,0.49744582,1.0,0.9392659,2.7385936,0.6218589,0.49744576
440,1,0,0.00018929783,-8.572,0.6398789882659912,0.99979764,8.505412,0.00018929783,-8.572
441,0,0,0.16354004,-1.6321208,0.4835086166858673,0.16354004,-1.6321208,0.41322884,-0.35063338
442,1,0,0.00020427714,-8.495829,0.8548500537872314,0.9999894,11.44943,0.00020427714,-8.495829
443,0,0,0.04396147,-3.0794847,0.6572287678718567,0.04396147,-3.0794847,0.08109192,-2.4276028
444,1,0,0.00014506986,-8.83815,0.5889711976051331,0.99928004,7.235636,0.00014506986,-8.83815
445,1,0,0.00025084027,-8.290443,0.6173880100250244,0.99998844,11.366685,0.00025084027,-8.290443
446,0,0,2.4296069e-05,-10.625172,0.7582048773765564,2.4296069e-05,-10.625172,0.057901334,-2.7893696
447,0,0,0.07585836,-2.4999974,0.6494044065475464,0.49390063,-0.024398625,0.07585836,-2.4999974
448,0,0,3.2753826e-05,-10.326458,0.8700335025787354,3.2753826e-05,-10.326458,0.033518746,-3.361557
449,1,0,0.0003073695,-8.0871525,0.7927536964416504,0.89110494,2.1020775,0.0003073695,-8.0871525
450,0,0,1.3055596e-05,-11.246281,0.7455410957336426,1.3055596e-05,-11.246281,0.6002739,0.40660638
451,0,0,8.038651e-06,-11.731241,0.7848711609840393,8.038651e-06,-11.731241,0.2568238,-1.0625429
452,0,1,0.99983907,8.7343645,0.5802125334739685,0.99983907,8.734649,0.99988973,9.112465
453,0,1,0.8031266,1.4059514,1.0,0.9999567,10.047543,0.8031266,1.4059513
454,1,0,0.000512538,-7.575623,0.6815268993377686,0.999987,11.255573,0.000512538,-7.575623
455,1,0,0.00015494469,-8.772287,0.546436071395874,0.9999589,10.098484,0.00015494469,-8.772287
456,0,1,0.999647,7.9487495,0.6116113662719727,0.999647,7.9489045,0.9996798,8.046271
457,0,0,1.2393329e-05,-11.29834,0.6790395975112915,1.2393329e-05,-11.29834,0.08108341,-2.427717
458,0,0,4.3414653e-05,-10.04467,0.6297520995140076,4.3414653e-05,-10.04467,0.74500746,1.0721598
459,0,0,1.07643455e-05,-11.4392605,0.7690250873565674,1.07643455e-05,-11.4392605,0.0114159435,-4.4612627
460,0,1,0.88473624,2.0380664,1.0,0.998247,6.3446765,0.88473624,2.0380666
461,0,0,3.4080218e-05,-10.286759,0.6776519417762756,3.4080218e-05,-10.286759,0.0124795,-4.37111
462,0,0,0.000118159514,-9.043357,0.8578445911407471,0.000118159514,-9.043357,0.039950684,-3.179339
463,1,0,0.00025636694,-8.268644,0.8264607191085815,0.99986565,8.915344,0.00025636694,-8.268644
464,0,0,1.2733869e-05,-11.271233,0.5722691416740417,1.2733869e-05,-11.271233,0.014185802,-4.241226
465,0,1,0.7016672,0.8552495,1.0,0.9991374,7.054673,0.7016672,0.8552494
466,0,0,1.4712664e-05,-11.126787,0.45217365026474,1.4712664e-05,-11.126787,0.6985338,0.8403254
467,0,0,0.10557238,-2.1367872,0.6389768719673157,0.146891,-1.7591965,0.10557238,-2.1367872
468,0,0,0.020114033,-3.8860185,0.8075066208839417,0.020114033,-3.8860185,0.15303983,-1.7109555
469,0,0,3.359801e-05,-10.30101,0.7410426735877991,3.359801e-05,-10.30101,0.49428806,-0.02284886
470,1,0,0.000289628,-8.146624,0.6801034212112427,0.68751043,0.788506,0.000289628,-8.146624
471,1,0,0.0003223787,-8.039461,0.8259705901145935,0.99995303,9.9673,0.0003223787,-8.039461
472,0,0,2.7335147e-05,-10.50731,0.6368013024330139,2.7335147e-05,-10.50731,0.022846628,-3.75584
473,1,0,0.0002679443,-8.224463,0.6813519597053528,0.9847297,4.1664605,0.0002679443,-8.224463
474,1,0,0.00014232732,-8.857239,0.6551291942596436,0.9999733,10.531025,0.00014232732,-8.857239
475,0,1,0.99984944,8.800989,0.8570055961608887,0.9999925,11.8071165,0.99984944,8.801199
476,1,0,0.00019900299,-8.521992,0.6579782962799072,0.99994516,9.810278,0.00019900299,-8.521992
477,1,0,6.054669e-05,-9.712035,1.0,6.054669e-05,-9.712035,0.9013421,2.2122262
478,0,0,1.8018643e-05,-10.924086,0.7131146788597107,1.8018643e-05,-10.924086,0.10860812,-2.105038
479,1,0,0.00014414875,-8.844521,0.48998787999153137,0.99749666,5.987632,0.00014414875,-8.844521
480,0,1,0.8317478,1.598065,1.0,0.9997955,8.494373,0.8317478,1.5980649
481,1,0,0.1774103,-1.5339924,1.0,0.9963491,5.6091413,0.1774103,-1.5339923
482,0,0,0.003347077,-5.6963153,0.8279520869255066,0.003347077,-5.6963153,0.018707223,-3.9599612
483,0,1,0.9997949,8.49181,0.803812563419342,0.9999454,9.81569,0.9997949,8.491896
484,1,0,0.00040111094,-7.8208714,0.8625826239585876,0.99997723,10.690041,0.00040111094,-7.8208714
485,1,0,0.00020623814,-8.486273,1.0,0.00020623814,-8.486273,0.5986996,0.40004992
486,0,0,2.960127e-05,-10.427664,0.7604203224182129,2.960127e-05,-10.427664,0.017998401,-3.99931
487,1,0,0.0002191627,-8.425477,0.659787654876709,0.9999335,9.618584,0.0002191627,-8.425477
488,0,0,8.242853e-06,-11.706156,0.5956942439079285,8.242853e-06,-11.706156,0.030273098,-3.466755
489,1,0,0.00023366259,-8.361399,0.6678695678710938,0.99997914,10.775432,0.00023366259,-8.361399
490,1,0,0.00027185792,-8.209959,0.6247540712356567,0.9999764,10.654645,0.00027185792,-8.209959
491,0,0,1.443914e-05,-11.145554,0.7610538601875305,1.443914e-05,-11.145554,0.03348596,-3.3625696
492,0,1,0.8193487,1.5119411,1.0,0.9999497,9.897522,0.8193487,1.5119407
493,1,0,0.0001919784,-8.557936,0.6634377837181091,0.99961424,7.860029,0.0001919784,-8.557936
494,0,1,0.85688514,1.7896563,1.0,0.99895465,6.862421,0.85688514,1.7896564
495,1,0,0.00015627386,-8.763744,0.5481897592544556,0.9999771,10.68263,0.00015627386,-8.763744
496,1,0,0.41133496,-0.35844943,0.7445662021636963,0.41133496,-0.3584495,0.95245075,2.9972732
497,0,1,0.56886494,0.27722168,1.0,0.9999869,11.243874,0.56886494,0.27722156
498,1,0,3.0755706e-05,-10.389404,1.0,3.0755706e-05,-10.389404,0.97983974,3.8836777
499,0,0,0.0002303841,-8.375532,0.7042102217674255,0.0002303841,-8.375532,0.014007011,-4.2540913
500,0,0,7.6133792e-06,-11.785596,0.9532535076141357,7.6133792e-06,-11.785596,0.51718587,0.06877054
501,1,0,0.00018017877,-8.621381,0.6103163957595825,0.9999474,9.852334,0.00018017877,-8.621381
502,0,0,7.1810273e-06,-11.844061,0.8481221199035645,7.1810273e-06,-11.844061,0.41560057,-0.3408602
503,0,0,1.0440551e-05,-11.469803,0.7141939401626587,1.0440551e-05,-11.469803,0.8452338,1.6976978
504,1,0,0.0003461531,-7.968283,0.7417243719100952,0.99998987,11.496063,0.0003461531,-7.968283
505,1,0,0.00019078935,-8.56415,0.6317087411880493,0.9999434,9.779625,0.00019078935,-8.56415
506,0,1,0.9996989,8.107692,0.8147294521331787,0.99997425,10.568296,0.9996989,8.107668
507,1,0,0.00013506036,-8.909654,0.48644357919692993,0.99980336,8.5339775,0.00013506036,-8.909654
508,0,1,0.8165182,1.4929336,1.0,0.8588282,1.8055913,0.8165182,1.4929334
509,1,0,0.00030386815,-8.098613,0.8586540818214417,0.996557,5.6679587,0.00030386815,-8.098613
510,0,0,0.012256384,-4.389376,0.7472915053367615,0.012256384,-4.389376,0.4261554,-0.2975546
511,0,1,0.99794465,6.185253,0.5856308937072754,0.99794465,6.1852717,0.99803036,6.227956
512,1,0,0.00021217807,-8.457872,0.7168489694595337,0.9840443,4.1218605,0.00021217807,-8.457872
513,1,0,0.00018005529,-8.6220665,0.5909485816955566,0.99996614,10.292135,0.00018005529,-8.6220665
514,0,0,1.3208783e-05,-11.234615,0.6797268390655518,1.3208783e-05,-11.234615,0.10652347,-2.1267548
515,0,1,0.92311084,2.4853845,1.0,0.99998236,10.946739,0.92311084,2.4853847
516,0,0,1.575435e-05,-11.058378,0.8156243562698364,1.575435e-05,-11.058378,0.38190913,-0.48145288
517,0,0,2.0694426e-05,-10.785625,0.5563791394233704,2.0694426e-05,-10.785625,0.010345079,-4.5608454
518,0,1,0.8051499,1.418798,1.0,0.98673415,4.309206,0.8051499,1.4187981
519,0,0,4.463025e-06,-12.319679,0.7939146161079407,4.463025e-06,-12.319679,0.17788112,-1.5307696
520,0,0,9.668691e-06,-11.546608,0.833919107913971,9.668691e-06,-11.546608,0.24967712,-1.100335
521,0,0,0.007645965,-4.865902,0.7676417827606201,0.007645965,-4.865902,0.027860822,-3.5522776
522,1,0,0.00015855697,-8.749238,0.5310255885124207,0.9999323,9.599813,0.00015855697,-8.749238
523,0,1,0.5468024,0.18775922,0.6517736911773682,0.5468024,0.18775925,0.95434594,3.0399342
524,0,0,1.0032332e-05,-11.509687,0.8447204232215881,1.0032332e-05,-11.509687,0.043435503,-3.092071
525,0,1,0.9997632,8.348019,0.6887660622596741,0.99979395,8.487305,0.9997632,8.347959
526,1,0,0.00025054172,-8.291635,0.7479983568191528,0.9998599,8.873771,0.00025054172,-8.291635
527,0,1,0.77942437,1.262315,0.8021096587181091,0.77942437,1.2623152,0.8537787,1.7645512
528,0,1,0.66923076,0.704708,0.5286548137664795,0.66923076,0.704708,0.7239778,0.96427953
529,0,0,0.0045136604,-5.396123,0.6957069635391235,0.0045136604,-5.396123,0.09412871,-2.264234
530,1,0,0.46693793,-0.1324416,0.7596214413642883,0.46693793,-0.13244157,0.9500346,2.9451668
531,0,1,0.99982256,8.636683,0.8457055687904358,0.9999819,10.917416,0.99982256,8.636374
532,0,0,1.921769e-05,-10.85966,0.7716147303581238,1.921769e-05,-10.85966,0.4062693,-0.37940952
533,1,0,0.27117854,-0.9886514,1.0,0.9999559,10.0277,0.27117854,-0.9886513
534,0,0,8.484466e-06,-11.677265,0.826574444770813,8.484466e-06,-11.677265,0.25210258,-1.0874298
535,1,0,0.00026439887,-8.237787,0.6897762417793274,0.9999652,10.266956,0.00026439887,-8.237787
536,1,0,0.00012222854,-9.009496,0.6000896692276001,0.99998474,11.0921,0.00012222854,-9.009496
537,0,0,1.2811215e-05,-11.265177,0.8224998116493225,1.2811215e-05,-11.265177,0.2538936,-1.0779529
538,0,1,0.99979395,8.48717,0.7833302021026611,0.9999211,9.447535,0.99979395,8.487346
539,1,0,0.0002954964,-8.126558,0.6818186640739441,0.99989486,9.160078,0.0002954964,-8.126558
540,0,0,0.027249454,-3.5750942,0.7998648285865784,0.027249454,-3.5750942,0.12529686,-1.9431987
541,0,0,0.03167318,-3.4200993,0.7423401474952698,0.05643423,-2.81659,0.03167318,-3.4200993
542,0,0,5.863815e-06,-12.046704,0.6997207999229431,5.863815e-06,-12.046704,0.032175023,-3.4038608
543,0,0,5.8067526e-06,-12.056483,0.7329949736595154,5.8067526e-06,-12.056483,0.031064766,-3.4401236
544,1,0,0.00028238355,-8.171962,0.7211096882820129,0.9999902,11.535982,0.00028238355,-8.171962
545,0,0,0.014367128,-4.228341,0.7949365973472595,0.014367128,-4.228341,0.10743681,-2.1171944
546,0,1,0.92500716,2.512409,1.0,0.9921983,4.845581,0.92500716,2.5124085
547,1,0,0.00038297146,-7.867167,0.7591802477836609,0.99997866,10.753701,0.00038297146,-7.867167
548,0,1,0.9891278,4.510616,0.6350491642951965,0.9973878,5.9449644,0.9891278,4.5106153
549,0,0,0.44968662,-0.20193692,0.7524135708808899,0.44968662,-0.2019369,0.9005217,2.2030342
550,1,0,0.0020253719,-6.1999745,1.0,0.0020253719,-6.1999745,0.50743264,0.029732555
551,1,0,0.30090666,-0.84298414,1.0,0.9961344,5.5517545,0.30090666,-0.8429842
552,0,1,0.9998716,8.960322,0.6006911993026733,0.9999745,10.57686,0.9998716,8.960915
553,1,0,0.00024749915,-8.303856,0.6875189542770386,0.9998404,8.742996,0.00024749915,-8.303856
554,0,0,4.374288e-05,-10.037138,0.8007304668426514,4.374288e-05,-10.037138,0.018885504,-3.9502945
555,1,0,0.0016518027,-6.404235,1.0,0.0016518027,-6.404235,0.5192555,0.07706025
556,0,1,0.9991518,7.071576,0.5430218577384949,0.9991518,7.0715446,0.99919134,7.1192627
557,0,1,0.54196733,0.16826525,0.7144628763198853,0.56889313,0.27733663,0.54196733,0.16826516
558,1,0,0.00018005855,-8.622048,0.6533023118972778,0.99997115,10.453466,0.00018005855,-8.622048
559,1,0,0.00025829682,-8.261143,0.6473279595375061,0.99968565,8.064786,0.00025829682,-8.261143
560,0,1,0.99975103,8.297935,0.4730217158794403,0.99975103,8.29783,0.99982315,8.640148
561,1,0,0.31976533,-0.75485045,1.0,0.99998116,10.878977,0.31976533,-0.7548504
562,1,0,0.053154394,-2.8799353,1.0,0.9999355,9.648517,0.053154394,-2.8799353
563,0,1,0.72422814,0.96553254,1.0,0.99996805,10.353205,0.72422814,0.9655327
564,1,0,0.0005312045,-7.539832,1.0,0.0005312045,-7.539832,0.862772,1.8385063
565,0,0,0.00017205515,-8.667523,0.6469337344169617,0.00017205515,-8.667523,0.36293355,-0.5626542
566,1,0,0.00027745025,-8.189591,0.7199689745903015,0.99992406,9.4851,0.00027745025,-8.189591
567,0,0,3.293672e-05,-10.320889,0.6958001255989075,3.293672e-05,-10.320889,0.58801615,0.35577023
568,0,0,1.1391233e-05,-11.382655,0.6230711936950684,1.1391233e-05,-11.382655,0.20025595,-1.3846954
569,1,0,0.00014409435,-8.844898,0.4792962670326233,0.99998665,11.219936,0.00014409435,-8.844898
570,0,0,9.663319e-05,-9.244492,0.7308829426765442,9.663319e-05,-9.244492,0.010628105,-4.5335684
571,0,0,1.0048284e-05,-11.508099,0.6687096357345581,1.0048284e-05,-11.508099,0.6096011,0.44563553
572,1,0,0.00022745375,-8.388336,0.6485595107078552,0.9998766,9.000124,0.00022745375,-8.388336
573,1,0,0.010770486,-4.520117,1.0,0.010770486,-4.520117,0.98028904,3.906673
574,1,0,4.524513e-05,-10.00337,1.0,4.524513e-05,-10.00337,0.53583324,0.14357921
575,0,0,1.13414135e-05,-11.387038,0.6137022972106934,1.13414135e-05,-11.387038,0.15770577,-1.6753983
576,0,1,0.99984527,8.77365,0.5865920782089233,0.999985,11.106243,0.99984527,8.774153
577,0,0,5.194305e-05,-9.865311,0.7406553030014038,5.194305e-05,-9.865311,0.009867451,-4.6085973
578,1,0,0.44590124,-0.21724536,1.0,0.99998975,11.493198,0.44590124,-0.21724547
579,1,0,0.00027937788,-8.182666,0.7599747776985168,0.99996376,10.225834,0.00027937788,-8.182666
580,1,0,0.00018085555,-8.617631,0.6318054795265198,0.9999931,11.876892,0.00018085555,-8.617631
581,1,0,0.00020689795,-8.483078,0.7968078255653381,0.9965675,5.6710477,0.00020689795,-8.483078
582,1,0,0.00023351672,-8.362023,0.6612840890884399,0.99996614,10.293189,0.00023351672,-8.362023
583,0,1,0.99986565,8.914936,0.5005673170089722,0.99996877,10.372686,0.99986565,8.915051
584,0,1,0.99970156,8.116642,0.6100053787231445,0.99970156,8.116892,0.999726,8.202055
585,0,0,0.0004594335,-7.6850567,0.6464502215385437,0.0004594335,-7.6850567,0.20746003,-1.3403044
586,1,0,3.8783666e-05,-10.157473,1.0,3.8783666e-05,-10.157473,0.5775494,0.31272137
587,0,1,0.9983375,6.3977733,0.7509962916374207,0.9983375,6.397758,0.99941385,7.441352
588,1,0,0.0002069587,-8.482784,0.6464075446128845,0.99945205,7.5087023,0.0002069587,-8.482784
589,0,0,1.3058485e-05,-11.246059,0.7557521462440491,1.3058485e-05,-11.246059,0.07775842,-2.4732003
590,0,1,0.822915,1.5362232,0.6598029732704163,0.822915,1.5362232,0.98589104,4.2467365
591,1,0,0.00029024744,-8.144486,0.7206417322158813,0.9998342,8.704574,0.00029024744,-8.144486
592,0,1,0.615681,0.47125596,1.0,0.9996854,8.063877,0.615681,0.47125587
593,0,0,9.637189e-06,-11.549871,0.7318341135978699,9.637189e-06,-11.549871,0.17198887,-1.5715967
594,0,1,0.99346185,5.023541,0.6919376254081726,0.99346185,5.0235453,0.9968317,5.751375
595,1,0,1.1142426e-05,-11.404739,1.0,1.1142426e-05,-11.404739,0.20605211,-1.3488888
596,0,0,0.00012983062,-8.94915,0.8027248382568359,0.00012983062,-8.94915,0.030996988,-3.4423778
597,1,0,0.0002098991,-8.468674,0.5701214075088501,0.99995303,9.964842,0.0002098991,-8.468674
598,1,0,0.00022311558,-8.407598,0.7775430083274841,0.99998105,10.874111,0.00022311558,-8.407598
599,1,0,0.00020744234,-8.48045,0.5060811042785645,0.99995685,10.05019,0.00020744234,-8.48045
600,1,0,1.2232449e-05,-11.311406,1.0,1.2232449e-05,-11.311406,0.9110251,2.3262157
601,1,0,0.00014726429,-8.823134,0.6163877844810486,0.9994331,7.4748077,0.00014726429,-8.823134
602,0,0,1.963662e-05,-10.838095,0.7080548405647278,1.963662e-05,-10.838095,0.7665772,1.189084
603,0,0,8.539722e-06,-11.6707735,0.7439199686050415,8.539722e-06,-11.6707735,0.3315994,-0.70096
604,1,0,0.00039477297,-7.836805,0.8816468715667725,0.99998045,10.8427925,0.00039477297,-7.836805
605,0,1,0.9328443,2.6312242,1.0,0.9998646,8.90729,0.9328443,2.6312242
606,0,0,0.10465922,-2.1464949,0.7444813251495361,0.5987364,0.40020275,0.10465922,-2.1464949
607,1,0,0.00040048282,-7.822439,0.8012507557868958,0.99992585,9.510003,0.00040048282,-7.822439
608,0,0,0.24027528,-1.1511708,0.4930450916290283,0.24027528,-1.1511707,0.53311354,0.13264841
609,0,1,0.9998541,8.83236,0.8157117962837219,0.99996054,10.140189,0.9998541,8.832328
610,1,0,0.00023585816,-8.352044,0.6536592841148376,0.99991333,9.353628,0.00023585816,-8.352044
611,1,0,0.00018710803,-8.583637,0.7286171317100525,0.98307496,4.0618896,0.00018710803,-8.583637
612,0,0,0.0032772738,-5.7174606,0.8583756685256958,0.0032772738,-5.7174606,0.020252846,-3.8789992
613,0,0,0.000115234936,-9.068422,0.7256871461868286,0.000115234936,-9.068422,0.6604554,0.6653242
614,1,0,0.00021698365,-8.435472,0.7217935919761658,0.9998696,8.944538,0.00021698365,-8.435472
615,0,0,2.7742202e-05,-10.492528,0.7798599600791931,2.7742202e-05,-10.492528,0.021708535,-3.8081021
616,0,0,2.5976522e-05,-10.558291,0.6889891624450684,2.5976522e-05,-10.558291,0.5763887,0.30796596
617,0,1,0.60070264,0.40839368,1.0,0.99979633,8.498861,0.60070264,0.40839347
618,0,0,1.2824613e-05,-11.264132,0.7132705450057983,1.2824613e-05,-11.264132,0.13613392,-1.8477786
619,0,1,0.99984455,8.769038,0.5771274566650391,0.9999782,10.733711,0.99984455,8.769046
620,1,0,0.0002078272,-8.478596,0.6756786108016968,0.99998677,11.236597,0.0002078272,-8.478596
621,1,0,0.00022262281,-8.409809,0.6155014634132385,0.99989855,9.195489,0.00022262281,-8.409809
622,0,0,0.0016874413,-6.382853,0.766930103302002,0.0016874413,-6.382853,0.024505807,-3.684034
623,0,1,0.9994324,7.4734993,0.5949277281761169,0.9994324,7.4734993,0.9995034,7.6071324
624,1,0,0.018739387,-3.9582105,1.0,0.018739387,-3.9582105,0.43001086,-0.28180686
625,0,1,0.99920887,7.141254,0.6348256468772888,0.9994287,7.4670978,0.99920887,7.1411934
626,0,0,0.00029615327,-8.124337,0.6919138431549072,0.00029615327,-8.124337,0.018684508,-3.9611993
627,1,0,0.00016081179,-8.735115,0.6576880216598511,0.9894203,4.538186,0.00016081179,-8.735115
628,1,0,0.00033830808,-7.991215,1.0,0.00033830808,-7.991215,0.7069897,0.88080835
629,1,0,0.00025715324,-8.265581,0.7874042391777039,0.9988883,6.8007298,0.00025715324,-8.265581
630,0,0,1.3569257e-05,-11.20769,0.7814762592315674,1.3569257e-05,-11.20769,0.6585622,0.65689325
631,1,0,0.00027870294,-8.185085,0.7099778056144714,0.9999763,10.649881,0.00027870294,-8.185085
632,1,0,0.00017267674,-8.663917,0.6684165000915527,0.999979,10.771091,0.00017267674,-8.663917
633,1,0,0.00026717008,-8.227358,0.687445342540741,0.9996805,8.04828,0.00026717008,-8.227358
634,1,0,0.00016884551,-8.6863575,0.5923094153404236,0.9999864,11.204987,0.00016884551,-8.6863575
635,1,0,0.00030095875,-8.108236,0.7416741847991943,0.999956,10.030991,0.00030095875,-8.108236
636,1,0,0.00025918047,-8.257727,0.7776743769645691,0.9999199,9.431383,0.00025918047,-8.257727
637,0,0,0.0015877458,-6.443851,0.6378675103187561,0.0015877458,-6.443851,0.08175997,-2.4186711
638,1,0,0.00022124061,-8.4160385,0.7250361442565918,0.8755973,1.9513822,0.00022124061,-8.4160385
639,1,0,0.00024130134,-8.329223,0.6572643518447876,0.99997294,10.519037,0.00024130134,-8.329223
640,1,1,0.5932478,0.37740788,0.715937077999115,0.5932478,0.37740794,0.7457921,1.0762941
641,0,0,2.4132878e-05,-10.631911,0.6514139771461487,2.4132878e-05,-10.631911,0.019556912,-3.914676
642,0,0,4.54802e-05,-9.998188,0.7672883868217468,4.54802e-05,-9.998188,0.04705681,-3.0081997
643,0,0,1.5385005e-05,-11.082102,0.7942955493927002,1.5385005e-05,-11.082102,0.72801423,0.9845708
644,0,0,7.6708e-06,-11.778082,0.7792190313339233,7.6708e-06,-11.778082,0.012777551,-4.3472056
645,1,0,0.4853445,-0.05863873,1.0,0.99927694,7.2312937,0.4853445,-0.05863875
646,1,0,0.00019728093,-8.530684,1.0,0.00019728093,-8.530684,0.69649684,0.8306712
647,1,0,0.00025604744,-8.269892,0.7988231778144836,0.9999604,10.137831,0.00025604744,-8.269892
648,1,0,0.00026831523,-8.22308,0.7240734100341797,0.9999832,10.990884,0.00026831523,-8.22308
649,0,0,0.00017762976,-8.635632,0.8087698221206665,0.00017762976,-8.635632,0.46416804,-0.14357415
650,1,0,0.0001828986,-8.606396,0.7295844554901123,0.9999826,10.962023,0.0001828986,-8.606396
651,1,0,0.09051238,-2.3073947,1.0,0.09051238,-2.3073947,0.91709024,2.4034536
652,1,0,0.00018366247,-8.602227,0.7279011011123657,0.99997306,10.519911,0.00018366247,-8.602227
653,0,1,0.9994117,7.437689,0.7864784598350525,0.99992394,9.484442,0.9994117,7.437616
654,1,0,0.00018533738,-8.593147,0.6752941012382507,0.99998605,11.177946,0.00018533738,-8.593147
655,0,0,6.7924343e-06,-11.899694,0.7494568228721619,6.7924343e-06,-11.899694,0.050492495,-2.9341187
656,1,0,0.00015427612,-8.776612,0.479425847530365,0.99997044,10.428419,0.00015427612,-8.776612
657,1,0,0.00026287316,-8.243576,0.6037341952323914,0.99962986,7.901452,0.00026287316,-8.243576
658,1,0,0.0002193429,-8.424655,0.7737692594528198,0.9999659,10.287562,0.0002193429,-8.424655
659,1,0,0.0003491589,-7.9596343,1.0,0.0003491589,-7.9596343,0.51343066,0.053735554
660,0,1,0.5821432,0.33157763,1.0,0.99984014,8.741199,0.5821432,0.3315776
661,0,0,7.647364e-05,-9.478488,0.7748069763183594,7.647364e-05,-9.478488,0.50679535,0.027183056
662,1,0,0.00022000035,-8.421661,0.5698032379150391,0.99998415,11.0522995,0.00022000035,-8.421661
663,0,1,0.77772224,1.2524416,1.0,0.99998486,11.098816,0.77772224,1.2524416
664,0,0,0.00011219206,-9.095186,0.8425571322441101,0.00011219206,-9.095186,0.06285571,-2.7019954
665,1,0,0.0002593308,-8.257147,0.7700611352920532,0.99060845,4.6585035,0.0002593308,-8.257147
666,0,0,1.2368274e-05,-11.300364,0.6104114651679993,1.2368274e-05,-11.300364,0.44884577,-0.20533535
667,0,0,2.764449e-05,-10.496057,0.741614580154419,2.764449e-05,-10.496057,0.044052463,-3.0773218
668,1,0,0.0002057881,-8.488458,0.5185651779174805,0.9999864,11.210381,0.0002057881,-8.488458
669,1,0,0.00043448491,-7.740915,1.0,0.00043448491,-7.740915,0.9315495,2.6107392
670,1,0,0.32881242,-0.7135612,1.0,0.9999893,11.443949,0.32881242,-0.7135612
671,1,0,0.1148676,-2.0419571,1.0,0.9999684,10.361689,0.1148676,-2.0419571
672,0,0,0.0054700007,-5.2029915,0.8265737891197205,0.0054700007,-5.2029915,0.019623276,-3.9112206
673,0,0,0.06386296,-2.6850224,0.6224909424781799,0.06386296,-2.6850224,0.9928853,4.938452
674,0,0,0.00071850966,-7.2376127,0.6030238270759583,0.00071850966,-7.2376127,0.024344565,-3.690801
675,0,0,7.602264e-06,-11.787057,0.4636762738227844,7.602264e-06,-11.787057,0.01645779,-4.0903616
676,1,0,0.00017696165,-8.6394005,0.6262965202331543,0.99986064,8.878535,0.00017696165,-8.6394005
677,0,0,0.0002526825,-8.283124,0.7868594527244568,0.0002526825,-8.283124,0.014634561,-4.2096267
678,0,0,0.0023241474,-6.062075,0.5990158319473267,0.0023241474,-6.062075,0.034249347,-3.3392382
679,1,0,0.00039905825,-7.826004,0.6526827216148376,0.9999511,9.925785,0.00039905825,-7.826004
680,0,0,8.335961e-06,-11.694923,0.8136886954307556,8.335961e-06,-11.694923,0.14029479,-1.8128437
681,1,0,0.00016586472,-8.704172,0.4565221965312958,0.9999869,11.242764,0.00016586472,-8.704172
682,0,0,0.0012657885,-6.6707935,0.632010281085968,0.0012657885,-6.6707935,0.011695935,-4.436749
683,0,0,9.249578e-06,-11.590923,0.8187951445579529,9.249578e-06,-11.590923,0.04174955,-3.1334205
684,0,0,0.000105703686,-9.154765,0.7308377623558044,0.000105703686,-9.154765,0.07365482,-2.5318573
685,1,0,0.00026870435,-8.22163,0.8508964776992798,0.99995255,9.956402,0.00026870435,-8.22163
686,1,0,0.00024766676,-8.303179,0.7517020106315613,0.9999528,9.961289,0.00024766676,-8.303179
687,0,0,3.3147935e-05,-10.314497,0.5335042476654053,3.3147935e-05,-10.314497,0.0981809,-2.2176023
688,1,0,0.00022111258,-8.416617,0.6988733410835266,0.9998987,9.197336,0.00022111258,-8.416617
689,1,0,0.00020985729,-8.468873,0.6957246661186218,0.9999697,10.403101,0.00020985729,-8.468873
690,0,1,0.9996897,8.077655,0.6603215932846069,0.9996916,8.083831,0.9996897,8.077595
691,1,0,0.00041662017,-7.782919,0.814157247543335,0.9996177,7.868975,0.00041662017,-7.782919
692,1,0,0.49605727,-0.015771246,1.0,0.9892313,4.52028,0.49605727,-0.015771419
693,1,0,0.0003047341,-8.095766,0.8152694702148438,0.99995255,9.956761,0.0003047341,-8.095766
694,1,0,0.4000912,-0.40508518,1.0,0.9999509,9.920647,0.4000912,-0.4050852
695,1,0,0.00030330548,-8.100467,0.726904571056366,0.99998534,11.133981,0.00030330548,-8.100467
696,1,0,0.4520413,-0.19242646,1.0,0.9991309,7.0471754,0.4520413,-0.1924264
697,1,0,0.00023953835,-8.336557,0.5779897570610046,0.9995759,7.765066,0.00023953835,-8.336557
698,0,0,6.9874654e-06,-11.871386,0.8720651865005493,6.9874654e-06,-11.871386,0.00689743,-4.969685
699,1,0,0.21403472,-1.3007743,1.0,0.9998989,9.199701,0.21403472,-1.3007743
700,0,0,0.12922603,-1.9078194,0.8040467500686646,0.13216372,-1.8819616,0.12922603,-1.9078194
701,1,0,0.49261066,-0.02955943,1.0,0.9999621,10.1811285,0.49261066,-0.029559642
702,1,0,0.3314446,-0.7016586,1.0,0.3314446,-0.70165855,0.8517671,1.7485287
703,0,1,0.91396636,2.3630552,0.6795647740364075,0.9586549,3.143577,0.91396636,2.3630555
704,1,0,0.0068679983,-4.973991,1.0,0.0068679983,-4.973991,0.976752,3.7380128
705,0,0,6.5596264e-06,-11.93457,0.6744760274887085,6.5596264e-06,-11.93457,0.08930348,-2.3221693
706,0,1,0.7626503,1.167265,1.0,0.9999901,11.526691,0.7626503,1.1672649
707,1,0,0.0001971102,-8.53155,0.6015650629997253,0.9999198,9.431356,0.0001971102,-8.53155
708,1,0,0.0002744374,-8.200513,0.6744284629821777,0.99997044,10.427754,0.0002744374,-8.200513
709,1,0,0.00039540272,-7.8352103,0.8146722912788391,0.99958736,7.7925487,0.00039540272,-7.8352103
710,0,0,8.931363e-06,-11.625933,0.7010940909385681,8.931363e-06,-11.625933,0.014214291,-4.239191
711,1,0,0.030284546,-3.466365,1.0,0.030284546,-3.466365,0.8727537,1.9255288
712,1,0,0.00012359311,-8.998392,1.0,0.00012359311,-8.998392,0.98109025,3.9489856
713,1,0,0.0001817325,-8.612793,0.6077550649642944,0.9999386,9.69804,0.0001817325,-8.612793
714,0,1,0.9998764,8.998175,0.647040605545044,0.9999801,10.827091,0.9998764,8.998453
715,1,0,0.00016866995,-8.687398,0.6494605541229248,0.9999882,11.350546,0.00016866995,-8.687398
716,1,0,0.000226413,-8.392923,0.7430933713912964,0.999967,10.318935,0.000226413,-8.392923
717,1,0,0.00026099838,-8.250735,0.8470004200935364,0.8617934,1.8302655,0.00026099838,-8.250735
718,0,1,0.9967548,5.7273355,0.8296265602111816,0.9967548,5.727342,0.9973757,5.9403057
719,1,0,0.0002547294,-8.275054,0.7532271146774292,0.9999882,11.348785,0.0002547294,-8.275054
720,0,0,1.3098633e-05,-11.24299,0.8264206647872925,1.3098633e-05,-11.24299,0.87594545,1.9545825
721,1,0,0.26853734,-1.0020562,1.0,0.9653998,3.3286843,0.26853734,-1.0020561
722,1,0,0.0003481826,-7.9624352,0.73785799741745,0.95977,3.172081,0.0003481826,-7.9624352
723,1,0,2.3239521e-05,-10.669633,1.0,2.3239521e-05,-10.669633,0.8808308,2.0003214
724,1,0,0.00025684672,-8.266774,0.8120443224906921,0.99491704,5.2767587,0.00025684672,-8.266774
725,0,0,0.2544357,-1.0750933,0.8069623112678528,0.2544357,-1.0750933,0.78697515,1.3067876
726,1,0,0.0006760458,-7.2985735,1.0,0.0006760458,-7.2985735,0.9674202,3.3909416
727,0,0,0.00026393268,-8.2395525,0.4752584397792816,0.00026393268,-8.2395525,0.0050688568,-5.279558
728,0,1,0.98039585,3.9122152,0.695101797580719,0.9846805,4.163184,0.98039585,3.912215
729,0,0,1.0766769e-05,-11.439035,0.8317331671714783,1.0766769e-05,-11.439035,0.2438449,-1.1317142
730,0,1,0.6169858,0.47677398,0.47432008385658264,0.6169858,0.47677392,0.9160354,2.3896604
731,0,0,4.7539535e-05,-9.953901,0.5329740643501282,4.7539535e-05,-9.953901,0.13952886,-1.8192086
732,0,0,7.422841e-05,-9.508289,0.6984387636184692,7.422841e-05,-9.508289,0.24589652,-1.1206188
733,0,0,0.002504797,-5.9870396,0.6688043475151062,0.002504797,-5.9870396,0.019818367,-3.9011288
734,0,1,0.9998424,8.755326,0.7033658027648926,0.9999751,10.601984,0.9998424,8.755187
735,0,1,0.80579966,1.4229448,1.0,0.997735,6.0879135,0.80579966,1.4229445
736,0,0,0.013579173,-4.285546,0.63512122631073,0.013579173,-4.285546,0.062921256,-2.7008834
737,0,1,0.9998536,8.829097,0.6315263509750366,0.9999714,10.462809,0.9998536,8.829288
738,1,0,0.00025797097,-8.262405,0.9110141396522522,0.9999808,10.864059,0.00025797097,-8.262405
739,0,1,0.9973068,5.914337,0.8693246245384216,0.99793684,6.181458,0.9973068,5.914318
740,0,0,4.1554385e-06,-12.3910885,0.7085700035095215,4.1554385e-06,-12.3910885,0.014302928,-4.232885
741,0,0,2.7665637e-05,-10.495292,0.8728556632995605,2.7665637e-05,-10.495292,0.024239564,-3.695231
742,1,0,0.0003769495,-7.8830223,0.7974739074707031,0.99995935,10.109474,0.0003769495,-7.8830223
743,1,0,0.00024565787,-8.311325,0.7499213814735413,0.99998546,11.13526,0.00024565787,-8.311325
744,1,0,0.07378318,-2.5299776,1.0,0.99999213,11.750884,0.07378318,-2.5299776
745,1,0,0.00026645986,-8.2300205,0.7643345594406128,0.9999485,9.874603,0.00026645986,-8.2300205
746,0,0,0.00079793995,-7.132679,0.6548458933830261,0.00079793995,-7.132679,0.03977553,-3.1839151
747,1,0,0.00025943932,-8.256728,0.5891897082328796,0.99997497,10.596373,0.00025943932,-8.256728
748,1,0,0.00021781799,-8.431633,0.4452795386314392,0.8999028,2.196145,0.00021781799,-8.431633
749,0,0,7.601017e-06,-11.787221,0.8827915191650391,7.601017e-06,-11.787221,0.054270025,-2.857985
750,1,0,0.00022482927,-8.399944,0.7551568746566772,0.99998915,11.435381,0.00022482927,-8.399944
751,1,0,0.22060005,-1.2621729,1.0,0.9991085,7.021705,0.22060005,-1.262173
752,0,0,1.7669125e-05,-10.943674,0.7007675766944885,1.7669125e-05,-10.943674,0.0079673445,-4.8244047
753,1,0,0.00022426386,-8.402463,0.5968461632728577,0.9988261,6.746218,0.00022426386,-8.402463
754,1,0,0.00019462431,-8.544245,0.7310851812362671,0.99936825,7.3662777,0.00019462431,-8.544245
755,1,0,0.00016975193,-8.681003,0.5981601476669312,0.44843787,-0.20698422,0.00016975193,-8.681003
756,0,0,0.0065880236,-5.015892,0.6411296725273132,0.0065880236,-5.015892,0.014140124,-4.244498
757,1,0,0.028481068,-3.5296211,1.0,0.028481068,-3.5296211,0.7577963,1.1406355
758,0,1,0.7947333,1.3536965,1.0,0.9998665,8.92104,0.7947333,1.3536963
759,0,0,0.0036311755,-5.614561,0.6375029683113098,0.0036311755,-5.614561,0.07375097,-2.530449
760,1,0,1.2203099e-05,-11.313808,1.0,1.2203099e-05,-11.313808,0.9806315,3.92455
761,1,0,0.00015853113,-8.749401,0.6554643511772156,0.9999579,10.076764,0.00015853113,-8.749401
762,0,1,0.99980456,8.540043,0.6240370869636536,0.99996006,10.128453,0.99980456,8.539663
763,0,1,0.9997911,8.473377,0.4529702365398407,0.9999597,10.1195755,0.9997911,8.473123
764,0,1,0.7256491,0.97265875,1.0,0.9999782,10.734556,0.7256491,0.9726584
765,1,0,0.00018722011,-8.583038,0.6185917854309082,0.99997365,10.543949,0.00018722011,-8.583038
766,0,1,0.99949646,7.5933437,0.6422197222709656,0.99969685,8.100927,0.99949646,7.593316
767,1,0,0.0003079268,-8.0853405,1.0,0.0003079268,-8.0853405,0.82108593,1.523722
768,1,0,0.00017098767,-8.673748,0.7194588780403137,0.99998987,11.504279,0.00017098767,-8.673748
769,0,0,5.677046e-05,-9.776438,0.6701491475105286,5.677046e-05,-9.776438,0.012703359,-4.353104
770,0,0,0.009841327,-4.6112747,0.8082520961761475,0.009841327,-4.6112747,0.23204067,-1.1968241
771,1,0,4.4201963e-05,-10.026697,1.0,4.4201963e-05,-10.026697,0.22926918,-1.2124424
772,0,1,0.9998354,8.711658,0.6197838187217712,0.99994266,9.766005,0.9998354,8.712154
773,0,0,1.9032275e-05,-10.869355,0.5402379631996155,1.9032275e-05,-10.869355,0.020842087,-3.8497186
774,1,0,0.00020274906,-8.503339,0.5821496844291687,0.99997616,10.645042,0.00020274906,-8.503339
775,0,0,1.1627706e-05,-11.362108,0.6347468495368958,1.1627706e-05,-11.362108,0.034907978,-3.319508
776,0,0,5.6868375e-06,-12.077351,0.7477344274520874,5.6868375e-06,-12.077351,0.55689925,0.22858728
777,0,1,0.99869376,6.6392984,0.8399293422698975,0.9993073,7.274152,0.99869376,6.6393237
778,0,0,0.20763992,-1.3392105,0.6928709745407104,0.20763992,-1.3392105,0.30211022,-0.8372691
779,0,1,0.92393273,2.4970212,1.0,0.99964035,7.929894,0.92393273,2.4970207
780,1,0,0.00021287882,-8.454575,0.6680519580841064,0.99836916,6.416991,0.00021287882,-8.454575
781,1,0,0.00020277013,-8.503235,1.0,0.00020277013,-8.503235,0.9574652,3.1139665
782,0,0,1.9584142e-05,-10.840771,0.8776887655258179,1.9584142e-05,-10.840771,0.72378325,0.96330607
783,0,1,0.99951446,7.6297646,0.776479959487915,0.99951446,7.6297197,0.9995726,7.7574143
784,0,0,4.2832224e-05,-10.058177,0.6789534091949463,4.2832224e-05,-10.058177,0.01782868,-4.0089574
785,0,0,1.6371037e-05,-11.01998,0.5825595259666443,1.6371037e-05,-11.01998,0.5617897,0.24842873
786,1,0,0.029728381,-3.4854739,0.6924537420272827,0.029728381,-3.4854739,0.92564464,2.5216346
787,1,0,0.00018609298,-8.589078,0.6388548612594604,0.99278533,4.924396,0.00018609298,-8.589078
788,0,0,1.1666982e-05,-11.358736,0.7590176463127136,1.1666982e-05,-11.358736,0.07781019,-2.4724786
789,1,0,0.00019665854,-8.533845,0.6739746928215027,0.99998665,11.225482,0.00019665854,-8.533845
790,0,0,6.9396054e-05,-9.575611,0.7319550514221191,6.9396054e-05,-9.575611,0.003974593,-5.5238504
791,1,0,0.00028226056,-8.172398,0.8044160008430481,0.99990475,9.259265,0.00028226056,-8.172398
792,0,1,0.9999083,9.297202,0.6035457253456116,0.9999602,10.13013,0.9999083,9.297704
793,0,1,0.9951958,5.3334503,0.6445726752281189,0.9985474,6.5329123,0.9951958,5.3334436
794,1,0,0.0771349,-2.4819272,1.0,0.9999181,9.409538,0.0771349,-2.4819272
795,1,0,0.0001840857,-8.599925,0.4987963140010834,0.9992354,7.17538,0.0001840857,-8.599925
796,1,0,0.0003868893,-7.856985,0.7938320636749268,0.9999856,11.148512,0.0003868893,-7.856985
797,0,1,0.977702,3.7807088,1.0,0.99998605,11.177727,0.977702,3.7807083
798,0,1,0.99030834,4.626751,1.0,0.9999409,9.736739,0.99030834,4.6267557
799,0,0,1.3368e-05,-11.222633,0.7649242281913757,1.3368e-05,-11.222633,0.061372735,-2.7274528
800,0,0,0.3425773,-0.65182984,1.0,0.3425773,-0.65182996,0.85891175,1.8062809
801,0,1,0.9440645,2.8259952,0.6316759586334229,0.9440645,2.8259947,0.9926029,4.899246
802,0,1,0.99970585,8.13113,0.6614112854003906,0.99996006,10.127141,0.99970585,8.131248
803,0,0,1.19003125e-05,-11.338934,0.7850793600082397,1.19003125e-05,-11.338934,0.0067243134,-4.9952784
804,1,0,0.000112857946,-9.089268,0.5911450982093811,0.9997577,8.325191,0.000112857946,-9.089268
805,1,0,0.00011608151,-9.061102,1.0,0.00011608151,-9.061102,0.94921213,2.9279737
806,0,1,0.99968493,8.0624,0.7391421794891357,0.9999908,11.597747,0.99968493,8.062163
807,1,0,1.2438085e-05,-11.294735,1.0,1.2438085e-05,-11.294735,0.42915654,-0.2852931
808,0,0,1.9794405e-05,-10.830091,0.7506184577941895,1.9794405e-05,-10.830091,0.6920992,0.8099518
809,1,0,0.00023212953,-8.367983,0.6336479783058167,0.9999263,9.516501,0.00023212953,-8.367983
810,1,0,0.00029608863,-8.124556,0.6672917604446411,0.9999765,10.661259,0.00029608863,-8.124556
811,1,0,0.0003517475,-7.952245,0.7738943696022034,0.9999201,9.435548,0.0003517475,-7.952245
812,0,0,4.0768145e-06,-12.410191,0.5640413761138916,4.0768145e-06,-12.410191,0.008474106,-4.76223
813,1,0,0.0001388862,-8.881717,0.6179602742195129,0.99916613,7.0885534,0.0001388862,-8.881717
814,1,0,0.00028235718,-8.172055,0.7682662606239319,0.9999882,11.350856,0.00028235718,-8.172055
815,1,0,0.00023209123,-8.368148,0.7518429756164551,0.99997306,10.522346,0.00023209123,-8.368148
816,1,0,0.00013655853,-8.898621,0.7311931252479553,0.99918586,7.1125946,0.00013655853,-8.898621
817,0,0,2.7012646e-05,-10.519178,0.8011273145675659,2.7012646e-05,-10.519178,0.0795029,-2.4491203
818,1,0,0.00022027323,-8.420422,0.8134713768959045,0.9995265,7.6547675,0.00022027323,-8.420422
819,0,1,0.99984205,8.753059,0.6888427138328552,0.9999778,10.718664,0.99984205,8.753371
820,0,0,0.087980315,-2.3385484,0.5943136215209961,0.087980315,-2.3385484,0.7865842,1.3044572
821,1,0,0.4987672,-0.0049312506,1.0,0.99998736,11.279168,0.4987672,-0.004931234
822,1,0,0.00023011629,-8.376696,0.6433072686195374,0.99998903,11.415503,0.00023011629,-8.376696
823,0,0,0.0044936435,-5.4005876,0.8545949459075928,0.0044936435,-5.4005876,0.49500802,-0.019968443
824,0,0,1.3567045e-05,-11.207853,0.7788460850715637,1.3567045e-05,-11.207853,0.25448054,-1.0748569
825,0,0,0.01670569,-4.075159,0.6681523323059082,0.01670569,-4.075159,0.26949054,-0.9972089
826,0,1,0.6374616,0.56436366,0.6986086368560791,0.6374616,0.5643635,0.76969826,1.2066083
827,1,0,0.00023120448,-8.371977,0.581868588924408,0.99998796,11.326056,0.00023120448,-8.371977
828,1,0,0.00019253824,-8.555023,0.7022268772125244,0.9999794,10.7863245,0.00019253824,-8.555023
829,1,0,5.5467972e-05,-9.799649,1.0,5.5467972e-05,-9.799649,0.8505756,1.7391229
830,1,0,0.0002654248,-8.233913,0.7438947558403015,0.99991906,9.422122,0.0002654248,-8.233913
831,1,0,1.0579809e-05,-11.4565525,1.0,1.0579809e-05,-11.4565525,0.8636022,1.8455372
832,1,0,0.00022412451,-8.403085,0.7919866442680359,0.9999927,11.827892,0.00022412451,-8.403085
833,1,0,0.00026869256,-8.221674,0.8558675646781921,0.9990036,6.91028,0.00026869256,-8.221674
834,1,0,0.00041241007,-7.79308,0.8498222231864929,0.9999795,10.793597,0.00041241007,-7.79308
835,0,0,2.1231486e-05,-10.760004,0.818901777267456,2.1231486e-05,-10.760004,0.03992363,-3.1800444
836,0,1,0.99948657,7.573875,0.7125573754310608,0.9997881,8.459072,0.99948657,7.5738688
837,0,1,0.9992768,7.2311244,0.7733232975006104,0.9999199,9.43172,0.9992768,7.2310596
838,0,0,6.9208305e-05,-9.5783205,0.7204911708831787,6.9208305e-05,-9.5783205,0.026061943,-3.6208715
839,0,0,2.7096912e-05,-10.516064,0.805679202079773,2.7096912e-05,-10.516064,0.97696096,3.7472582
840,0,0,0.0026639362,-5.925283,0.789242148399353,0.0026639362,-5.925283,0.034644727,-3.3273506
841,1,0,0.0002675527,-8.225926,0.6917856931686401,0.99999166,11.696047,0.0002675527,-8.225926
842,1,0,0.00026410335,-8.238906,0.6707664132118225,0.999972,10.480907,0.00026410335,-8.238906
843,0,0,4.2999e-05,-10.054291,0.765330970287323,4.2999e-05,-10.054291,0.00747816,-4.8882623
844,1,0,0.00021920553,-8.425282,0.7131934762001038,0.99994624,9.830413,0.00021920553,-8.425282
845,1,0,0.000256086,-8.269741,0.7189809083938599,0.99833196,6.394414,0.000256086,-8.269741
846,0,0,0.16579966,-1.6156933,0.7613653540611267,0.16579966,-1.6156933,0.24674684,-1.1160384
847,1,0,0.00017488685,-8.6511965,0.5929369926452637,0.99997747,10.6990595,0.00017488685,-8.6511965
848,1,0,0.0002423911,-8.324716,0.7419372200965881,0.9999819,10.921307,0.0002423911,-8.324716
849,0,0,1.4138639e-05,-11.166585,0.6593626141548157,1.4138639e-05,-11.166585,0.2100524,-1.3246096
850,0,0,3.006775e-05,-10.412027,0.6945751905441284,3.006775e-05,-10.412027,0.14512677,-1.7733455
851,0,0,5.6652443e-06,-12.081155,0.7698041200637817,5.6652443e-06,-12.081155,0.01479622,-4.198477
852,0,0,6.2013114e-06,-11.990744,0.6163190603256226,6.2013114e-06,-11.990744,0.11585661,-2.032266
853,1,0,1.2795233e-05,-11.266425,1.0,1.2795233e-05,-11.266425,0.4433157,-0.22771595
854,0,1,0.99985135,8.813741,0.716754138469696,0.9999727,10.507224,0.99985135,8.813799
855,1,0,0.0034924669,-5.6536484,1.0,0.0034924669,-5.6536484,0.9484201,2.9116654
856,1,0,0.00019669022,-8.533684,0.7254679799079895,0.9999907,11.584297,0.00019669022,-8.533684
857,1,0,0.38366148,-0.47403568,1.0,0.9999796,10.800349,0.38366148,-0.47403565
858,1,0,0.00021123402,-8.462333,0.534356415271759,0.9999908,11.596296,0.00021123402,-8.462333
859,0,1,0.8440184,1.6884363,1.0,0.8440184,1.6884367,0.9458808,2.8609264
860,0,0,1.2933457e-05,-11.25568,0.6462557315826416,1.2933457e-05,-11.25568,0.070181,-2.5839124
861,1,0,0.00026839814,-8.222771,0.7283908128738403,0.9999769,10.676025,0.00026839814,-8.222771
862,1,0,0.000111510824,-9.101277,0.5238772630691528,0.9999739,10.554675,0.000111510824,-9.101277
863,0,0,7.2719968e-06,-11.831472,0.8068910837173462,7.2719968e-06,-11.831472,0.026955094,-3.586258
864,1,0,0.00036554158,-7.913765,0.7130090594291687,0.9998461,8.779442,0.00036554158,-7.913765
865,0,0,8.1773815e-06,-11.71413,0.8584637641906738,8.1773815e-06,-11.71413,0.58362925,0.33769
866,1,0,0.0008630263,-7.054202,1.0,0.0008630263,-7.054202,0.6943684,0.8206224
867,1,0,0.0002664733,-8.22997,0.8151978254318237,0.9999912,11.635431,0.0002664733,-8.22997
868,1,0,0.00012617306,-8.97773,0.6567832231521606,0.9999784,10.741276,0.00012617306,-8.97773
869,1,0,0.00016484303,-8.710352,1.0,0.00016484303,-8.710352,0.9796783,3.8755336
870,0,1,0.99991465,9.36862,0.710144579410553,0.9999168,9.39443,0.99991465,9.368632
871,0,0,2.8390516e-05,-10.469427,0.7384709715843201,2.8390516e-05,-10.469427,0.006011617,-5.1080317
872,1,0,0.0002664911,-8.229903,0.7808756828308105,0.9999887,11.386457,0.0002664911,-8.229903
873,0,0,1.2067224e-05,-11.325006,0.7783399820327759,1.2067224e-05,-11.325006,0.057404507,-2.7985144
874,1,0,0.00017585135,-8.645696,0.671829342842102,0.9999577,10.070732,0.00017585135,-8.645696
875,0,0,7.114684e-05,-9.5506935,0.7268016338348389,7.114684e-05,-9.5506935,0.03517257,-3.3116827
876,1,0,0.0003601345,-7.928673,0.8680665493011475,0.99985516,8.840063,0.0003601345,-7.928673
877,1,0,0.00025780234,-8.26306,0.6402575969696045,0.99998546,11.137953,0.00025780234,-8.26306
878,0,0,0.053997435,-2.8633087,0.7398083209991455,0.053997435,-2.8633087,0.13119236,-1.8904572
879,1,0,2.4551953e-05,-10.614695,1.0,2.4551953e-05,-10.614695,0.111424446,-2.076273
880,0,0,0.002423203,-6.020239,0.7251538634300232,0.002423203,-6.020239,0.014552418,-4.2153387
881,1,0,0.0003201496,-8.046402,0.9027326703071594,0.99998224,10.935925,0.0003201496,-8.046402
882,1,0,0.00024043278,-8.332829,0.7259328961372375,0.9999423,9.759524,0.00024043278,-8.332829
883,1,0,0.00022724153,-8.38927,0.7042778134346008,0.9999927,11.83952,0.00022724153,-8.38927
884,0,0,0.00012001716,-9.027756,0.6798865795135498,0.00012001716,-9.027756,0.102884725,-2.1655753
885,0,0,0.0002675902,-8.225786,0.6492316126823425,0.0002675902,-8.225786,0.23368481,-1.1876204
886,0,1,0.9998758,8.993363,0.6911166906356812,0.99997604,10.638582,0.9998758,8.993021
887,1,0,0.0001449432,-8.839024,1.0,0.0001449432,-8.839024,0.7699699,1.2081411
888,0,0,2.5997513e-05,-10.557484,0.6778409481048584,2.5997513e-05,-10.557484,0.504265,0.01706031
889,1,0,0.40116242,-0.40062407,1.0,0.5011063,0.0044252723,0.40116242,-0.400624
890,1,0,0.0018932113,-6.2675858,1.0,0.0018932113,-6.2675858,0.9147973,2.3736696
891,1,0,0.00030084973,-8.108599,0.7024630308151245,0.9995152,7.6311445,0.00030084973,-8.108599
892,0,0,0.00014689124,-8.825671,0.6479622721672058,0.00014689124,-8.825671,0.022000324,-3.7944522
893,0,1,0.999818,8.61147,0.7346622943878174,0.99994993,9.901039,0.999818,8.611458
894,1,0,0.00014166224,-8.861923,0.5930184721946716,0.9798584,3.8846204,0.00014166224,-8.861923
895,1,0,0.00042233715,-7.7692842,0.8070793747901917,0.9998093,8.564516,0.00042233715,-7.7692842
896,0,1,0.97164774,3.5342865,1.0,0.9958183,5.472842,0.97164774,3.5342853
897,0,0,2.7864091e-05,-10.488144,0.6382343173027039,2.7864091e-05,-10.488144,0.02440259,-3.6883607
898,0,0,0.49753872,-0.009845283,0.5527030825614929,0.49753872,-0.009845361,0.7920886,1.3375614
899,1,0,0.0002436346,-8.319597,0.7080143690109253,0.9999225,9.464951,0.0002436346,-8.319597
900,0,0,2.0128966e-05,-10.813331,0.6544947028160095,2.0128966e-05,-10.813331,0.7928998,1.3424941
901,1,0,0.00019062187,-8.565028,0.6135222315788269,0.9999757,10.6253,0.00019062187,-8.565028
902,0,0,5.7861225e-06,-12.060042,0.7223841547966003,5.7861225e-06,-12.060042,0.020717582,-3.8558373
903,0,0,0.00023412757,-8.35941,0.7232915759086609,0.00023412757,-8.35941,0.18504183,-1.4825549
904,1,0,2.5649691e-05,-10.570953,1.0,2.5649691e-05,-10.570953,0.9666532,3.3668776
905,0,0,0.0074902102,-4.88664,0.6919762492179871,0.0074902102,-4.88664,0.106764644,-2.1242232
906,0,1,0.9989229,6.832391,0.7819789052009583,0.9991685,7.0913734,0.9989229,6.832471
907,1,0,0.00014904271,-8.811129,0.5928946733474731,0.6584921,0.65658176,0.00014904271,-8.811129
908,1,0,6.3363823e-06,-11.969196,1.0,6.3363823e-06,-11.969196,0.97314125,3.5899374
909,0,1,0.999493,7.5864983,0.7205018997192383,0.999493,7.5865245,0.99977034,8.378414
910,1,0,0.00022536669,-8.397556,0.7489529848098755,0.99983084,8.684721,0.00022536669,-8.397556
911,1,0,0.00022452296,-8.401308,0.6618483066558838,0.9999926,11.808246,0.00022452296,-8.401308
912,1,0,0.08129364,-2.4248986,1.0,0.08129364,-2.4248986,0.9715077,3.5292153
913,1,0,0.00022562577,-8.396407,0.7149538397789001,0.9999932,11.892284,0.00022562577,-8.396407
914,0,0,0.0001948512,-8.543079,0.9453579187393188,0.0001948512,-8.543079,0.019653535,-3.909649
915,1,0,0.00017580156,-8.645979,0.7386642694473267,0.9999845,11.071879,0.00017580156,-8.645979
916,1,0,0.35506475,-0.5968498,1.0,0.9999666,10.306272,0.35506475,-0.59684974
917,1,0,0.00017425067,-8.654841,1.0,0.00017425067,-8.654841,0.9709339,3.5086875
918,1,0,0.00022240597,-8.410784,0.6963415741920471,0.9999676,10.336271,0.00022240597,-8.410784
919,0,1,0.7255064,0.97194207,1.0,0.9888875,4.488506,0.7255064,0.9719421
920,1,0,0.0002025143,-8.504498,0.7302922010421753,0.9971132,5.8447304,0.0002025143,-8.504498
921,0,1,0.932688,2.6287322,1.0,0.99998057,10.848116,0.932688,2.6287322
922,0,0,1.0314526e-05,-11.481947,0.7894973754882812,1.0314526e-05,-11.481947,0.10619038,-2.1302593
923,1,0,0.00017781158,-8.634608,0.4954623579978943,0.999982,10.922754,0.00017781158,-8.634608
924,1,0,0.00024356564,-8.3198805,0.7309162020683289,0.99978,8.42138,0.00024356564,-8.3198805
925,1,0,0.00030370883,-8.099137,0.6513974070549011,0.9999715,10.466799,0.00030370883,-8.099137
926,1,0,5.4331877e-06,-12.122979,1.0,5.4331877e-06,-12.122979,0.39707682,-0.41766003
927,0,1,0.7131084,0.91052914,1.0,0.99991333,9.353054,0.7131084,0.9105291
928,1,0,0.00027676282,-8.192073,0.5610538125038147,0.99998474,11.090782,0.00027676282,-8.192073
929,0,1,0.9998553,8.840565,0.7286079525947571,0.9999584,10.087916,0.9998553,8.841089
930,0,0,0.00016923332,-8.684063,0.8113595843315125,0.00016923332,-8.684063,0.0093988255,-4.6577272
931,0,1,0.99005896,4.601093,0.6545668244361877,0.99005896,4.6010904,0.99437666,5.175188
932,1,0,0.00027361626,-8.20351,0.7061644196510315,0.99990916,9.307058,0.00027361626,-8.20351
933,0,0,4.941676e-06,-12.217801,0.719918429851532,4.941676e-06,-12.217801,0.011921985,-4.4173775
934,1,0,0.0002568127,-8.266907,0.7481695413589478,0.99999046,11.558838,0.0002568127,-8.266907
935,0,0,7.2751877e-06,-11.831034,0.8141584396362305,7.2751877e-06,-11.831034,0.27751812,-0.95680606
936,0,1,0.99971217,8.15285,0.7009506225585938,0.99971217,8.152995,0.9997446,8.272497
937,1,0,1.2898808e-05,-11.258363,1.0,1.2898808e-05,-11.258363,0.33233353,-0.6976496
938,1,0,0.00022776928,-8.38695,0.7391390204429626,0.99914813,7.067272,0.00022776928,-8.38695
939,1,0,0.00015207667,-8.790974,0.7209734916687012,0.9996294,7.9000506,0.00015207667,-8.790974
940,0,0,0.00017559783,-8.647139,0.7848865389823914,0.00017559783,-8.647139,0.8691089,1.8931026
941,1,0,0.0002763528,-8.193556,0.6894109845161438,0.99998784,11.313309,0.0002763528,-8.193556
942,1,0,0.00022142335,-8.415213,0.7055270671844482,0.9999894,11.459142,0.00022142335,-8.415213
943,1,0,3.9055572e-05,-10.150486,1.0,3.9055572e-05,-10.150486,0.42799926,-0.29001892
944,1,0,0.0002238727,-8.404209,0.7407373785972595,0.99970216,8.118556,0.0002238727,-8.404209
945,0,1,0.99979776,8.50586,0.4938487112522125,0.9999051,9.263086,0.99979776,8.506048
946,1,0,0.00017480299,-8.651676,0.6400647759437561,0.9999906,11.567831,0.00017480299,-8.651676
947,1,0,0.00024913557,-8.297264,0.7682214975357056,0.99998724,11.273066,0.00024913557,-8.297264
948,0,0,2.5568706e-05,-10.574116,0.8416107296943665,2.5568706e-05,-10.574116,0.025775211,-3.6322289
949,1,0,0.0019543755,-6.2357283,1.0,0.0019543755,-6.2357283,0.37822315,-0.49709696
950,0,0,0.00014669361,-8.827018,0.6697553396224976,0.00014669361,-8.827018,0.17026839,-1.5837263
951,0,0,0.017514694,-4.0270452,0.38936927914619446,0.017514694,-4.0270452,0.15863064,-1.6684523
952,1,0,0.00026859753,-8.222028,0.8401499390602112,0.9999453,9.813587,0.00026859753,-8.222028
953,1,0,0.00021280292,-8.454931,0.6500053405761719,0.99993134,9.586788,0.00021280292,-8.454931
954,0,0,0.0034236703,-5.6736126,0.6191284656524658,0.0034236703,-5.6736126,0.18983464,-1.451085
955,0,0,4.9815666e-05,-9.907131,0.7585985064506531,4.9815666e-05,-9.907131,0.032231033,-3.4020636
956,0,0,0.44916147,-0.2040593,1.0,0.44916147,-0.20405936,0.84665835,1.7086287
957,1,0,1.5401181e-05,-11.081051,1.0,1.5401181e-05,-11.081051,0.9704949,3.493246
958,1,0,0.00034266384,-7.978418,0.7921697497367859,0.99981314,8.584837,0.00034266384,-7.978418
959,1,0,0.0002080108,-8.477713,0.6883361339569092,0.99881965,6.7408113,0.0002080108,-8.477713
960,0,1,0.8118371,1.4619914,1.0,0.8118371,1.4619918,0.83951765,1.6546432
961,1,0,0.00044921116,-7.707568,0.7870746850967407,0.9999583,10.083059,0.00044921116,-7.707568
962,0,1,0.92789894,2.5548542,1.0,0.9999527,9.957696,0.92789894,2.5548537
963,0,1,0.99942434,7.4594145,0.8663272857666016,0.9998049,8.541864,0.99942434,7.459279
964,0,1,0.87681276,1.962588,1.0,0.99998486,11.095083,0.87681276,1.9625876
965,1,0,0.00021760064,-8.4326315,0.5065202713012695,0.99998987,11.499928,0.00021760064,-8.4326315
966,0,0,0.00020902553,-8.472845,0.5521617531776428,0.00020902553,-8.472845,0.7271111,0.9800147
967,0,0,6.0243187e-06,-12.0197,0.8315550684928894,6.0243187e-06,-12.0197,0.5350508,0.1404335
968,0,0,0.0023908666,-6.0337057,0.8468038439750671,0.0023908666,-6.0337057,0.04616999,-3.0281556
969,1,0,0.0002294612,-8.379547,0.5809670090675354,0.9999857,11.15668,0.0002294612,-8.379547
970,1,0,0.0002522899,-8.284679,0.7707419991493225,0.99996006,10.127196,0.0002522899,-8.284679
971,0,0,0.13970862,-1.8177122,0.7171944379806519,0.13970862,-1.8177121,0.8558452,1.7812016
972,0,1,0.8982509,2.1779392,1.0,0.99861217,6.5786085,0.8982509,2.1779392
973,1,0,0.0013640156,-6.5959573,1.0,0.0013640156,-6.5959573,0.89243823,2.1158924
974,0,0,2.6478116e-05,-10.5391655,0.7290564775466919,2.6478116e-05,-10.5391655,0.02651055,-3.6033442
975,1,0,0.12520622,-1.9440261,1.0,0.99992347,9.477319,0.12520622,-1.944026
976,1,0,0.00036347794,-7.9194283,0.7430664896965027,0.9999783,10.736019,0.00036347794,-7.9194283
977,0,1,0.944293,2.830331,1.0,0.99865437,6.609582,0.944293,2.8303306
978,1,0,0.0002885957,-8.150195,0.7740476727485657,0.99994123,9.741681,0.0002885957,-8.150195
979,0,0,5.880907e-05,-9.741156,0.7185324430465698,5.880907e-05,-9.741156,0.0132980915,-4.3067474
980,0,1,0.99981385,8.588797,0.7758802175521851,0.99996245,10.190317,0.99981385,8.588565
981,0,0,7.936442e-06,-11.744038,0.7164562940597534,7.936442e-06,-11.744038,0.045582622,-3.0415745
982,0,1,0.9998443,8.767506,0.7125308513641357,0.99995816,10.080583,0.9998443,8.76775
983,1,0,0.14275032,-1.7926321,1.0,0.999987,11.254817,0.14275032,-1.7926321
984,0,0,7.2475304e-05,-9.532192,0.47833842039108276,7.2475304e-05,-9.532192,0.064060465,-2.6817234
985,1,0,0.0001912093,-8.561951,0.5601904988288879,0.99995506,10.009314,0.0001912093,-8.561951
986,1,0,2.4293937e-05,-10.625259,1.0,2.4293937e-05,-10.625259,0.90293866,2.2303119
987,0,0,2.343915e-05,-10.661079,0.7402679920196533,2.343915e-05,-10.661079,0.025277471,-3.6522393
988,0,1,0.9954755,5.3937073,0.6466682553291321,0.99790907,6.168018,0.9954755,5.39371
989,0,1,0.62030196,0.4908301,1.0,0.62030196,0.49083003,0.7012028,0.8530322
990,0,0,8.612284e-06,-11.6623125,0.7157699465751648,8.612284e-06,-11.6623125,0.15351842,-1.7072678
991,1,0,0.00015109178,-8.797472,0.574540913105011,0.981356,3.9634132,0.00015109178,-8.797472
992,1,0,0.00020289369,-8.502625,0.6737531423568726,0.99977726,8.40912,0.00020289369,-8.502625
993,1,0,0.0002460925,-8.309557,0.637990415096283,0.8465499,1.7077937,0.0002460925,-8.309557
994,1,0,0.00017160116,-8.670166,0.5665353536605835,0.9999614,10.161154,0.00017160116,-8.670166
995,1,0,0.16879867,-1.5941653,1.0,0.16879867,-1.5941653,0.5143701,0.05749634
996,0,0,3.1205032e-05,-10.3749,0.6942412257194519,3.1205032e-05,-10.3749,0.020326551,-3.8752913
997,0,0,2.4766112e-05,-10.6060095,0.6623278856277466,2.4766112e-05,-10.6060095,0.004681878,-5.359363
998,1,0,0.00021640866,-8.438126,0.7446051239967346,0.9999614,10.161968,0.00021640866,-8.438126
999,1,0,0.00043234907,-7.745845,0.881176769733429,0.9999815,10.895973,0.00043234907,-7.745845
1000,1,0,0.00020873576,-8.474233,0.7037774324417114,0.9998493,8.800743,0.00020873576,-8.474233
1001,1,0,0.00012134836,-9.016724,0.6378452181816101,0.99996865,10.3709755,0.00012134836,-9.016724
1002,1,0,0.00017613344,-8.644093,1.0,0.00017613344,-8.644093,0.19266143,-1.4328088
1003,1,0,0.00017666559,-8.641075,0.7081645131111145,0.99998593,11.173683,0.00017666559,-8.641075
1004,0,0,0.22130947,-1.2580516,0.5783379673957825,0.41744462,-0.33327234,0.22130947,-1.2580518
1005,0,0,6.0891907e-06,-12.008989,0.7842026948928833,6.0891907e-06,-12.008989,0.16377239,-1.6304232
1006,1,0,8.107163e-05,-9.420096,1.0,8.107163e-05,-9.420096,0.91722655,2.4052467
1007,0,0,8.7442946e-05,-9.344437,0.7734671831130981,8.7442946e-05,-9.344437,0.22568075,-1.2328628
1008,0,0,0.06606475,-2.6487718,0.7280845046043396,0.06606475,-2.6487718,0.37505683,-0.5105831
1009,0,0,0.00018072936,-8.618329,0.9528467655181885,0.00018072936,-8.618329,0.008371063,-4.774568
1010,1,0,0.00029755675,-8.119608,0.7654964923858643,0.9999609,10.149607,0.00029755675,-8.119608
1011,1,0,0.00033284913,-8.007488,0.748843252658844,0.94833916,2.9100113,0.00033284913,-8.007488
1012,1,0,0.00037048865,-7.900317,0.7596861720085144,0.99986756,8.929558,0.00037048865,-7.900317
1013,1,0,0.00022697564,-8.390441,0.7225710153579712,0.9999888,11.402048,0.00022697564,-8.390441
1014,0,0,1.7226479e-05,-10.969046,0.7659727931022644,1.7226479e-05,-10.969046,0.03323453,-3.3703666
1015,0,1,0.90585905,2.2640908,1.0,0.99997556,10.617556,0.90585905,2.264091
1016,0,1,0.99975926,8.331539,0.5803456902503967,0.9999721,10.486553,0.99975926,8.331395
1017,1,0,0.00023053068,-8.374896,0.6681715846061707,0.99997556,10.620283,0.00023053068,-8.374896
1018,1,0,0.0002272166,-8.3893795,0.5908014178276062,0.9997918,8.476748,0.0002272166,-8.3893795
1019,1,0,0.0007202499,-7.235192,1.0,0.0007202499,-7.235192,0.117974184,-2.0117555
1020,0,1,0.78323925,1.2846439,1.0,0.9999548,10.003729,0.78323925,1.2846439
1021,1,0,0.00023465921,-8.3571415,0.5868709087371826,0.9999484,9.871158,0.00023465921,-8.3571415
1022,0,0,0.10834446,-2.1077645,0.845788300037384,0.10834446,-2.1077642,0.14767236,-1.752975
1023,0,0,4.720929e-05,-9.960873,0.5535522699356079,4.720929e-05,-9.960873,0.48492977,-0.060299307
1024,1,0,0.00021534144,-8.44307,0.8562032580375671,0.98123646,3.9568965,0.00021534144,-8.44307
1025,1,0,0.0001384352,-8.88497,0.63136887550354,0.99997485,10.589381,0.0001384352,-8.88497
1026,1,0,0.00023916525,-8.338117,0.6640316247940063,0.9999565,10.043361,0.00023916525,-8.338117
1027,1,0,0.00038921277,-7.850995,0.7142940163612366,0.9998802,9.029964,0.00038921277,-7.850995
1028,0,0,0.00034112734,-7.9829135,0.5341477394104004,0.00034112734,-7.9829135,0.07308801,-2.5401943
1029,1,0,0.0005699568,-7.46938,1.0,0.0005699568,-7.46938,0.85087186,1.7414556
1030,1,0,0.35282835,-0.60662985,1.0,0.9999894,11.454568,0.35282835,-0.60662985
1031,1,0,0.0003810392,-7.872227,0.8745296597480774,0.99999,11.513843,0.0003810392,-7.872227
1032,0,0,0.069708824,-2.5911708,0.7469443678855896,0.069708824,-2.5911708,0.08615206,-2.3615503
1033,1,0,0.09212848,-2.2879188,1.0,0.09212848,-2.2879188,0.8665499,1.8707926
1034,0,1,0.99968624,8.066572,0.7357175946235657,0.9997763,8.40502,0.99968624,8.066652
1035,0,1,0.6695907,0.70633453,1.0,0.99996805,10.351454,0.6695907,0.7063347
1036,1,0,0.00035989564,-7.9293365,0.8685341477394104,0.9999913,11.648659,0.00035989564,-7.9293365
1037,1,0,0.0005458663,-7.5125904,0.8986598253250122,0.812787,1.4682219,0.0005458663,-7.5125904
1038,1,0,0.00019743807,-8.529888,0.6328401565551758,0.99998987,11.505193,0.00019743807,-8.529888
1039,1,0,0.00021152604,-8.460951,0.7312444448471069,0.99999297,11.863532,0.00021152604,-8.460951
1040,1,0,0.00014523845,-8.836988,0.5564179420471191,0.9999838,11.032648,0.00014523845,-8.836988
1041,0,0,0.0001313061,-8.937848,0.6380099058151245,0.0001313061,-8.937848,0.57212126,0.29051122
1042,0,0,3.64007e-05,-10.220886,0.7280985116958618,3.64007e-05,-10.220886,0.07283517,-2.5439324
1043,1,0,0.00021778328,-8.431792,0.7365557551383972,0.99873155,6.668683,0.00021778328,-8.431792
1044,0,0,6.177218e-05,-9.691996,0.6749776005744934,6.177218e-05,-9.691996,0.023095932,-3.744732
1045,0,0,0.00020496194,-8.492481,0.815004289150238,0.00020496194,-8.492481,0.008063757,-4.812279
1046,0,1,0.53379476,0.13538547,1.0,0.71673524,0.92832464,0.53379476,0.13538553
1047,1,0,0.00022181765,-8.413433,0.8371902704238892,0.99933064,7.308415,0.00022181765,-8.413433
1048,1,0,0.00015409851,-8.777764,0.581633448600769,0.9999819,10.919117,0.00015409851,-8.777764
1049,1,0,0.00024230307,-8.325079,0.8296051025390625,0.9996637,7.9970903,0.00024230307,-8.325079
1050,0,0,1.3297027e-05,-11.227957,0.7960690259933472,1.3297027e-05,-11.227957,0.02508084,-3.6602504
1051,1,0,4.12982e-05,-10.09465,1.0,4.12982e-05,-10.09465,0.72273326,0.95806015
1052,1,0,0.00016277256,-8.722994,0.6151027679443359,0.9999678,10.345436,0.00016277256,-8.722994
1053,0,0,1.8295688e-05,-10.908827,0.7068408727645874,1.8295688e-05,-10.908827,0.014709561,-4.2044387
1054,0,0,1.7671333e-05,-10.943549,0.6734194159507751,1.7671333e-05,-10.943549,0.015452901,-4.154385
1055,0,1,0.98204273,4.00164,1.0,0.9999372,9.674446,0.98204273,4.0016427
1056,1,0,0.15713139,-1.6797287,0.7181426286697388,0.15713139,-1.6797287,0.32636255,-0.7246832
1057,1,0,0.00017999143,-8.622421,0.6120694875717163,0.99998295,10.981928,0.00017999143,-8.622421
1058,1,0,8.558048e-05,-9.365968,1.0,8.558048e-05,-9.365968,0.86388576,1.8479458
1059,0,0,0.4673039,-0.13097133,0.8095093965530396,0.4673039,-0.1309712,0.83116734,1.5939229
1060,1,0,0.00018115275,-8.615989,0.8518429398536682,0.99997675,10.671759,0.00018115275,-8.615989
1061,1,0,0.0003048126,-8.095509,0.638058066368103,0.9999863,11.199896,0.0003048126,-8.095509
1062,0,0,5.2523843e-05,-9.854191,0.561695396900177,5.2523843e-05,-9.854191,0.036525067,-3.2725477
1063,0,0,7.255019e-05,-9.531159,0.578553318977356,7.255019e-05,-9.531159,0.028292844,-3.5364456
1064,0,0,2.3812614e-05,-10.645271,0.8923630118370056,2.3812614e-05,-10.645271,0.00759788,-4.872259
1065,0,1,0.99979335,8.484281,0.7412744164466858,0.99983597,8.71577,0.99979335,8.484282
1066,0,0,1.810209e-05,-10.919465,0.9389994740486145,1.810209e-05,-10.919465,0.024178028,-3.697836
1067,1,0,0.033063386,-3.3757064,1.0,0.033063386,-3.3757064,0.5078893,0.031559676
1068,1,0,0.086997144,-2.3508637,1.0,0.9130919,2.3519845,0.086997144,-2.3508637
1069,0,1,0.99947816,7.55763,0.8230631947517395,0.99947816,7.5574713,0.9995409,7.6857557
1070,1,0,0.00026344167,-8.241415,0.7640396356582642,0.99711597,5.8456945,0.00026344167,-8.241415
1071,0,0,0.086094186,-2.3622856,0.8512898087501526,0.086094186,-2.3622856,0.4953767,-0.018493697
1072,1,0,0.00020470454,-8.493738,0.769271969795227,0.9999846,11.085634,0.00020470454,-8.493738
1073,1,0,0.057753377,-2.7920852,1.0,0.057753377,-2.7920852,0.7696801,1.2065055
1074,1,0,0.00029110294,-8.141542,0.6656318306922913,0.999985,11.106438,0.00029110294,-8.141542
1075,0,0,6.9571906e-05,-9.57308,0.7231432795524597,6.9571906e-05,-9.57308,0.021197788,-3.8324327
1076,1,0,0.00021143933,-8.461361,0.7904927134513855,0.9999893,11.437792,0.00021143933,-8.461361
1077,0,1,0.5132568,0.053039573,1.0,0.93768513,2.7112143,0.5132568,0.05303943
1078,0,1,0.9437507,2.8200681,0.8618708848953247,0.9437507,2.820067,0.9912615,4.731247
1079,0,0,8.907655e-06,-11.628591,0.6271108388900757,8.907655e-06,-11.628591,0.43213242,-0.27315623
1080,0,0,1.4926889e-05,-11.112331,0.5527627468109131,1.4926889e-05,-11.112331,0.019346258,-3.9257205
1081,1,0,0.00012595982,-8.979422,0.5252891778945923,0.9999796,10.79895,0.00012595982,-8.979422
1082,1,0,0.00024877882,-8.298697,0.7507027983665466,0.99994934,9.889251,0.00024877882,-8.298697
1083,1,0,0.00027093626,-8.213356,0.7734622359275818,0.99998105,10.8748665,0.00027093626,-8.213356
1084,0,0,8.71156e-05,-9.348187,0.7253307104110718,8.71156e-05,-9.348187,0.01611446,-4.1117926
1085,0,0,0.0010862066,-6.823977,0.5182929039001465,0.0010862066,-6.823977,0.031066429,-3.4400682
1086,1,0,0.00029838798,-8.116817,0.8193085789680481,0.9999602,10.131401,0.00029838798,-8.116817
1087,1,0,0.00015700092,-8.759102,0.5733446478843689,0.99998367,11.022703,0.00015700092,-8.759102
1088,0,0,1.0619354e-05,-11.452822,0.7213137745857239,1.0619354e-05,-11.452822,0.004049681,-5.5050592
1089,1,0,9.522806e-06,-11.561811,1.0,9.522806e-06,-11.561811,0.8880262,2.0707366
1090,1,0,0.00019977636,-8.518112,0.5521090030670166,0.9999871,11.256956,0.00019977636,-8.518112
1091,1,0,0.0434663,-3.09133,1.0,0.99997735,10.696896,0.0434663,-3.09133
1092,1,0,0.23559214,-1.1769993,1.0,0.9968741,5.764912,0.23559214,-1.1769993
1093,1,0,0.0001542492,-8.776787,0.5216798782348633,0.95820385,3.1322556,0.0001542492,-8.776787
1094,1,0,0.0003027961,-8.102148,0.8044939041137695,0.9999815,10.895906,0.0003027961,-8.102148
1095,1,0,0.00024603386,-8.309795,0.5429237484931946,0.9999871,11.261347,0.00024603386,-8.309795
1096,0,1,0.99974686,8.281311,0.5730351805686951,0.99974686,8.281257,0.99978036,8.423315
1097,0,0,0.0016940313,-6.3789487,0.7074317932128906,0.0016940313,-6.3789487,0.019775169,-3.903355
1098,1,0,0.0002526878,-8.283103,0.6901031732559204,0.99884856,6.7655754,0.0002526878,-8.283103
1099,0,1,0.7200049,0.944486,1.0,0.99997497,10.594753,0.7200049,0.944486
1100,0,1,0.9998641,8.903465,0.6997689604759216,0.9999136,9.3555565,0.9998641,8.903253
1101,0,0,2.5260375e-05,-10.586248,0.7244725227355957,2.5260375e-05,-10.586248,0.0706902,-2.5761352
1102,1,0,0.0002848466,-8.163275,0.6189363598823547,0.9999329,9.609116,0.0002848466,-8.163275
1103,1,0,0.00024982993,-8.29448,1.0,0.00024982993,-8.29448,0.9267471,2.5377626
1104,0,0,1.2426727e-05,-11.295649,0.8378236889839172,1.2426727e-05,-11.295649,0.013890976,-4.2625275
1105,1,0,0.00031210124,-8.071871,0.6905117630958557,0.9999865,11.212267,0.00031210124,-8.071871
1106,0,0,9.32559e-06,-11.582739,0.6585342288017273,9.32559e-06,-11.582739,0.26151225,-1.0381235
1107,0,1,0.98554426,4.2221026,0.6639063954353333,0.99232775,4.862439,0.98554426,4.222108
1108,1,0,0.29335234,-0.8791578,1.0,0.9999392,9.708239,0.29335234,-0.8791578
1109,0,1,0.9593479,3.1612034,1.0,0.9987295,6.6671195,0.9593479,3.161202
1110,0,0,1.3000915e-05,-11.250478,0.6505361199378967,1.3000915e-05,-11.250478,0.027209492,-3.576603
1111,1,0,0.00020416985,-8.496354,0.6443910002708435,0.9999243,9.48826,0.00020416985,-8.496354
1112,0,0,0.031316075,-3.4318068,0.7975530624389648,0.031316075,-3.4318068,0.40124133,-0.40029564
1113,0,0,1.3350623e-05,-11.223934,0.7098742723464966,1.3350623e-05,-11.223934,0.0092392955,-4.6750073
1114,0,1,0.99987364,8.976234,0.7281394600868225,0.9999677,10.340143,0.99987364,8.976624
1115,1,0,0.05317662,-2.8794937,1.0,0.05317662,-2.8794937,0.9271883,2.5442796
1116,0,0,9.04976e-05,-9.310097,0.7600857615470886,9.04976e-05,-9.310097,0.046830896,-3.0132492
1117,1,0,0.0003227434,-8.03833,0.6527907848358154,0.99997866,10.757208,0.0003227434,-8.03833
1118,1,0,0.0002908996,-8.1422415,0.7679212689399719,0.99991095,9.325901,0.0002908996,-8.1422415
1119,1,0,0.0003340648,-8.003841,0.8133268356323242,0.9999504,9.911172,0.0003340648,-8.003841
1120,1,0,0.0002884062,-8.150852,0.6177324652671814,0.99997425,10.566367,0.0002884062,-8.150852
1121,0,0,0.0013285682,-6.622324,0.8491997718811035,0.0013285682,-6.622324,0.08793992,-2.339052
1122,1,0,0.04245887,-3.1158328,1.0,0.9999758,10.626725,0.04245887,-3.1158328
1123,1,0,0.34206104,-0.654123,1.0,0.99857974,6.5554585,0.34206104,-0.65412295
1124,1,0,2.8223361e-05,-10.475332,1.0,2.8223361e-05,-10.475332,0.9676945,3.3996801
1125,1,0,0.00017217874,-8.666805,0.6225643754005432,0.99950564,7.611857,0.00017217874,-8.666805
1126,0,1,0.9871272,4.339681,1.0,0.99998534,11.130876,0.9871272,4.33968
1127,0,0,0.00018623447,-8.588318,0.7748051881790161,0.00018623447,-8.588318,0.022001967,-3.794376
1128,0,0,5.338727e-05,-9.837885,0.7544512748718262,5.338727e-05,-9.837885,0.03342474,-3.3644629
1129,1,0,0.00017413853,-8.655485,0.4628649652004242,0.99516183,5.3263597,0.00017413853,-8.655485
1130,1,0,0.00031299636,-8.069006,0.7462829947471619,0.99998844,11.370537,0.00031299636,-8.069006
1131,1,0,0.00016420675,-8.71422,0.7388775944709778,0.99998987,11.502357,0.00016420675,-8.71422
1132,1,0,3.8669914e-05,-10.16041,1.0,3.8669914e-05,-10.16041,0.86683416,1.8732523
1133,0,0,5.53937e-06,-12.103624,0.5408254861831665,5.53937e-06,-12.103624,0.030233426,-3.4681072
1134,1,0,0.00015562997,-8.767874,0.5683263540267944,0.9999858,11.16183,0.00015562997,-8.767874
1135,0,0,1.6569888e-05,-11.007907,0.6447544097900391,1.6569888e-05,-11.007907,0.00989441,-4.6058416
1136,1,0,0.013770683,-4.271347,1.0,0.013770683,-4.271347,0.8930991,2.1227963
1137,0,0,5.697879e-06,-12.075411,0.8645923137664795,5.697879e-06,-12.075411,0.011339668,-4.468044
1138,1,0,0.0005221863,-7.556964,0.7274541854858398,0.9999566,10.045749,0.0005221863,-7.556964
1139,0,1,0.999701,8.114845,0.7406195998191833,0.99998796,11.325357,0.999701,8.114666
1140,1,0,0.10946365,-2.0962315,1.0,0.10946365,-2.0962315,0.4266253,-0.29563332
1141,0,1,0.9998497,8.802574,0.5474568605422974,0.99996924,10.38784,0.9998497,8.803009
1142,0,0,5.253106e-06,-12.156686,0.6833395957946777,5.253106e-06,-12.156686,0.07108313,-2.5701692
1143,0,1,0.99923193,7.1708674,0.6807519793510437,0.99923193,7.170832,0.9992454,7.1886115
1144,1,0,0.0008476259,-7.072223,1.0,0.0008476259,-7.072223,0.85962594,1.8121866
1145,1,0,0.00025479498,-8.2747965,0.7774459719657898,0.9999862,11.187513,0.00025479498,-8.2747965
1146,1,0,3.0611507e-05,-10.394104,1.0,3.0611507e-05,-10.394104,0.77615064,1.2433732
1147,0,0,2.8135915e-05,-10.4784355,0.5584935545921326,2.8135915e-05,-10.4784355,0.5100387,0.040160142
1148,0,0,4.3147206e-06,-12.353474,0.9420981407165527,4.3147206e-06,-12.353474,0.1905337,-1.446546
1149,0,0,9.984821e-05,-9.21176,0.6755298376083374,9.984821e-05,-9.21176,0.025926366,-3.6262264
1150,1,0,0.00023503586,-8.355537,0.685834527015686,0.9999856,11.149424,0.00023503586,-8.355537
1151,1,0,0.08603506,-2.3630373,1.0,0.99995136,9.931059,0.08603506,-2.3630373
1152,1,0,0.0002878241,-8.152873,0.7507885694503784,0.99996614,10.292972,0.0002878241,-8.152873
1153,0,0,7.406652e-06,-11.813125,0.6546456217765808,7.406652e-06,-11.813125,0.012372995,-4.379789
1154,1,0,0.00023931032,-8.33751,0.7352440357208252,0.99993503,9.641732,0.00023931032,-8.33751
1155,1,0,0.00020630067,-8.48597,0.6961854696273804,0.8661617,1.8674395,0.00020630067,-8.48597
1156,1,0,1.6061793e-05,-11.039051,1.0,1.6061793e-05,-11.039051,0.9358989,2.681046
1157,0,1,0.7517365,1.1078953,0.7858343124389648,0.850364,1.737459,0.7517365,1.1078954
1158,1,0,0.00019241896,-8.555643,0.6987506151199341,0.9999881,11.336229,0.00019241896,-8.555643
1159,1,0,0.0003174549,-8.054857,0.7084800004959106,0.99998355,11.016209,0.0003174549,-8.054857
1160,0,0,5.7890093e-06,-12.059544,0.7298240661621094,5.7890093e-06,-12.059544,0.77563363,1.2404001
1161,0,0,3.9160856e-05,-10.147794,0.6178277730941772,3.9160856e-05,-10.147794,0.35795066,-0.58427
1162,0,1,0.9996736,8.027076,0.8577563166618347,0.9998677,8.930058,0.9996736,8.026979
1163,0,1,0.99971026,8.146243,0.9185777306556702,0.99989855,9.195883,0.99971026,8.146162
1164,1,0,0.00022219062,-8.411753,0.7358715534210205,0.9998858,9.078028,0.00022219062,-8.411753
1165,0,1,0.99980706,8.5529375,0.6125935316085815,0.9998987,9.196671,0.99980706,8.553052
1166,1,0,0.00021828867,-8.429474,0.7335900664329529,0.99998,10.818787,0.00021828867,-8.429474
1167,1,0,0.00019996485,-8.517169,0.7127054929733276,0.999905,9.262057,0.00019996485,-8.517169
1168,1,0,2.507566e-05,-10.593588,1.0,2.507566e-05,-10.593588,0.9683698,3.421501
1169,1,0,0.00026128546,-8.249636,0.6924383640289307,0.9999869,11.243317,0.00026128546,-8.249636
1170,1,0,0.00019258306,-8.5547905,0.5981715321540833,0.99997246,10.500084,0.00019258306,-8.5547905
1171,1,0,0.0003565363,-7.938718,0.7692423462867737,0.9997769,8.407756,0.0003565363,-7.938718
1172,1,0,0.0002611908,-8.249998,0.8023479580879211,0.99998045,10.843346,0.0002611908,-8.249998
1173,0,0,0.053993188,-2.8633919,0.6542989611625671,0.053993188,-2.8633919,0.06155475,-2.7242975
1174,1,0,0.00020112455,-8.511385,0.5838112235069275,0.99998033,10.833611,0.00020112455,-8.511385
1175,0,1,0.99980825,8.559136,0.6469326615333557,0.99980825,8.559266,0.99983084,8.684876
1176,0,0,1.6142458e-05,-11.034041,0.683403491973877,1.6142458e-05,-11.034041,0.23927838,-1.1566399
1177,0,0,7.182766e-05,-9.541169,0.7709934115409851,7.182766e-05,-9.541169,0.025601648,-3.6391635
1178,0,0,0.0005617855,-7.4838285,0.6026148796081543,0.0005617855,-7.4838285,0.02822843,-3.5387912
1179,0,0,9.424635e-06,-11.572174,0.8370804786682129,9.424635e-06,-11.572174,0.0068372665,-4.9785066
1180,1,0,2.95283e-05,-10.430132,1.0,2.95283e-05,-10.430132,0.89617956,2.1554775
1181,0,1,0.7538376,1.1191854,1.0,0.9784038,3.8134022,0.7538376,1.1191854
1182,0,0,1.116979e-05,-11.402287,0.5684878826141357,1.116979e-05,-11.402287,0.03937677,-3.1944063
1183,0,1,0.6370642,0.5626446,1.0,0.9999013,9.223366,0.6370642,0.5626445
1184,1,0,0.00013139201,-8.937194,0.5970039963722229,0.99995863,10.093546,0.00013139201,-8.937194
1185,1,0,0.041033596,-3.151465,1.0,0.041033596,-3.151465,0.9809358,3.940694
1186,0,1,0.99377316,5.0726404,1.0,0.99377316,5.0726347,0.99528944,5.3532295
1187,1,0,0.0004785508,-7.6442695,0.7723674178123474,0.99998295,10.982511,0.0004785508,-7.6442695
1188,0,0,6.675295e-06,-11.91709,0.5794022679328918,6.675295e-06,-11.91709,0.8040797,1.4119902
1189,0,0,0.0006723182,-7.304106,0.6587778329849243,0.0006723182,-7.304106,0.11628982,-2.0280437
1190,1,0,0.00013905662,-8.88049,0.6659740805625916,0.9997981,8.507256,0.00013905662,-8.88049
1191,0,0,5.0137463e-05,-9.900692,0.6726741790771484,5.0137463e-05,-9.900692,0.45915693,-0.16373712
1192,0,0,8.071879e-05,-9.4244585,0.6601487398147583,8.071879e-05,-9.4244585,0.033697218,-3.356062
1193,0,0,0.22470461,-1.2384574,0.7213698625564575,0.27108538,-0.98912275,0.22470461,-1.2384574
1194,1,0,0.00022850907,-8.383706,0.666691780090332,0.99997413,10.563074,0.00022850907,-8.383706
1195,0,0,3.723731e-05,-10.198162,0.5429155826568604,3.723731e-05,-10.198162,0.028212357,-3.5393772
1196,1,0,0.0001888088,-8.574587,0.6315453052520752,0.9999697,10.40684,0.0001888088,-8.574587
1197,0,0,2.3801853e-05,-10.645723,0.6641855835914612,2.3801853e-05,-10.645723,0.004560727,-5.385702
1198,0,0,0.2841328,-0.92405283,0.6185192465782166,0.2841328,-0.92405295,0.936961,2.6988883
1199,1,0,0.0002612745,-8.249678,0.7673284411430359,0.9999821,10.934373,0.0002612745,-8.249678
1200,0,1,0.98334426,4.078204,0.7911566495895386,0.98334426,4.078205,0.99561524,5.425235
1201,1,0,0.00022041608,-8.419773,0.6073921322822571,0.99909127,7.0026007,0.00022041608,-8.419773
1202,0,0,1.0613593e-05,-11.453364,0.8913636207580566,1.0613593e-05,-11.453364,0.014697273,-4.205287
1203,0,1,0.86844176,1.8872509,0.7340628504753113,0.86844176,1.8872505,0.9883796,4.443301
1204,0,0,3.585094e-05,-10.236105,0.9023659229278564,3.585094e-05,-10.236105,0.07741418,-2.4780104
1205,0,0,0.00010197047,-9.190725,0.7531686425209045,0.00010197047,-9.190725,0.040708397,-3.1597607
1206,1,0,0.43728328,-0.2521951,1.0,0.9999896,11.478445,0.43728328,-0.25219512
1207,0,0,0.0014578897,-6.5293064,0.6364204287528992,0.0014578897,-6.5293064,0.6679111,0.69875234
1208,1,0,2.7446578e-05,-10.503242,1.0,2.7446578e-05,-10.503242,0.88708955,2.0613513
1209,1,0,0.00016584479,-8.704292,0.5558916330337524,0.9999869,11.241006,0.00016584479,-8.704292
1210,0,0,1.5171496e-05,-11.096077,0.8715943694114685,1.5171496e-05,-11.096077,0.29586822,-0.8670514
1211,0,0,9.8470955e-06,-11.528324,0.6019244194030762,9.8470955e-06,-11.528324,0.6704311,0.71013534
1212,1,0,0.00030564045,-8.092795,0.8138447999954224,0.999956,10.031706,0.00030564045,-8.092795
1213,1,0,0.0003690156,-7.9043026,0.7158711552619934,0.9981127,6.270714,0.0003690156,-7.9043026
1214,0,0,9.0540925e-05,-9.309618,0.8180344104766846,9.0540925e-05,-9.309618,0.30943936,-0.80274165
1215,0,0,7.1974137e-06,-11.841782,0.5867005586624146,7.1974137e-06,-11.841782,0.38537434,-0.46679822
1216,1,0,0.00013480136,-8.911573,0.5553436279296875,0.9999391,9.706778,0.00013480136,-8.911573
1217,0,0,0.0009620334,-6.945499,0.8177088499069214,0.0009620334,-6.945499,0.09586917,-2.2439897
1218,0,0,4.9230016e-06,-12.221587,0.6971170902252197,4.9230016e-06,-12.221587,0.22734925,-1.2233398
1219,0,0,6.5645268e-06,-11.933824,0.6200661063194275,6.5645268e-06,-11.933824,0.97686905,3.7431798
1220,1,0,0.00037644457,-7.884363,0.6702807545661926,0.9999188,9.41856,0.00037644457,-7.884363
1221,0,1,0.9998889,9.104941,0.544391930103302,0.9999865,11.211306,0.9998889,9.105508
1222,1,0,0.00031543057,-8.061256,0.846537172794342,0.99998295,10.977734,0.00031543057,-8.061256
1223,1,0,5.117467e-05,-9.880215,1.0,5.117467e-05,-9.880215,0.92447567,2.504772
1224,1,0,0.0001554643,-8.768939,0.5645373463630676,0.9998907,9.121399,0.0001554643,-8.768939
1225,1,0,0.16250649,-1.6396956,1.0,0.9999387,9.699957,0.16250649,-1.6396955
1226,1,0,0.04194243,-3.12861,1.0,0.04194243,-3.12861,0.9813486,3.9630065
1227,0,1,0.99984825,8.793102,0.8061712384223938,0.99991596,9.384544,0.99984825,8.793018
1228,0,0,8.717334e-06,-11.650188,0.7188209295272827,8.717334e-06,-11.650188,0.23005086,-1.208024
1229,0,1,0.5671694,0.2703117,1.0,0.9997633,8.348674,0.5671694,0.27031174
1230,1,0,4.8935934e-05,-9.92495,1.0,4.8935934e-05,-9.92495,0.8686187,1.8888007
1231,1,0,0.00026192324,-8.247197,0.6987574696540833,0.99998116,10.877557,0.00026192324,-8.247197
1232,1,0,0.0001665198,-8.70023,0.7468772530555725,0.99998105,10.875084,0.0001665198,-8.70023
1233,1,0,0.00028250823,-8.17152,0.6709206104278564,0.999987,11.249549,0.00028250823,-8.17152
1234,1,0,0.0003153383,-8.061549,0.5154737234115601,0.99993765,9.682672,0.0003153383,-8.061549
1235,1,0,0.00023629345,-8.3502,0.800930917263031,0.99997926,10.783803,0.00023629345,-8.3502
1236,1,0,0.0001781583,-8.63266,0.6653405427932739,0.9999461,9.82819,0.0001781583,-8.63266
1237,1,0,0.00013786416,-8.889104,1.0,0.00013786416,-8.889104,0.9223138,2.474207
1238,1,0,0.0028118452,-5.8710985,1.0,0.0028118452,-5.8710985,0.8742907,1.9394414
1239,1,0,1.0241562e-05,-11.489046,1.0,1.0241562e-05,-11.489046,0.9061806,2.2678666
1240,0,0,5.390776e-05,-9.828182,0.8574708700180054,5.390776e-05,-9.828182,0.0150343375,-4.18227
1241,1,0,0.00087609317,-7.0391617,1.0,0.00087609317,-7.0391617,0.9724735,3.5646925
1242,1,0,0.0005080168,-7.584488,1.0,0.0005080168,-7.584488,0.94774234,2.8978965
1243,0,1,0.9954236,5.382259,0.6172970533370972,0.9954236,5.3822536,0.99799407,6.209649
1244,0,1,0.75986123,1.1519189,1.0,0.9930902,4.967871,0.75986123,1.1519189
1245,0,0,1.4876866e-05,-11.115688,0.668098509311676,1.4876866e-05,-11.115688,0.65709424,0.6503716
1246,1,0,0.00044345466,-7.7204714,0.8520240783691406,0.9999896,11.482107,0.00044345466,-7.7204714
1247,0,1,0.9998324,8.693713,0.6070581674575806,0.99992967,9.563038,0.9998324,8.693771
1248,0,1,0.9441554,2.827718,1.0,0.9999814,10.890032,0.9441554,2.8277168
1249,1,0,1.2390338e-05,-11.298581,1.0,1.2390338e-05,-11.298581,0.13600187,-1.848902
1250,0,1,0.9997985,8.509404,0.7830277681350708,0.9999176,9.404608,0.9997985,8.509375
1251,0,1,0.99539006,5.3749194,0.6635740995407104,0.99539006,5.374934,0.99898857,6.8953843
1252,0,1,0.99967706,8.037727,0.8940995335578918,0.99998915,11.433762,0.99967706,8.03751
1253,0,0,0.0014113217,-6.561816,0.5470701456069946,0.0014113217,-6.561816,0.4486138,-0.20627312
1254,1,0,0.00029014316,-8.144846,0.6474563479423523,0.99843043,6.45538,0.00029014316,-8.144846
1255,0,1,0.59853595,0.39936864,1.0,0.9994666,7.5357428,0.59853595,0.39936876
1256,0,0,2.6091946e-05,-10.553858,0.7955975532531738,2.6091946e-05,-10.553858,0.115788154,-2.0329344
1257,0,1,0.9013508,2.2123244,1.0,0.99982363,8.6423,0.9013508,2.2123249
1258,0,1,0.99824286,6.342306,0.7940197587013245,0.99824286,6.3423343,0.99919194,7.1200356
1259,1,0,1.9790385e-05,-10.830295,1.0,1.9790385e-05,-10.830295,0.9696964,3.4657154
1260,1,0,0.00019921047,-8.520949,0.6132074594497681,0.99998057,10.846515,0.00019921047,-8.520949
1261,1,0,0.00034905155,-7.959942,0.884393036365509,0.99840647,6.4401813,0.00034905155,-7.959942
1262,1,0,0.00010421214,-9.168978,1.0,0.00010421214,-9.168978,0.8608144,1.8220705
1263,0,0,9.142507e-06,-11.602567,0.7310093641281128,9.142507e-06,-11.602567,0.87719274,1.96611
1264,0,1,0.6877048,0.7894108,1.0,0.99997354,10.538356,0.6877048,0.7894109
1265,0,0,2.2120099e-05,-10.719002,0.7755197286605835,2.2120099e-05,-10.719002,0.24417043,-1.1299495
1266,0,0,2.536122e-05,-10.582264,0.7050355672836304,2.536122e-05,-10.582264,0.027676724,-3.5590966
1267,0,0,5.1504452e-05,-9.873791,0.8015397191047668,5.1504452e-05,-9.873791,0.016686698,-4.076316
1268,0,0,0.12834567,-1.9156657,0.8025397658348083,0.3061874,-0.81800467,0.12834567,-1.9156656
1269,0,0,2.6407535e-05,-10.541835,0.4351801872253418,2.6407535e-05,-10.541835,0.2828422,-0.9304067
1270,0,0,7.898605e-06,-11.7488165,0.7766873836517334,7.898605e-06,-11.7488165,0.2736527,-0.9761685
1271,1,0,0.300667,-0.8441237,1.0,0.99998295,10.981019,0.300667,-0.8441237
1272,1,0,0.00033056972,-8.014362,0.8633279204368591,0.99999034,11.546572,0.00033056972,-8.014362
1273,0,1,0.765761,1.1845282,1.0,0.99992883,9.549744,0.765761,1.1845284
1274,0,0,0.17538606,-1.5479257,0.43194884061813354,0.17538606,-1.5479257,0.65104026,0.6236149
1275,1,0,0.00024143231,-8.32868,0.5602390170097351,0.99999213,11.755156,0.00024143231,-8.32868
1276,1,0,0.00023609168,-8.351054,0.5701038837432861,0.9999683,10.360484,0.00023609168,-8.351054
1277,1,0,0.00016545766,-8.70663,1.0,0.00016545766,-8.70663,0.9905426,4.651452
1278,0,0,0.0022853047,-6.078968,0.6477481126785278,0.0022853047,-6.078968,0.020894367,-3.8471599
1279,1,0,0.0002537329,-8.278975,0.5006104111671448,0.9999126,9.344643,0.0002537329,-8.278975
1280,1,0,0.00024819508,-8.301047,0.7160277366638184,0.99996924,10.387893,0.00024819508,-8.301047
1281,0,0,0.00059925334,-7.4192266,0.7050309181213379,0.00059925334,-7.4192266,0.026364245,-3.6090286
1282,0,1,0.56171525,0.24812622,1.0,0.9586983,3.1446722,0.56171525,0.24812633
1283,1,0,0.00026881453,-8.22122,0.68968266248703,0.999987,11.2497,0.00026881453,-8.22122
1284,0,0,1.9885278e-05,-10.825511,0.7558289170265198,1.9885278e-05,-10.825511,0.17647848,-1.5403907
1285,1,0,1.4880129e-05,-11.115469,1.0,1.4880129e-05,-11.115469,0.87762403,1.9701205
1286,1,0,0.00016398783,-8.715554,0.6283890008926392,0.99998856,11.373134,0.00016398783,-8.715554
1287,0,0,0.009647378,-4.631375,0.8303032517433167,0.009647378,-4.631375,0.035015333,-3.3163261
1288,0,0,1.1808673e-05,-11.346664,0.6846096515655518,1.1808673e-05,-11.346664,0.46208683,-0.15194425
1289,1,0,0.00024420975,-8.317239,0.6373267769813538,0.99718505,5.869998,0.00024420975,-8.317239
1290,0,1,0.99982196,8.633329,0.70672208070755,0.99997795,10.722165,0.99982196,8.632946
1291,0,0,6.637227e-06,-11.92281,0.6335979700088501,6.637227e-06,-11.92281,0.032148775,-3.404704
1292,0,0,4.570549e-06,-12.295873,0.859351634979248,4.570549e-06,-12.295873,0.97942346,3.8628128
1293,1,0,0.00025742874,-8.26451,0.625629186630249,0.99984384,8.764468,0.00025742874,-8.26451
1294,1,0,0.00021325161,-8.452825,0.7131229043006897,0.99998665,11.226021,0.00021325161,-8.452825
1295,1,0,0.37752682,-0.50005895,1.0,0.9999497,9.897005,0.37752682,-0.50005907
1296,0,0,0.000100933685,-9.200946,0.8640671372413635,0.000100933685,-9.200946,0.013647654,-4.280446
1297,1,0,0.45137784,-0.19510517,1.0,0.99910635,7.019283,0.45137784,-0.19510525
1298,1,0,0.020727145,-3.8553662,1.0,0.020727145,-3.8553662,0.98423356,4.1339827
1299,1,0,0.00028435007,-8.16502,0.7680857181549072,0.99996233,10.185885,0.00028435007,-8.16502
1300,1,0,0.0001644206,-8.712918,0.4776541590690613,0.20748691,-1.3401408,0.0001644206,-8.712918
1301,0,1,0.99979395,8.48717,0.8127284646034241,0.9999659,10.28644,0.99979395,8.487279
1302,1,0,0.00025436803,-8.276474,0.6755936145782471,0.9999896,11.477549,0.00025436803,-8.276474
1303,0,1,0.58952194,0.36198947,1.0,0.9994604,7.5241294,0.58952194,0.36198932
1304,0,0,8.50746e-06,-11.674559,0.6306403875350952,8.50746e-06,-11.674559,0.16022374,-1.6565642
1305,1,0,4.4609846e-05,-10.017511,1.0,4.4609846e-05,-10.017511,0.8266593,1.5621336
1306,0,0,8.488334e-06,-11.676809,0.7196115255355835,8.488334e-06,-11.676809,0.018057609,-3.9959655
1307,0,0,1.5226052e-05,-11.092487,0.8509644865989685,1.5226052e-05,-11.092487,0.07023475,-2.5830889
1308,0,1,0.60098803,0.40958363,1.0,0.9999453,9.812932,0.60098803,0.40958375
1309,1,0,0.00039738696,-7.8302026,0.7319177985191345,0.9999794,10.786758,0.00039738696,-7.8302026
1310,1,0,0.0001360532,-8.9023285,0.6201504468917847,0.999913,9.349064,0.0001360532,-8.9023285
1311,1,0,0.00021110053,-8.462965,0.7692895531654358,0.9999727,10.510661,0.00021110053,-8.462965
1312,0,1,0.97876966,3.8308651,0.6298426985740662,0.97876966,3.8308625,0.9950885,5.311257
1313,0,0,3.546796e-05,-10.246845,0.5519161224365234,3.546796e-05,-10.246845,0.63334703,0.54660285
1314,0,1,0.985415,4.213068,1.0,0.996236,5.578496,0.985415,4.2130647
1315,1,0,0.00025598056,-8.270153,0.6006602644920349,0.9998419,8.752464,0.00025598056,-8.270153
1316,1,0,0.00021996973,-8.421801,0.7330366373062134,0.99999166,11.693676,0.00021996973,-8.421801
1317,0,0,8.819217e-05,-9.335904,0.8634600639343262,8.819217e-05,-9.335904,0.0071208724,-4.9375787
1318,0,0,7.469257e-06,-11.804708,0.7197566628456116,7.469257e-06,-11.804708,0.15274803,-1.7132084
1319,1,0,0.00027430948,-8.200979,0.7537973523139954,0.9997229,8.190755,0.00027430948,-8.200979
1320,1,0,0.2818074,-0.9355139,1.0,0.9999677,10.339036,0.2818074,-0.9355139
1321,0,1,0.9997516,8.300332,0.7430806159973145,0.9999857,11.153856,0.9997516,8.3003235
1322,0,1,0.9997969,8.501741,0.7834171056747437,0.9998741,8.9802685,0.9997969,8.501689
1323,1,0,0.000317818,-8.053714,0.7231004238128662,0.9999403,9.724976,0.000317818,-8.053714
1324,0,0,0.0034766246,-5.6582108,0.559442400932312,0.0034766246,-5.6582108,0.27811462,-0.95383304
1325,1,0,7.660551e-06,-11.779419,1.0,7.660551e-06,-11.779419,0.72446114,0.9666994
1326,1,0,0.00064730016,-7.342053,1.0,0.00064730016,-7.342053,0.991863,4.8031597
1327,1,0,0.00017325282,-8.660585,0.6919039487838745,0.99998105,10.87068,0.00017325282,-8.660585
1328,1,0,0.0002913595,-8.140661,0.7904421091079712,0.9999893,11.44686,0.0002913595,-8.140661
1329,1,0,1.8357105e-05,-10.905476,1.0,1.8357105e-05,-10.905476,0.9494261,2.9324217
1330,0,0,0.020394364,-3.8718915,0.7801659107208252,0.020394364,-3.8718915,0.08365037,-2.393752
1331,0,0,5.030489e-05,-9.897358,0.541707456111908,5.030489e-05,-9.897358,0.29825294,-0.8556311
1332,0,0,2.4438215e-05,-10.619338,0.8422282338142395,2.4438215e-05,-10.619338,0.004794714,-5.335435
1333,0,0,7.271435e-06,-11.83155,0.6610339879989624,7.271435e-06,-11.83155,0.053036615,-2.882278
1334,1,1,0.51593864,0.0637762,1.0,0.51593864,0.06377612,0.89460516,2.1386688
1335,1,0,0.00018239096,-8.609176,0.6057453751564026,0.9999782,10.73256,0.00018239096,-8.609176
1336,1,0,0.0003894776,-7.8503146,0.8549461960792542,0.9999683,10.357898,0.0003894776,-7.8503146
1337,1,0,0.00014191751,-8.860123,1.0,0.00014191751,-8.860123,0.9852474,4.2014756
1338,1,0,0.34158546,-0.6562369,1.0,0.99783856,6.134803,0.34158546,-0.65623677
1339,0,1,0.64304024,0.58858424,0.5553116798400879,0.7905831,1.3284438,0.64304024,0.5885842
1340,0,0,7.249257e-06,-11.834604,0.6849871277809143,7.249257e-06,-11.834604,0.009404088,-4.657162
1341,1,0,0.00020622122,-8.486355,0.6083090305328369,0.99995744,10.063635,0.00020622122,-8.486355
1342,1,0,0.2675017,-1.0073351,1.0,0.9999789,10.764698,0.2675017,-1.0073351
1343,0,1,0.9998814,9.039524,0.6852986812591553,0.9999583,10.083483,0.9998814,9.039404
1344,1,0,0.00042571937,-7.7613044,0.7389865517616272,0.9999908,11.604999,0.00042571937,-7.7613044
1345,1,0,7.4208274e-06,-11.811213,1.0,7.4208274e-06,-11.811213,0.8005223,1.3895621
1346,0,1,0.9997987,8.510588,0.664029061794281,0.9999391,9.706021,0.9997987,8.510718
1347,1,0,0.00033152694,-8.01147,0.7804341316223145,0.9999652,10.266481,0.00033152694,-8.01147
1348,1,0,0.00018100564,-8.616801,1.0,0.00018100564,-8.616801,0.98083246,3.9351816
1349,1,0,0.00019576894,-8.53838,0.6320965886116028,0.9999813,10.88925,0.00019576894,-8.53838
1350,0,0,0.00017708403,-8.638709,0.8198069930076599,0.00017708403,-8.638709,0.39275193,-0.43575913
1351,1,0,0.00025848803,-8.260403,0.573776364326477,0.9999646,10.250175,0.00025848803,-8.260403
1352,1,0,0.00023631845,-8.350094,0.6068991422653198,0.99974316,8.266806,0.00023631845,-8.350094
1353,0,0,0.0011926289,-6.730402,0.7328030467033386,0.0011926289,-6.730402,0.037527215,-3.2444394
1354,1,0,9.794162e-06,-11.533714,1.0,9.794162e-06,-11.533714,0.32258627,-0.74191165
1355,0,0,1.6293177e-05,-11.024748,0.7443304657936096,1.6293177e-05,-11.024748,0.023246882,-3.7380629
1356,0,0,2.4693594e-05,-10.608942,0.6831693649291992,2.4693594e-05,-10.608942,0.14704861,-1.7579393
1357,0,1,0.818298,1.5048585,1.0,0.9999411,9.740131,0.818298,1.5048581
1358,1,0,0.00013133789,-8.937606,1.0,0.00013133789,-8.937606,0.9128546,2.348999
1359,1,0,0.020965043,-3.843711,1.0,0.020965043,-3.843711,0.975273,3.6748207
1360,0,0,1.4332609e-05,-11.152959,0.7964690923690796,1.4332609e-05,-11.152959,0.014872861,-4.1932325
1361,0,1,0.70364726,0.8647268,0.6879333257675171,0.70364726,0.86472666,0.9654058,3.328862
1362,1,0,0.00020819572,-8.476824,0.7358434796333313,0.9999943,12.071978,0.00020819572,-8.476824
1363,0,1,0.8786296,1.9795166,1.0,0.9195234,2.4358895,0.8786296,1.9795165
1364,0,1,0.98751163,4.370391,0.7699885368347168,0.9981664,6.2996073,0.98751163,4.370392
1365,0,0,1.3689919e-05,-11.198837,0.8388299345970154,1.3689919e-05,-11.198837,0.5279738,0.112012245
1366,0,0,1.3650572e-05,-11.201715,0.7858942151069641,1.3650572e-05,-11.201715,0.032985896,-3.378133
1367,1,0,0.4494941,-0.20271492,1.0,0.99998474,11.092896,0.4494941,-0.20271492
1368,0,0,4.6794494e-06,-12.2723255,0.8149374723434448,4.6794494e-06,-12.2723255,0.5110086,0.044041626
1369,1,0,0.00026327194,-8.24206,0.739039421081543,0.996268,5.587055,0.00026327194,-8.24206
1370,0,0,0.00027102436,-8.213031,0.6376486420631409,0.00027102436,-8.213031,0.07045922,-2.5796566
1371,0,0,1.18439975e-05,-11.3436775,0.7380480170249939,1.18439975e-05,-11.3436775,0.021645343,-3.811082
1372,1,0,0.0002523462,-8.284456,0.7589903473854065,0.999985,11.108421,0.0002523462,-8.284456
1373,1,0,0.00021409054,-8.448897,0.6358428597450256,0.9999602,10.131222,0.00021409054,-8.448897
1374,1,0,1.0604841e-05,-11.454189,1.0,1.0604841e-05,-11.454189,0.90451795,2.2484643
1375,1,0,0.00027548522,-8.196701,1.0,0.00027548522,-8.196701,0.61355263,0.46227038
1376,0,1,0.9274264,2.5478122,1.0,0.999821,8.627808,0.9274264,2.5478127
1377,1,0,0.00025069082,-8.291039,0.6911309957504272,0.9999368,9.669871,0.00025069082,-8.291039
1378,0,0,0.0003152965,-8.061682,0.749030351638794,0.0003152965,-8.061682,0.2966858,-0.86313
1379,1,0,0.08323021,-2.399246,1.0,0.99999046,11.554716,0.08323021,-2.399246
1380,0,0,0.0013628963,-6.5967793,0.6602960228919983,0.0013628963,-6.5967793,0.04723047,-3.0043337
1381,0,0,1.4980995e-05,-11.108713,0.8388200402259827,1.4980995e-05,-11.108713,0.05092153,-2.9252057
1382,1,0,0.00022915729,-8.380873,0.7012743353843689,0.99994063,9.7317295,0.00022915729,-8.380873
1383,1,0,0.00022226054,-8.411438,0.536831796169281,0.9999882,11.348895,0.00022226054,-8.411438
1384,1,0,0.107165255,-2.1200294,1.0,0.9936372,5.0509076,0.107165255,-2.1200294
1385,1,0,0.00027505588,-8.198261,0.791191577911377,0.9999709,10.4438505,0.00027505588,-8.198261
1386,0,0,0.48831454,-0.04675041,0.7745028734207153,0.48831454,-0.046750396,0.6991184,0.84310305
1387,1,0,0.00021937554,-8.424506,0.6477296948432922,0.9997149,8.162344,0.00021937554,-8.424506
1388,0,0,0.00029781304,-8.118747,0.5825437307357788,0.00029781304,-8.118747,0.21273683,-1.3085067
1389,1,0,0.0001787876,-8.629133,0.5846589207649231,0.99998724,11.266553,0.0001787876,-8.629133
1390,1,0,7.9709636e-05,-9.43704,1.0,7.9709636e-05,-9.43704,0.96168137,3.222747
1391,1,0,0.00026988078,-8.21726,0.7494526505470276,0.99998033,10.833866,0.00026988078,-8.21726
1392,1,0,0.00018032745,-8.620556,0.6862506866455078,0.9992435,7.186044,0.00018032745,-8.620556
1393,0,1,0.99980956,8.566,0.7483069896697998,0.99980956,8.566164,0.9998128,8.582928
1394,0,1,0.9996202,7.875484,0.7852798700332642,0.999881,9.036296,0.9996202,7.8754573
1395,1,0,0.00018397112,-8.600548,0.5608213543891907,0.9998399,8.740031,0.00018397112,-8.600548
1396,0,1,0.99978024,8.422744,0.831346333026886,0.9999819,10.918261,0.99978024,8.422749
1397,0,0,3.9289644e-05,-10.14451,0.8272119760513306,3.9289644e-05,-10.14451,0.5418916,0.16795993
1398,0,0,0.001189178,-6.733303,0.7334050536155701,0.001189178,-6.733303,0.7404526,1.0483223
1399,0,1,0.99978894,8.463157,0.8421956896781921,0.9999536,9.979536,0.99978894,8.462996
1400,0,0,5.9612303e-06,-12.030228,0.7479329109191895,5.9612303e-06,-12.030228,0.024360249,-3.6901407
1401,1,0,0.0001828327,-8.606756,0.600364625453949,0.99975413,8.31049,0.0001828327,-8.606756
1402,1,0,0.00010541187,-9.15753,1.0,0.00010541187,-9.15753,0.954894,3.052585
1403,0,1,0.9850246,4.186256,0.7328169941902161,0.9850246,4.186253,0.98970944,4.566185
1404,1,0,0.00017043034,-8.677013,0.5720625519752502,0.9999765,10.6567,0.00017043034,-8.677013
1405,0,0,0.024051521,-3.7032115,0.5608152151107788,0.024051521,-3.7032115,0.80343556,1.4079068
1406,0,1,0.9998323,8.693003,0.5900254845619202,0.9999881,11.333415,0.9998323,8.692882
1407,1,0,0.00029353425,-8.133223,0.7598006725311279,0.9998951,9.162754,0.00029353425,-8.133223
1408,1,0,0.00041219272,-7.793607,0.8158770203590393,0.999992,11.730815,0.00041219272,-7.793607
1409,1,0,0.0002890123,-8.148752,0.7949667572975159,0.9515162,2.9768279,0.0002890123,-8.148752
1410,0,1,0.92945486,2.5783455,1.0,0.999982,10.928324,0.92945486,2.5783448
1411,0,0,9.428806e-06,-11.571732,0.7068611979484558,9.428806e-06,-11.571732,0.0052881264,-5.236989
1412,1,0,0.00018103655,-8.616631,0.7924684882164001,0.9949851,5.2903113,0.00018103655,-8.616631
1413,0,1,0.8237433,1.5419173,0.8104115128517151,0.8237433,1.5419174,0.986299,4.276491
1414,1,0,0.0022294056,-6.1037884,1.0,0.0022294056,-6.1037884,0.9118429,2.336347
1415,0,0,0.00044805754,-7.7101407,0.8331067562103271,0.00044805754,-7.7101407,0.36479512,-0.5546118
1416,1,0,0.00025278106,-8.282734,0.6900748014450073,0.9991911,7.1189823,0.00025278106,-8.282734
1417,0,0,1.08810245e-05,-11.428479,0.7000983357429504,1.08810245e-05,-11.428479,0.20891652,-1.3314688
1418,0,1,0.6630647,0.67698175,1.0,0.9999027,9.237419,0.6630647,0.6769816
1419,0,0,0.17635399,-1.5412476,0.7490692734718323,0.4721338,-0.11158049,0.17635399,-1.5412475
1420,0,1,0.8790898,1.9838387,1.0,0.9999856,11.150635,0.8790898,1.9838388
1421,0,0,0.00089900644,-7.013321,0.6464883089065552,0.00089900644,-7.013321,0.16558936,-1.6172147
1422,1,0,0.0004041936,-7.8132124,0.9250227808952332,0.9999827,10.968325,0.0004041936,-7.8132124
1423,0,0,1.3044394e-05,-11.247139,0.8160927891731262,1.3044394e-05,-11.247139,0.17552379,-1.5469737
1424,1,0,0.000339197,-7.9885902,0.7803595662117004,0.9999155,9.378641,0.000339197,-7.9885902
1425,1,0,0.0002449903,-8.314047,0.6916293501853943,0.9999614,10.160706,0.0002449903,-8.314047
1426,1,0,0.44527954,-0.21976207,1.0,0.8374758,1.6395651,0.44527954,-0.21976212
1427,0,0,7.1802465e-06,-11.84417,0.6236481070518494,7.1802465e-06,-11.84417,0.025504094,-3.6430814
1428,0,0,0.000415234,-7.786253,0.8190423846244812,0.000415234,-7.786253,0.023212353,-3.7395847
1429,0,0,6.803152e-05,-9.595471,0.7334508299827576,6.803152e-05,-9.595471,0.23709439,-1.168676
1430,1,0,0.19877844,-1.3939466,1.0,0.9999845,11.07104,0.19877844,-1.3939466
1431,1,0,3.1363066e-05,-10.369848,1.0,3.1363066e-05,-10.369848,0.6238024,0.5057193
1432,0,1,0.9998864,9.082657,0.7232464551925659,0.99989295,9.142527,0.9998864,9.082834
1433,1,0,0.0003268889,-8.025563,0.7845385670661926,0.9999703,10.423047,0.0003268889,-8.025563
1434,0,0,0.014617277,-4.210826,0.8315088152885437,0.014617277,-4.210826,0.077560574,-2.4759624
1435,1,0,0.00014252383,-8.855859,0.7608914375305176,0.999938,9.688621,0.00014252383,-8.855859
1436,0,0,0.000300179,-8.110831,0.6257702112197876,0.000300179,-8.110831,0.7197528,0.9432357
1437,0,1,0.8537431,1.7642655,1.0,0.99512863,5.319486,0.8537431,1.7642651
1438,1,0,0.00027302813,-8.205663,0.6474151611328125,0.99994993,9.902859,0.00027302813,-8.205663
1439,0,1,0.9988563,6.7723475,0.5015822052955627,0.9989182,6.828003,0.9988563,6.772332
1440,1,0,0.060311813,-2.74602,1.0,0.060311813,-2.74602,0.298591,-0.85401654
1441,1,0,0.23142767,-1.2002673,1.0,0.99987376,8.977416,0.23142767,-1.2002673
1442,1,0,0.028714,-3.5212362,1.0,0.028714,-3.5212362,0.75185335,1.1085215
1443,0,1,0.83111876,1.593577,1.0,0.9982735,6.359933,0.83111876,1.5935773
1444,0,0,6.538073e-05,-9.635218,0.8201216459274292,6.538073e-05,-9.635218,0.26785454,-1.0055351
1445,1,0,0.0002989555,-8.114917,0.680038332939148,0.99992,9.433578,0.0002989555,-8.114917
1446,1,0,0.0002576377,-8.263699,0.8267074227333069,0.9999604,10.1358795,0.0002576377,-8.263699
1447,1,0,0.00042537675,-7.7621098,0.7097166776657104,0.9999708,10.441931,0.00042537675,-7.7621098
1448,1,0,0.0002796089,-8.181839,0.8791458010673523,0.9981755,6.304645,0.0002796089,-8.181839
1449,1,0,0.00030999872,-8.078632,0.7407116293907166,0.99998045,10.841824,0.00030999872,-8.078632
1450,0,1,0.6590986,0.65927994,0.5477842688560486,0.6590986,0.6592799,0.9048354,2.252145
1451,1,0,0.00018305684,-8.605531,0.6411905288696289,0.9999906,11.569739,0.00018305684,-8.605531
1452,0,0,0.00010036292,-9.206617,0.8778349161148071,0.00010036292,-9.206617,0.044568095,-3.0651453
1453,0,1,0.989198,4.517166,0.7996385097503662,0.989198,4.5171676,0.9951938,5.3330374
1454,1,0,0.00022372672,-8.404861,0.64760822057724,0.9997236,8.193594,0.00022372672,-8.404861
1455,1,0,0.00016112199,-8.733188,0.6502995491027832,0.9996642,7.9985213,0.00016112199,-8.733188
1456,1,0,0.00025979997,-8.255339,0.6857792139053345,0.9995041,7.6086097,0.00025979997,-8.255339
1457,1,0,0.00029938619,-8.113477,0.2857944369316101,0.99998224,10.936735,0.00029938619,-8.113477
1458,0,0,1.911092e-05,-10.8652315,0.8907337784767151,1.911092e-05,-10.8652315,0.39177597,-0.43985325
1459,0,0,1.0147753e-05,-11.498248,0.7802333831787109,1.0147753e-05,-11.498248,0.6826589,0.7660179
1460,1,0,0.00020768281,-8.479291,0.6205854415893555,0.99998677,11.235519,0.00020768281,-8.479291
1461,0,0,0.00093240145,-6.9768143,0.7345254421234131,0.00093240145,-6.9768143,0.03755616,-3.2436383
1462,0,1,0.9998103,8.569763,0.6702610850334167,0.99998164,10.907753,0.9998103,8.569751
1463,0,1,0.98080164,3.9335456,1.0,0.9999856,11.14592,0.98080164,3.9335418
1464,0,0,5.847213e-06,-12.04954,0.8000013828277588,5.847213e-06,-12.04954,0.12808494,-1.9179983
1465,0,1,0.9958405,5.47819,0.6011387705802917,0.9958405,5.4781837,0.9983322,6.3945947
1466,0,1,0.721505,0.9519391,1.0,0.721505,0.95193905,0.8048779,1.4170649
1467,0,1,0.8829388,2.020559,1.0,0.9994815,7.5639815,0.8829388,2.0205588
1468,1,0,0.00026343265,-8.241449,0.6625326871871948,0.99998474,11.090347,0.00026343265,-8.241449
1469,1,0,0.00022071283,-8.418427,0.5698202252388,0.9999844,11.068912,0.00022071283,-8.418427
1470,1,0,0.0001696825,-8.681412,0.6192134022712708,0.9982717,6.358906,0.0001696825,-8.681412
1471,1,0,0.0002887768,-8.149568,0.7016838192939758,0.9991215,7.0364537,0.0002887768,-8.149568
1472,1,0,0.00028760167,-8.153646,0.6753816604614258,0.99985874,8.864897,0.00028760167,-8.153646
1473,0,0,1.8273875e-05,-10.91002,0.9019558429718018,1.8273875e-05,-10.91002,0.19798867,-1.398913
1474,0,1,0.5333809,0.13372262,1.0,0.999985,11.102415,0.5333809,0.13372272
1475,1,0,0.45331222,-0.18729673,1.0,0.9999602,10.132406,0.45331222,-0.18729681
1476,0,0,1.0727758e-05,-11.442665,0.6846232414245605,1.0727758e-05,-11.442665,0.04287584,-3.1056247
1477,0,0,7.338725e-06,-11.822338,0.7713425755500793,7.338725e-06,-11.822338,0.026491057,-3.6040998
1478,0,0,0.019805338,-3.9017997,0.7602028846740723,0.019805338,-3.9017997,0.2599379,-1.0462912
1479,1,0,0.00034527163,-7.970834,0.8974300622940063,0.9999757,10.622095,0.00034527163,-7.970834
1480,1,0,0.00021620325,-8.439075,0.6715460419654846,0.9978382,6.1346207,0.00021620325,-8.439075
1481,0,0,1.6741862e-05,-10.9975815,0.8060561418533325,1.6741862e-05,-10.9975815,0.012595322,-4.3617544
1482,1,0,0.00027137264,-8.211746,0.7614423632621765,0.9999467,9.840739,0.00027137264,-8.211746
1483,1,0,0.00022358044,-8.405516,0.6776528358459473,0.99147344,4.7560096,0.00022358044,-8.405516
1484,1,0,0.000250912,-8.290157,0.7927664518356323,0.9999784,10.746102,0.000250912,-8.290157
1485,1,0,0.0038645675,-5.5520334,1.0,0.0038645675,-5.5520334,0.44641483,-0.21516705
1486,1,0,0.00030207756,-8.104525,0.8414740562438965,0.999949,9.884102,0.00030207756,-8.104525
1487,1,0,0.0002292705,-8.380379,0.7536931037902832,0.9999852,11.125771,0.0002292705,-8.380379
1488,0,0,7.0967503e-06,-11.855866,0.8271523714065552,7.0967503e-06,-11.855866,0.012944053,-4.33409
1489,1,0,0.006796849,-4.984476,1.0,0.006796849,-4.984476,0.9639172,3.2851896
1490,0,0,5.1960487e-05,-9.864975,0.5374302268028259,5.1960487e-05,-9.864975,0.009477151,-4.649349
1491,0,0,0.00016012523,-8.739394,0.6829330325126648,0.00016012523,-8.739394,0.7455292,1.074908
1492,0,0,0.00012842043,-8.9600725,0.5870059728622437,0.00012842043,-8.9600725,0.218677,-1.2733929
1493,1,0,0.00025447475,-8.276054,0.7976627349853516,0.9987244,6.663125,0.00025447475,-8.276054
1494,0,0,0.013596416,-4.2842593,0.7592654228210449,0.013596416,-4.2842593,0.39394695,-0.43075126
1495,1,0,0.42692062,-0.2944261,1.0,0.99345523,5.022524,0.42692062,-0.29442614
1496,1,0,0.00016233361,-8.725695,0.587570071220398,0.99999154,11.676291,0.00016233361,-8.725695
1497,0,1,0.9862592,4.2735515,0.6482766270637512,0.9862592,4.273551,0.99552566,5.4049253
1498,1,0,0.0003694038,-7.9032507,0.8211473822593689,0.99999225,11.768229,0.0003694038,-7.9032507
1499,0,1,0.6549422,0.6408351,1.0,0.99997854,10.74788,0.6549422,0.6408351
1500,0,0,2.0117623e-05,-10.813894,0.5559380054473877,2.0117623e-05,-10.813894,0.014655665,-4.208164
1501,0,1,0.97968364,3.875803,0.6127949953079224,0.97968364,3.8758068,0.991305,4.736265
1502,1,0,0.00023244713,-8.366615,0.6326321959495544,0.9999628,10.199305,0.00023244713,-8.366615
1503,1,0,0.00017412726,-8.65555,0.5928878784179688,0.9999702,10.422911,0.00017412726,-8.65555
1504,0,0,0.00091324793,-6.9975896,0.707050085067749,0.00091324793,-6.9975896,0.026106775,-3.6191068
1505,1,0,0.026324794,-3.6105666,1.0,0.9998839,9.060803,0.026324794,-3.6105666
1506,0,1,0.9998859,9.078467,0.7661963105201721,0.99998474,11.093515,0.9998859,9.07846
1507,1,0,0.4124574,-0.35381582,1.0,0.9999633,10.211146,0.4124574,-0.35381597
1508,1,0,7.491692e-05,-9.499056,1.0,7.491692e-05,-9.499056,0.9344038,2.6563902
1509,1,0,0.00011174554,-9.0991745,1.0,0.00011174554,-9.0991745,0.7016362,0.85510135
1510,0,0,9.88017e-06,-11.524971,0.7169912457466125,9.88017e-06,-11.524971,0.0161242,-4.1111784
1511,1,0,0.24732433,-1.1129339,1.0,0.9999833,10.998098,0.24732433,-1.1129339
1512,0,0,9.043391e-06,-11.613467,0.8263936042785645,9.043391e-06,-11.613467,0.08139107,-2.423595
1513,1,0,0.00026536512,-8.2341385,0.778191089630127,0.99983644,8.718336,0.00026536512,-8.2341385
1514,0,0,2.1331276e-05,-10.755315,0.6400114297866821,2.1331276e-05,-10.755315,0.22051176,-1.2626865
1515,0,0,0.011383389,-4.4641514,0.5945731401443481,0.011383389,-4.4641514,0.024031479,-3.7040658
1516,1,0,0.00032375485,-8.0352,0.9362967014312744,0.99940133,7.420224,0.00032375485,-8.0352
1517,0,1,0.5394081,0.15795998,1.0,0.99997616,10.646213,0.5394081,0.15796009
1518,1,0,0.00030190594,-8.105093,0.7431965470314026,0.99994326,9.776212,0.00030190594,-8.105093
1519,1,0,2.1455913e-05,-10.749489,1.0,2.1455913e-05,-10.749489,0.9329709,2.6332467
1520,0,1,0.52093595,0.083792776,0.6901704668998718,0.52093595,0.08379286,0.8983047,2.1785283
1521,1,0,0.4907476,-0.037013896,1.0,0.99993896,9.703256,0.4907476,-0.037013635
1522,1,0,0.0002675504,-8.225935,0.7939043045043945,0.99997365,10.542259,0.0002675504,-8.225935
1523,1,0,0.0003016594,-8.10591,0.7634357213973999,0.99996614,10.293493,0.0003016594,-8.10591
1524,1,0,0.09373741,-2.2688317,1.0,0.99998724,11.273493,0.09373741,-2.2688317
1525,1,0,0.00017369795,-8.658019,0.6123451590538025,0.99997437,10.569456,0.00017369795,-8.658019
1526,0,0,8.404419e-05,-9.384084,0.6991025805473328,8.404419e-05,-9.384084,0.8432814,1.6828488
1527,0,1,0.92421746,2.5010796,1.0,0.99989355,9.148026,0.92421746,2.501079
1528,0,0,0.2382204,-1.1624609,1.0,0.2382204,-1.162461,0.84037626,1.66103
1529,1,0,0.00033896553,-7.989273,0.7500748038291931,0.99948263,7.5663657,0.00033896553,-7.989273
1530,1,0,0.35959285,-0.5771317,1.0,0.99660933,5.683326,0.35959285,-0.57713175
1531,1,0,0.00021002002,-8.468098,0.641560435295105,0.9999796,10.801701,0.00021002002,-8.468098
1532,0,0,6.9556863e-06,-11.875944,0.7647798657417297,6.9556863e-06,-11.875944,0.3282574,-0.7160771
1533,1,0,0.00021067463,-8.464985,0.6579534411430359,0.9999505,9.913394,0.00021067463,-8.464985
1534,0,0,1.5338492e-05,-11.08513,0.6868892312049866,1.5338492e-05,-11.08513,0.82033587,1.5186248
1535,0,1,0.99569905,5.4446087,0.5694249272346497,0.99569905,5.4445963,0.9963404,5.6067133
1536,1,1,0.93837374,2.7230604,0.731303334236145,0.96433604,3.2973,0.93837374,2.7230601
1537,0,1,0.9988098,6.7324553,0.7379239201545715,0.9988098,6.7324944,0.9989869,6.8937025
1538,1,0,0.000251743,-8.28685,0.6450085639953613,0.999426,7.462264,0.000251743,-8.28685
1539,0,0,0.00054817897,-7.5083604,0.664757251739502,0.00054817897,-7.5083604,0.11258183,-2.064636
1540,1,0,0.00018447648,-8.597804,0.7190998196601868,0.999959,10.102121,0.00018447648,-8.597804
1541,0,0,2.125442e-05,-10.7589245,0.640532374382019,2.125442e-05,-10.7589245,0.006604475,-5.0133815
1542,1,0,0.00020242241,-8.5049515,0.6001731157302856,0.99986565,8.915073,0.00020242241,-8.5049515
1543,1,0,1.4466567e-05,-11.143656,1.0,1.4466567e-05,-11.143656,0.9670671,3.3797948
1544,1,0,0.00022078246,-8.418112,0.7373937368392944,0.9998753,8.989382,0.00022078246,-8.418112
1545,1,0,0.00020379506,-8.498192,0.49950921535491943,0.99998105,10.871628,0.00020379506,-8.498192
1546,1,0,0.00021431176,-8.447865,0.5596678853034973,0.9999596,10.117558,0.00021431176,-8.447865
1547,0,1,0.97335386,3.5981035,0.9025250673294067,0.97335386,3.598104,0.99257785,4.895832
1548,0,1,0.99983263,8.695137,0.6205947995185852,0.99991953,9.42732,0.99983263,8.69557
1549,1,0,8.153491e-06,-11.717056,1.0,8.153491e-06,-11.717056,0.99121314,4.725669
1550,1,0,0.00026892786,-8.2207985,0.8758752346038818,0.9997862,8.450203,0.00026892786,-8.2207985
1551,1,0,0.24709138,-1.1141856,1.0,0.99935275,7.3421764,0.24709138,-1.1141856
1552,1,0,0.00018581018,-8.590599,0.613723874092102,0.99995315,9.969354,0.00018581018,-8.590599
1553,1,0,0.00018348533,-8.603192,0.6061747670173645,0.9999902,11.529892,0.00018348533,-8.603192
1554,0,1,0.9986909,6.637108,0.8314175009727478,0.9986909,6.637082,0.99881613,6.7377553
1555,0,0,1.8190987e-05,-10.914566,0.652182400226593,1.8190987e-05,-10.914566,0.94103,2.769947
1556,0,0,0.006141913,-5.086458,0.6058403253555298,0.006141913,-5.086458,0.02621706,-3.614778
1557,0,0,9.749617e-06,-11.538273,0.6398646831512451,9.749617e-06,-11.538273,0.009012977,-4.700036
1558,0,0,1.0013769e-05,-11.511539,0.5481175184249878,1.0013769e-05,-11.511539,0.03871297,-3.2120984
1559,0,0,8.41165e-06,-11.685884,0.7885841727256775,8.41165e-06,-11.685884,0.060751148,-2.7382944
1560,0,0,9.219407e-06,-11.594191,0.7653183341026306,9.219407e-06,-11.594191,0.075055234,-2.5115097
1561,0,0,8.628775e-06,-11.660399,0.7294213175773621,8.628775e-06,-11.660399,0.08139117,-2.4235935
1562,1,0,0.00016043853,-8.737439,0.7042607665061951,0.9999083,9.296857,0.00016043853,-8.737439
1563,1,1,0.98799497,4.4103518,0.5691068768501282,0.9955106,5.401529,0.98799497,4.4103527
1564,1,0,0.43461484,-0.26304698,0.6386270523071289,0.43461484,-0.26304698,0.5406429,0.16293119
1565,0,1,0.87227434,1.9212193,0.5877575874328613,0.87227434,1.9212186,0.9434556,2.8145232
1566,1,0,0.00111688,-6.7960987,1.0,0.00111688,-6.7960987,0.4678591,-0.12874106
1567,1,0,1.2075858e-05,-11.32429,1.0,1.2075858e-05,-11.32429,0.40274075,-0.39405823
1568,0,1,0.67867076,0.74766994,1.0,0.9945529,5.2071958,0.67867076,0.7476698
1569,0,0,0.0018452798,-6.2932773,0.6559001803398132,0.0018452798,-6.2932773,0.18197297,-1.5030372
1570,1,0,0.0011650604,-6.7538166,1.0,0.0011650604,-6.7538166,0.9685628,3.42782
1571,1,0,0.49328226,-0.026872564,1.0,0.9998727,8.968457,0.49328226,-0.02687253
1572,0,0,1.8515779e-05,-10.896869,0.731475830078125,1.8515779e-05,-10.896869,0.054303516,-2.8573327
1573,1,0,0.00016387779,-8.716226,0.6706831455230713,0.9999684,10.362494,0.00016387779,-8.716226
1574,1,0,0.0005100085,-7.580573,0.7814475893974304,0.99995804,10.07853,0.0005100085,-7.580573
1575,0,0,0.00038299154,-7.8671145,0.8319534063339233,0.00038299154,-7.8671145,0.40841448,-0.37052363
1576,0,0,1.0594692e-05,-11.455147,0.47723838686943054,1.0594692e-05,-11.455147,0.006782524,-4.9866004
1577,1,0,0.00025174324,-8.286849,0.6419705748558044,0.99998486,11.095863,0.00025174324,-8.286849
1578,1,0,0.1297719,-1.902977,1.0,0.9999808,10.862555,0.1297719,-1.902977
1579,0,1,0.8378528,1.6423377,1.0,0.9993562,7.3474092,0.8378528,1.6423378
1580,1,0,6.2817635e-05,-9.675212,1.0,6.2817635e-05,-9.675212,0.74509823,1.0726378
1581,1,0,0.33214805,-0.69848573,1.0,0.99996877,10.373184,0.33214805,-0.6984858
1582,0,0,1.5275504e-05,-11.089245,0.7137757539749146,1.5275504e-05,-11.089245,0.08454943,-2.38208
1583,0,0,1.1603059e-05,-11.36423,0.6422268152236938,1.1603059e-05,-11.36423,0.9372969,2.70459
1584,1,0,0.00027090372,-8.213476,0.6066726446151733,0.9915469,4.764737,0.00027090372,-8.213476
1585,0,0,1.3966208e-05,-11.178856,0.5726268887519836,1.3966208e-05,-11.178856,0.014391971,-4.2265882
1586,0,1,0.99749905,5.98858,0.8379547595977783,0.99749905,5.9886026,0.99865985,6.6136
1587,0,0,0.0019784388,-6.223467,0.7510780692100525,0.0019784388,-6.223467,0.09655295,-2.236126
1588,0,0,0.094087414,-2.2647185,0.7897026538848877,0.094087414,-2.2647185,0.23583889,-1.1756297
1589,1,0,0.00027420121,-8.201374,0.6624014973640442,0.99982053,8.624985,0.00027420121,-8.201374
1590,1,0,0.443925,-0.22524756,1.0,0.9999902,11.540798,0.443925,-0.2252476
1591,1,0,4.178117e-05,-10.083023,1.0,4.178117e-05,-10.083023,0.74033284,1.0476995
1592,0,1,0.78014493,1.2665112,1.0,0.78014493,1.2665112,0.854651,1.7715553
1593,0,1,0.98245865,4.0254974,0.7767843008041382,0.98245865,4.0254984,0.9966666,5.700439
1594,1,0,0.00017554611,-8.647433,0.6965240240097046,0.9999887,11.390106,0.00017554611,-8.647433
1595,1,0,0.00023773205,-8.344129,0.7490769028663635,0.99999106,11.621448,0.00023773205,-8.344129
1596,1,0,0.0003034142,-8.100108,0.8173142075538635,0.9999739,10.553236,0.0003034142,-8.100108
1597,1,0,0.0122593,-4.3891354,1.0,0.0122593,-4.3891354,0.91441864,2.3688211
1598,0,0,2.480942e-05,-10.604262,0.7705416679382324,2.480942e-05,-10.604262,0.1172151,-2.0190709
1599,0,1,0.9990495,6.9575553,0.6577962636947632,0.9995467,7.6986833,0.9990495,6.957512
1600,0,1,0.9998307,8.683804,0.48916006088256836,0.9999515,9.933869,0.9998307,8.683916
1601,0,1,0.8136579,1.4739556,1.0,0.9724501,3.5638177,0.8136579,1.4739561
1602,0,0,6.5428453e-06,-11.937132,0.699695885181427,6.5428453e-06,-11.937132,0.049199447,-2.961422
1603,0,0,9.336662e-06,-11.5815525,0.9073145389556885,9.336662e-06,-11.5815525,0.022795806,-3.758119
1604,0,0,6.0163557e-06,-12.021023,0.5955974459648132,6.0163557e-06,-12.021023,0.044746373,-3.0609665
1605,1,0,0.00021892252,-8.426574,0.6082854866981506,0.99961674,7.866375,0.00021892252,-8.426574
1606,1,0,0.00024937015,-8.296323,0.7204317450523376,0.99998426,11.058424,0.00024937015,-8.296323
1607,1,0,0.00022020772,-8.420719,0.6861588358879089,0.99997044,10.429938,0.00022020772,-8.420719
1608,0,0,7.442389e-05,-9.505659,0.8513725399971008,7.442389e-05,-9.505659,0.028936155,-3.5133004
1609,1,0,0.0002440801,-8.31777,0.512729287147522,0.99994886,9.880557,0.0002440801,-8.31777
1610,0,1,0.77400404,1.23106,1.0,0.9999757,10.622522,0.77400404,1.23106
1611,0,0,4.2810087e-05,-10.058694,0.640924334526062,4.2810087e-05,-10.058694,0.023476865,-3.727983
1612,0,1,0.82306844,1.5372764,1.0,0.9999497,9.897589,0.82306844,1.5372763
1613,1,0,0.00024872404,-8.298918,0.6229981184005737,0.4596953,-0.16156937,0.00024872404,-8.298918
1614,1,0,0.000119659155,-9.030744,0.5631772875785828,0.9992417,7.183637,0.000119659155,-9.030744
1615,0,0,5.8350133e-06,-12.051628,0.4636014401912689,5.8350133e-06,-12.051628,0.05232639,-2.8965094
1616,0,1,0.9998617,8.886071,0.6034011840820312,0.99994326,9.776531,0.9998617,8.886383
1617,1,0,0.00022808614,-8.385559,0.6144205331802368,0.99998355,11.017407,0.00022808614,-8.385559
1618,1,0,0.00033596548,-7.998166,0.7632631659507751,0.9999511,9.926792,0.00033596548,-7.998166
1619,1,0,0.00016757811,-8.693893,0.555516242980957,0.9991831,7.109214,0.00016757811,-8.693893
1620,0,0,6.307214e-06,-11.97381,0.7096539735794067,6.307214e-06,-11.97381,0.104079925,-2.152692
1621,1,0,0.00031005192,-8.078461,1.0,0.00031005192,-8.078461,0.38240582,-0.47934908
1622,1,0,0.00017007304,-8.679112,0.6564727425575256,0.99994385,9.788465,0.00017007304,-8.679112
1623,0,0,8.191883e-06,-11.712358,0.7022460103034973,8.191883e-06,-11.712358,0.023041332,-3.7471547
1624,1,0,0.00023715361,-8.346565,0.5964817404747009,0.999974,10.555864,0.00023715361,-8.346565
1625,0,0,0.0009908731,-6.9159327,0.5515466332435608,0.0009908731,-6.9159327,0.017870534,-4.00657
1626,0,0,3.5701094e-05,-10.2402935,0.6364400386810303,3.5701094e-05,-10.2402935,0.013781935,-4.270519
1627,0,0,9.3859584e-05,-9.273617,0.5610653758049011,9.3859584e-05,-9.273617,0.111758426,-2.072904
1628,1,0,0.00045748398,-7.689311,0.8188777565956116,0.9814891,3.9707117,0.00045748398,-7.689311
1629,0,1,0.869338,1.895118,0.7138679623603821,0.869338,1.8951175,0.8866232,2.0567036
1630,1,0,0.00018976718,-8.569523,0.6615110635757446,0.9999689,10.377317,0.00018976718,-8.569523
1631,1,0,0.00028466093,-8.163927,0.8398395776748657,0.9990177,6.924693,0.00028466093,-8.163927
1632,1,0,0.00013745512,-8.892076,0.5847365260124207,0.9955758,5.416237,0.00013745512,-8.892076
1633,1,0,0.00022104387,-8.416928,0.7071921229362488,0.99992275,9.46778,0.00022104387,-8.416928
1634,1,0,0.00014507181,-8.838137,0.649029552936554,0.9999733,10.532524,0.00014507181,-8.838137
1635,0,0,0.4817327,-0.07310169,0.5486652255058289,0.4817327,-0.07310167,0.9696474,3.4640532
1636,1,0,0.00022189973,-8.413063,0.6685031652450562,0.99996126,10.159857,0.00022189973,-8.413063
1637,1,0,0.00022573055,-8.395943,0.5466079711914062,0.9997644,8.353102,0.00022573055,-8.395943
1638,0,0,6.848633e-06,-11.891455,0.8013141751289368,6.848633e-06,-11.891455,0.006417833,-5.0422363
1639,1,0,0.000110356326,-9.111686,1.0,0.000110356326,-9.111686,0.8300404,1.5859132
1640,1,0,0.00020843207,-8.475689,0.6663051843643188,0.99991596,9.384346,0.00020843207,-8.475689
1641,0,1,0.96805453,3.4112582,1.0,0.999671,8.018946,0.96805453,3.4112597
1642,1,0,0.00016230173,-8.725891,0.6782750487327576,0.86595786,1.8656819,0.00016230173,-8.725891
1643,0,0,1.1821023e-05,-11.345619,0.6911675333976746,1.1821023e-05,-11.345619,0.0047869775,-5.3370576
1644,0,1,0.9263751,2.5322957,1.0,0.9999764,10.652298,0.9263751,2.532295
1645,0,1,0.99976903,8.373,0.5944111943244934,0.9999924,11.78245,0.99976903,8.373052
1646,1,0,0.0002058892,-8.487967,0.6878837943077087,0.999476,7.5534687,0.0002058892,-8.487967
1647,1,0,0.40048105,-0.40346116,1.0,0.9999887,11.386035,0.40048105,-0.4034612
1648,1,0,0.13555413,-1.8527176,1.0,0.9993299,7.30737,0.13555413,-1.8527175
1649,0,1,0.9479375,2.9018435,0.7161372900009155,0.9479375,2.901844,0.97818416,3.803059
1650,1,0,0.00026440242,-8.237774,0.7473223209381104,0.9999728,10.51296,0.00026440242,-8.237774
1651,1,0,0.00028991446,-8.145635,0.7181115746498108,0.9999844,11.069119,0.00028991446,-8.145635
1652,0,0,4.7626978e-05,-9.952064,0.6151084303855896,4.7626978e-05,-9.952064,0.010507626,-4.5450907
1653,1,1,0.59572256,0.3876737,1.0,0.59572256,0.38767374,0.6243551,0.50807494
1654,0,0,0.0024136307,-6.0242066,0.9283432364463806,0.0024136307,-6.0242066,0.022751521,-3.760109
1655,0,1,0.99963546,7.916504,0.7771490812301636,0.9998356,8.712982,0.99963546,7.9164023
1656,0,1,0.999647,7.9487495,0.7366659045219421,0.9999815,10.896574,0.999647,7.948744
1657,0,0,0.19928543,-1.3907664,0.6334717273712158,0.19928543,-1.3907664,0.9863201,4.278056
1658,0,1,0.9998642,8.904344,0.6710833311080933,0.9998642,8.904877,0.99986815,8.933792
1659,1,0,0.0002770725,-8.190954,0.6182411909103394,0.99995196,9.944283,0.0002770725,-8.190954
1660,0,0,0.0001071483,-9.14119,0.744880735874176,0.0001071483,-9.14119,0.025316583,-3.6506531
1661,1,0,0.059678566,-2.7572489,1.0,0.059678566,-2.7572489,0.7002148,0.84832096
1662,1,0,0.00024139363,-8.32884,0.6909191012382507,0.99998605,11.178213,0.00024139363,-8.32884
1663,0,0,1.3879546e-05,-11.185081,0.6937029361724854,1.3879546e-05,-11.185081,0.04659004,-3.0186582
1664,0,0,8.157718e-05,-9.413879,0.7789400815963745,8.157718e-05,-9.413879,0.15726663,-1.678708
1665,0,0,3.23528e-05,-10.338778,0.7760019302368164,3.23528e-05,-10.338778,0.15230852,-1.7166085
1666,1,0,0.26901603,-0.99962056,1.0,0.9953565,5.3676395,0.26901603,-0.9996206
1667,0,1,0.9460333,2.8639107,1.0,0.99997926,10.781092,0.9460333,2.8639116
1668,1,0,0.00023951964,-8.336636,0.7289508581161499,0.99976593,8.359634,0.00023951964,-8.336636
1669,0,1,0.62958866,0.5304526,1.0,0.9997974,8.50416,0.62958866,0.53045267
1670,0,1,0.99839157,6.4308863,0.7586949467658997,0.99839157,6.4308796,0.9985719,6.5499806
1671,1,0,4.51964e-05,-10.004448,1.0,4.51964e-05,-10.004448,0.6482252,0.6112468
1672,0,1,0.69182754,0.80867714,1.0,0.9996444,7.941356,0.69182754,0.80867696
1673,0,0,0.009861127,-4.609245,0.7088425755500793,0.009861127,-4.609245,0.2226061,-1.2505432
1674,1,0,0.00035354812,-7.9471374,0.7868595719337463,0.9999876,11.295471,0.00035354812,-7.9471374
1675,1,0,8.882984e-05,-9.328699,1.0,8.882984e-05,-9.328699,0.7909446,1.3306286
1676,0,0,1.4717943e-05,-11.126429,0.8014428615570068,1.4717943e-05,-11.126429,0.08797343,-2.3386343
1677,1,0,0.024826184,-3.670717,1.0,0.024826184,-3.6707168,0.08497105,-2.376645
1678,0,0,4.5026558e-05,-10.008213,0.8561248779296875,4.5026558e-05,-10.008213,0.23872876,-1.1596617
1679,0,1,0.9998468,8.783718,0.6875746250152588,0.99989235,9.137076,0.9998468,8.783736
1680,0,0,4.779321e-06,-12.251207,0.8615724444389343,4.779321e-06,-12.251207,0.026197378,-3.6155493
1681,1,0,0.00028301452,-8.169729,0.7418050169944763,0.99989796,9.189564,0.00028301452,-8.169729
1682,0,1,0.90445185,2.2476988,1.0,0.99998987,11.498362,0.90445185,2.2476985
1683,0,0,3.5036715e-05,-10.259079,0.7960796356201172,3.5036715e-05,-10.259079,0.016522814,-4.0863523
1684,1,0,0.18381046,-1.4907415,1.0,0.9999205,9.440194,0.18381046,-1.4907415
1685,1,0,0.00022840888,-8.384145,0.6508049964904785,0.9999918,11.70267,0.00022840888,-8.384145
1686,0,1,0.99095356,4.6962967,0.6004608869552612,0.99095356,4.696291,0.99649245,5.649333
1687,1,0,0.00026337488,-8.241669,0.7224965691566467,0.9999838,11.029988,0.00026337488,-8.241669
1688,1,0,0.0002440964,-8.317703,0.7838290333747864,0.9999522,9.947327,0.0002440964,-8.317703
1689,0,0,0.00028240753,-8.171877,0.8793080449104309,0.00028240753,-8.171877,0.58186054,0.33041582
1690,1,0,1.5531909e-05,-11.072598,1.0,1.5531909e-05,-11.072598,0.9145284,2.370225
1691,0,0,1.900746e-05,-10.87066,0.7165809273719788,1.900746e-05,-10.87066,0.008413431,-4.769477
1692,0,0,0.03293367,-3.3797715,1.0,0.03293367,-3.3797715,0.5428016,0.17162654
1693,1,0,0.00021472122,-8.445955,0.6152455806732178,0.99993896,9.704477,0.00021472122,-8.445955
1694,0,0,1.4569187e-05,-11.136587,0.6632806658744812,1.4569187e-05,-11.136587,0.013155869,-4.317644
1695,1,0,0.00023165152,-8.370045,0.6669625043869019,0.99997187,10.477645,0.00023165152,-8.370045
1696,0,0,1.739513e-05,-10.959303,0.6434735655784607,1.739513e-05,-10.959303,0.010823756,-4.515129
1697,1,0,0.009754262,-4.620249,1.0,0.009754262,-4.620249,0.31845844,-0.7608652
1698,1,0,1.5238489e-05,-11.091671,1.0,1.5238489e-05,-11.091671,0.9140418,2.364015
1699,1,0,0.00016680779,-8.698502,0.6926454901695251,0.99997306,10.521045,0.00016680779,-8.698502
1700,1,0,0.0006637897,-7.316881,1.0,0.0006637897,-7.316881,0.9639412,3.2858818
1701,0,1,0.99979657,8.499982,0.6121230721473694,0.99993324,9.613729,0.99979657,8.499744
1702,1,0,0.00018678041,-8.58539,0.572603702545166,0.99998426,11.058344,0.00018678041,-8.58539
1703,1,0,0.00039751027,-7.829892,0.7277630567550659,0.9999721,10.487497,0.00039751027,-7.829892
1704,0,0,1.2590173e-05,-11.282581,0.7935135960578918,1.2590173e-05,-11.282581,0.00622852,-5.0723686
1705,1,0,0.00027910073,-8.183659,0.5994970202445984,0.99998724,11.270102,0.00027910073,-8.183659
1706,1,0,0.00019017617,-8.567369,0.7188248038291931,0.99883026,6.7497582,0.00019017617,-8.567369
1707,1,0,0.00025309337,-8.281499,0.8171596527099609,0.9999896,11.476743,0.00025309337,-8.281499
1708,1,0,0.3658062,-0.55025095,1.0,0.9113103,2.3297396,0.3658062,-0.550251
1709,0,1,0.9086216,2.2969198,1.0,0.9997632,8.348242,0.9086216,2.2969198
1710,1,0,0.0018690765,-6.28044,1.0,0.0018690765,-6.28044,0.07981112,-2.444916
1711,0,0,0.0001237207,-8.99736,0.7087835073471069,0.0001237207,-8.99736,0.084184535,-2.3868036
1712,0,1,0.64028555,0.5766037,1.0,0.99990857,9.299896,0.64028555,0.576604
1713,0,0,8.416256e-06,-11.685337,0.6095309257507324,8.416256e-06,-11.685337,0.018495375,-3.971566
1714,1,0,0.0004067113,-7.807,0.6560344099998474,0.99998057,10.847584,0.0004067113,-7.807
1715,0,0,0.0012464735,-6.6861897,0.7177870273590088,0.0012464735,-6.6861897,0.035775784,-3.2940526
1716,0,1,0.91145885,2.331579,1.0,0.9999206,9.4412155,0.91145885,2.331579
1717,0,1,0.82805765,1.5719235,1.0,0.82805765,1.5719234,0.9708791,3.5067463
1718,0,1,0.88636464,2.0541337,1.0,0.9999809,10.869408,0.88636464,2.054134
1719,0,1,0.51940197,0.07764685,1.0,0.99997556,10.620412,0.51940197,0.07764684
1720,0,1,0.958726,3.1453724,0.7823047041893005,0.9712568,3.5201893,0.958726,3.1453717
1721,0,1,0.91038936,2.3183985,1.0,0.99917346,7.097517,0.91038936,2.318399
1722,0,0,1.3401749e-05,-11.220112,0.6170454621315002,1.3401749e-05,-11.220112,0.8275444,1.5683227
1723,1,0,0.4468943,-0.21322705,1.0,0.9999893,11.445217,0.4468943,-0.21322688
1724,1,0,0.00024026459,-8.333529,0.8334230780601501,0.9999467,9.839159,0.00024026459,-8.333529
1725,0,1,0.74806756,1.0883324,1.0,0.9729964,3.5844102,0.74806756,1.0883324
1726,0,0,0.00019250372,-8.5552025,0.7251644134521484,0.00019250372,-8.5552025,0.027375199,-3.570361
1727,0,0,2.9021989e-05,-10.447428,0.6926766037940979,2.9021989e-05,-10.447428,0.0040854244,-5.496236
1728,1,0,0.00014235296,-8.857059,0.6065318584442139,0.9999473,9.851819,0.00014235296,-8.857059
1729,1,0,0.00027108303,-8.212814,0.5929970145225525,0.9999794,10.791237,0.00027108303,-8.212814
1730,1,0,1.873757e-05,-10.884961,1.0,1.873757e-05,-10.884961,0.39545053,-0.4244579
1731,0,0,0.0018908664,-6.2688274,0.8413105607032776,0.0018908664,-6.2688274,0.10855713,-2.1055648
1732,1,0,0.00019563887,-8.539044,0.5241860151290894,0.9999813,10.884061,0.00019563887,-8.539044
1733,0,1,0.5974137,0.3947004,1.0,0.9601539,3.1820695,0.5974137,0.3947005
1734,0,0,4.5703437e-06,-12.2959175,0.6902908086776733,4.5703437e-06,-12.2959175,0.08393936,-2.389988
1735,1,0,0.4943505,-0.022598987,1.0,0.99999,11.517176,0.4943505,-0.0225989
1736,0,1,0.99980456,8.540043,0.6821227669715881,0.99995434,9.993441,0.99980456,8.539744
1737,0,0,0.0019523156,-6.236785,0.6465370655059814,0.0019523156,-6.236785,0.17905971,-1.5227311
1738,0,0,7.050474e-06,-11.862409,0.7857468724250793,7.050474e-06,-11.862409,0.015131717,-4.175715
1739,0,0,7.5461336e-05,-9.491815,0.6675359010696411,7.5461336e-05,-9.491815,0.14802514,-1.7501749
1740,1,0,0.00036119967,-7.9257183,0.7293478846549988,0.9995958,7.813279,0.00036119967,-7.9257183
1741,0,0,1.0478024e-05,-11.46622,0.5166336894035339,1.0478024e-05,-11.46622,0.025995675,-3.6234856
1742,0,0,0.14926945,-1.7403424,0.7030026912689209,0.14926945,-1.7403424,0.7003497,0.8489635
1743,1,0,0.0002274481,-8.388361,0.7616715431213379,0.9999876,11.301607,0.0002274481,-8.388361
1744,1,0,0.00026833927,-8.22299,0.8231488466262817,0.9999839,11.035532,0.00026833927,-8.22299
1745,1,0,0.00022604242,-8.394562,0.7429002523422241,0.9999871,11.264658,0.00022604242,-8.394562
1746,1,0,0.12775132,-1.920989,1.0,0.9919972,4.8199224,0.12775132,-1.9209889
1747,1,0,0.00020829261,-8.476358,0.6163545250892639,0.9999523,9.950343,0.00020829261,-8.476358
1748,1,0,0.00031928514,-8.049107,0.844603419303894,0.9999732,10.528353,0.00031928514,-8.049107
1749,1,0,0.00020519501,-8.491344,0.6437801718711853,0.99997187,10.4805355,0.00020519501,-8.491344
1750,1,0,2.8242666e-05,-10.474648,1.0,2.8242666e-05,-10.474648,0.93871015,2.7288933
1751,0,1,0.55644155,0.22673255,1.0,0.9999777,10.710585,0.55644155,0.22673266
1752,1,0,2.847028e-05,-10.466621,1.0,2.847028e-05,-10.466621,0.9810471,3.9466634
1753,1,0,0.00019201593,-8.55774,0.646584153175354,0.9999871,11.261261,0.00019201593,-8.55774
1754,1,0,0.011803377,-4.427496,1.0,0.011803377,-4.427496,0.77116805,1.2149184
1755,0,1,0.89992553,2.1963973,1.0,0.99991703,9.396777,0.89992553,2.1963973
1756,0,1,0.9997181,8.173781,0.7898532152175903,0.9999683,10.359442,0.9997181,8.173813
1757,0,1,0.96538323,3.328187,1.0,0.9999715,10.4651785,0.96538323,3.3281863
1758,1,0,0.061876502,-2.7187412,1.0,0.061876502,-2.7187412,0.9440796,2.8262808
1759,0,0,0.044841073,-3.0587533,0.5182874202728271,0.044841073,-3.0587533,0.7222469,0.95563453
1760,1,0,0.00030501257,-8.094852,0.7388435006141663,0.99998033,10.837715,0.00030501257,-8.094852
1761,1,0,0.35751355,-0.58617246,1.0,0.99993205,9.59738,0.35751355,-0.5861724
1762,0,0,0.005650271,-5.1703854,0.6023930311203003,0.005650271,-5.1703854,0.2292365,-1.2126274
1763,0,1,0.9021883,2.221779,1.0,0.99993,9.56764,0.9021883,2.221779
1764,0,1,0.99977463,8.397563,0.6149603724479675,0.99995184,9.941357,0.99977463,8.3976555
1765,0,1,0.8571643,1.7919347,1.0,0.99999046,11.565499,0.8571643,1.7919347
1766,0,0,1.49438965e-05,-11.111193,0.6371463537216187,1.49438965e-05,-11.111193,0.008678627,-4.7381754
1767,0,0,3.92248e-05,-10.146162,0.6229059100151062,3.92248e-05,-10.146162,0.07879655,-2.4588118
1768,1,0,0.0002158002,-8.440942,0.6612260937690735,0.9999838,11.028008,0.0002158002,-8.440942
1769,1,0,0.022642665,-3.7650163,1.0,0.022642665,-3.7650163,0.9797759,3.880446
1770,1,0,0.000709943,-7.2496157,1.0,0.000709943,-7.2496157,0.96293783,3.2573934
1771,0,0,0.011978015,-4.412632,0.7182419300079346,0.011978015,-4.412632,0.9666304,3.36617
1772,1,0,0.00015637999,-8.763065,0.6271384954452515,0.99998367,11.023675,0.00015637999,-8.763065
1773,0,1,0.9996643,7.9989767,0.7507741451263428,0.9999461,9.82882,0.9996643,7.9988236
1774,0,0,0.0015608402,-6.460969,0.6080645322799683,0.0015608402,-6.460969,0.83443826,1.617415
1775,1,0,0.0002557971,-8.27087,0.5933414697647095,0.9999759,10.633333,0.0002557971,-8.27087
1776,0,1,0.9983334,6.3952985,0.6250851154327393,0.99864906,6.6056013,0.9983334,6.39526
1777,1,0,0.00026808152,-8.223951,0.6993672251701355,0.9999825,10.95463,0.00026808152,-8.223951
1778,0,0,0.00044269548,-7.7221856,0.6801431775093079,0.00044269548,-7.7221856,0.012061085,-4.405637
1779,1,1,0.927863,2.554317,0.6120055317878723,0.927863,2.5543175,0.9666527,3.3668618
1780,1,0,0.00037665007,-7.883817,0.786239504814148,0.99998367,11.023305,0.00037665007,-7.883817
1781,1,0,0.26104182,-1.0405607,1.0,0.99988353,9.057394,0.26104182,-1.0405607
1782,1,0,0.00023177257,-8.369522,0.597508430480957,0.99993646,9.664676,0.00023177257,-8.369522
1783,0,0,0.0026239355,-5.9404526,0.6530405879020691,0.0026239355,-5.9404526,0.85658926,1.7872458
1784,1,0,0.00016966664,-8.681505,0.659724235534668,0.9999894,11.457626,0.00016966664,-8.681505
1785,1,0,0.00022674655,-8.391451,0.7671182751655579,0.83405346,1.6146321,0.00022674655,-8.391451
1786,1,0,0.007158585,-4.9322586,1.0,0.007158585,-4.9322586,0.8314772,1.5961326
1787,0,0,9.214783e-06,-11.594692,0.6206080913543701,9.214783e-06,-11.594692,0.03898142,-3.2049086
1788,1,0,0.00034612144,-7.9683747,0.7310789823532104,0.999982,10.9224,0.00034612144,-7.9683747
1789,0,0,6.193993e-06,-11.991924,0.8217871189117432,6.193993e-06,-11.991924,0.89049196,2.0957766
1790,1,0,0.00019257348,-8.55484,0.5200887322425842,0.9999566,10.045021,0.00019257348,-8.55484
1791,1,0,0.00027423678,-8.201244,0.7907527685165405,0.9999814,10.89488,0.00027423678,-8.201244
1792,0,0,9.7307944e-05,-9.237533,0.546450138092041,9.7307944e-05,-9.237533,0.021001862,-3.8419187
1793,1,0,0.32709867,-0.72133684,1.0,0.9999714,10.461561,0.32709867,-0.7213369
1794,1,0,0.00027213854,-8.208927,0.816753089427948,0.9999893,11.441246,0.00027213854,-8.208927
1795,1,0,0.00022124419,-8.416022,0.7174364924430847,0.999967,10.316899,0.00022124419,-8.416022
1796,1,0,0.0002795857,-8.181922,0.7446967363357544,0.9999578,10.072683,0.0002795857,-8.181922
1797,1,0,0.16517381,-1.6202252,1.0,0.996479,5.6454673,0.16517381,-1.6202252
1798,1,0,0.00019717506,-8.531221,0.6820815801620483,0.9933355,5.0042667,0.00019717506,-8.531221
1799,1,0,0.0002491066,-8.29738,0.7420009970664978,0.9804616,3.91564,0.0002491066,-8.29738
1800,1,0,0.00030945183,-8.080399,0.6904056072235107,0.9999243,9.488682,0.00030945183,-8.080399
1801,1,0,2.4331708e-05,-10.623706,1.0,2.4331708e-05,-10.623706,0.11666929,-2.0243564
1802,0,1,0.69211185,0.81001097,1.0,0.69211185,0.81001097,0.8246103,1.5479006
1803,0,0,1.2836555e-05,-11.263201,0.7823473215103149,1.2836555e-05,-11.263201,0.035051104,-3.315268
1804,1,0,5.898077e-06,-12.040878,1.0,5.898077e-06,-12.040878,0.20480788,-1.3565115
1805,1,0,4.7831756e-05,-9.947773,1.0,4.7831756e-05,-9.947773,0.9468011,2.8790517
1806,0,0,6.5026925e-06,-11.943288,0.7292490601539612,6.5026925e-06,-11.943288,0.008250365,-4.789213
1807,1,0,0.00024202114,-8.326243,0.9081680178642273,0.9999858,11.162793,0.00024202114,-8.326243
1808,0,1,0.99976987,8.37662,0.6434627175331116,0.99998593,11.171516,0.99976987,8.376373
1809,0,1,0.96310437,3.2620687,1.0,0.99997795,10.719751,0.96310437,3.2620668
1810,1,0,5.412596e-05,-9.824142,1.0,5.412596e-05,-9.824142,0.7240501,0.9646416
1811,1,0,0.00018695931,-8.584433,0.6490292549133301,0.9998529,8.824164,0.00018695931,-8.584433
1812,0,1,0.9709399,3.5088975,0.8142716884613037,0.9709399,3.5089,0.9880976,4.4190407
1813,0,0,0.016099134,-4.1127596,0.5650428533554077,0.016099134,-4.1127596,0.8143707,1.4786642
1814,1,0,0.00027421405,-8.201327,0.762830376625061,0.9999746,10.583171,0.00027421405,-8.201327
1815,1,0,3.2238633e-05,-10.342313,1.0,3.2238633e-05,-10.342313,0.060788833,-2.7376342
1816,1,0,0.00014335757,-8.850025,0.6025917530059814,0.99845207,6.469286,0.00014335757,-8.850025
1817,1,0,0.00030310833,-8.101117,0.7572687864303589,0.9916613,4.7784724,0.00030310833,-8.101117
1818,1,0,0.00035746818,-7.9361067,0.8147464990615845,0.9999919,11.726132,0.00035746818,-7.9361067
1819,1,0,0.049538188,-2.954204,1.0,0.049538188,-2.954204,0.9595263,3.1657887
1820,1,0,0.00035809883,-7.9343433,0.8163368105888367,0.9999633,10.212865,0.00035809883,-7.9343433
1821,1,0,0.00046117438,-7.681273,1.0,0.00046117438,-7.681273,0.8955416,2.1486402
1822,0,0,8.7803906e-05,-9.340317,0.6062530279159546,8.7803906e-05,-9.340317,0.48774529,-0.04902868
1823,0,1,0.9997646,8.354079,0.446044385433197,0.9999831,10.988707,0.9997646,8.35409
1824,0,1,0.96477515,3.3101432,0.7320480942726135,0.96477515,3.310143,0.99065405,4.6634283
1825,0,1,0.9903026,4.626155,1.0,0.9970176,5.8120604,0.9903026,4.6261587
1826,1,0,0.00015038933,-8.802133,0.743828535079956,0.9999796,10.802518,0.00015038933,-8.802133
1827,1,0,0.00019813623,-8.526358,0.7461462020874023,0.97141325,3.525809,0.00019813623,-8.526358
1828,1,0,0.00023698185,-8.34729,0.784795343875885,0.999982,10.925824,0.00023698185,-8.34729
1829,1,0,0.00020289911,-8.502599,0.5969914793968201,0.99996066,10.144576,0.00020289911,-8.502599
1830,0,1,0.99927944,7.2347603,0.6639108061790466,0.99927944,7.234703,0.9997267,8.204636
1831,1,0,0.2834314,-0.9275038,1.0,0.60429084,0.4233759,0.2834314,-0.92750376
1832,0,0,1.4636646e-05,-11.131968,0.7173303365707397,1.4636646e-05,-11.131968,0.33513996,-0.68502843
1833,1,0,0.00019402252,-8.547342,0.7181516885757446,0.9974942,5.986657,0.00019402252,-8.547342
1834,1,0,0.00022370453,-8.404961,0.7463247179985046,0.99995625,10.03814,0.00022370453,-8.404961
1835,1,0,7.992808e-06,-11.73696,1.0,7.992808e-06,-11.73696,0.08564843,-2.3679643
1836,1,0,0.0010064221,-6.9003468,1.0,0.0010064221,-6.9003468,0.6391488,0.5716715
1837,1,0,0.00017847505,-8.630883,0.8120969533920288,0.99997914,10.776738,0.00017847505,-8.630883
1838,0,0,2.9522951e-05,-10.430313,0.6397154927253723,2.9522951e-05,-10.430313,0.14008139,-1.814614
1839,1,1,0.89767724,2.1716785,0.8607355356216431,0.89767724,2.1716788,0.97764564,3.7781248
1840,0,0,8.861909e-06,-11.633739,0.6722998023033142,8.861909e-06,-11.633739,0.11806483,-2.0108848
1841,1,0,0.07594069,-2.4988236,1.0,0.9999714,10.460006,0.07594069,-2.4988236
1842,0,1,0.9848584,4.1750517,1.0,0.9995647,7.739088,0.9848584,4.1750484
1843,1,0,7.8307996e-05,-9.4547825,1.0,7.8307996e-05,-9.4547825,0.5713066,0.287184
1844,1,0,0.00016833769,-8.68937,0.5835015177726746,0.9997868,8.452997,0.00016833769,-8.68937
1845,0,1,0.5098105,0.03924704,1.0,0.9998673,8.927596,0.5098105,0.039247036
1846,0,0,1.3038698e-05,-11.247576,0.7727677822113037,1.3038698e-05,-11.247576,0.2489547,-1.1041951
1847,1,0,0.00013825423,-8.886278,1.0,0.00013825423,-8.886278,0.96430147,3.2962933
1848,0,1,0.9998487,8.796249,0.7101597785949707,0.99998736,11.281982,0.9998487,8.79632
1849,1,0,0.0002506454,-8.291221,0.6896951794624329,0.99996567,10.279346,0.0002506454,-8.291221
1850,0,1,0.9735004,3.6037674,1.0,0.9956905,5.4426174,0.9735004,3.6037679
1851,0,0,5.9097374e-06,-12.038903,0.6921724677085876,5.9097374e-06,-12.038903,0.013224987,-4.312334
1852,0,1,0.994786,5.251185,0.7132031917572021,0.994786,5.2511806,0.99899894,6.9057045
1853,1,0,0.00022411082,-8.403146,0.771845281124115,0.99998105,10.874725,0.00022411082,-8.403146
1854,0,0,0.00011555371,-9.0656595,0.6440504789352417,0.00011555371,-9.0656595,0.007563524,-4.876826
1855,1,0,0.00030148373,-8.106493,1.0,0.00030148373,-8.106493,0.77750313,1.2511747
1856,1,0,0.00026307773,-8.242798,0.8746472597122192,0.9999597,10.119896,0.00026307773,-8.242798
1857,0,1,0.9994481,7.501629,0.9727147817611694,0.999972,10.483891,0.9994481,7.501631
1858,1,0,0.0002925115,-8.136714,0.7419568300247192,0.99998844,11.3710985,0.0002925115,-8.136714
1859,0,1,0.9932111,4.985653,0.757874608039856,0.9932111,4.985654,0.99453163,5.203297
1860,1,1,0.9089375,2.3007305,1.0,0.9089375,2.300731,0.9777759,3.7841012
1861,1,0,0.00020199131,-8.507084,0.74165278673172,0.999471,7.544017,0.00020199131,-8.507084
1862,0,1,0.99983656,8.718926,0.5674074292182922,0.99999034,11.552555,0.99983656,8.719152
1863,1,0,0.00036661036,-7.9108443,0.8124995231628418,0.9998354,8.71194,0.00036661036,-7.9108443
1864,0,0,1.627895e-05,-11.025621,0.7260652780532837,1.627895e-05,-11.025621,0.075792804,-2.500933
1865,0,0,1.9422941e-05,-10.849036,0.6690829396247864,1.9422941e-05,-10.849036,0.40642458,-0.37876582
1866,0,1,0.6640858,0.6815556,1.0,0.6640858,0.6815556,0.9241525,2.5001528
1867,1,0,0.00022680362,-8.391199,0.6018462777137756,0.92431724,2.5025048,0.00022680362,-8.391199
1868,1,0,0.42601973,-0.29810935,1.0,0.9999732,10.527261,0.42601973,-0.29810935
1869,1,0,0.4733393,-0.10674399,1.0,0.99842167,6.4497786,0.4733393,-0.10674408
1870,0,0,1.1074351e-05,-11.410868,0.6362265348434448,1.1074351e-05,-11.410868,0.25073186,-1.0947129
1871,0,0,7.7575505e-06,-11.766836,0.6912361979484558,7.7575505e-06,-11.766836,0.013000211,-4.3297043
1872,1,0,0.00015416773,-8.777315,0.6373769640922546,0.99877805,6.7061033,0.00015416773,-8.777315
1873,1,0,0.000173955,-8.65654,0.5027253031730652,0.90389204,2.241238,0.000173955,-8.65654
1874,0,1,0.8694197,1.8958375,1.0,0.9985946,6.5660114,0.8694197,1.8958374
1875,0,0,7.602667e-05,-9.48435,0.6190230846405029,7.602667e-05,-9.48435,0.119217135,-1.9998646
1876,1,0,0.00024904343,-8.297634,0.7070267796516418,0.9999907,11.58122,0.00024904343,-8.297634
1877,1,0,0.00029917533,-8.1141815,0.6548527479171753,0.99983263,8.694981,0.00029917533,-8.1141815
1878,1,0,0.00019364327,-8.549299,0.6973415613174438,0.9999018,9.22881,0.00019364327,-8.549299
1879,1,0,0.04803811,-2.9865303,1.0,0.99998915,11.433605,0.04803811,-2.9865303
1880,0,1,0.9998197,8.620686,0.7785038948059082,0.9998851,9.071254,0.9998197,8.620575
1881,0,0,6.27593e-06,-11.978783,0.7476876974105835,6.27593e-06,-11.978783,0.0047809747,-5.3383183
1882,0,0,0.008420109,-4.7686768,0.49397578835487366,0.008420109,-4.7686768,0.021678818,-3.8095024
1883,1,0,0.00019172377,-8.559263,0.7512927055358887,0.9999881,11.333438,0.00019172377,-8.559263
1884,1,0,0.00022331478,-8.406705,0.7614568471908569,0.9999925,11.796451,0.00022331478,-8.406705
1885,0,1,0.91126144,2.3291354,0.5617683529853821,0.91126144,2.329135,0.9717506,3.5380266
1886,1,0,0.00020878731,-8.473986,0.5552484393119812,0.99997854,10.747125,0.00020878731,-8.473986
1887,1,0,0.0001760186,-8.644745,0.7133946418762207,0.99998367,11.021875,0.0001760186,-8.644745
1888,1,0,0.04411837,-3.075758,1.0,0.9991547,7.0749426,0.04411837,-3.0757577
1889,0,0,0.09154176,-2.2949536,0.5817722678184509,0.09154176,-2.2949536,0.1387371,-1.825819
1890,1,0,0.00018449531,-8.597702,0.7728108167648315,0.9999682,10.356837,0.00018449531,-8.597702
1891,1,0,0.00011687654,-9.0542755,0.6283250451087952,0.999987,11.252515,0.00011687654,-9.0542755
1892,1,0,0.0002096191,-8.470009,0.6954987645149231,0.99999106,11.6246605,0.0002096191,-8.470009
1893,0,0,8.776809e-06,-11.643389,0.6583158373832703,8.776809e-06,-11.643389,0.007642532,-4.8663545
1894,0,0,5.496739e-06,-12.11135,0.5870558023452759,5.496739e-06,-12.11135,0.7446018,1.0700257
1895,1,0,0.0003599123,-7.9292903,1.0,0.0003599123,-7.9292903,0.9586987,3.144684
1896,1,0,0.00037306582,-7.8933825,0.8747098445892334,0.999979,10.771042,0.00037306582,-7.8933825
1897,0,0,6.32514e-06,-11.970972,0.6297416687011719,6.32514e-06,-11.970972,0.012908535,-4.336874
1898,0,0,0.00011455655,-9.074327,0.7936345338821411,0.00011455655,-9.074327,0.2551049,-1.0715686
1899,0,0,1.03071125e-05,-11.482666,0.7499311566352844,1.03071125e-05,-11.482666,0.5808274,0.3261708
1900,0,0,0.0033824502,-5.6857667,0.5103542804718018,0.0033824502,-5.6857667,0.19230187,-1.435122
1901,0,0,2.1078442e-05,-10.767239,0.7457339763641357,2.1078442e-05,-10.767239,0.6996791,0.8457701
1902,0,1,0.9654616,3.330535,1.0,0.99989545,9.166328,0.9654616,3.3305357
1903,1,0,0.00015293434,-8.785349,0.445371150970459,0.99998033,10.83556,0.00015293434,-8.785349
1904,1,0,0.0002640817,-8.238988,0.6789873242378235,0.99775946,6.098819,0.0002640817,-8.238988
1905,1,0,0.0002952835,-8.127279,0.7487531900405884,0.99999404,12.031454,0.0002952835,-8.127279
1906,0,1,0.86083263,1.8222228,1.0,0.9999751,10.598373,0.86083263,1.8222226
1907,0,0,7.265023e-06,-11.832432,0.5307968854904175,7.265023e-06,-11.832432,0.015296813,-4.1646957
1908,1,0,0.00021899497,-8.426243,0.5830155611038208,0.4516154,-0.19414604,0.00021899497,-8.426243
1909,0,1,0.6224498,0.49995947,1.0,0.9998797,9.025928,0.6224498,0.49995956
1910,0,0,1.6375892e-05,-11.019684,0.6478590965270996,1.6375892e-05,-11.019684,0.25619793,-1.0658246
1911,1,0,0.0003591216,-7.9314904,0.8341591358184814,0.9999697,10.405017,0.0003591216,-7.9314904
1912,0,1,0.9997323,8.225434,0.760094940662384,0.9997472,8.282746,0.9997323,8.225523
1913,1,0,0.00029922696,-8.114009,0.782622754573822,0.99997306,10.521011,0.00029922696,-8.114009
1914,0,0,3.940165e-05,-10.141664,0.7699658274650574,3.940165e-05,-10.141664,0.05485195,-2.8467038
1915,0,0,1.5885696e-05,-11.050076,0.6616278290748596,1.5885696e-05,-11.050076,0.0035566674,-5.6353683
1916,0,0,4.3211105e-05,-10.04937,0.6271523833274841,4.3211105e-05,-10.04937,0.17190054,-1.5722172
1917,0,0,0.0825728,-2.407893,0.7591288685798645,0.124269515,-1.9526056,0.0825728,-2.407893
1918,0,1,0.99964345,7.9386654,0.8412572145462036,0.9999801,10.822699,0.99964345,7.9387903
1919,1,0,0.00030974403,-8.079454,0.7672988176345825,0.9999893,11.444384,0.00030974403,-8.079454
1920,1,0,0.00016307549,-8.721134,0.6921699047088623,0.9999894,11.453554,0.00016307549,-8.721134
1921,0,0,0.000504776,-7.590891,0.8039804100990295,0.000504776,-7.590891,0.04067954,-3.1604998
1922,0,0,1.1316079e-05,-11.389275,0.6185965538024902,1.1316079e-05,-11.389275,0.48183984,-0.072672725
1923,1,0,0.0002636804,-8.240509,0.7357109785079956,0.99941635,7.4456954,0.0002636804,-8.240509
1924,0,0,1.2779867e-05,-11.267627,0.8785196542739868,1.2779867e-05,-11.267627,0.030985754,-3.442752
1925,1,0,0.00022358725,-8.405485,0.7589048147201538,0.9998172,8.606945,0.00022358725,-8.405485
1926,1,0,3.186603e-05,-10.353938,1.0,3.186603e-05,-10.353938,0.956324,3.086296
1927,1,0,0.046990782,-3.009673,1.0,0.046990782,-3.009673,0.47197315,-0.112225085
1928,1,0,0.00019787342,-8.527685,0.6615242958068848,0.99833554,6.396554,0.00019787342,-8.527685
1929,0,1,0.8374733,1.6395469,1.0,0.99729306,5.9092207,0.8374733,1.6395466
1930,1,0,3.106516e-05,-10.379393,1.0,3.106516e-05,-10.379393,0.7325608,1.007654
1931,1,0,0.00027208767,-8.209114,0.6021789312362671,0.9999858,11.165436,0.00027208767,-8.209114
1932,1,0,0.0001939095,-8.547925,0.6853638887405396,0.9997937,8.486185,0.0001939095,-8.547925
1933,0,1,0.99710196,5.8408194,0.5351208448410034,0.9983918,6.431018,0.99710196,5.8408117
1934,0,0,6.4355877e-06,-11.953661,0.7647815942764282,6.4355877e-06,-11.953661,0.04918251,-2.9617841
1935,0,1,0.999648,7.951456,0.7375836968421936,0.9998116,8.576485,0.999648,7.951537
1936,1,0,0.0004149883,-7.786845,0.7662222385406494,0.9999889,11.4146385,0.0004149883,-7.786845
1937,0,0,0.00096957176,-6.937686,0.5653525590896606,0.00096957176,-6.937686,0.19964561,-1.3885107
1938,1,0,0.00017831396,-8.631786,0.6357980966567993,0.999977,10.680242,0.00017831396,-8.631786
1939,1,0,0.00017602298,-8.64472,0.6497786045074463,0.999915,9.373569,0.00017602298,-8.64472
1940,1,0,0.00025636304,-8.26866,0.8911615014076233,0.9999914,11.666729,0.00025636304,-8.26866
1941,0,0,0.0057002157,-5.161535,0.5768054127693176,0.0057002157,-5.161535,0.15233304,-1.7164187
1942,1,0,0.00040889237,-7.8016496,0.8335216045379639,0.9999907,11.587518,0.00040889237,-7.8016496
1943,1,0,0.0002871764,-8.155127,0.71290123462677,0.99998295,10.976524,0.0002871764,-8.155127
1944,1,0,0.1324376,-1.8795758,1.0,0.999982,10.925789,0.1324376,-1.8795758
1945,0,1,0.99959916,7.821544,0.8137189149856567,0.9998286,8.67115,0.99959916,7.8214064
1946,0,0,1.01556625e-05,-11.497469,0.779710054397583,1.01556625e-05,-11.497469,0.06651294,-2.6415305
1947,1,0,0.00026204935,-8.246716,0.6162363290786743,0.9999851,11.113223,0.00026204935,-8.246716
1948,0,0,1.5812708e-05,-11.054681,0.6489567756652832,1.5812708e-05,-11.054681,0.16763188,-1.6025043
1949,1,0,0.00044728283,-7.711872,0.8031383752822876,0.99996066,10.142132,0.00044728283,-7.711872
1950,1,0,0.00020738457,-8.480728,0.7299609184265137,0.9999887,11.389097,0.00020738457,-8.480728
1951,1,0,1.4528175e-05,-11.139406,1.0,1.4528175e-05,-11.139406,0.9310811,2.6034157
1952,0,0,1.9571336e-05,-10.841425,0.6692333221435547,1.9571336e-05,-10.841425,0.027845671,-3.552837
1953,0,0,0.04116848,-3.1480424,0.7849084138870239,0.13603464,-1.848623,0.04116848,-3.1480424
1954,0,0,1.0987962e-05,-11.418699,0.7308542132377625,1.0987962e-05,-11.418699,0.011229271,-4.4779387
1955,1,0,0.00017739348,-8.636963,0.6669249534606934,0.9973847,5.9437647,0.00017739348,-8.636963
1956,0,0,0.4465136,-0.21476738,0.7666204571723938,0.4465136,-0.2147674,0.9322015,2.6210089
1957,1,0,0.111976326,-2.070711,0.5658469796180725,0.111976326,-2.070711,0.9057488,2.2627985
1958,1,0,0.00024384142,-8.318748,0.7143124341964722,0.9999826,10.9555645,0.00024384142,-8.318748
1959,1,0,0.00020543483,-8.490176,0.5637352466583252,0.9999578,10.074022,0.00020543483,-8.490176
1960,0,1,0.87249476,1.9231992,1.0,0.9990482,6.9562025,0.87249476,1.9231994
1961,0,0,7.837146e-06,-11.756628,0.6238915920257568,7.837146e-06,-11.756628,0.18057321,-1.5124688
1962,1,0,0.00014505783,-8.838233,0.7150126099586487,0.9999919,11.719313,0.00014505783,-8.838233
1963,0,1,0.9996824,8.054483,0.8051837682723999,0.9996824,8.054472,0.99979275,8.481383
1964,1,0,0.15300572,-1.7112187,1.0,0.15300572,-1.7112186,0.25472853,-1.0735502
1965,1,0,0.00017351865,-8.659052,0.7407966256141663,0.9999865,11.211956,0.00017351865,-8.659052
1966,0,0,1.146247e-05,-11.376421,0.6748487949371338,1.146247e-05,-11.376421,0.03173405,-3.4181166
1967,1,0,0.00022523479,-8.398142,0.6671774387359619,0.99991465,9.369051,0.00022523479,-8.398142
1968,1,0,0.00024849767,-8.299829,0.7231569886207581,0.99996793,10.348028,0.00024849767,-8.299829
1969,1,0,0.00016781187,-8.692499,0.8064100742340088,0.999856,8.846005,0.00016781187,-8.692499
1970,1,0,9.357842e-06,-11.579287,1.0,9.357842e-06,-11.579287,0.74377716,1.0656937
1971,1,0,0.000141267,-8.8647175,1.0,0.000141267,-8.8647175,0.71720874,0.93065774
1972,1,0,0.000181249,-8.615458,0.5776447653770447,0.9999826,10.962033,0.000181249,-8.615458
1973,0,0,1.3280285e-05,-11.229217,0.7668991088867188,1.3280285e-05,-11.229217,0.22146915,-1.2571253
1974,0,0,6.825811e-06,-11.894793,0.7955299615859985,6.825811e-06,-11.894793,0.024114793,-3.7005196
1975,1,0,0.00029751335,-8.119754,0.8497626781463623,0.99994123,9.741844,0.00029751335,-8.119754
1976,0,1,0.78838855,1.3152392,1.0,0.9999877,11.303543,0.78838855,1.3152394
1977,0,1,0.9991906,7.118443,0.5726768970489502,0.9995833,7.782861,0.9991906,7.1183777
1978,1,0,0.00012072019,-9.0219145,1.0,0.00012072019,-9.0219145,0.9714181,3.5259836
1979,1,0,0.00015510227,-8.771271,0.6428573131561279,0.9999912,11.638531,0.00015510227,-8.771271
1980,1,0,0.00019239492,-8.555768,0.6446093320846558,0.9998572,8.853955,0.00019239492,-8.555768
1981,1,0,0.00027934698,-8.182776,0.7202189564704895,0.9999784,10.745318,0.00027934698,-8.182776
1982,0,1,0.76080054,1.1570735,1.0,0.9997297,8.21563,0.76080054,1.1570735
1983,0,0,9.203726e-06,-11.595893,0.7549692392349243,9.203726e-06,-11.595893,0.8443454,1.6909225
1984,1,0,0.00020499127,-8.492338,0.7032168507575989,0.99998343,11.004349,0.00020499127,-8.492338
1985,1,0,0.18853286,-1.4595716,1.0,0.9999845,11.075795,0.18853286,-1.4595716
1986,1,0,0.3709363,-0.52820224,1.0,0.99992394,9.484367,0.3709363,-0.5282021
1987,1,0,0.00016535593,-8.707245,0.7393231987953186,0.99998975,11.490687,0.00016535593,-8.707245
1988,0,0,0.0063216994,-5.0574255,0.7671753168106079,0.0063216994,-5.0574255,0.58094984,0.32667384
1989,0,0,1.9234392e-05,-10.858791,0.7573016285896301,1.9234392e-05,-10.858791,0.079001226,-2.4559953
1990,0,1,0.9998653,8.912277,0.7981452345848083,0.99996805,10.350524,0.9998653,8.912695
1991,1,0,0.000496808,-7.60681,1.0,0.000496808,-7.60681,0.97282684,3.5779757
1992,0,0,1.7592505e-05,-10.94802,0.7162652611732483,1.7592505e-05,-10.94802,0.50057656,0.002306208
1993,0,1,0.5272392,0.109064795,1.0,0.99997723,10.691934,0.5272392,0.10906473
1994,1,0,0.00019313656,-8.55192,0.712282121181488,0.5928422,0.37572744,0.00019313656,-8.55192
1995,0,0,1.6167123e-05,-11.032515,0.7027265429496765,1.6167123e-05,-11.032515,0.033585034,-3.3595128
1996,1,1,0.6662072,0.6910803,1.0,0.6662072,0.69108045,0.9507041,2.9593625
1997,0,0,1.61761e-05,-11.03196,0.7887102365493774,1.61761e-05,-11.03196,0.0059570125,-5.1172113
1998,0,0,0.22350216,-1.2453728,1.0,0.22350216,-1.2453728,0.57011414,0.28231692
1999,1,0,0.00021439228,-8.447489,0.7545092105865479,0.9990695,6.9788013,0.00021439228,-8.447489
2000,0,0,8.509425e-05,-9.371666,0.6792691349983215,8.509425e-05,-9.371666,0.02074048,-3.8547094
2001,0,1,0.5699048,0.2814628,1.0,0.999866,8.917494,0.5699048,0.28146273
2002,0,1,0.9997315,8.222321,0.7056660652160645,0.99998415,11.049349,0.9997315,8.222527
2003,1,0,0.00016133799,-8.731848,0.6669747233390808,0.9999696,10.401352,0.00016133799,-8.731848
2004,1,0,0.49519932,-0.019203288,1.0,0.9998807,9.033478,0.49519932,-0.01920329
2005,1,0,0.00023662692,-8.348789,0.7460637092590332,0.9999832,10.996217,0.00023662692,-8.348789
2006,1,0,0.0014308072,-6.5480847,1.0,0.0014308072,-6.5480847,0.92640567,2.5327444
2007,1,0,0.39251825,-0.43673903,1.0,0.39251825,-0.4367391,0.97097677,3.5102038
2008,1,0,0.00022685532,-8.390971,0.7248403429985046,0.99998724,11.272739,0.00022685532,-8.390971
2009,0,0,0.00016791544,-8.691882,0.769414484500885,0.00016791544,-8.691882,0.88894427,2.0800028
2010,1,0,0.0011630484,-6.755547,1.0,0.0011630484,-6.755547,0.7938822,1.3484871
2011,1,0,0.00034621995,-7.96809,0.880935549736023,0.9999883,11.353981,0.00034621995,-7.96809
2012,0,1,0.91974735,2.4389193,0.759238064289093,0.94088775,2.767386,0.91974735,2.4389186
2013,1,0,0.00032431306,-8.033477,0.7828863859176636,0.8624065,1.8354226,0.00032431306,-8.033477
2014,0,1,0.99977094,8.381294,0.45207202434539795,0.9999825,10.953931,0.99977094,8.38151
2015,0,1,0.7418858,1.055793,1.0,0.7418858,1.055793,0.9494079,2.9320412
2016,1,0,0.00016626072,-8.701787,0.780959963798523,0.99992263,9.467372,0.00016626072,-8.701787
2017,1,0,0.0002850202,-8.162665,0.7742645144462585,0.9999683,10.357044,0.0002850202,-8.162665
2018,0,0,9.5023664e-05,-9.26129,0.6569701433181763,9.5023664e-05,-9.26129,0.040938374,-3.1538875
2019,1,0,0.0003407865,-7.9839134,0.8375449776649475,0.9999175,9.402815,0.0003407865,-7.9839134
2020,1,0,0.00017809817,-8.6329975,0.7014519572257996,0.99995446,9.997644,0.00017809817,-8.6329975
2021,0,0,1.175231e-05,-11.351449,0.8075255155563354,1.175231e-05,-11.351449,0.44165263,-0.23445758
2022,1,0,0.00030116283,-8.107558,0.7186693549156189,0.9966197,5.686414,0.00030116283,-8.107558
2023,0,1,0.6328929,0.54464763,1.0,0.9984132,6.4444346,0.6328929,0.54464763
2024,0,0,1.677664e-05,-10.995506,0.8195491433143616,1.677664e-05,-10.995506,0.01201465,-4.409541
2025,0,0,0.0048750774,-5.3187323,0.7015071511268616,0.0048750774,-5.3187323,0.71443397,0.91701734
2026,0,0,0.07470538,-2.51656,0.7599506378173828,0.07470538,-2.51656,0.14220634,-1.7970843
2027,1,0,0.0002044182,-8.495138,0.6211563944816589,0.9999778,10.719267,0.0002044182,-8.495138
2028,0,0,5.5448872e-06,-12.102629,0.7317739725112915,5.5448872e-06,-12.102629,0.613819,0.46339384
2029,1,0,0.00028233428,-8.172136,0.7488867044448853,0.99997175,10.473677,0.00028233428,-8.172136
2030,1,0,0.0001907213,-8.564507,0.6082804799079895,0.99998033,10.838322,0.0001907213,-8.564507
2031,1,0,5.605909e-05,-9.789048,1.0,5.605909e-05,-9.789048,0.53023386,0.121083185
2032,0,0,0.0041178665,-5.4882936,0.6449242830276489,0.0041178665,-5.4882936,0.041455336,-3.1407995
2033,1,0,0.00013581004,-8.904118,0.5759789943695068,0.9999814,10.891466,0.00013581004,-8.904118
2034,0,1,0.67247176,0.71938586,1.0,0.9999317,9.590802,0.67247176,0.7193859
2035,0,0,1.0867844e-05,-11.429691,0.8531403541564941,1.0867844e-05,-11.429691,0.02343181,-3.7299502
2036,0,0,4.0857703e-05,-10.105374,0.6343357563018799,4.0857703e-05,-10.105374,0.021025771,-3.8407564
2037,0,0,8.365139e-06,-11.691429,0.5988258719444275,8.365139e-06,-11.691429,0.011692238,-4.437069
2038,1,0,0.0003270064,-8.025204,0.7051106095314026,0.9634411,3.2715862,0.0003270064,-8.025204
2039,1,0,0.00038277253,-7.8676867,0.8802849054336548,0.99997604,10.641163,0.00038277253,-7.8676867
2040,0,0,7.940173e-06,-11.743567,0.683219313621521,7.940173e-06,-11.743567,0.011921272,-4.417438
2041,0,1,0.98848826,4.4528093,1.0,0.9999839,11.036326,0.98848826,4.4528074
2042,1,0,0.2853378,-0.91813624,1.0,0.99998415,11.0533695,0.2853378,-0.9181361
2043,1,0,0.00017046496,-8.67681,0.6203049421310425,0.99997354,10.538741,0.00017046496,-8.67681
2044,0,1,0.5930422,0.376556,1.0,0.994972,5.287694,0.5930422,0.3765561
2045,0,0,1.3732257e-05,-11.195749,0.685938835144043,1.3732257e-05,-11.195749,0.29796293,-0.85701704
2046,0,0,8.275289e-06,-11.702229,0.702042818069458,8.275289e-06,-11.702229,0.10317527,-2.1624312
2047,1,0,0.00021700641,-8.435367,0.6959612965583801,0.99998724,11.268046,0.00021700641,-8.435367
2048,0,0,1.8364719e-05,-10.905061,0.6052013039588928,1.8364719e-05,-10.905061,0.023499608,-3.7269914
2049,1,0,0.2912979,-0.88908875,1.0,0.2912979,-0.88908875,0.98551404,4.2199845
2050,1,0,0.35127777,-0.61342734,1.0,0.99977285,8.389418,0.35127777,-0.61342734
2051,0,0,9.303286e-06,-11.585134,0.8119338750839233,9.303286e-06,-11.585134,0.006368339,-5.050028
2052,1,0,0.00022249737,-8.410373,0.6742963790893555,0.9999691,10.385962,0.00022249737,-8.410373
2053,0,0,0.0002917528,-8.139312,0.5145422220230103,0.0002917528,-8.139312,0.021789951,-3.8042755
2054,1,0,0.00021985799,-8.422309,0.6270924806594849,0.9998969,9.179611,0.00021985799,-8.422309
2055,0,0,4.1362764e-05,-10.093088,0.6789118647575378,4.1362764e-05,-10.093088,0.7637245,1.1732087
2056,0,0,5.870037e-05,-9.743006,0.7016212940216064,5.870037e-05,-9.743006,0.05778395,-2.7915235
2057,1,0,0.00021976681,-8.422724,0.5531280040740967,0.99123937,4.7286887,0.00021976681,-8.422724
2058,0,1,0.83400786,1.6143024,1.0,0.99620396,5.5699844,0.83400786,1.6143026
2059,1,0,0.00016551635,-8.706275,0.549902081489563,0.9999864,11.207971,0.00016551635,-8.706275
2060,1,0,0.00014105326,-8.866232,0.49898502230644226,0.99797374,6.199519,0.00014105326,-8.866232
2061,1,0,0.00019288718,-8.553212,0.68839430809021,0.9999888,11.397093,0.00019288718,-8.553212
2062,0,1,0.9093797,2.3060849,0.6181038618087769,0.93156606,2.610998,0.9093797,2.306085
2063,0,0,1.7626813e-05,-10.946072,0.6477144360542297,1.7626813e-05,-10.946072,0.19554758,-1.4143581
2064,0,0,0.21326795,-1.3053384,1.0,0.21326795,-1.3053385,0.8833318,2.0243666
2065,1,0,0.00022638407,-8.393051,0.7536590099334717,0.99999094,11.60801,0.00022638407,-8.393051
2066,0,1,0.8327751,1.6054242,1.0,0.99992895,9.55154,0.8327751,1.6054242
2067,1,0,0.31132892,-0.79391384,1.0,0.9983729,6.419324,0.31132892,-0.7939138
2068,0,0,0.08764079,-2.3427873,0.6603007912635803,0.08764079,-2.3427873,0.95024586,2.949628
2069,0,0,4.0516647e-05,-10.113757,0.6583871245384216,4.0516647e-05,-10.113757,0.7005373,0.8498577
2070,0,0,1.23903155e-05,-11.298583,0.7392616271972656,1.23903155e-05,-11.298583,0.53617865,0.14496803
2071,0,0,0.13501853,-1.857296,0.7224355340003967,0.13501853,-1.857296,0.60164225,0.41231257
2072,1,0,0.39451933,-0.4283545,1.0,0.39451933,-0.4283545,0.9837974,4.1062484
2073,1,0,0.00029763108,-8.119358,0.7308850884437561,0.9999747,10.583944,0.00029763108,-8.119358
2074,0,0,0.00036461995,-7.9162903,0.5796347856521606,0.00036461995,-7.9162903,0.02454186,-3.682527
2075,0,0,0.0016773575,-6.388857,0.5938452482223511,0.0016773575,-6.388857,0.5842556,0.34026796
2076,1,0,0.3758271,-0.50729823,1.0,0.3758271,-0.50729823,0.76971084,1.206679
2077,0,1,0.801038,1.3927946,0.5182178020477295,0.801038,1.3927946,0.8558619,1.781337
2078,1,0,0.00019052355,-8.565544,0.6202855110168457,0.9999454,9.815422,0.00019052355,-8.565544
2079,0,0,0.0030852007,-5.7780485,0.8567056059837341,0.0030852007,-5.7780485,0.5160899,0.06438202
2080,1,0,0.00021245825,-8.4565525,0.5879082083702087,0.9620614,3.2331114,0.00021245825,-8.4565525
2081,0,0,0.1315702,-1.8871461,1.0,0.1315702,-1.8871462,0.6080492,0.4391197
2082,1,0,0.00015370756,-8.780305,0.49984362721443176,0.9998671,8.925788,0.00015370756,-8.780305
2083,0,0,0.00021001081,-8.468142,0.5355432629585266,0.00021001081,-8.468142,0.009451983,-4.652034
2084,1,0,0.0001816554,-8.613217,0.5983729958534241,0.9999912,11.633039,0.0001816554,-8.613217
2085,1,0,0.0001524059,-8.788811,0.672873318195343,0.99319756,4.9836373,0.0001524059,-8.788811
2086,0,0,1.2060676e-05,-11.325548,0.5036782622337341,1.2060676e-05,-11.325548,0.015806401,-4.1314077
2087,1,0,0.24792548,-1.1097072,1.0,0.9999858,11.159842,0.24792548,-1.1097072
2088,1,0,0.00021964718,-8.423268,0.6451238393783569,0.999948,9.864048,0.00021964718,-8.423268
2089,0,0,0.23949179,-1.1554677,0.5858707427978516,0.23949179,-1.1554677,0.7563669,1.1328633
2090,1,0,0.00025677498,-8.267054,0.7462990283966064,0.9999461,9.828294,0.00025677498,-8.267054
2091,0,0,5.6452693e-05,-9.782051,0.7355425953865051,5.6452693e-05,-9.782051,0.43748292,-0.2513838
2092,0,0,1.9718946e-05,-10.833911,0.49533915519714355,1.9718946e-05,-10.833911,0.0072369627,-4.9212904
2093,0,0,1.6315318e-05,-11.02339,0.6543658375740051,1.6315318e-05,-11.02339,0.14110859,-1.8061128
2094,1,0,0.00029909835,-8.114439,0.7313740849494934,0.999992,11.7361965,0.00029909835,-8.114439
2095,0,0,1.5113445e-05,-11.099911,0.7002755403518677,1.5113445e-05,-11.099911,0.07047753,-2.579377
2096,1,0,0.4996293,-0.00148293,1.0,0.9999808,10.860664,0.4996293,-0.0014829189
2097,0,0,8.357278e-06,-11.692369,0.5540547966957092,8.357278e-06,-11.692369,0.013980588,-4.2560062
2098,0,0,2.9382567e-05,-10.43508,0.6050764918327332,2.9382567e-05,-10.43508,0.23016869,-1.2073591
2099,1,0,7.024709e-05,-9.563421,1.0,7.024709e-05,-9.563421,0.8293166,1.5807918
2100,1,0,0.12219855,-1.9717731,1.0,0.99959,7.798815,0.12219855,-1.9717731
2101,1,0,0.0026696331,-5.923141,1.0,0.0026696331,-5.923141,0.91945326,2.4349413
2102,1,0,0.00020141377,-8.509948,0.533050000667572,0.99994516,9.81131,0.00020141377,-8.509948
2103,0,0,6.8908043e-06,-11.885316,0.8047953248023987,6.8908043e-06,-11.885316,0.21342522,-1.3044014
2104,0,0,0.102714926,-2.1674163,0.8126900792121887,0.102714926,-2.167416,0.4160918,-0.33883786
2105,0,1,0.9663774,3.3583553,1.0,0.99769384,6.0698633,0.9663774,3.3583558
2106,0,0,9.3745446e-05,-9.274834,0.7361423373222351,9.3745446e-05,-9.274834,0.31233624,-0.78921974
2107,1,0,0.14280151,-1.7922139,1.0,0.14280151,-1.7922139,0.7888756,1.3181608
2108,0,0,1.8752604e-05,-10.884159,0.662528932094574,1.8752604e-05,-10.884159,0.0206078,-3.8612626
2109,0,0,1.7170254e-05,-10.972315,0.5827383995056152,1.7170254e-05,-10.972315,0.030167535,-3.470357
2110,0,0,0.00022531683,-8.397778,0.6167953610420227,0.00022531683,-8.397778,0.87603635,1.9554191
2111,1,0,0.00014892877,-8.811893,0.6846439242362976,0.9999907,11.590961,0.00014892877,-8.811893
2112,1,1,0.8593316,1.8097496,1.0,0.96382,3.2823982,0.8593316,1.8097497
2113,0,0,1.3247044e-05,-11.231723,0.7523717880249023,1.3247044e-05,-11.231723,0.021569055,-3.8146906
2114,0,1,0.99963605,7.9181414,0.7111945152282715,0.9998499,8.804267,0.99963605,7.9183197
2115,0,1,0.78951466,1.3220024,1.0,0.99998724,11.268782,0.78951466,1.3220022
2116,0,0,7.558145e-06,-11.792877,0.6660262942314148,7.558145e-06,-11.792877,0.21270196,-1.3087149
2117,0,1,0.89550257,2.1482227,1.0,0.99995303,9.96693,0.89550257,2.148223
2118,0,0,0.24449722,-1.1281796,0.7754344940185547,0.24449722,-1.1281796,0.8312881,1.5947838
2119,1,0,0.00020359152,-8.499191,0.7027866840362549,0.999956,10.030863,0.00020359152,-8.499191
2120,0,0,3.911379e-05,-10.148996,0.597049355506897,3.911379e-05,-10.148996,0.06525744,-2.661931
2121,1,0,0.00028048304,-8.178717,0.6654133200645447,0.9999877,11.303677,0.00028048304,-8.178717
2122,1,0,0.0002797673,-8.1812725,0.5261962413787842,0.9999845,11.078201,0.0002797673,-8.1812725
2123,0,0,1.3062346e-05,-11.245764,0.6586628556251526,1.3062346e-05,-11.245764,0.034230758,-3.3398004
2124,1,0,0.0005018483,-7.5967107,1.0,0.0005018483,-7.5967107,0.42984092,-0.2825002
2125,0,1,0.9391531,2.7366173,1.0,0.99996185,10.173465,0.9391531,2.736617
2126,0,1,0.62781405,0.5228504,1.0,0.9999715,10.467411,0.62781405,0.52285063
2127,1,0,0.00012223751,-9.009422,0.5764148235321045,0.99876225,6.6932435,0.00012223751,-9.009422
2128,1,0,0.0002291975,-8.380697,0.6608063578605652,0.9998623,8.890287,0.0002291975,-8.380697
2129,1,0,0.00022837425,-8.384296,0.8018755316734314,0.99663323,5.6904235,0.00022837425,-8.384296
2130,0,1,0.9998733,8.973408,0.6072179675102234,0.9999287,9.548553,0.9998733,8.973675
2131,0,0,0.006656166,-5.005533,0.8674086332321167,0.006656166,-5.005533,0.120157495,-1.9909396
2132,1,0,0.3627773,-0.56333005,1.0,0.99998367,11.021191,0.3627773,-0.5633302
2133,1,0,0.00016729106,-8.695608,0.721932590007782,0.9999026,9.236816,0.00016729106,-8.695608
2134,0,1,0.9934083,5.015334,0.6950857043266296,0.9934083,5.0153313,0.9951727,5.3286123
2135,1,0,0.00019048668,-8.565738,1.0,0.00019048668,-8.565738,0.8523107,1.75284
2136,1,0,0.00021960029,-8.423482,0.675674557685852,0.9999777,10.710995,0.00021960029,-8.423482
2137,1,0,0.00011150307,-9.101347,0.5787727236747742,0.99999034,11.547647,0.00011150307,-9.101347
2138,0,1,0.9960206,5.5226407,0.6152506470680237,0.9960206,5.522632,0.99631906,5.600909
2139,0,0,9.10564e-06,-11.606607,0.6937363743782043,9.10564e-06,-11.606607,0.0095885815,-4.6375475
2140,1,0,0.00029535303,-8.127044,0.8144875764846802,0.9999678,10.345805,0.00029535303,-8.127044
2141,0,0,0.0032985336,-5.7109733,0.6656872034072876,0.0032985336,-5.7109733,0.007173224,-4.930201
2142,1,0,0.0001689895,-8.685505,0.6003768444061279,0.99944514,7.4962487,0.0001689895,-8.685505
2143,1,0,0.0002690168,-8.220468,0.6768865585327148,0.99997103,10.450695,0.0002690168,-8.220468
2144,0,0,0.00018745786,-8.581769,0.6300475597381592,0.00018745786,-8.581769,0.2968412,-0.8623855
2145,0,1,0.99989283,9.140995,0.7700026035308838,0.99997234,10.495968,0.99989283,9.141638
2146,0,0,1.0158375e-05,-11.497202,0.6017248034477234,1.0158375e-05,-11.497202,0.021333681,-3.8259037
2147,0,1,0.99969316,8.088861,0.6198617219924927,0.9997261,8.202442,0.99969316,8.08888
2148,1,0,0.00016776932,-8.692753,0.6446351408958435,0.88603127,2.050828,0.00016776932,-8.692753
2149,0,1,0.9872569,4.3499393,1.0,0.9967411,5.7230964,0.9872569,4.3499327
2150,1,0,0.01912181,-3.9376187,1.0,0.01912181,-3.9376187,0.5610099,0.24526155
2151,0,1,0.8776814,1.9706542,1.0,0.99944156,7.4899063,0.8776814,1.9706538
2152,1,0,6.0344424e-05,-9.715382,1.0,6.0344424e-05,-9.715382,0.931034,2.6026828
2153,0,0,1.3019738e-05,-11.249031,0.7772043943405151,1.3019738e-05,-11.249031,0.010892993,-4.5086827
2154,0,0,1.282493e-05,-11.264107,0.749494731426239,1.282493e-05,-11.264107,0.010285325,-4.5666986
2155,0,0,4.844501e-05,-9.935033,0.486508846282959,4.844501e-05,-9.935033,0.0261368,-3.6179266
2156,0,0,3.6194462e-05,-10.226568,0.7364768981933594,3.6194462e-05,-10.226568,0.23549233,-1.1775537
2157,1,0,0.0001505858,-8.800827,0.5618730187416077,0.999992,11.731438,0.0001505858,-8.800827
2158,1,0,0.00029848504,-8.116492,0.8088587522506714,0.9999856,11.1441555,0.00029848504,-8.116492
2159,1,0,0.26092845,-1.0411484,1.0,0.26092845,-1.0411485,0.7065081,0.8784848
2160,0,0,1.2348098e-05,-11.301996,0.6627060770988464,1.2348098e-05,-11.301996,0.12243306,-1.9695888
2161,1,1,0.58937067,0.36136433,1.0,0.644812,0.5963116,0.58937067,0.3613643
2162,0,0,1.7837361e-05,-10.934197,0.639423131942749,1.7837361e-05,-10.934197,0.1256618,-1.939873
2163,1,0,0.00019579713,-8.538236,0.6977858543395996,0.9999844,11.063466,0.00019579713,-8.538236
2164,0,0,3.5479938e-05,-10.246508,0.7340902090072632,3.5479938e-05,-10.246508,0.13970809,-1.8177166
2165,1,0,0.11303108,-2.060147,1.0,0.11303108,-2.060147,0.7877634,1.311496
2166,1,0,0.00035292428,-7.948904,0.7001261711120605,0.9999621,10.179112,0.00035292428,-7.948904
2167,0,1,0.7170549,0.9298995,1.0,0.99995685,10.052002,0.7170549,0.92989963
2168,1,0,0.00019947068,-8.519644,0.6333966851234436,0.9992223,7.158362,0.00019947068,-8.519644
2169,1,0,0.00039971026,-7.824371,0.7046027779579163,0.99998474,11.089306,0.00039971026,-7.824371
2170,0,0,1.1203941e-05,-11.399234,0.81495600938797,1.1203941e-05,-11.399234,0.027180476,-3.5776997
2171,1,0,0.00038412013,-7.864171,0.8371638655662537,0.99993885,9.70266,0.00038412013,-7.864171
2172,0,0,1.9908239e-05,-10.824357,0.616861879825592,1.9908239e-05,-10.824357,0.5824905,0.33300573
2173,1,0,0.0007758936,-7.160719,1.0,0.0007758936,-7.160719,0.45100197,-0.19662318
2174,1,0,0.04583695,-3.035744,1.0,0.9999443,9.795398,0.04583695,-3.035744
2175,1,0,0.00029556884,-8.126313,0.6611053943634033,0.99998415,11.05076,0.00029556884,-8.126313
2176,0,1,0.9998217,8.631991,0.74470454454422,0.99998605,11.182692,0.9998217,8.631604
2177,0,0,0.0034685784,-5.660536,0.6036869883537292,0.0034685784,-5.660536,0.20202321,-1.3736969
2178,1,0,0.00027045465,-8.215136,0.6956244111061096,0.99997795,10.722674,0.00027045465,-8.215136
2179,0,0,5.4283413e-05,-9.821238,0.627460777759552,5.4283413e-05,-9.821238,0.34324852,-0.648851
2180,1,0,0.00026330308,-8.241941,0.675341784954071,0.99995756,10.066479,0.00026330308,-8.241941
2181,1,0,0.00028179807,-8.174038,0.706008791923523,0.99950826,7.6172,0.00028179807,-8.174038
2182,1,0,0.00025115995,-8.289169,0.7496431469917297,0.99994946,9.892599,0.00025115995,-8.289169
2183,0,0,0.0024065387,-6.0271564,0.5813730359077454,0.0024065387,-6.0271564,0.06542172,-2.659241
2184,0,0,0.00031413624,-8.06537,0.5987492799758911,0.00031413624,-8.06537,0.005913547,-5.1245785
2185,0,0,5.0450267e-06,-12.197103,0.6671984791755676,5.0450267e-06,-12.197103,0.7582993,1.1433781
2186,0,0,5.9349436e-06,-12.034647,0.7900748252868652,5.9349436e-06,-12.034647,0.020036494,-3.88996
2187,1,0,0.0002207648,-8.418192,0.7465975284576416,0.9999546,10.00032,0.0002207648,-8.418192
2188,0,0,0.012953713,-4.3333344,0.7765038013458252,0.012953713,-4.3333344,0.081213556,-2.4259715
2189,1,0,0.00022403924,-8.403465,0.5941444635391235,0.99983644,8.718014,0.00022403924,-8.403465
2190,1,0,0.0001855234,-8.592144,0.5769829750061035,0.9500496,2.9454837,0.0001855234,-8.592144
2191,0,0,2.2119191e-05,-10.719043,0.7424226999282837,2.2119191e-05,-10.719043,0.14909995,-1.7416778
2192,0,0,3.7475027e-06,-12.494417,0.8238935470581055,3.7475027e-06,-12.494417,0.04335073,-3.0941133
2193,0,0,3.5927125e-05,-10.233982,0.6530930995941162,3.5927125e-05,-10.233982,0.13385597,-1.8672868
2194,1,0,0.4094538,-0.36622378,1.0,0.4094538,-0.36622357,0.9685981,3.4289823
2195,0,1,0.99962103,7.877684,0.6851648688316345,0.99997234,10.496294,0.99962103,7.8777137
2196,1,0,0.00035450378,-7.944437,1.0,0.00035450378,-7.944437,0.9437749,2.8205247
2197,0,1,0.97358537,3.6070673,1.0,0.99990773,9.291044,0.97358537,3.607067
2198,0,1,0.98854095,4.45745,1.0,0.9998908,9.122305,0.98854095,4.457445
2199,1,0,0.0002413858,-8.328873,0.6388100385665894,0.96784514,3.4045074,0.0002413858,-8.328873
2200,0,0,0.015908735,-4.1248503,0.7187432646751404,0.015908735,-4.1248503,0.033297017,-3.3684235
2201,0,0,1.5338535e-05,-11.085127,0.6932922005653381,1.5338535e-05,-11.085127,0.14540645,-1.7710929
2202,1,0,0.00021743742,-8.433382,0.7324243783950806,0.9485367,2.914051,0.00021743742,-8.433382
2203,0,1,0.9952305,5.340732,0.7598219513893127,0.9952305,5.3407316,0.99661994,5.686483
2204,1,0,0.00020668498,-8.484108,0.580992579460144,0.9999298,9.563721,0.00020668498,-8.484108
2205,0,0,1.797037e-05,-10.926768,0.6334879994392395,1.797037e-05,-10.926768,0.2471553,-1.1138421
2206,0,0,0.00045717796,-7.6899805,0.6536467671394348,0.00045717796,-7.6899805,0.115137324,-2.0393069
2207,0,1,0.7263355,0.97610927,1.0,0.99997175,10.475294,0.7263355,0.9761094
2208,1,0,0.00020264777,-8.503839,0.6749070882797241,0.99994826,9.869505,0.00020264777,-8.503839
2209,1,0,0.00025351337,-8.27984,0.6478248238563538,0.9999865,11.2125435,0.00025351337,-8.27984
2210,1,0,0.00020693877,-8.482881,0.7519671320915222,0.9999765,10.657677,0.00020693877,-8.482881
2211,0,0,0.00016700577,-8.697315,0.610501766204834,0.00016700577,-8.697315,0.21996453,-1.2658731
2212,0,1,0.9324059,2.6242473,0.6420751810073853,0.9324059,2.6242476,0.9857767,4.2385507
2213,1,0,0.00042803213,-7.755884,0.7462078332901001,0.9999778,10.714076,0.00042803213,-7.755884
2214,1,0,0.00020573023,-8.488739,0.651047945022583,0.99997663,10.6657295,0.00020573023,-8.488739
2215,1,0,0.00031272823,-8.069863,0.7230891585350037,0.99998033,10.834126,0.00031272823,-8.069863
2216,0,1,0.9992499,7.194521,0.7999750971794128,0.9992499,7.194544,0.9995241,7.649937
2217,0,1,0.99955064,7.707238,0.8313583731651306,0.9999838,11.028433,0.99955064,7.7072554
2218,1,0,0.0002637996,-8.240057,0.6011173129081726,0.9999753,10.611204,0.0002637996,-8.240057
2219,0,0,0.004824893,-5.32913,0.63920658826828,0.004824893,-5.32913,0.028799953,-3.5181587
2220,0,1,0.87445,1.9408913,1.0,0.9999896,11.481804,0.87445,1.9408917
2221,1,0,0.00017914305,-8.627147,0.6662590503692627,0.9999862,11.189451,0.00017914305,-8.627147
2222,0,0,0.3077837,-0.8105012,0.5883142948150635,0.3077837,-0.8105011,0.7438491,1.0660715
2223,1,0,0.00019710664,-8.531569,0.7475782632827759,0.99998677,11.229804,0.00019710664,-8.531569
2224,1,0,0.3707689,-0.5289197,1.0,0.508737,0.034951895,0.3707689,-0.5289197
2225,0,0,7.082631e-05,-9.555209,0.9281994700431824,7.082631e-05,-9.555209,0.63639385,0.55974644
2226,1,0,0.00023527844,-8.354506,0.7575073838233948,0.988278,4.434492,0.00023527844,-8.354506
2227,1,0,0.34344333,-0.64798695,1.0,0.34344333,-0.6479869,0.9274499,2.5481613
2228,0,0,0.0019191662,-6.2539434,0.5608710646629333,0.0019191662,-6.2539434,0.037875045,-3.2348518
2229,1,0,0.000266343,-8.230459,0.5834751725196838,0.9999572,10.060282,0.000266343,-8.230459
2230,0,0,1.0857381e-05,-11.430655,0.746542751789093,1.0857381e-05,-11.430655,0.008329245,-4.7796183
2231,1,0,0.0002326143,-8.365896,0.6807419657707214,0.9999528,9.9603615,0.0002326143,-8.365896
2232,1,0,0.4298596,-0.28242394,1.0,0.9999832,10.992277,0.4298596,-0.28242397
2233,0,1,0.8957895,2.1512926,1.0,0.8957895,2.1512928,0.96625614,3.354631
2234,0,1,0.9998093,8.564748,0.8368881940841675,0.99996996,10.413092,0.9998093,8.564728
2235,1,0,0.00020824396,-8.476592,0.6261073350906372,0.99924785,7.1919203,0.00020824396,-8.476592
2236,0,0,1.3827531e-05,-11.188835,0.8173748850822449,1.3827531e-05,-11.188835,0.20369472,-1.3633603
2237,0,0,5.653441e-06,-12.0832405,0.6892856359481812,5.653441e-06,-12.0832405,0.3957476,-0.42321524
2238,0,0,7.303101e-05,-9.524553,0.7206783890724182,7.303101e-05,-9.524553,0.07745208,-2.47748
2239,1,0,0.00033767763,-7.993081,0.7851815819740295,0.9999912,11.631655,0.00033767763,-7.993081
2240,1,0,0.00019154159,-8.560214,0.5945784449577332,0.99998677,11.235575,0.00019154159,-8.560214
2241,0,0,0.0003008222,-8.10869,0.5785768032073975,0.0003008222,-8.10869,0.15611194,-1.6874466
2242,1,0,0.0002914148,-8.140471,0.7017677426338196,0.9999887,11.3874,0.0002914148,-8.140471
2243,0,1,0.71982694,0.9436033,1.0,0.99993896,9.703613,0.71982694,0.94360316
2244,1,0,1.009352e-05,-11.503607,1.0,1.009352e-05,-11.503607,0.7897758,1.3235745
2245,0,0,9.684157e-06,-11.54501,0.5599908232688904,9.684157e-06,-11.54501,0.026558826,-3.6014752
2246,1,0,0.021615349,-3.8124993,1.0,0.021615349,-3.8124993,0.83268285,1.6047618
2247,1,0,1.6920703e-05,-10.986956,1.0,1.6920703e-05,-10.986956,0.9614448,3.2163455
2248,0,1,0.916843,2.4002059,1.0,0.999977,10.678504,0.916843,2.4002054
2249,0,1,0.7344616,1.0173783,1.0,0.9999869,11.23788,0.7344616,1.0173783
2250,1,0,0.00023099911,-8.372866,0.841539740562439,0.9999664,10.299625,0.00023099911,-8.372866
2251,0,1,0.5377275,0.15119728,1.0,0.9999291,9.553688,0.5377275,0.1511974
2252,0,0,2.3075349e-05,-10.676723,0.5761474967002869,2.3075349e-05,-10.676723,0.008700458,-4.735641
2253,0,0,0.00051221857,-7.5762467,0.6313027739524841,0.00051221857,-7.5762467,0.043898232,-3.0809903
2254,1,0,0.00034303725,-7.9773283,0.7522679567337036,0.99999106,11.62307,0.00034303725,-7.9773283
2255,1,0,0.00032435637,-8.033343,0.7037227749824524,0.99993575,9.652516,0.00032435637,-8.033343
2256,1,0,0.00030079868,-8.108768,0.7176604270935059,0.9999896,11.47159,0.00030079868,-8.108768
2257,1,0,2.2219341e-05,-10.714525,1.0,2.2219341e-05,-10.714525,0.7169683,0.9294727
2258,0,0,0.0014750402,-6.517594,0.7096006274223328,0.0014750402,-6.517594,0.22002399,-1.2655267
2259,0,0,0.00021168747,-8.460188,0.7403368353843689,0.00021168747,-8.460188,0.020905228,-3.8466291
2260,0,0,2.6574166e-05,-10.535544,0.693070650100708,2.6574166e-05,-10.535544,0.0195023,-3.917528
2261,0,0,7.4059215e-05,-9.5105715,0.8100813031196594,7.4059215e-05,-9.5105715,0.17362557,-1.5601468
2262,1,0,0.0002686654,-8.221775,1.0,0.0002686654,-8.221775,0.9352355,2.670041
2263,1,0,0.044993665,-3.0551963,1.0,0.9999844,11.064574,0.044993665,-3.0551963
2264,1,0,0.00027498743,-8.19851,0.8229953050613403,0.9998504,8.807865,0.00027498743,-8.19851
2265,0,0,0.0031286073,-5.764034,0.5879349112510681,0.0031286073,-5.764034,0.013015012,-4.3285513
2266,0,1,0.6676791,0.6977064,1.0,0.9998041,8.537241,0.6676791,0.6977067
2267,0,0,0.16010937,-1.6574144,0.719712495803833,0.16010937,-1.6574146,0.16727787,-1.6050436
2268,0,0,0.34275135,-0.6510571,0.5749356150627136,0.34275135,-0.651057,0.67361367,0.72457504
2269,0,0,3.5818477e-05,-10.237011,0.5791518092155457,3.5818477e-05,-10.237011,0.12806568,-1.9181709
2270,0,1,0.99935704,7.348792,0.6518399119377136,0.99935704,7.348833,0.9994281,7.46602
2271,0,0,9.012849e-05,-9.314184,0.757614254951477,9.012849e-05,-9.314184,0.03638519,-3.2765298
2272,0,1,0.99301916,4.957581,0.6564110517501831,0.99301916,4.9575872,0.9940083,5.1113706
2273,1,0,1.0361475e-05,-11.477406,1.0,1.0361475e-05,-11.477406,0.70514154,0.87190306
2274,1,0,1.0234347e-05,-11.489751,1.0,1.0234347e-05,-11.489751,0.98104733,3.946674
2275,1,0,0.00022995968,-8.377377,0.7619991302490234,0.9988908,6.8029537,0.00022995968,-8.377377
2276,0,0,8.762658e-05,-9.342339,0.8326977491378784,8.762658e-05,-9.342339,0.020875365,-3.8480892
2277,1,0,0.00016610623,-8.702717,0.5613918900489807,0.99750704,5.9917555,0.00016610623,-8.702717
2278,0,0,3.0977237e-05,-10.382227,0.8449991345405579,3.0977237e-05,-10.382227,0.025331851,-3.6500344
2279,0,0,7.94092e-05,-9.440817,0.8110219240188599,7.94092e-05,-9.440817,0.7062666,0.8773203
2280,1,0,0.00022325068,-8.406992,0.86631178855896,0.9999881,11.333658,0.00022325068,-8.406992
2281,0,1,0.9993143,7.284396,0.5058541297912598,0.9993143,7.284316,0.9993963,7.4119744
2282,1,0,0.00018117936,-8.615842,0.6744586825370789,0.99998116,10.876698,0.00018117936,-8.615842
2283,0,0,2.6660393e-05,-10.532305,0.5406332612037659,2.6660393e-05,-10.532305,0.011236601,-4.4772787
2284,1,0,0.00022212644,-8.412042,0.7688641548156738,0.99941576,7.444566,0.00022212644,-8.412042
2285,0,0,2.393323e-05,-10.640219,0.6702542901039124,2.393323e-05,-10.640219,0.40477762,-0.38559717
2286,1,0,0.2622957,-1.0340705,1.0,0.999987,11.247541,0.2622957,-1.0340705
2287,1,0,0.00024469988,-8.315233,0.6868462562561035,0.9987953,6.7203298,0.00024469988,-8.315233
2288,0,1,0.9971641,5.8625455,0.8168278336524963,0.9971641,5.862546,0.998055,6.240503
2289,1,0,0.00014477609,-8.840178,0.6902834177017212,0.99956745,7.7453814,0.00014477609,-8.840178
2290,0,1,0.83793163,1.6429182,1.0,0.9966912,5.707858,0.83793163,1.6429181
2291,1,0,0.00017096486,-8.673882,1.0,0.00017096486,-8.673882,0.7496515,1.0967546
2292,1,0,0.00022056619,-8.419092,0.665692150592804,0.9999844,11.068545,0.00022056619,-8.419092
2293,1,0,0.00019082079,-8.563985,0.49845367670059204,0.99998546,11.139736,0.00019082079,-8.563985
2294,0,0,8.277033e-06,-11.702018,0.5800131559371948,8.277033e-06,-11.702018,0.08857295,-2.331185
2295,1,0,0.00016632829,-8.701381,0.7103455066680908,0.9998235,8.642237,0.00016632829,-8.701381
2296,1,0,0.23148395,-1.1999509,1.0,0.99991333,9.354054,0.23148395,-1.1999508
2297,1,0,0.00028927557,-8.147841,0.632695198059082,0.9993088,7.27649,0.00028927557,-8.147841
2298,0,0,2.5572901e-05,-10.573952,0.6781536340713501,2.5572901e-05,-10.573952,0.9672396,3.3852246
2299,1,0,0.017736904,-4.0142117,1.0,0.017736904,-4.0142117,0.9947824,5.2504773
2300,1,0,0.00020379138,-8.49821,0.4577241539955139,0.9993728,7.373475,0.00020379138,-8.49821
2301,0,0,0.0897668,-2.3164856,0.6966428160667419,0.0897668,-2.3164856,0.9059057,2.264638
2302,0,1,0.99961674,7.8664193,0.8658804893493652,0.99985456,8.835403,0.99961674,7.8665266
2303,0,0,2.4414383e-05,-10.620314,0.682417094707489,2.4414383e-05,-10.620314,0.6846811,0.77536875
2304,1,0,0.0001884234,-8.576631,0.7425686717033386,0.99966156,7.990677,0.0001884234,-8.576631
2305,1,0,0.46902093,-0.12407513,1.0,0.9999789,10.768692,0.46902093,-0.124075204
2306,1,0,0.00021670763,-8.436745,0.5539419651031494,0.9999808,10.8594475,0.00021670763,-8.436745
2307,0,1,0.99777585,6.106155,0.7591136693954468,0.9985305,6.521394,0.99777585,6.106181
2308,1,0,0.00034716618,-7.9653597,0.5762952566146851,0.999982,10.928055,0.00034716618,-7.9653597
2309,0,0,0.00046228204,-7.678873,0.5651050806045532,0.00046228204,-7.678873,0.07088083,-2.573237
2310,1,0,0.18726434,-1.4678848,1.0,0.9998574,8.855898,0.18726434,-1.4678847
2311,1,0,0.00020893749,-8.473267,0.578140139579773,0.99999285,11.852543,0.00020893749,-8.473267
2312,0,0,8.834191e-05,-9.334208,0.5455823540687561,8.834191e-05,-9.334208,0.12415722,-1.9536378
2313,0,0,0.0011752973,-6.745058,0.661526083946228,0.0011752973,-6.745058,0.004746159,-5.345662
2314,1,0,0.0002231777,-8.407319,0.7654589414596558,0.9999714,10.460482,0.0002231777,-8.407319
2315,1,0,0.00014841586,-8.815344,0.6419594883918762,0.9999877,11.3100195,0.00014841586,-8.815344
2316,1,0,0.000311187,-8.074805,0.5348711609840393,0.9678408,3.404369,0.000311187,-8.074805
2317,1,0,0.00034946873,-7.958747,1.0,0.00034946873,-7.958747,0.9289108,2.5700774
2318,1,0,0.00019860188,-8.52401,0.5565399527549744,0.26756865,-1.0069934,0.00019860188,-8.52401
2319,1,0,0.00038532048,-7.8610497,0.7027970552444458,0.9999734,10.533073,0.00038532048,-7.8610497
2320,1,0,0.00036679965,-7.910328,1.0,0.00036679965,-7.910328,0.86898774,1.8920376
2321,1,0,0.43129516,-0.2765689,1.0,0.99997854,10.749369,0.43129516,-0.2765688
2322,0,0,2.2974564e-05,-10.6811,0.6147885322570801,2.2974564e-05,-10.6811,0.089627355,-2.3181934
2323,0,1,0.8906424,2.0973198,1.0,0.99990904,9.305353,0.8906424,2.09732
2324,0,1,0.9990089,6.9156976,0.4491979777812958,0.9990089,6.9157057,0.9997391,8.251124
2325,0,0,0.008093274,-4.8085957,0.7310295104980469,0.010454287,-4.550234,0.008093274,-4.8085957
2326,0,1,0.9907732,4.6763735,0.6196750998497009,0.9959806,5.512594,0.9907732,4.6763725
2327,0,1,0.72441447,0.9664657,1.0,0.99955803,7.7239914,0.72441447,0.96646565
2328,0,1,0.7834553,1.2859172,1.0,0.999298,7.260826,0.7834553,1.2859173
2329,0,0,1.8353881e-05,-10.905651,0.8197387456893921,1.8353881e-05,-10.905651,0.17973807,-1.5181231
2330,1,0,0.0002447412,-8.315064,0.6850993633270264,0.9999032,9.243074,0.0002447412,-8.315064
2331,0,1,0.9564869,3.0902047,0.5794029831886292,0.9564869,3.0902033,0.9900365,4.598819
2332,0,1,0.99981076,8.57228,0.7592912316322327,0.9999684,10.362215,0.99981076,8.57229
2333,0,1,0.919634,2.4373844,1.0,0.9999925,11.807159,0.919634,2.437384
2334,0,1,0.93282294,2.6308837,1.0,0.9999461,9.829134,0.93282294,2.6308832
2335,0,0,0.22701654,-1.2252347,0.5565396547317505,0.30305907,-0.83277285,0.22701654,-1.2252349
2336,1,0,0.07160947,-2.562225,1.0,0.07160947,-2.562225,0.79756904,1.3711693
2337,0,0,0.23972249,-1.1542015,1.0,0.23972249,-1.1542015,0.89746845,2.1694074
2338,1,0,1.8603303e-05,-10.892153,1.0,1.8603303e-05,-10.892153,0.98644537,4.287382
2339,0,1,0.7908278,1.3299224,1.0,0.99998915,11.434448,0.7908278,1.3299224
2340,1,0,0.00025646132,-8.268276,0.723955512046814,0.9999721,10.486089,0.00025646132,-8.268276
2341,0,0,8.602113e-06,-11.663494,0.8140041828155518,8.602113e-06,-11.663494,0.17236513,-1.568957
2342,1,0,0.00016166815,-8.729803,0.5157639980316162,0.99997187,10.480103,0.00016166815,-8.729803
2343,0,0,8.655616e-05,-9.35463,0.735792338848114,8.655616e-05,-9.35463,0.5788554,0.31807652
2344,1,0,0.00028576466,-8.160056,0.5817442536354065,0.9999746,10.582429,0.00028576466,-8.160056
2345,0,0,7.359997e-05,-9.516792,0.8125638961791992,7.359997e-05,-9.516792,0.020597745,-3.8617609
2346,0,1,0.6421916,0.58488905,1.0,0.999838,8.727715,0.6421916,0.5848888
2347,0,1,0.99964416,7.9406743,0.8137621283531189,0.999785,8.44484,0.99964416,7.9405518
2348,0,1,0.9998777,9.00884,0.6247566938400269,0.99997115,10.454972,0.9998777,9.008835
2349,1,0,0.0005285915,-7.544766,1.0,0.0005285915,-7.544766,0.9669229,3.375277
2350,1,0,0.00019525053,-8.541032,0.7253631353378296,0.9999467,9.840799,0.00019525053,-8.541032
2351,0,1,0.90646553,2.271223,1.0,0.9999825,10.954729,0.90646553,2.2712228
2352,0,0,9.133758e-06,-11.603524,0.7475787401199341,9.133758e-06,-11.603524,0.011434675,-4.4596043
2353,0,1,0.99874336,6.6780524,0.7541577816009521,0.99874336,6.678013,0.9994702,7.542485
2354,0,1,0.9163447,2.3936877,1.0,0.99658823,5.6771135,0.9163447,2.393688
2355,1,0,0.0019533508,-6.2362537,1.0,0.0019533508,-6.2362537,0.9813076,3.9607701
2356,1,0,0.08590604,-2.364679,1.0,0.99999,11.50688,0.08590604,-2.364679
2357,1,0,0.00031020417,-8.07797,0.723197340965271,0.9999788,10.761665,0.00031020417,-8.07797
2358,0,0,3.8207025e-05,-10.172453,0.5747599005699158,3.8207025e-05,-10.172453,0.35255936,-0.60780805
2359,0,0,0.0004343563,-7.741211,0.7992205619812012,0.0004343563,-7.741211,0.15162466,-1.721915
2360,1,0,0.0002443758,-8.316559,0.6969425082206726,0.9998869,9.086992,0.0002443758,-8.316559
2361,1,0,0.00021296713,-8.45416,0.7247592210769653,0.9998567,8.850428,0.00021296713,-8.45416
2362,0,1,0.75257164,1.1123751,0.7570688128471375,0.75257164,1.1123751,0.8870701,2.0611572
2363,1,0,0.00016433706,-8.713427,0.5203416347503662,0.999966,10.288851,0.00016433706,-8.713427
2364,1,0,4.416699e-05,-10.027489,1.0,4.416699e-05,-10.027489,0.6646839,0.6842379
2365,1,0,1.0087055e-05,-11.504248,1.0,1.0087055e-05,-11.504248,0.95253015,2.9990253
2366,0,1,0.8262753,1.5594561,1.0,0.9999542,9.9923725,0.8262753,1.559456
2367,1,0,0.00034262709,-7.978525,0.7645466923713684,0.9999865,11.216713,0.00034262709,-7.978525
2368,0,0,0.20077667,-1.3814472,0.7367429733276367,0.32976064,-0.70926785,0.20077667,-1.3814473
2369,1,0,0.012812605,-4.3444304,1.0,0.94580764,2.8594983,0.012812605,-4.3444304
2370,1,0,0.0001678189,-8.692457,0.5496979355812073,0.99993634,9.662842,0.0001678189,-8.692457
2371,1,0,0.00014380965,-8.846876,0.542490541934967,0.9999862,11.192891,0.00014380965,-8.846876
2372,1,0,0.00043028794,-7.7506256,0.7821366786956787,0.9999906,11.57325,0.00043028794,-7.7506256
2373,1,0,0.00017438729,-8.6540575,0.5666000247001648,0.99998915,11.429735,0.00017438729,-8.6540575
2374,1,0,0.00021052385,-8.465701,0.7431254982948303,0.99981457,8.592619,0.00021052385,-8.465701
2375,0,0,7.792726e-06,-11.762312,0.7889202833175659,7.792726e-06,-11.762312,0.7862512,1.3024746
2376,1,0,7.959342e-05,-9.438499,1.0,7.959342e-05,-9.438499,0.41699937,-0.33510363
2377,1,0,0.00020213677,-8.506364,0.599026620388031,0.9999361,9.658311,0.00020213677,-8.506364
2378,1,0,0.00022334949,-8.406549,0.7054035067558289,0.99999046,11.556629,0.00022334949,-8.406549
2379,0,0,1.8233191e-05,-10.912249,0.7126020193099976,1.8233191e-05,-10.912249,0.67520165,0.73180676
2380,0,1,0.999691,8.081891,0.8358933329582214,0.99998295,10.982544,0.999691,8.081967
2381,1,0,0.00025824315,-8.261351,0.7812938690185547,0.99995875,10.094832,0.00025824315,-8.261351
2382,1,0,0.05196305,-2.9038606,1.0,0.99143094,4.7509847,0.05196305,-2.9038606
2383,1,0,1.4436454e-05,-11.14574,1.0,1.4436454e-05,-11.14574,0.96966714,3.4647233
2384,0,0,0.0019459595,-6.240052,0.7158257365226746,0.0019459595,-6.240052,0.06177382,-2.7205114
2385,1,0,0.00029683084,-8.122051,0.8575680255889893,0.9998385,8.731114,0.00029683084,-8.122051
2386,0,0,8.169127e-06,-11.71514,0.5889678001403809,8.169127e-06,-11.71514,0.14323379,-1.788687
2387,0,1,0.9998579,8.858855,0.6442368030548096,0.9999889,11.4117985,0.9998579,8.858675
2388,0,0,0.0015468098,-6.4700127,0.6781641244888306,0.0015468098,-6.4700127,0.067159705,-2.6311605
2389,1,0,4.7227073e-05,-9.960496,1.0,4.7227073e-05,-9.960496,0.9887954,4.48016
2390,1,0,0.00018515211,-8.594148,0.5815763473510742,0.9998692,8.942275,0.00018515211,-8.594148
2391,1,0,0.0001993967,-8.520015,0.6740623712539673,0.99888986,6.802119,0.0001993967,-8.520015
2392,1,0,0.00018430472,-8.598736,0.6253538727760315,0.99996793,10.348934,0.00018430472,-8.598736
2393,1,0,0.00048830936,-7.624073,0.7431018948554993,0.9999393,9.710699,0.00048830936,-7.624073
2394,0,0,0.0024396076,-6.0134754,0.7018197178840637,0.0024396076,-6.0134754,0.21764822,-1.2794244
2395,1,0,0.11898583,-2.0020692,1.0,0.11898583,-2.0020692,0.7960383,1.3617153
2396,0,0,8.570963e-06,-11.667122,0.6553230285644531,8.570963e-06,-11.667122,0.047039825,-3.0085785
2397,1,0,0.00022423135,-8.402608,0.7209751605987549,0.99999046,11.562973,0.00022423135,-8.402608
2398,0,0,1.2423055e-05,-11.295944,0.4736076295375824,1.2423055e-05,-11.295944,0.2498087,-1.099633
2399,1,0,0.0003913443,-7.8455315,1.0,0.0003913443,-7.8455315,0.93350255,2.6417806
2400,0,1,0.9998572,8.853833,0.6196964979171753,0.99998486,11.095103,0.9998572,8.853561
2401,0,0,1.4578249e-05,-11.135965,0.6545553803443909,1.4578249e-05,-11.135965,0.17829108,-1.5279686
2402,0,1,0.865599,1.8625937,1.0,0.9999671,10.323553,0.865599,1.8625939
2403,0,0,0.0015208235,-6.4869814,0.6083904504776001,0.0015208235,-6.4869814,0.5023688,0.009475455
2404,1,0,0.00015067856,-8.800211,0.6678758263587952,0.9999126,9.345041,0.00015067856,-8.800211
2405,0,0,1.4012208e-05,-11.175568,0.6456218361854553,1.4012208e-05,-11.175568,0.03596867,-3.2884755
2406,1,0,0.00024640665,-8.308281,0.6243906617164612,0.9999404,9.72695,0.00024640665,-8.308281
2407,0,0,0.00011080775,-9.107603,0.6953847408294678,0.00011080775,-9.107603,0.047368098,-3.0012796
2408,1,0,0.00027800552,-8.187592,0.5915392637252808,0.89346784,2.1266637,0.00027800552,-8.187592
2409,0,1,0.9988562,6.7722435,0.8380593657493591,0.9988562,6.7722244,0.99928564,7.243341
2410,0,0,7.629667e-06,-11.783459,0.6697579622268677,7.629667e-06,-11.783459,0.051613323,-2.9109824
2411,1,0,0.00024300731,-8.322176,0.770855188369751,0.9999783,10.739473,0.00024300731,-8.322176
2412,0,0,2.8330875e-05,-10.47153,0.680289089679718,2.8330875e-05,-10.47153,0.077294916,-2.4796815
2413,1,0,0.0002316219,-8.3701725,0.6538686156272888,0.99998856,11.379432,0.0002316219,-8.3701725
2414,0,0,0.000334364,-8.002946,0.5879510045051575,0.000334364,-8.002946,0.0059764874,-5.113928
2415,1,0,0.04145226,-3.140877,1.0,0.04145226,-3.140877,0.07075081,-2.575213
2416,1,0,0.00024330521,-8.3209505,0.6086093783378601,0.99823356,6.3370094,0.00024330521,-8.3209505
2417,1,0,0.00033854795,-7.990506,0.7406564950942993,0.99775106,6.095019,0.00033854795,-7.990506
2418,1,0,0.0002546575,-8.275336,0.73709636926651,0.9999795,10.7923765,0.0002546575,-8.275336
2419,1,0,0.009355978,-4.6623397,1.0,0.009355978,-4.6623397,0.86080813,1.8220181
2420,0,0,6.7365295e-06,-11.907959,0.8117273449897766,6.7365295e-06,-11.907959,0.09402754,-2.2654212
2421,0,1,0.9996549,7.9712996,0.7883152961730957,0.99974054,8.256479,0.9996549,7.9712925
2422,1,0,0.0003943697,-7.837827,0.881799578666687,0.99998236,10.944086,0.0003943697,-7.837827
2423,0,0,0.0011691115,-6.7503414,0.6552671194076538,0.0011691115,-6.7503414,0.97360593,3.6078677
2424,0,1,0.9156053,2.384081,1.0,0.99982893,8.673691,0.9156053,2.384081
2425,1,0,0.00020220656,-8.506019,0.6973040103912354,0.99998724,11.264999,0.00020220656,-8.506019
2426,0,0,1.8449451e-05,-10.900457,0.5855236649513245,1.8449451e-05,-10.900457,0.047458403,-2.9992802
2427,0,0,3.786108e-05,-10.181549,0.5354963541030884,3.786108e-05,-10.181549,0.047614437,-2.9958339
2428,1,0,2.8187373e-05,-10.476608,1.0,2.8187373e-05,-10.476608,0.9799673,3.8901525
2429,1,0,0.27023396,-0.99343586,1.0,0.9999223,9.462822,0.27023396,-0.9934358
2430,0,0,1.2523269e-05,-11.2879095,0.7277260422706604,1.2523269e-05,-11.2879095,0.6259196,0.514751
2431,1,0,1.2640571e-05,-11.278586,1.0,1.2640571e-05,-11.278586,0.8781848,1.9753515
2432,1,0,0.00026504096,-8.235361,0.7465054988861084,0.9999833,10.999313,0.00026504096,-8.235361
2433,0,1,0.9998424,8.755326,0.6202354431152344,0.9999455,9.818125,0.9998424,8.755493
2434,0,1,0.57643515,0.30815616,1.0,0.9998128,8.582836,0.57643515,0.3081562
2435,1,0,0.00015408985,-8.777821,0.7303382158279419,0.99995804,10.07844,0.00015408985,-8.777821
2436,1,0,0.00018341589,-8.603571,0.7041093707084656,0.9999696,10.40222,0.00018341589,-8.603571
2437,0,1,0.9655272,3.332503,1.0,0.99998176,10.914541,0.9655272,3.3325014
2438,0,0,1.1832832e-05,-11.344621,0.6309008002281189,1.1832832e-05,-11.344621,0.111698225,-2.0735106
2439,1,0,0.43992814,-0.24145365,1.0,0.99996376,10.226152,0.43992814,-0.24145377
2440,1,0,0.067301735,-2.6288958,1.0,0.9999143,9.365177,0.067301735,-2.6288958
2441,0,1,0.9998016,8.524907,0.6818673610687256,0.99994385,9.78655,0.9998016,8.524829
2442,0,0,3.685193e-05,-10.208566,0.8007550835609436,3.685193e-05,-10.208566,0.022170687,-3.786564
2443,0,0,5.6682118e-05,-9.777995,0.6930021643638611,5.6682118e-05,-9.777995,0.93573457,2.6783113
2444,1,0,7.5436355e-06,-11.794799,1.0,7.5436355e-06,-11.794799,0.48752588,-0.04990679
2445,0,0,1.0408698e-05,-11.472858,0.7155441045761108,1.0408698e-05,-11.472858,0.8771615,1.9658208
2446,0,1,0.84010434,1.6590047,1.0,0.9999263,9.516674,0.84010434,1.6590046
2447,1,0,0.00025072214,-8.290915,0.7116588354110718,0.9999927,11.823811,0.00025072214,-8.290915
2448,0,0,0.011555638,-4.448959,0.6754734516143799,0.011555638,-4.448959,0.013845765,-4.2658334
2449,0,0,7.7085366e-05,-9.47052,0.555317223072052,7.7085366e-05,-9.47052,0.25809455,-1.0558958
2450,1,0,0.00021202378,-8.4586,0.6911385655403137,0.74230105,1.0579628,0.00021202378,-8.4586
2451,0,0,5.6743498e-05,-9.776913,0.8517569303512573,5.6743498e-05,-9.776913,0.011293578,-4.472163
2452,1,0,0.0002070199,-8.482489,0.749268651008606,0.99999094,11.614782,0.0002070199,-8.482489
2453,1,0,0.1332919,-1.8721608,1.0,0.9999362,9.660315,0.1332919,-1.8721608
2454,1,0,0.00021672787,-8.436651,0.6054919958114624,0.99636024,5.612181,0.00021672787,-8.436651
2455,0,1,0.89978707,2.194861,1.0,0.9999467,9.838954,0.89978707,2.194861
2456,1,0,0.15215553,-1.717794,1.0,0.9999759,10.63368,0.15215553,-1.717794
2457,1,0,0.3203831,-0.75201184,1.0,0.992908,4.9416656,0.3203831,-0.7520117
2458,1,0,0.00022580591,-8.395609,0.6675171852111816,0.9999168,9.394335,0.00022580591,-8.395609
2459,1,0,0.00016220286,-8.7265005,0.6329333782196045,0.9652253,3.32347,0.00016220286,-8.7265005
2460,1,0,0.0014227078,-6.5537696,1.0,0.0014227078,-6.5537696,0.5639282,0.25712004
2461,1,0,0.106706,-2.1248384,1.0,0.9999871,11.258341,0.106706,-2.1248384
2462,0,1,0.99986947,8.943745,0.5371534824371338,0.9998778,9.009627,0.99986947,8.944309
2463,0,0,1.821411e-05,-10.913296,0.6076104044914246,1.821411e-05,-10.913296,0.012864135,-4.3403645
2464,0,0,0.030392805,-3.462685,0.8904844522476196,0.030392805,-3.462685,0.4850481,-0.05982542
2465,1,0,0.00021969598,-8.423046,0.6726205945014954,0.9984371,6.4596257,0.00021969598,-8.423046
2466,1,0,0.00016440384,-8.71302,0.6732912063598633,0.58415115,0.33983782,0.00016440384,-8.71302
2467,1,0,0.00020548205,-8.489946,0.6856449842453003,0.9999852,11.122366,0.00020548205,-8.489946
2468,1,0,0.00020750902,-8.480128,1.0,0.00020750902,-8.480128,0.62300855,0.5023378
2469,0,0,1.6152084e-05,-11.033445,0.4908999502658844,1.6152084e-05,-11.033445,0.7160202,0.92480546
2470,0,1,0.99968004,8.047002,0.754011869430542,0.99980193,8.526874,0.99968004,8.046768
2471,0,1,0.9990804,6.990673,0.6505442261695862,0.99942493,7.460334,0.9990804,6.9906554
2472,1,0,0.45235273,-0.19116913,1.0,0.9999634,10.215659,0.45235273,-0.19116925
2473,0,1,0.88781446,2.0686088,1.0,0.9998677,8.930553,0.88781446,2.0686083
2474,0,0,7.288158e-05,-9.526602,0.7403939962387085,7.288158e-05,-9.526602,0.15572129,-1.6904149
2475,0,1,0.8608109,1.8220412,1.0,0.999961,10.1523,0.8608109,1.8220414
2476,0,1,0.9995819,7.7793083,0.615037739276886,0.9995819,7.7792535,0.99966073,7.988434
2477,1,0,0.0002442165,-8.317211,0.7975494861602783,0.99998295,10.980455,0.0002442165,-8.317211
2478,0,0,0.0033333628,-5.7004347,0.5605634450912476,0.0033333628,-5.7004347,0.52559197,0.102457464
2479,1,0,0.19092314,-1.444023,0.5799019932746887,0.19092314,-1.444023,0.92514074,2.514336
2480,0,0,1.4814402e-05,-11.119896,0.8247962594032288,1.4814402e-05,-11.119896,0.05409528,-2.861395
2481,1,0,0.22125667,-1.2583581,1.0,0.9999831,10.987581,0.22125667,-1.258358
2482,1,0,0.0003639157,-7.9182243,0.6440986394882202,0.9999696,10.401509,0.0003639157,-7.9182243
2483,0,0,0.0011727421,-6.747237,0.7640966773033142,0.0011727421,-6.747237,0.099420145,-2.203684
2484,1,0,0.00017727492,-8.637631,0.5889115333557129,0.53148437,0.1261043,0.00017727492,-8.637631
2485,1,0,0.00032923114,-8.018421,0.8123606443405151,0.9999856,11.146259,0.00032923114,-8.018421
2486,1,0,0.00033570584,-7.9989395,1.0,0.00033570584,-7.9989395,0.97712517,3.7545805
2487,1,0,0.00025248362,-8.283912,0.7373101711273193,0.99996924,10.388084,0.00025248362,-8.283912
2488,1,0,0.21977128,-1.2669997,1.0,0.99935097,7.3394694,0.21977128,-1.2669997
2489,1,0,0.00014337452,-8.849907,0.6663650870323181,0.9999552,10.013208,0.00014337452,-8.849907
2490,1,0,0.00020683996,-8.483358,0.7455120086669922,0.9999801,10.826097,0.00020683996,-8.483358
2491,1,0,1.2497918e-05,-11.289936,1.0,1.2497918e-05,-11.289936,0.92923206,2.5749521
2492,0,0,6.934571e-05,-9.576337,0.44100505113601685,6.934571e-05,-9.576337,0.009313259,-4.6669593
2493,1,0,0.0002985314,-8.116337,1.0,0.0002985314,-8.116337,0.95283407,3.0057678
2494,0,0,1.2748632e-05,-11.270074,0.7938876152038574,1.2748632e-05,-11.270074,0.17523865,-1.5489452
2495,0,0,5.652147e-06,-12.083469,0.6533396244049072,5.652147e-06,-12.083469,0.66309077,0.6770983
2496,1,0,0.00020904547,-8.47275,0.6891830563545227,0.9999397,9.715288,0.00020904547,-8.47275
2497,1,0,0.00017408129,-8.655814,0.615689754486084,0.9999924,11.782072,0.00017408129,-8.655814
2498,1,0,0.00029519232,-8.127588,0.6341065168380737,0.99999034,11.545975,0.00029519232,-8.127588
2499,0,0,2.0962336e-05,-10.772762,0.7569318413734436,2.0962336e-05,-10.772762,0.4811583,-0.07540253
2500,1,0,0.15907802,-1.6651042,1.0,0.9753829,3.6793866,0.15907802,-1.6651042
2501,1,0,0.000303849,-8.098676,0.7088481187820435,0.999967,10.316918,0.000303849,-8.098676
2502,0,0,6.357282e-06,-11.965903,0.6502216458320618,6.357282e-06,-11.965903,0.5268795,0.1076217
2503,1,0,0.00016639204,-8.700997,0.6982038021087646,0.9999696,10.40038,0.00016639204,-8.700997
2504,1,0,0.00015983556,-8.741205,0.6178652048110962,0.99998844,11.371072,0.00015983556,-8.741205
2505,1,0,0.00022905746,-8.381309,0.7419133186340332,0.99998856,11.379126,0.00022905746,-8.381309
2506,1,0,0.00016195697,-8.728018,1.0,0.00016195697,-8.728018,0.9873312,4.3558645
2507,0,1,0.9916385,4.7757187,0.5764896273612976,0.99379855,5.0767527,0.9916385,4.775712
2508,1,1,0.54082745,0.16367425,0.9000166058540344,0.54082745,0.16367432,0.70385605,0.8657284
2509,1,0,0.00018105708,-8.616517,0.5117774605751038,0.9990429,6.9507017,0.00018105708,-8.616517
2510,0,1,0.94964796,2.9370522,1.0,0.9923419,4.864291,0.94964796,2.9370522
2511,1,0,0.000105326966,-9.158336,1.0,0.000105326966,-9.158336,0.5458165,0.18378142
2512,1,0,0.00019254429,-8.554992,0.5224222540855408,0.9999608,10.14564,0.00019254429,-8.554992
2513,1,0,0.00019594672,-8.537472,0.6725344657897949,0.9999602,10.130289,0.00019594672,-8.537472
2514,0,0,0.0021489493,-6.140625,0.7127959728240967,0.0021489493,-6.140625,0.4157015,-0.3404445
2515,1,0,0.43286988,-0.27015153,1.0,0.9999784,10.741713,0.43286988,-0.27015156
2516,0,0,0.00016425451,-8.713929,0.697453498840332,0.00016425451,-8.713929,0.04420214,-3.0737731
2517,0,1,0.9991887,7.116087,0.7294211983680725,0.9991887,7.1161585,0.99977964,8.419807
2518,1,0,0.00022558686,-8.39658,0.7560654878616333,0.99988866,9.103029,0.00022558686,-8.39658
2519,1,0,0.00036326336,-7.920019,0.8621235489845276,0.794393,1.3516115,0.00036326336,-7.920019
2520,1,0,3.9273764e-05,-10.144915,1.0,3.9273764e-05,-10.144915,0.9715981,3.532485
2521,0,1,0.9991534,7.0734067,0.9259439706802368,0.9991534,7.0734286,0.9994899,7.580482
2522,1,0,0.00027004088,-8.216667,0.7764312624931335,0.9999858,11.159624,0.00027004088,-8.216667
2523,0,1,0.5732593,0.29516158,1.0,0.99880266,6.7264643,0.5732593,0.2951616
2524,1,0,0.47609547,-0.09569115,1.0,0.99991584,9.383087,0.47609547,-0.09569107
2525,0,1,0.9743994,3.639205,1.0,0.99998903,11.4239025,0.9743994,3.639203
2526,1,0,0.0001931406,-8.551899,0.545153796672821,0.99995995,10.125357,0.0001931406,-8.551899
2527,0,0,8.1999815e-06,-11.71137,0.6860302090644836,8.1999815e-06,-11.71137,0.0076156477,-4.8699055
2528,1,0,0.090256035,-2.3105128,1.0,0.99998224,10.939178,0.090256035,-2.3105128
2529,1,0,0.19934306,-1.3904053,1.0,0.99023193,4.618817,0.19934306,-1.3904053
2530,0,0,0.0037720557,-5.576356,0.6824283003807068,0.0037720557,-5.576356,0.0914654,-2.2958722
2531,0,1,0.9006785,2.2047865,1.0,0.99954045,7.6846266,0.9006785,2.2047868
2532,0,0,0.00057191396,-7.46595,0.7340354323387146,0.00057191396,-7.46595,0.22405133,-1.2422112
2533,1,0,0.0005025762,-7.5952606,0.7867390513420105,0.99981064,8.571442,0.0005025762,-7.5952606
2534,1,0,0.00031452847,-8.064121,0.6230394244194031,0.99998724,11.273753,0.00031452847,-8.064121
2535,0,0,0.00011885674,-9.037473,0.7573760747909546,0.00011885674,-9.037473,0.04140909,-3.141964
2536,1,0,0.00028101413,-8.176825,0.8641275763511658,0.99997497,10.597324,0.00028101413,-8.176825
2537,0,1,0.99958485,7.786464,0.6616358160972595,0.9998536,8.829365,0.99958485,7.7865367
2538,1,0,0.00029468784,-8.129299,0.7880960702896118,0.9998826,9.050012,0.00029468784,-8.129299
2539,0,0,0.070858724,-2.5735726,0.784201443195343,0.070858724,-2.5735726,0.8736661,1.93377
2540,0,0,9.452503e-06,-11.5692215,0.7389253973960876,9.452503e-06,-11.5692215,0.57791746,0.31423014
2541,1,0,0.00017490069,-8.651117,0.6863237619400024,0.9999528,9.96112,0.00017490069,-8.651117
2542,1,0,0.00010822424,-9.131197,0.5388103127479553,0.9998696,8.944674,0.00010822424,-9.131197
2543,1,0,0.00011467479,-9.073296,0.500262975692749,0.9596081,3.1678965,0.00011467479,-9.073296
2544,1,0,0.00033486707,-8.001442,0.8490462899208069,0.9998944,9.156172,0.00033486707,-8.001442
2545,1,0,0.00024007868,-8.334304,0.6620704531669617,0.9999436,9.783929,0.00024007868,-8.334304
2546,0,0,2.1317e-05,-10.755984,0.7755930423736572,2.1317e-05,-10.755984,0.523656,0.09469475
2547,1,0,4.6297988e-05,-9.980366,1.0,4.6297988e-05,-9.980366,0.17768048,-1.5321422
2548,1,0,0.00015895888,-8.746706,0.6336346864700317,0.999964,10.232788,0.00015895888,-8.746706
2549,1,0,0.42647156,-0.2962618,1.0,0.9999536,9.978468,0.42647156,-0.29626176
2550,1,0,0.00021132868,-8.4618845,0.5802112817764282,0.9999771,10.684583,0.00021132868,-8.4618845
2551,1,0,0.0003313996,-8.011854,0.7866320013999939,0.9999149,9.3719015,0.0003313996,-8.011854
2552,1,0,0.0003183502,-8.05204,0.8067564368247986,0.99998045,10.843648,0.0003183502,-8.05204
2553,0,1,0.99975723,8.323154,0.6087906956672668,0.9999703,10.425602,0.99975723,8.323078
2554,0,1,0.9687937,3.4354315,0.6895865797996521,0.9970796,5.8331203,0.9687937,3.43543
2555,1,0,0.00020975225,-8.469374,0.7512916922569275,0.9851172,4.1925535,0.00020975225,-8.469374
2556,1,0,0.004007664,-5.515531,1.0,0.004007664,-5.515531,0.8213005,1.5251832
2557,0,0,1.7646207e-05,-10.944972,0.7017859220504761,1.7646207e-05,-10.944972,0.16246328,-1.6400131
2558,0,1,0.8488383,1.7255188,1.0,0.98071986,3.9292135,0.8488383,1.7255187
2559,1,0,0.00016306399,-8.721205,0.6653560400009155,0.9999734,10.536362,0.00016306399,-8.721205
2560,0,0,1.6403152e-05,-11.018021,0.7138562798500061,1.6403152e-05,-11.018021,0.033881247,-3.350425
2561,0,0,4.4531724e-05,-10.019264,0.6718509793281555,4.4531724e-05,-10.019264,0.15728334,-1.678582
2562,0,1,0.99969196,8.084983,0.9224597811698914,0.99995065,9.915859,0.99969196,8.084957
2563,1,0,0.00026359846,-8.24082,0.6497454643249512,0.9977181,6.080453,0.00026359846,-8.24082
2564,0,0,4.3693894e-05,-10.038259,0.6218644380569458,4.3693894e-05,-10.038259,0.0056684054,-5.167163
2565,1,0,0.000120686,-9.022198,0.7015656232833862,0.9999752,10.604494,0.000120686,-9.022198
2566,0,0,1.2110895e-05,-11.321393,0.6840834617614746,1.2110895e-05,-11.321393,0.01693077,-4.061547
2567,1,0,0.00039152004,-7.8450823,0.7402278184890747,0.999864,8.902962,0.00039152004,-7.8450823
2568,1,0,0.00021047506,-8.465933,0.5619286894798279,0.9999888,11.401995,0.00021047506,-8.465933
2569,0,1,0.8372691,1.6380478,1.0,0.99995124,9.928129,0.8372691,1.6380477
2570,1,0,0.16762005,-1.6025892,1.0,0.9999734,10.533312,0.16762005,-1.6025892
2571,0,1,0.8804427,1.9966289,1.0,0.9998497,8.802949,0.8804427,1.9966294
2572,1,0,0.00040522713,-7.8106575,0.7763933539390564,0.99997234,10.4956255,0.00040522713,-7.8106575
2573,0,1,0.9621555,3.235691,1.0,0.99995697,10.052863,0.9621555,3.235692
2574,1,0,0.00018881923,-8.574532,0.6339257955551147,0.9924971,4.8849287,0.00018881923,-8.574532
2575,1,0,0.0003858467,-7.8596845,0.8789898753166199,0.96967155,3.464871,0.0003858467,-7.8596845
2576,1,1,0.55008054,0.2009961,1.0,0.55008054,0.2009961,0.9777043,3.7808127
2577,0,0,0.000103154234,-9.179182,0.6737462878227234,0.000103154234,-9.179182,0.03776992,-3.2377405
2578,0,1,0.501303,0.0052120523,0.8185850977897644,0.501303,0.0052120686,0.8033833,1.4075758
2579,1,0,0.0020277028,-6.198822,1.0,0.0020277028,-6.198822,0.6374574,0.5643453
2580,0,1,0.99987686,9.00204,0.6589498519897461,0.9999777,10.71111,0.99987686,9.002451
2581,1,0,0.00022085618,-8.417778,0.8335142135620117,0.9988606,6.7761426,0.00022085618,-8.417778
2582,1,0,0.0002148781,-8.445225,0.7497357726097107,0.99997354,10.537718,0.0002148781,-8.445225
2583,0,0,8.413736e-06,-11.6856365,0.8571727871894836,8.413736e-06,-11.6856365,0.016496057,-4.0880003
2584,1,0,0.32791167,-0.7176455,1.0,0.7692327,1.2039835,0.32791167,-0.71764547
2585,1,0,0.00028886713,-8.149255,0.6876083612442017,0.99997246,10.501772,0.00028886713,-8.149255
2586,0,0,1.9654268e-05,-10.837196,0.5696370005607605,1.9654268e-05,-10.837196,0.90223575,2.2223163
2587,0,0,6.5776862e-06,-11.931821,0.7710115313529968,6.5776862e-06,-11.931821,0.022443738,-3.7740443
2588,0,1,0.7742114,1.2322458,1.0,0.99983025,8.681481,0.7742114,1.2322458
2589,0,0,0.23188232,-1.1977129,0.6683303117752075,0.23188232,-1.197713,0.46953872,-0.12199631
2590,0,0,8.3291976e-05,-9.393075,0.6806389093399048,8.3291976e-05,-9.393075,0.78312486,1.2839701
2591,1,0,0.0001822121,-8.610157,0.6080104112625122,0.99997365,10.545736,0.0001822121,-8.610157
2592,0,1,0.92797244,2.555953,1.0,0.9999776,10.708569,0.92797244,2.555952
2593,0,0,0.3634359,-0.56048226,0.842235803604126,0.3634359,-0.5604822,0.64828014,0.6114879
2594,0,0,5.093596e-05,-9.884891,0.7079240083694458,5.093596e-05,-9.884891,0.37219816,-0.5227982
2595,0,1,0.9346598,2.660575,0.6592161059379578,0.9346598,2.6605742,0.98759484,4.377162
2596,1,0,0.00016948782,-8.68256,0.6943838596343994,0.999838,8.727987,0.00016948782,-8.68256
2597,1,0,0.00020048088,-8.514591,0.6599524021148682,0.9122924,2.3419518,0.00020048088,-8.514591
2598,1,0,0.00024377984,-8.319001,1.0,0.00024377984,-8.319001,0.9851997,4.1981993
2599,0,1,0.9998785,9.015687,0.7233315706253052,0.9998785,9.016293,0.9998858,9.077707
2600,1,0,0.48434967,-0.06262176,1.0,0.9998746,8.984186,0.48434967,-0.06262168
2601,1,0,0.0001819638,-8.611521,0.6211508512496948,0.999984,11.044504,0.0001819638,-8.611521
2602,1,0,0.00025628728,-8.268955,0.6557296514511108,0.9997799,8.421253,0.00025628728,-8.268955
2603,0,0,0.012517932,-4.367996,0.7294621467590332,0.012517932,-4.367996,0.13984683,-1.8165627
2604,0,1,0.8528808,1.7573764,1.0,0.99992037,9.438408,0.8528808,1.7573763
2605,1,0,0.00032188336,-8.040999,0.7473756074905396,0.9999937,11.966884,0.00032188336,-8.040999
2606,0,0,8.042684e-06,-11.73074,0.7589681148529053,8.042684e-06,-11.73074,0.0081475815,-4.801853
2607,1,0,0.00030801634,-8.08505,0.6362476348876953,0.9999856,11.148003,0.00030801634,-8.08505
2608,0,0,1.7740816e-05,-10.939625,0.5831345319747925,1.7740816e-05,-10.939625,0.5257626,0.103141755
2609,1,0,0.06135268,-2.7278008,1.0,0.06135268,-2.7278008,0.9735903,3.6072602
2610,0,0,2.0405407e-05,-10.79969,0.5919047594070435,2.0405407e-05,-10.79969,0.0061778827,-5.0805826
2611,1,0,0.00018567097,-8.591349,0.6300663352012634,0.9999294,9.558631,0.00018567097,-8.591349
2612,1,0,0.42624962,-0.29716927,1.0,0.99397826,5.106348,0.42624962,-0.29716912
2613,1,0,0.00025003555,-8.293657,0.8270928263664246,0.9999925,11.79227,0.00025003555,-8.293657
2614,1,0,0.42878744,-0.2868,1.0,0.99913126,7.04755,0.42878744,-0.2868001
2615,1,0,0.31484804,-0.7775505,1.0,0.31484804,-0.77755046,0.85521334,1.7760894
2616,0,1,0.5032173,0.012869282,1.0,0.9999733,10.53008,0.5032173,0.012869284
2617,0,1,0.5302814,0.121274166,1.0,0.999974,10.556008,0.5302814,0.12127407
2618,1,0,0.00014342101,-8.849583,0.6852071285247803,0.99949205,7.5846243,0.00014342101,-8.849583
2619,1,0,0.0002140071,-8.449287,0.5312802195549011,0.99996006,10.12815,0.0002140071,-8.449287
2620,1,0,0.00020198034,-8.507138,0.6650226712226868,0.9742698,3.6340213,0.00020198034,-8.507138
2621,1,0,0.0014948401,-6.50424,1.0,0.0014948401,-6.50424,0.8666691,1.8718228
2622,1,0,0.00018437255,-8.598368,0.705357015132904,0.9999924,11.778593,0.00018437255,-8.598368
2623,1,0,0.12780443,-1.9205126,1.0,0.12780443,-1.9205126,0.9415246,2.7788956
2624,1,0,0.3265188,-0.7239726,1.0,0.9999819,10.92013,0.3265188,-0.7239725
2625,0,0,6.736844e-06,-11.907912,0.7484079599380493,6.736844e-06,-11.907912,0.47960484,-0.08162591
2626,1,0,0.00011983157,-9.029304,0.5701718926429749,0.9999615,10.164199,0.00011983157,-9.029304
2627,0,1,0.94962853,2.936646,1.0,0.9999827,10.964722,0.94962853,2.9366465
2628,0,0,4.5561787e-06,-12.299022,0.8888533115386963,4.5561787e-06,-12.299022,0.2634722,-1.0279992
2629,0,0,7.753993e-06,-11.767295,0.7813627123832703,7.753993e-06,-11.767295,0.65056944,0.62154305
2630,0,0,3.160964e-05,-10.362017,0.6359091997146606,3.160964e-05,-10.362017,0.038044263,-3.2302182
2631,1,0,0.000316029,-8.0593605,0.6904809474945068,0.9999931,11.88023,0.000316029,-8.0593605
2632,1,0,0.00031740832,-8.055004,0.6915390491485596,0.9623865,3.2420514,0.00031740832,-8.055004
2633,0,0,1.17079435e-05,-11.355231,0.7729039192199707,1.17079435e-05,-11.355231,0.91879344,2.426065
2634,1,0,0.00021323269,-8.452913,0.5790160298347473,0.9999701,10.416013,0.00021323269,-8.452913
2635,1,0,0.00035322283,-7.948058,0.744152843952179,0.999966,10.28962,0.00035322283,-7.948058
2636,1,0,0.00028790595,-8.152589,0.6717230081558228,0.999617,7.8672442,0.00028790595,-8.152589
2637,1,0,0.0021634076,-6.133905,1.0,0.0021634076,-6.133905,0.97395474,3.62153
2638,1,0,0.00024117234,-8.329758,0.7268797159194946,0.9999821,10.928424,0.00024117234,-8.329758
2639,0,1,0.85798466,1.7986512,1.0,0.99998367,11.023718,0.85798466,1.7986512
2640,0,0,8.940992e-06,-11.624855,0.8773618936538696,8.940992e-06,-11.624855,0.0069100494,-4.9678445
2641,0,0,3.6595367e-05,-10.215552,0.7092306017875671,3.6595367e-05,-10.215552,0.23627613,-1.173205
2642,0,1,0.6715852,0.71536344,1.0,0.999944,9.789961,0.6715852,0.7153634
2643,0,0,9.13882e-06,-11.60297,0.7697016000747681,9.13882e-06,-11.60297,0.43488702,-0.2619394
2644,1,0,0.0002926298,-8.13631,0.6396048069000244,0.99999094,11.607235,0.0002926298,-8.13631
2645,1,0,0.0002605988,-8.252268,0.7604343295097351,0.9998579,8.859318,0.0002605988,-8.252268
2646,0,0,1.992805e-05,-10.823362,0.6608718037605286,1.992805e-05,-10.823362,0.02111641,-3.8363624
2647,0,0,2.1319991e-05,-10.755844,0.7292961478233337,2.1319991e-05,-10.755844,0.046823833,-3.0134075
2648,0,0,0.00010532586,-9.158346,0.40553003549575806,0.00010532586,-9.158346,0.019325946,-3.9267917
2649,1,0,0.3725877,-0.5211315,1.0,0.99995506,10.010393,0.3725877,-0.5211314
2650,1,0,0.00022752488,-8.388023,0.6827840805053711,0.9999565,10.042795,0.00022752488,-8.388023
2651,1,0,0.0002157179,-8.441323,0.7872149348258972,0.9998754,8.990551,0.0002157179,-8.441323
2652,1,0,0.46674255,-0.1332266,1.0,0.46674255,-0.13322651,0.8565431,1.7868701
2653,1,0,0.00029321513,-8.134311,0.8223779201507568,0.9994925,7.585629,0.00029321513,-8.134311
2654,0,1,0.9916856,4.7814207,0.5959362983703613,0.9916856,4.78141,0.9933761,5.010416
2655,0,0,0.0001113558,-9.102669,0.7405669689178467,0.0001113558,-9.102669,0.008567743,-4.7511463
2656,0,0,0.01430319,-4.2328663,0.5109711289405823,0.01430319,-4.2328663,0.79591596,1.3609618
2657,0,0,0.0002977418,-8.118986,0.6215465068817139,0.0002977418,-8.118986,0.05628174,-2.8194575
2658,1,0,0.00013809057,-8.887463,0.657376229763031,0.9999584,10.088242,0.00013809057,-8.887463
2659,0,0,7.232767e-06,-11.836882,0.7381467223167419,7.232767e-06,-11.836882,0.0061966768,-5.077526
2660,1,0,0.024153683,-3.6988683,1.0,0.024153683,-3.6988683,0.28914863,-0.8995224
2661,0,0,9.305531e-06,-11.584892,0.7038978338241577,9.305531e-06,-11.584892,0.034750458,-3.324194
2662,1,0,0.00019607642,-8.53681,0.6132834553718567,0.9999845,11.072108,0.00019607642,-8.53681
2663,1,0,0.00033859376,-7.9903708,0.6928331851959229,0.99998295,10.976952,0.00033859376,-7.9903708
2664,0,0,2.1577267e-05,-10.743849,0.680949866771698,2.1577267e-05,-10.743849,0.23298764,-1.1915176
2665,0,1,0.9997365,8.241148,0.740301787853241,0.99997103,10.447807,0.9997365,8.241218
2666,0,1,0.5301707,0.120829515,1.0,0.717942,0.934276,0.5301707,0.1208296
2667,0,0,3.3059416e-05,-10.317171,0.8464497327804565,3.3059416e-05,-10.317171,0.043261454,-3.0962682
2668,1,0,0.00015624108,-8.763954,0.6173821687698364,0.999992,11.73926,0.00015624108,-8.763954
2669,1,0,0.00021362952,-8.451054,0.6531189680099487,0.98055184,3.9203644,0.00021362952,-8.451054
2670,0,1,0.99733835,5.9261456,0.7302535176277161,0.99881727,6.7387743,0.99733835,5.9261446
2671,1,0,0.00040724632,-7.805685,1.0,0.00040724632,-7.805685,0.8866311,2.0567813
2672,0,0,9.885891e-06,-11.524392,0.6788234114646912,9.885891e-06,-11.524392,0.0080606835,-4.8126636
2673,1,0,0.00021472696,-8.445929,0.7979734539985657,0.9999622,10.184544,0.00021472696,-8.445929
2674,0,1,0.948446,2.9121945,1.0,0.9893526,4.5317335,0.948446,2.9121933
2675,1,0,0.0002843048,-8.165179,0.8509024977684021,0.9999733,10.532528,0.0002843048,-8.165179
2676,1,0,7.241781e-06,-11.835636,1.0,7.241781e-06,-11.835636,0.5002477,0.0009908974
2677,0,0,0.00035561266,-7.941313,0.7795217633247375,0.00035561266,-7.941313,0.013041604,-4.3264832
2678,0,0,1.9241474e-05,-10.858423,0.6859646439552307,1.9241474e-05,-10.858423,0.20309004,-1.3670924
2679,0,0,0.22984624,-1.2091796,1.0,0.22984624,-1.2091796,0.66974145,0.707016
2680,0,0,9.311964e-05,-9.281532,0.749117910861969,9.311964e-05,-9.281532,0.040571406,-3.1632743
2681,0,1,0.99760747,6.033008,0.59329754114151,0.99760747,6.033001,0.9981908,6.3130827
2682,1,0,0.00015776612,-8.754239,0.5952703356742859,0.99998784,11.321329,0.00015776612,-8.754239
2683,1,0,0.0002936367,-8.132874,0.6098899841308594,0.9999901,11.518057,0.0002936367,-8.132874
2684,1,0,0.00022836229,-8.384349,0.6069947481155396,0.99974424,8.271153,0.00022836229,-8.384349
2685,1,0,0.0001912897,-8.56153,0.6478179693222046,0.99998283,10.975773,0.0001912897,-8.56153
2686,1,0,0.4324394,-0.2719054,1.0,0.9756772,3.691716,0.4324394,-0.27190536
2687,1,0,0.00021591649,-8.440403,0.7386993765830994,0.9999751,10.599508,0.00021591649,-8.440403
2688,0,0,1.5634674e-05,-11.066004,0.6420154571533203,1.5634674e-05,-11.066004,0.025039066,-3.6619601
2689,1,0,0.00443662,-5.413416,1.0,0.00443662,-5.413416,0.96268666,3.2503781
2690,0,0,3.9474573e-05,-10.139814,0.774868905544281,3.9474573e-05,-10.139814,0.736944,1.0301452
2691,1,0,0.0001826722,-8.607635,0.6857131719589233,0.9162262,2.3921432,0.0001826722,-8.607635
2692,1,0,0.0002416059,-8.327961,0.572044312953949,0.9999752,10.604752,0.0002416059,-8.327961
2693,0,0,0.0012685909,-6.668579,0.8121489882469177,0.0012685909,-6.668579,0.0054442454,-5.207737
2694,0,1,0.5915523,0.37038627,1.0,0.99867463,6.6247044,0.5915523,0.37038645
2695,0,0,2.7821448e-05,-10.4896755,0.6597157716751099,2.7821448e-05,-10.4896755,0.20728925,-1.3413432
2696,0,0,4.926952e-05,-9.918156,0.7790187001228333,4.926952e-05,-9.918156,0.028411094,-3.5321531
2697,0,0,1.41470555e-05,-11.16599,0.7630893588066101,1.41470555e-05,-11.16599,0.10578029,-2.1345873
2698,1,0,0.00026224583,-8.245966,0.7419565916061401,0.9999654,10.270782,0.00026224583,-8.245966
2699,1,0,0.00018609068,-8.58909,0.5527223348617554,0.9999366,9.666343,0.00018609068,-8.58909
2700,0,1,0.9997919,8.477381,0.4654881954193115,0.9998759,8.99492,0.9997919,8.477278
2701,1,0,0.00013756489,-8.891277,0.5609471201896667,0.99994695,9.844308,0.00013756489,-8.891277
2702,1,0,0.00040047575,-7.822457,1.0,0.00040047575,-7.822457,0.97721297,3.7585123
2703,1,0,0.00034007672,-7.985999,0.5992749929428101,0.99994195,9.7533455,0.00034007672,-7.985999
2704,0,0,1.1009381e-05,-11.416752,0.5772913098335266,1.1009381e-05,-11.416752,0.087284,-2.3472576
2705,1,0,0.00026118834,-8.250008,0.828414261341095,0.9999877,11.30769,0.00026118834,-8.250008
2706,1,0,8.951922e-06,-11.623633,1.0,8.951922e-06,-11.623633,0.9834689,4.085844
2707,0,0,0.00030714454,-8.087885,0.8060845732688904,0.00030714454,-8.087885,0.013621585,-4.2823844
2708,1,0,0.00720093,-4.926318,1.0,0.00720093,-4.926318,0.7168883,0.9290786
2709,0,1,0.82319796,1.538166,1.0,0.9997421,8.262724,0.82319796,1.5381663
2710,1,0,6.353867e-05,-9.663798,1.0,6.353867e-05,-9.663798,0.5367484,0.14725918
2711,0,0,2.1434887e-05,-10.750469,0.6125680208206177,2.1434887e-05,-10.750469,0.3304523,-0.70614016
2712,0,0,7.998702e-06,-11.736223,0.6402714252471924,7.998702e-06,-11.736223,0.09502417,-2.253777
2713,1,0,0.00017975373,-8.623743,0.48193109035491943,0.99997723,10.6896105,0.00017975373,-8.623743
2714,1,0,0.00015118689,-8.796843,0.5625534057617188,0.99999094,11.60778,0.00015118689,-8.796843
2715,1,0,0.00035991348,-7.929287,0.6994456648826599,0.9999263,9.515207,0.00035991348,-7.929287
2716,1,0,0.002835122,-5.862831,1.0,0.002835122,-5.862831,0.31180832,-0.7916788
2717,1,0,0.26399332,-1.0253154,1.0,0.9999747,10.5863695,0.26399332,-1.0253154
2718,0,1,0.99976236,8.344501,0.8478155732154846,0.9999374,9.6790085,0.99976236,8.344715
2719,0,1,0.9998809,9.035511,0.546977162361145,0.99988925,9.108766,0.9998809,9.035175
2720,0,1,0.9998828,9.051659,0.6340590119361877,0.99999106,11.619373,0.9998828,9.051678
2721,0,1,0.9994692,7.540633,0.7172633409500122,0.9995449,7.6946945,0.9994692,7.540515
2722,1,0,0.3660627,-0.54914546,1.0,0.9999689,10.378295,0.3660627,-0.5491454
2723,1,0,0.00019845366,-8.524756,0.7096458077430725,0.999895,9.161095,0.00019845366,-8.524756
2724,0,0,0.053827114,-2.866648,0.6183107495307922,0.053827114,-2.866648,0.08841807,-2.333105
2725,0,1,0.6443212,0.59416926,1.0,0.99992204,9.45924,0.6443212,0.5941694
2726,1,0,0.00019919187,-8.521043,0.5254595875740051,0.9999527,9.959539,0.00019919187,-8.521043
2727,0,1,0.9998337,8.70157,0.6664755344390869,0.9999919,11.727664,0.9998337,8.701593
2728,1,0,0.00027544555,-8.196845,0.6421443223953247,0.99996936,10.394228,0.00027544555,-8.196845
2729,0,1,0.9615926,3.2203412,1.0,0.99999213,11.755965,0.9615926,3.2203407
2730,1,0,0.0001805766,-8.619175,0.5355186462402344,0.99998903,11.419539,0.0001805766,-8.619175
2731,1,0,0.00013348974,-8.921352,0.4851532280445099,0.9999341,9.627472,0.00013348974,-8.921352
2732,1,0,0.09822709,-2.2170806,1.0,0.09822709,-2.2170806,0.42712027,-0.29361016
2733,0,0,2.6805146e-05,-10.52689,0.6766923069953918,2.6805146e-05,-10.52689,0.00920616,-4.6786337
2734,1,0,0.00020685632,-8.483279,0.6202086210250854,0.99970067,8.113739,0.00020685632,-8.483279
2735,0,0,1.3118249e-05,-11.241493,0.6178004145622253,1.3118249e-05,-11.241493,0.011414519,-4.461389
2736,0,1,0.9998816,9.041536,0.6402761340141296,0.99998057,10.849178,0.9998816,9.041494
2737,1,0,0.00026493965,-8.2357435,0.5800541639328003,0.9999682,10.354008,0.00026493965,-8.2357435
2738,0,1,0.99981517,8.595867,0.718946635723114,0.99993896,9.70496,0.99981517,8.595997
2739,1,0,0.04420554,-3.0736928,1.0,0.04420554,-3.0736928,0.76937664,1.2047946
2740,1,0,1.9496709e-05,-10.845245,1.0,1.9496709e-05,-10.845245,0.7438962,1.0663186
2741,0,1,0.8486578,1.7241125,1.0,0.8486578,1.7241123,0.9301861,2.5895517
2742,1,0,0.0012121046,-6.7141843,1.0,0.0012121046,-6.7141843,0.9881827,4.4263043
2743,1,0,3.4347537e-05,-10.278946,1.0,3.4347537e-05,-10.278946,0.98465675,4.161617
2744,0,0,0.00048777804,-7.625162,0.7644159197807312,0.00048777804,-7.625162,0.060049735,-2.7506537
2745,1,0,0.0002533901,-8.280327,0.832089900970459,0.9999857,11.152487,0.0002533901,-8.280327
2746,0,1,0.85396767,1.7660652,1.0,0.9935407,5.0357537,0.85396767,1.7660649
2747,1,0,0.00026612115,-8.231293,0.7074571847915649,0.99976915,8.373234,0.00026612115,-8.231293
2748,1,0,0.00019453414,-8.544708,0.5734864473342896,0.9999701,10.415791,0.00019453414,-8.544708
2749,0,1,0.8811356,2.003228,0.8063127398490906,0.8811356,2.0032277,0.96566564,3.33667
2750,0,1,0.6225188,0.500253,1.0,0.9991392,7.0568123,0.6225188,0.50025296
2751,1,0,0.00040205574,-7.8185177,0.7296915054321289,0.9430036,2.8060813,0.00040205574,-7.8185177
2752,1,0,0.00016032552,-8.738144,0.5991275310516357,0.9999825,10.950477,0.00016032552,-8.738144
2753,1,0,0.0002241433,-8.403001,0.6488324999809265,0.9999541,9.988357,0.0002241433,-8.403001
2754,1,0,0.061292134,-2.7288527,0.6949018836021423,0.061292134,-2.7288527,0.91872585,2.4251595
2755,1,0,0.00036415376,-7.91757,0.7900082468986511,0.99997973,10.808563,0.00036415376,-7.91757
2756,1,0,2.229316e-05,-10.711208,1.0,2.229316e-05,-10.711208,0.95412695,3.03492
2757,1,0,0.0002386962,-8.34008,0.6142081022262573,0.99998116,10.878035,0.0002386962,-8.34008
2758,1,0,5.1294023e-06,-12.180516,1.0,5.1294023e-06,-12.180516,0.3665118,-0.5472107
2759,0,1,0.65919006,0.6596869,1.0,0.99980944,8.565359,0.65919006,0.65968686
2760,1,0,0.00022880537,-8.38241,0.6750319004058838,0.9999825,10.952096,0.00022880537,-8.38241
2761,0,1,0.9918188,4.7977,0.6984251141548157,0.9935342,5.0347404,0.9918188,4.797703
2762,0,1,0.9989573,6.864876,0.9034600257873535,0.9990069,6.9137325,0.9989573,6.8648705
2763,1,0,0.00020763726,-8.47951,0.6143910884857178,0.9999863,11.199446,0.00020763726,-8.47951
2764,0,0,0.010782685,-4.5189724,0.6672495007514954,0.010782685,-4.5189724,0.015486858,-4.1521554
2765,1,0,0.00018316353,-8.604948,0.6543689370155334,0.99998724,11.271362,0.00018316353,-8.604948
2766,0,1,0.99605995,5.532615,0.6374433040618896,0.99605995,5.532623,0.9979214,6.1739817
2767,1,0,8.922521e-05,-9.324258,1.0,8.922521e-05,-9.324258,0.98375875,4.1038213
2768,0,0,9.588803e-06,-11.554905,0.6805364489555359,9.588803e-06,-11.554905,0.46011844,-0.15986586
2769,1,0,0.00025481562,-8.274715,0.6662112474441528,0.9999783,10.740524,0.00025481562,-8.274715
2770,1,0,0.054601144,-2.851552,1.0,0.3121848,-0.78992486,0.054601144,-2.851552
2771,0,1,0.99065405,4.6634226,0.6905996799468994,0.99501485,5.2963,0.99065405,4.663421
2772,0,0,5.4897282e-05,-9.809992,0.6995294690132141,5.4897282e-05,-9.809992,0.057273954,-2.8009298
2773,1,0,0.00026162848,-8.248323,0.6916083097457886,0.9999889,11.409653,0.00026162848,-8.248323
2774,1,0,0.117157914,-2.0196235,0.7892500758171082,0.117157914,-2.0196235,0.9144287,2.3689504
2775,0,0,0.338002,-0.67221075,0.5650192499160767,0.338002,-0.6722107,0.94027805,2.7564762
2776,1,0,0.00022234659,-8.411051,0.6872082352638245,0.9999726,10.505652,0.00022234659,-8.411051
2777,0,0,1.4891783e-05,-11.114686,0.7900126576423645,1.4891783e-05,-11.114686,0.050454456,-2.9349124
2778,1,0,0.00029851688,-8.116385,0.8450804948806763,0.99998736,11.280653,0.00029851688,-8.116385
2779,1,0,0.00024050595,-8.332525,0.6915573477745056,0.9999896,11.473745,0.00024050595,-8.332525
2780,1,0,0.0004083445,-7.802991,1.0,0.0004083445,-7.802991,0.7530211,1.1147904
2781,1,0,0.00015533344,-8.769781,0.5481809973716736,0.9995012,7.6028037,0.00015533344,-8.769781
2782,1,0,0.37888265,-0.49429357,1.0,0.9996662,8.00462,0.37888265,-0.4942935
2783,1,0,0.00021931696,-8.424773,0.6840639710426331,0.9999311,9.582407,0.00021931696,-8.424773
2784,1,0,0.00016817084,-8.690362,0.7651936411857605,0.99997354,10.539824,0.00016817084,-8.690362
2785,1,0,7.280573e-06,-11.830294,1.0,7.280573e-06,-11.830294,0.988422,4.4469976
2786,0,1,0.72098386,0.94934714,0.7507270574569702,0.72098386,0.949347,0.9439344,2.823533
2787,1,0,0.0002894902,-8.1470995,0.7100396752357483,0.99999154,11.677072,0.0002894902,-8.1470995
2788,0,1,0.9429513,2.8051097,1.0,0.99991643,9.389427,0.9429513,2.8051095
2789,0,1,0.74959326,1.0964441,1.0,0.99997175,10.475818,0.74959326,1.0964442
2790,0,1,0.99975616,8.318744,0.7671607136726379,0.9999707,10.435144,0.99975616,8.318699
2791,0,0,0.027282234,-3.5738583,0.5613148212432861,0.027282234,-3.5738583,0.8149038,1.4821943
2792,0,0,1.1669341e-05,-11.358534,0.5908778309822083,1.1669341e-05,-11.358534,0.23567224,-1.1765547
2793,1,0,0.00038630937,-7.8584857,1.0,0.00038630937,-7.8584857,0.9862125,4.2701077
2794,1,0,0.00021627478,-8.438745,0.6856622099876404,0.9962645,5.5861344,0.00021627478,-8.438745
2795,1,0,0.0029506818,-5.822764,1.0,0.0029506818,-5.822764,0.9345469,2.6587276
2796,1,0,0.00021413263,-8.448701,0.7980614900588989,0.7927211,1.3414061,0.00021413263,-8.448701
2797,0,0,0.11038113,-2.086854,0.6584742665290833,0.11038113,-2.086854,0.51066685,0.04267379
2798,0,1,0.9998307,8.683804,0.6119140982627869,0.9999511,9.927318,0.9998307,8.684179
2799,0,0,0.48844993,-0.04620849,0.7142369151115417,0.5138157,0.05527684,0.48844993,-0.0462084
2800,1,0,0.00029625552,-8.123992,0.8618066310882568,0.9999887,11.385781,0.00029625552,-8.123992
2801,1,0,0.00034855457,-7.961367,0.6134543418884277,0.9999925,11.806495,0.00034855457,-7.961367
2802,1,0,0.00028180506,-8.174013,0.6322304010391235,0.9999782,10.733452,0.00028180506,-8.174013
2803,0,1,0.8727709,1.9256837,1.0,0.9999691,10.383798,0.8727709,1.9256842
2804,0,1,0.9516075,2.9788084,1.0,0.99303705,4.9601727,0.9516075,2.9788082
2805,1,0,0.00028271356,-8.170794,0.8136770129203796,0.9978967,6.1621366,0.00028271356,-8.170794
2806,1,0,0.0005498114,-7.5053854,0.8365195989608765,0.9999863,11.196629,0.0005498114,-7.5053854
2807,1,0,0.030459391,-3.460428,1.0,0.9908957,4.689858,0.030459391,-3.460428
2808,0,0,0.020583631,-3.8624606,0.5114904046058655,0.020583631,-3.8624606,0.6857945,0.7805307
2809,1,0,0.00024541325,-8.312322,0.6013233065605164,0.99995756,10.067069,0.00024541325,-8.312322
2810,1,0,0.00019633965,-8.535468,0.661332905292511,0.9999789,10.764747,0.00019633965,-8.535468
2811,1,0,0.0003950593,-7.8360796,0.7206849455833435,0.99995315,9.96768,0.0003950593,-7.8360796
2812,0,0,3.3124015e-05,-10.315219,0.624424934387207,3.3124015e-05,-10.315219,0.0073363893,-4.907545
2813,0,0,3.8779966e-05,-10.157568,0.7467373013496399,3.8779966e-05,-10.157568,0.042981748,-3.103047
2814,0,0,7.074034e-06,-11.859073,0.7941190600395203,7.074034e-06,-11.859073,0.5481725,0.19328955
2815,0,0,5.8919828e-05,-9.739274,0.6458988785743713,5.8919828e-05,-9.739274,0.44100326,-0.23709129
2816,1,0,0.00020817567,-8.47692,0.698467493057251,0.99969375,8.090847,0.00020817567,-8.47692
2817,1,0,0.00023970354,-8.335868,0.64638352394104,0.9999007,9.217246,0.00023970354,-8.335868
2818,1,0,0.0003178207,-8.053705,0.8054530024528503,0.9999809,10.864517,0.0003178207,-8.053705
2819,1,0,0.0002788688,-8.18449,0.657103955745697,0.99997723,10.691124,0.0002788688,-8.18449
2820,1,0,0.0002234219,-8.406225,0.8076860308647156,0.9952461,5.3440332,0.0002234219,-8.406225
2821,0,1,0.973853,3.6175256,1.0,0.9999821,10.928984,0.973853,3.6175237
2822,0,0,0.4833984,-0.06643075,1.0,0.4833984,-0.06643081,0.54371035,0.17528886
2823,1,0,0.00020847002,-8.475507,0.4772431254386902,0.99995494,10.007193,0.00020847002,-8.475507
2824,1,0,0.00018895557,-8.57381,0.6418439149856567,0.99997044,10.429505,0.00018895557,-8.57381
2825,0,0,0.0020827102,-6.1720004,0.7833053469657898,0.0020827102,-6.1720004,0.66073257,0.66656065
2826,1,0,0.00020744234,-8.48045,0.6167310476303101,0.9999871,11.258741,0.00020744234,-8.48045
2827,1,0,0.00016192858,-8.728193,0.6495478749275208,0.9982911,6.3701506,0.00016192858,-8.728193
2828,0,0,0.0076958733,-4.8593454,0.6240193843841553,0.0076958733,-4.8593454,0.037830167,-3.2360842
2829,0,1,0.80770606,1.435173,1.0,0.9999875,11.284443,0.80770606,1.4351732
2830,0,0,0.00011974214,-9.03005,0.7447201013565063,0.00011974214,-9.03005,0.17937359,-1.5205972
2831,1,0,0.0002266117,-8.392046,0.5799811482429504,0.9999765,10.657734,0.0002266117,-8.392046
2832,1,0,0.00029190583,-8.138787,0.8318793177604675,0.9999851,11.11432,0.00029190583,-8.138787
2833,1,0,0.0002396631,-8.336037,0.6499311923980713,0.99998164,10.904948,0.0002396631,-8.336037
2834,1,0,0.00022217516,-8.411822,0.7627919316291809,0.999982,10.926507,0.00022217516,-8.411822
2835,0,0,5.4686763e-05,-9.813834,0.5524106025695801,5.4686763e-05,-9.813834,0.42928806,-0.28475648
2836,1,0,3.4653647e-05,-10.270073,1.0,3.4653647e-05,-10.270073,0.6682794,0.7004133
2837,0,1,0.9998343,8.70516,0.7689606547355652,0.9999896,11.471262,0.9998343,8.705632
2838,1,0,0.00018899648,-8.573593,0.522148609161377,0.9999404,9.727681,0.00018899648,-8.573593
2839,1,0,0.00026234836,-8.245575,0.794093132019043,0.99998415,11.048438,0.00026234836,-8.245575
2840,1,0,1.480515e-05,-11.120521,1.0,1.480515e-05,-11.120521,0.946491,2.872912
2841,1,0,0.009912935,-4.6039524,1.0,0.99997056,10.434663,0.009912935,-4.6039524
2842,0,0,0.26530918,-1.0185539,0.6592504978179932,0.26530918,-1.0185539,0.8139454,1.4758534
2843,1,0,0.00037120454,-7.898386,0.777912437915802,0.9988405,6.758604,0.00037120454,-7.898386
2844,0,1,0.9998869,9.0868635,0.678733766078949,0.9999726,10.504563,0.9998869,9.086696
2845,1,1,0.8920825,2.1121917,0.6248276233673096,0.91238946,2.3431656,0.8920825,2.1121917
2846,1,0,0.00028593664,-8.159454,0.748473584651947,0.9999844,11.063943,0.00028593664,-8.159454
2847,1,0,0.00036731054,-7.9089355,0.8385847210884094,0.9999802,10.829198,0.00036731054,-7.9089355
2848,1,0,0.0002690766,-8.220245,0.6913484334945679,0.9997296,8.215472,0.0002690766,-8.220245
2849,0,1,0.76210946,1.1642796,1.0,0.99998784,11.316834,0.76210946,1.1642795
2850,1,0,0.00024762825,-8.303334,0.7235289812088013,0.99997807,10.726553,0.00024762825,-8.303334
2851,1,0,0.0002273993,-8.388576,0.5633901953697205,0.999992,11.734909,0.0002273993,-8.388576
2852,0,0,2.6052609e-05,-10.5553665,0.7315981984138489,2.6052609e-05,-10.5553665,0.104008384,-2.1534595
2853,1,0,0.0013320169,-6.619728,1.0,0.0013320169,-6.619728,0.9536525,3.0241318
2854,1,0,0.4572585,-0.17138433,1.0,0.9997423,8.263648,0.4572585,-0.17138432
2855,0,0,0.00012641272,-8.975832,0.8277751803398132,0.00012641272,-8.975832,0.16284071,-1.637242
2856,0,0,7.990041e-06,-11.737307,0.6332575678825378,7.990041e-06,-11.737307,0.57036704,0.283349
2857,1,0,0.080660686,-2.433404,1.0,0.99995935,10.111137,0.080660686,-2.433404
2858,1,0,0.00015089194,-8.798796,0.639573872089386,0.95973754,3.1712394,0.00015089194,-8.798796
2859,1,0,0.00018110784,-8.616237,0.4607195556163788,0.9998523,8.8203,0.00018110784,-8.616237
2860,0,0,1.5074609e-05,-11.102484,0.4836219549179077,1.5074609e-05,-11.102484,0.27557832,-0.9665017
2861,1,0,0.0002932137,-8.1343155,0.6915259957313538,0.99995875,10.0954075,0.0002932137,-8.1343155
2862,0,0,2.1681428e-05,-10.739033,0.6644365191459656,2.1681428e-05,-10.739033,0.63738376,0.564027
2863,0,0,0.3787233,-0.49497074,0.6454945206642151,0.3787233,-0.49497077,0.9315827,2.61126
2864,0,0,2.6440015e-05,-10.540606,0.8021245002746582,2.6440015e-05,-10.540606,0.035867583,-3.2913947
2865,0,0,6.947817e-05,-9.574429,0.7516233325004578,6.947817e-05,-9.574429,0.010045937,-4.5904903
2866,0,1,0.83956933,1.6550272,1.0,0.99998415,11.051527,0.83956933,1.6550273
2867,0,0,6.121657e-06,-12.003672,0.6733773350715637,6.121657e-06,-12.003672,0.35108417,-0.61427706
2868,0,1,0.7468797,1.0820392,1.0,0.9999641,10.234697,0.7468797,1.0820391
2869,0,0,1.5769803e-05,-11.057398,0.6692390441894531,1.5769803e-05,-11.057398,0.53256506,0.13044488
2870,0,1,0.9983639,6.41381,0.801785409450531,0.9987833,6.7104025,0.9983639,6.4138203
2871,0,0,1.6426508e-05,-11.016598,0.679534912109375,1.6426508e-05,-11.016598,0.057729326,-2.7925272
2872,0,0,7.008611e-05,-9.565716,0.7430778741836548,7.008611e-05,-9.565716,0.025387427,-3.647786
2873,1,0,7.077412e-05,-9.555946,1.0,7.077412e-05,-9.555946,0.23692636,-1.1696051
2874,0,1,0.98054457,3.9199817,1.0,0.9931854,4.98185,0.98054457,3.919981
2875,1,0,0.0002771388,-8.190715,0.838282585144043,0.99824417,6.3430614,0.0002771388,-8.190715
2876,1,0,0.00020653685,-8.484825,0.8557169437408447,0.99998486,11.098429,0.00020653685,-8.484825
2877,0,1,0.9997609,8.338497,0.5907332301139832,0.9999299,9.566223,0.9997609,8.338447
2878,1,0,0.00021300287,-8.453992,0.792156994342804,0.99998295,10.97996,0.00021300287,-8.453992
2879,0,1,0.9850476,4.1878166,1.0,0.99998367,11.019878,0.9850476,4.1878157
2880,1,0,0.00026140432,-8.249181,0.6790401339530945,0.9999695,10.398081,0.00026140432,-8.249181
2881,0,1,0.8351063,1.6222582,1.0,0.9996891,8.07585,0.8351063,1.6222582
2882,0,0,7.985669e-06,-11.737854,0.7292981743812561,7.985669e-06,-11.737854,0.01990965,-3.8964403
2883,0,0,0.001879098,-6.2750826,0.6714075207710266,0.001879098,-6.2750826,0.10227981,-2.172146
2884,0,0,5.1914478e-05,-9.865861,0.8879985809326172,5.1914478e-05,-9.865861,0.26763192,-1.0066706
2885,1,0,0.4659643,-0.13635369,1.0,0.4659643,-0.13635361,0.9720901,3.5504665
2886,0,1,0.99963427,7.913238,0.7081195116043091,0.9999422,9.757373,0.99963427,7.913364
2887,1,0,1.3474066e-05,-11.21473,1.0,1.3474066e-05,-11.21473,0.811693,1.4610488
2888,1,0,0.000254059,-8.27769,0.7672914266586304,0.99998,10.820108,0.000254059,-8.27769
2889,0,0,1.290411e-05,-11.257952,0.7744970321655273,1.290411e-05,-11.257952,0.011984982,-4.4120436
2890,1,0,0.0002042822,-8.495804,0.7205345630645752,0.9999608,10.145521,0.0002042822,-8.495804
2891,1,0,0.10397435,-2.1538248,1.0,0.99994266,9.76633,0.10397435,-2.1538248
2892,1,0,0.00026670078,-8.229116,0.7695451378822327,0.9999833,11.004184,0.00026670078,-8.229116
2893,0,0,1.3498092e-05,-11.212949,0.7270408868789673,1.3498092e-05,-11.212949,0.30835056,-0.80784184
2894,0,0,8.713726e-06,-11.650602,0.6462712287902832,8.713726e-06,-11.650602,0.04640639,-3.0228004
2895,0,1,0.5850367,0.3434845,1.0,0.9999789,10.765604,0.5850367,0.3434844
2896,0,1,0.9998671,8.925643,0.7009631395339966,0.99998176,10.914602,0.9998671,8.925411
2897,1,0,6.8525645e-05,-9.588234,1.0,6.8525645e-05,-9.588234,0.9209598,2.4554598
2898,0,0,0.00025979255,-8.255367,0.6072555184364319,0.00025979255,-8.255367,0.031919047,-3.4121127
2899,1,0,0.0002075868,-8.4797535,0.750450611114502,0.9998005,8.519439,0.0002075868,-8.4797535
2900,1,0,0.00025445293,-8.27614,0.6885256171226501,0.99978524,8.44548,0.00025445293,-8.27614
2901,1,0,0.00035901184,-7.931796,0.8078208565711975,0.99962854,7.8978953,0.00035901184,-7.931796
2902,0,0,1.754954e-05,-10.950465,0.6146752238273621,1.754954e-05,-10.950465,0.056974888,-2.8064823
2903,1,0,0.00027261168,-8.20719,0.7503265142440796,0.9999684,10.364002,0.00027261168,-8.20719
2904,0,1,0.770429,1.2107352,0.8185097575187683,0.8964914,2.158834,0.770429,1.2107353
2905,0,1,0.9997217,8.186554,0.714448094367981,0.9999608,10.1463785,0.9997217,8.186611
2906,1,0,1.2585157e-05,-11.28298,1.0,1.2585157e-05,-11.28298,0.9220502,2.4705353
2907,0,0,0.0001966758,-8.533757,0.7349411249160767,0.0001966758,-8.533757,0.16430883,-1.6265113
2908,1,0,0.00020826778,-8.476478,0.59865403175354,0.99995625,10.03683,0.00020826778,-8.476478
2909,0,0,2.0992604e-05,-10.771319,0.8158831596374512,2.0992604e-05,-10.771319,0.023306193,-3.735454
2910,1,0,0.08464532,-2.3808417,1.0,0.08464532,-2.3808417,0.82853085,1.5752509
2911,1,0,0.00027495885,-8.198614,0.5894918441772461,0.994689,5.2326374,0.00027495885,-8.198614
2912,1,0,7.988502e-06,-11.737499,1.0,7.988502e-06,-11.737499,0.66665184,0.6930804
2913,1,0,0.00024092547,-8.330782,0.5125832557678223,0.99993956,9.713148,0.00024092547,-8.330782
2914,1,0,0.00026517594,-8.234852,0.6760894656181335,0.9999573,10.060582,0.00026517594,-8.234852
2915,0,1,0.99991,9.3155775,0.6567902565002441,0.9999924,11.7796955,0.99991,9.316199
2916,0,1,0.77615523,1.2433997,1.0,0.9996737,8.027375,0.77615523,1.2433996
2917,0,1,0.9849244,4.179486,1.0,0.99994814,9.867148,0.9849244,4.179484
2918,1,0,0.20486626,-1.3561529,1.0,0.99994206,9.755246,0.20486626,-1.356153
2919,0,1,0.9654336,3.3296952,1.0,0.9999895,11.464493,0.9654336,3.3296933
2920,0,0,9.2353024e-05,-9.2898,0.5147463083267212,9.2353024e-05,-9.2898,0.45083562,-0.19729492
2921,0,1,0.9998361,8.716012,0.6691159009933472,0.99990165,9.226679,0.9998361,8.71639
2922,0,1,0.94448376,2.833963,1.0,0.9999745,10.578642,0.94448376,2.8339617
2923,0,1,0.99875355,6.686207,0.7469474077224731,0.9991898,7.1174717,0.99875355,6.6861763
2924,1,0,0.00032794458,-8.022338,0.6894639730453491,0.99965155,7.9616084,0.00032794458,-8.022338
2925,0,0,1.5934918e-05,-11.046982,0.5880990624427795,1.5934918e-05,-11.046982,0.12062538,-1.9865212
2926,1,0,0.00089773367,-7.014739,1.0,0.00089773367,-7.014739,0.98060775,3.923298
2927,1,0,0.22976656,-1.2096298,1.0,0.22976656,-1.2096299,0.9417888,2.783704
2928,1,0,0.00037424502,-7.8902254,0.6644394993782043,0.9999784,10.745373,0.00037424502,-7.8902254
2929,0,0,9.398804e-06,-11.574919,0.7380030155181885,9.398804e-06,-11.574919,0.0053983624,-5.2162466
2930,0,0,0.00010954535,-9.119062,0.7411283254623413,0.00010954535,-9.119062,0.015191075,-4.1717396
2931,0,1,0.9835113,4.0884557,0.5177663564682007,0.9835113,4.0884533,0.994588,5.213721
2932,1,0,1.426156e-05,-11.157928,1.0,1.426156e-05,-11.157928,0.18321411,-1.4947215
2933,0,0,0.00030134292,-8.10696,0.7453724145889282,0.00030134292,-8.10696,0.024092427,-3.7014704
2934,1,0,0.2912011,-0.88955766,1.0,0.999944,9.790644,0.2912011,-0.88955766
2935,1,0,0.00022822667,-8.384943,0.6644523739814758,0.99998605,11.181282,0.00022822667,-8.384943
2936,1,0,0.00015495015,-8.772252,0.5606479644775391,0.9996214,7.878641,0.00015495015,-8.772252
2937,1,0,0.0002192532,-8.425064,0.8491998910903931,0.9999261,9.513088,0.0002192532,-8.425064
2938,0,1,0.99217904,4.843096,0.6685763597488403,0.99217904,4.843092,0.99399143,5.1085443
2939,1,0,0.08876482,-2.3288107,1.0,0.99673414,5.7209425,0.08876482,-2.3288107
2940,1,0,0.00024259895,-8.323858,0.7220908403396606,0.99999034,11.54842,0.00024259895,-8.323858
2941,1,0,0.0003302538,-8.015319,0.7743663787841797,0.9999572,10.058898,0.0003302538,-8.015319
2942,1,0,0.0002783787,-8.18625,0.8215317130088806,0.9994708,7.543546,0.0002783787,-8.18625
2943,1,0,0.00019881674,-8.522928,0.5801169276237488,0.9999057,9.268809,0.00019881674,-8.522928
2944,1,0,0.0002596655,-8.2558565,0.7627807855606079,0.99996567,10.279953,0.0002596655,-8.2558565
2945,0,1,0.99969685,8.100983,0.8507192134857178,0.99996746,10.332158,0.99969685,8.101042
2946,0,0,0.00026872818,-8.221541,0.6883460879325867,0.00026872818,-8.221541,0.20438273,-1.359124
2947,0,1,0.9997888,8.462592,0.6739456653594971,0.999923,9.471817,0.9997888,8.462721
2948,1,0,0.1928067,-1.431875,1.0,0.99997973,10.806226,0.1928067,-1.431875
2949,0,0,5.484611e-05,-9.810925,0.6576644778251648,5.484611e-05,-9.810925,0.07994533,-2.44309
2950,0,0,7.3648e-06,-11.818791,0.6028094291687012,7.3648e-06,-11.818791,0.016386392,-4.094782
2951,0,0,7.3864917e-06,-11.81585,0.7475775480270386,7.3864917e-06,-11.81585,0.014955429,-4.1876125
2952,0,1,0.9955077,5.400892,0.738521933555603,0.9955077,5.400901,0.99827504,6.360853
2953,1,0,0.00024211369,-8.325861,0.8043684959411621,0.9999205,9.43909,0.00024211369,-8.325861
2954,1,0,0.00037860253,-7.878645,0.7877442836761475,0.99970967,8.144207,0.00037860253,-7.878645
2955,0,0,0.0492019,-2.9613695,0.8264399766921997,0.08413878,-2.3873973,0.0492019,-2.9613695
2956,1,0,0.00016824543,-8.6899185,0.5675954818725586,0.99995196,9.942818,0.00016824543,-8.6899185
2957,0,1,0.99932563,7.3010616,0.7065423727035522,0.99932563,7.301022,0.99961734,7.868075
2958,1,0,0.0019076531,-6.259972,1.0,0.0019076531,-6.259972,0.5656714,0.26421195
2959,0,0,2.8765322e-05,-10.456311,0.7678296566009521,2.8765322e-05,-10.456311,0.16685447,-1.6080863
2960,1,0,0.0002446038,-8.315626,0.7584376931190491,0.99998474,11.090687,0.0002446038,-8.315626
2961,0,1,0.9990227,6.929762,0.7647359371185303,0.9990227,6.9298,0.9996661,8.00427
2962,0,1,0.99987507,8.987621,0.5043444633483887,0.9999627,10.19466,0.99987507,8.9874325
2963,1,0,0.0002858843,-8.159637,0.7833686470985413,0.9995659,7.741771,0.0002858843,-8.159637
2964,1,0,0.00013726168,-8.893484,0.6157863736152649,0.9999274,9.530017,0.00013726168,-8.893484
2965,1,0,0.00018100995,-8.616777,0.5903096795082092,0.9999654,10.271251,0.00018100995,-8.616777
2966,1,0,5.0279952e-05,-9.897854,1.0,5.0279952e-05,-9.897854,0.9275538,2.5497055
2967,0,1,0.9997384,8.248414,0.7603545784950256,0.9999713,10.458919,0.9997384,8.24862
2968,1,0,0.00017829935,-8.631868,0.771202027797699,0.9999542,9.992346,0.00017829935,-8.631868
2969,0,0,9.763406e-06,-11.5368595,0.7655072212219238,9.763406e-06,-11.5368595,0.011960067,-4.4141498
2970,0,1,0.8872801,2.0632548,1.0,0.9999808,10.863073,0.8872801,2.0632553
2971,1,0,0.00027778506,-8.188385,0.6065724492073059,0.999974,10.55979,0.00027778506,-8.188385
2972,0,0,7.828801e-06,-11.757693,0.6928128004074097,7.828801e-06,-11.757693,0.046932053,-3.0109854
2973,1,0,0.052920714,-2.884588,1.0,0.052920714,-2.884588,0.09991798,-2.1981363
2974,1,0,0.00041176486,-7.7946463,0.8363745808601379,0.9999764,10.654852,0.00041176486,-7.7946463
2975,1,0,0.00027665676,-8.192456,1.0,0.00027665676,-8.192456,0.5890504,0.36004117
2976,0,0,9.566479e-06,-11.557236,0.690187394618988,9.566479e-06,-11.557236,0.6167791,0.47589922
2977,0,0,2.5672376e-05,-10.570069,0.6508194208145142,2.5672376e-05,-10.570069,0.71569765,0.9232198
2978,1,0,0.00040706852,-7.806122,0.6708547472953796,0.9999565,10.041744,0.00040706852,-7.806122
2979,0,1,0.94710624,2.8851259,1.0,0.9999027,9.237682,0.94710624,2.885126
2980,1,0,0.00025053025,-8.29168,0.7090522646903992,0.9999726,10.506014,0.00025053025,-8.29168
2981,0,0,1.1716019e-05,-11.354542,0.7550512552261353,1.1716019e-05,-11.354542,0.00801144,-4.818841
2982,0,0,1.7767587e-05,-10.938117,0.6693928837776184,1.7767587e-05,-10.938117,0.040358983,-3.1687453
2983,1,0,0.00011507374,-9.069822,1.0,0.00011507374,-9.069822,0.91337544,2.3555632
2984,0,0,0.000104523555,-9.165994,0.7140873670578003,0.000104523555,-9.165994,0.12063682,-1.9864132
2985,0,1,0.99961734,7.867976,0.616857647895813,0.99961734,7.8681717,0.99987185,8.962094
2986,0,1,0.91314626,2.3526704,1.0,0.9999788,10.757866,0.91314626,2.352671
2987,1,0,0.00025307262,-8.281581,0.6735111474990845,0.9999813,10.884882,0.00025307262,-8.281581
2988,1,0,0.2778744,-0.95502985,1.0,0.99997616,10.642368,0.2778744,-0.95502985
2989,1,0,0.00023962745,-8.336185,0.7264637351036072,0.9998709,8.955034,0.00023962745,-8.336185
2990,0,0,1.17295685e-05,-11.353386,0.6536316871643066,1.17295685e-05,-11.353386,0.01030544,-4.5647244
2991,1,0,0.00017736353,-8.637132,0.5864407420158386,0.9999349,9.640586,0.00017736353,-8.637132
2992,0,1,0.99987185,8.962181,0.671506404876709,0.99999106,11.629103,0.99987185,8.962179
2993,1,0,0.0001944952,-8.544909,0.5253927707672119,0.99995506,10.010021,0.0001944952,-8.544909
2994,0,0,4.7452166e-05,-9.955741,0.677476704120636,4.7452166e-05,-9.955741,0.14586277,-1.7674255
2995,1,0,0.00017695305,-8.639449,0.762957751750946,0.99994695,9.844625,0.00017695305,-8.639449
2996,0,0,1.7717957e-05,-10.940914,0.6835487484931946,1.7717957e-05,-10.940914,0.005558746,-5.1868086
2997,1,0,0.00041024658,-7.7983418,0.7944301962852478,0.9999815,10.90051,0.00041024658,-7.7983418
2998,1,0,0.0005306909,-7.5408,0.6246423125267029,0.99974173,8.261432,0.0005306909,-7.5408
2999,0,0,0.00019669098,-8.53368,0.7021855115890503,0.00019669098,-8.53368,0.009150666,-4.684736
3000,0,1,0.8653229,1.8602226,1.0,0.99587834,5.4873743,0.8653229,1.8602223
3001,1,0,1.8776887e-05,-10.882865,1.0,1.8776887e-05,-10.882865,0.4089095,-0.36847532
3002,0,0,5.8746346e-06,-12.044861,0.6613423824310303,5.8746346e-06,-12.044861,0.004945749,-5.304269
3003,0,1,0.93523157,2.6699758,1.0,0.9999901,11.527327,0.93523157,2.669976
3004,1,0,0.011639471,-4.4416456,1.0,0.011639471,-4.4416456,0.99195236,4.814299
3005,0,1,0.9988865,6.799156,0.8121135234832764,0.9999684,10.361432,0.9988865,6.79917
3006,0,0,1.7293785e-05,-10.965146,0.8803831934928894,1.7293785e-05,-10.965146,0.24365468,-1.132746
3007,1,0,0.00021321807,-8.452982,0.6632627844810486,0.9999516,9.936392,0.00021321807,-8.452982
3008,0,0,7.118896e-06,-11.852751,0.8601115942001343,7.118896e-06,-11.852751,0.20518504,-1.3541971
3009,0,0,0.002333176,-6.058189,0.8355184197425842,0.002333176,-6.058189,0.87698364,1.9641712
3010,1,0,0.00029350742,-8.133314,0.5658406019210815,0.99998343,11.009351,0.00029350742,-8.133314
3011,1,0,0.42624286,-0.297197,1.0,0.9999702,10.4205675,0.42624286,-0.2971968
3012,1,0,0.00017138138,-8.671448,0.577864944934845,0.99996257,10.1917925,0.00017138138,-8.671448
3013,1,0,1.2427059e-05,-11.295622,1.0,1.2427059e-05,-11.295622,0.49698526,-0.012059279
3014,1,0,0.099088624,-2.2073922,1.0,0.99999046,11.566017,0.099088624,-2.2073922
3015,1,0,0.49445912,-0.022164388,1.0,0.99870443,6.647479,0.49445912,-0.02216442
3016,0,1,0.9997794,8.418954,0.6341038346290588,0.9998877,9.094257,0.9997794,8.418714
3017,1,0,0.002424621,-6.0196524,1.0,0.002424621,-6.0196524,0.9276958,2.5518217
3018,0,0,0.0024878252,-5.9938555,0.6661040782928467,0.0024878252,-5.9938555,0.060477648,-2.7430978
3019,0,0,9.980021e-06,-11.514915,0.7910280227661133,9.980021e-06,-11.514915,0.057284366,-2.800737
3020,0,0,8.859417e-06,-11.634021,0.8201507329940796,8.859417e-06,-11.634021,0.10522179,-2.1405053
3021,1,0,1.3511975e-05,-11.211921,1.0,1.3511975e-05,-11.211921,0.97541785,3.6808448
3022,1,0,0.0002452453,-8.313006,0.7965938448905945,0.99998534,11.128976,0.0002452453,-8.313006
3023,0,0,4.296133e-05,-10.055167,0.6604022979736328,4.296133e-05,-10.055167,0.06817767,-2.615025
3024,1,0,0.0002023813,-8.505155,0.6654015779495239,0.9983034,6.3774643,0.0002023813,-8.505155
3025,1,0,0.00018731295,-8.582542,0.6767904162406921,0.9999777,10.709232,0.00018731295,-8.582542
3026,1,0,0.00010558339,-9.155904,1.0,0.00010558339,-9.155904,0.9963407,5.606817
3027,1,0,0.00019809297,-8.526576,0.6229763627052307,0.95332336,3.0167103,0.00019809297,-8.526576
3028,0,0,0.00026179216,-8.247698,0.701985239982605,0.00026179216,-8.247698,0.25186962,-1.0886657
3029,0,0,4.4538924e-06,-12.321728,0.6431616544723511,4.4538924e-06,-12.321728,0.017716663,-4.015374
3030,1,0,0.0002336675,-8.361378,0.5419656038284302,0.99997497,10.5973625,0.0002336675,-8.361378
3031,1,0,0.00015575928,-8.767043,0.6479426622390747,0.9998022,8.527653,0.00015575928,-8.767043
3032,1,0,0.00014004891,-8.873379,0.6561355590820312,0.99997294,10.518503,0.00014004891,-8.873379
3033,0,0,0.00039208555,-7.8436384,0.8838530778884888,0.00039208555,-7.8436384,0.0114493305,-4.4583087
3034,1,0,0.0002996269,-8.112673,0.8883150815963745,0.9999808,10.863844,0.0002996269,-8.112673
3035,1,0,0.000278784,-8.184794,0.6398547291755676,0.9999784,10.743665,0.000278784,-8.184794
3036,1,0,0.00021617107,-8.439224,0.8306317329406738,0.9999318,9.592611,0.00021617107,-8.439224
3037,1,0,0.00024378565,-8.318977,0.7157691121101379,0.9998778,9.009979,0.00024378565,-8.318977
3038,0,0,4.4262957e-05,-10.025318,0.7052054405212402,4.4262957e-05,-10.025318,0.02791469,-3.5502906
3039,0,1,0.9877521,4.3900757,0.6357811689376831,0.9877521,4.3900747,0.99440336,5.1799774
3040,0,0,8.371345e-05,-9.388027,0.6942562460899353,8.371345e-05,-9.388027,0.12948322,-1.9055357
3041,0,0,4.0694813e-05,-10.109369,0.7396533489227295,4.0694813e-05,-10.109369,0.6589572,0.65865064
3042,1,0,0.00024226125,-8.325252,0.6669449210166931,0.99942076,7.453245,0.00024226125,-8.325252
3043,1,0,0.00022121274,-8.416164,0.7494503855705261,0.98980635,4.575749,0.00022121274,-8.416164
3044,1,0,0.00024195331,-8.326524,0.8035025596618652,0.9999819,10.92026,0.00024195331,-8.326524
3045,0,0,1.582025e-05,-11.054204,0.7394307851791382,1.582025e-05,-11.054204,0.044088714,-3.0764613
3046,0,0,0.012419819,-4.375964,0.7272231578826904,0.012419819,-4.375964,0.3304672,-0.7060728
3047,1,0,0.00040464735,-7.81209,0.8029628396034241,0.99998,10.817906,0.00040464735,-7.81209
3048,0,0,0.00025060933,-8.291365,0.6312025189399719,0.00025060933,-8.291365,0.6434575,0.5904023
3049,1,0,0.00026479343,-8.236296,0.6011165380477905,0.9999739,10.551655,0.00026479343,-8.236296
3050,0,0,0.012017316,-4.4093165,0.6601765155792236,0.012017316,-4.4093165,0.40412357,-0.38831267
3051,0,1,0.56456435,0.2597074,1.0,0.9999529,9.963932,0.56456435,0.2597074
3052,1,0,0.00021810144,-8.430332,0.6902021169662476,0.9999615,10.165248,0.00021810144,-8.430332
3053,0,0,1.5740985e-05,-11.059227,0.6822962164878845,1.5740985e-05,-11.059227,0.08987496,-2.3151627
3054,1,0,0.00027058128,-8.214667,0.7532965540885925,0.9999566,10.044106,0.00027058128,-8.214667
3055,0,1,0.96622133,3.3535635,0.7795081734657288,0.96622133,3.3535638,0.9845413,4.154002
3056,0,1,0.94074655,2.7648497,1.0,0.9995881,7.794282,0.94074655,2.7648501
3057,1,0,0.0004496233,-7.7066507,0.657140851020813,0.9999801,10.825005,0.0004496233,-7.7066507
3058,1,0,0.0004024112,-7.8176336,0.7605860829353333,0.99986696,8.924538,0.0004024112,-7.8176336
3059,0,0,0.00024021536,-8.3337345,0.5939785838127136,0.00024021536,-8.3337345,0.015125095,-4.1761594
3060,1,0,0.0001552671,-8.770208,0.6743175387382507,0.9999924,11.781479,0.0001552671,-8.770208
3061,1,0,0.24534832,-1.1235774,1.0,0.99991095,9.326194,0.24534832,-1.1235774
3062,1,0,0.00023173413,-8.369688,0.5861497521400452,0.9999784,10.742098,0.00023173413,-8.369688
3063,1,0,0.00032935612,-8.018042,0.7519661784172058,0.99474686,5.243664,0.00032935612,-8.018042
3064,0,1,0.5064278,0.025712732,1.0,0.9999757,10.622614,0.5064278,0.025712743
3065,0,0,2.4656649e-05,-10.610439,0.6864275336265564,2.4656649e-05,-10.610439,0.0041559776,-5.479043
3066,1,0,0.0002504044,-8.292183,0.7726138830184937,0.9998667,8.922684,0.0002504044,-8.292183
3067,0,0,0.0014555993,-6.530881,0.6301589012145996,0.0014555993,-6.530881,0.148212,-1.748694
3068,1,0,0.00020340524,-8.500107,0.7746151089668274,0.9999846,11.079737,0.00020340524,-8.500107
3069,0,0,9.2009e-06,-11.5962,0.49003350734710693,9.2009e-06,-11.5962,0.026373602,-3.608664
3070,0,0,0.38135618,-0.48379594,0.8763883113861084,0.38135618,-0.48379588,0.71467996,0.91822326
3071,0,1,0.57211447,0.29048342,1.0,0.9999442,9.793185,0.57211447,0.29048342
3072,0,0,5.4676497e-05,-9.814022,0.7299458980560303,5.4676497e-05,-9.814022,0.57486576,0.30173147
3073,0,0,0.00015884796,-8.747404,0.7451466917991638,0.00015884796,-8.747404,0.102687,-2.1677191
3074,0,1,0.8701204,1.9020238,0.7710851430892944,0.91346675,2.3567178,0.8701204,1.9020238
3075,1,0,0.0002061194,-8.486849,0.7902402877807617,0.99998033,10.838793,0.0002061194,-8.486849
3076,1,0,0.00026569347,-8.232902,0.9274742007255554,0.99993217,9.59768,0.00026569347,-8.232902
3077,0,1,0.99971896,8.176747,0.7281816601753235,0.9998338,8.70227,0.99971896,8.176768
3078,1,0,0.00024160961,-8.327946,0.7603707909584045,0.99999213,11.74543,0.00024160961,-8.327946
3079,0,1,0.99977106,8.381815,0.813709557056427,0.999962,10.177709,0.99977106,8.381796
3080,1,0,0.00016541632,-8.70688,0.543230414390564,0.99998677,11.23263,0.00016541632,-8.70688
3081,1,0,0.00047540118,-7.650876,1.0,0.00047540118,-7.650876,0.9470606,2.8842154
3082,1,0,0.00022078858,-8.418084,0.722305178642273,0.9999552,10.012443,0.00022078858,-8.418084
3083,0,1,0.9999018,9.228116,0.728046715259552,0.99993837,9.693924,0.9999018,9.228476
3084,0,0,1.2453682e-05,-11.293482,0.7571095824241638,1.2453682e-05,-11.293482,0.20219657,-1.372622
3085,0,0,0.00010844355,-9.129172,0.7618024945259094,0.00010844355,-9.129172,0.06564943,-2.6555228
3086,0,0,1.540813e-05,-11.0806,0.6860418319702148,1.540813e-05,-11.0806,0.02799702,-3.5472608
3087,1,0,0.00022717199,-8.389576,0.5650068521499634,0.99997973,10.806358,0.00022717199,-8.389576
3088,1,0,0.2365247,-1.1718282,1.0,0.9929755,4.951302,0.2365247,-1.171828
3089,1,0,0.00016774613,-8.692891,0.6972016096115112,0.9999893,11.446242,0.00016774613,-8.692891
3090,1,0,0.00020837165,-8.475979,0.6412922143936157,0.99997497,10.596048,0.00020837165,-8.475979
3091,1,0,0.19853342,-1.3954859,1.0,0.99999,11.511456,0.19853342,-1.3954858
3092,0,0,7.303494e-06,-11.82715,0.537543773651123,7.303494e-06,-11.82715,0.011235923,-4.4773397
3093,1,0,0.00028214243,-8.172816,0.5665499567985535,0.99990094,9.220001,0.00028214243,-8.172816
3094,0,0,0.0012589049,-6.6762533,0.625718891620636,0.0012589049,-6.6762533,0.22746418,-1.2226856
3095,1,0,0.00022436268,-8.402022,0.640434205532074,0.9978428,6.136797,0.00022436268,-8.402022
3096,1,0,1.1880311e-05,-11.340616,1.0,1.1880311e-05,-11.340616,0.0761279,-2.4961588
3097,0,0,9.453558e-06,-11.56911,0.8756238222122192,9.453558e-06,-11.56911,0.0073106843,-4.911081
3098,1,0,0.0002165366,-8.437534,0.8436314463615417,0.9999894,11.45463,0.0002165366,-8.437534
3099,0,1,0.9996264,7.891946,0.5464656949043274,0.99974185,8.261978,0.9996264,7.892106
3100,1,0,0.00021484634,-8.445373,0.7414358854293823,0.9998871,9.089405,0.00021484634,-8.445373
3101,0,0,6.402458e-05,-9.656179,0.7408685088157654,6.402458e-05,-9.656179,0.9223341,2.4744902
3102,1,0,0.00020211576,-8.506468,0.7348784804344177,0.999977,10.680024,0.00020211576,-8.506468
3103,0,1,0.65377796,0.6356875,1.0,0.9999758,10.6293125,0.65377796,0.63568735
3104,1,0,0.36924303,-0.5354656,0.6902697682380676,0.36924303,-0.5354656,0.91029334,2.3172214
3105,1,0,0.00022798483,-8.3860035,0.6287595629692078,0.99998784,11.312978,0.00022798483,-8.3860035
3106,0,0,0.2687295,-1.0010781,0.519737958908081,0.2687295,-1.001078,0.8341744,1.6155062
3107,1,0,2.482213e-05,-10.60375,1.0,2.482213e-05,-10.60375,0.4171237,-0.33459216
3108,0,1,0.96750075,3.3934991,1.0,0.9999609,10.150515,0.96750075,3.3934984
3109,0,0,0.2265705,-1.2277783,1.0,0.2265705,-1.2277783,0.8183757,1.5053813
3110,1,0,0.0032259077,-5.7333097,1.0,0.0032259077,-5.7333097,0.4960852,-0.015659466
3111,1,0,0.040946264,-3.1536865,1.0,0.99996006,10.12686,0.040946264,-3.1536865
3112,1,0,0.00027745793,-8.189564,0.7453561425209045,0.99997795,10.720469,0.00027745793,-8.189564
3113,1,0,0.00021906513,-8.425922,0.7338823080062866,0.99998045,10.842846,0.00021906513,-8.425922
3114,1,1,0.7544004,1.1222205,1.0,0.7544004,1.1222208,0.9910267,4.704483
3115,1,0,0.000322937,-8.03773,0.8747991323471069,0.9999778,10.716148,0.000322937,-8.03773
3116,1,0,0.00017251431,-8.664858,0.5839704871177673,0.99995744,10.064823,0.00017251431,-8.664858
3117,0,0,1.7665234e-05,-10.943894,0.8754843473434448,1.7665234e-05,-10.943894,0.043127425,-3.0995111
3118,0,1,0.9701829,3.4824023,0.8811129331588745,0.983335,4.0776405,0.9701829,3.4824035
3119,1,0,0.0002514362,-8.28807,0.7439772486686707,0.99991214,9.339943,0.0002514362,-8.28807
3120,1,0,0.00037019598,-7.901108,0.9420599937438965,0.968561,3.4277616,0.00037019598,-7.901108
3121,0,1,0.99977094,8.381294,0.7587228417396545,0.9997942,8.48852,0.99977094,8.381378
3122,0,0,2.2807912e-05,-10.68838,0.717285692691803,2.2807912e-05,-10.68838,0.16795331,-1.6002026
3123,0,1,0.9487271,2.9179583,0.6504791378974915,0.9505286,2.9556234,0.9487271,2.9179592
3124,1,0,0.00016924735,-8.68398,0.5760253071784973,0.9992167,7.1511846,0.00016924735,-8.68398
3125,1,0,0.00017787705,-8.63424,0.7000361084938049,0.99998677,11.233702,0.00017787705,-8.63424
3126,0,1,0.9739891,3.6228857,1.0,0.9999856,11.142892,0.9739891,3.6228852
3127,0,0,2.4163506e-05,-10.630643,0.7792183756828308,2.4163506e-05,-10.630643,0.015047165,-4.181404
3128,0,0,1.9704603e-05,-10.834639,0.5877125859260559,1.9704603e-05,-10.834639,0.008311211,-4.781804
3129,1,0,0.00023501569,-8.355623,0.6980363130569458,0.9999542,9.991907,0.00023501569,-8.355623
3130,1,0,0.00035316191,-7.9482307,0.9022233486175537,0.9998568,8.851576,0.00035316191,-7.9482307
3131,1,0,0.0005247564,-7.5520515,1.0,0.0005247564,-7.5520515,0.67854506,0.7470933
3132,0,1,0.99965215,7.9633837,0.652755081653595,0.9996973,8.102659,0.99965215,7.9635196
3133,0,0,5.0661623e-05,-9.890291,0.8753228783607483,5.0661623e-05,-9.890291,0.0068598944,-4.9751797
3134,0,1,0.9998448,8.770573,0.6038965582847595,0.99998116,10.881395,0.9998448,8.770549
3135,1,0,0.003127214,-5.7644806,1.0,0.003127214,-5.7644806,0.9080103,2.2895794
3136,0,0,2.6218479e-05,-10.54902,0.6718865036964417,2.6218479e-05,-10.54902,0.27185556,-0.9852286
3137,0,0,6.082035e-05,-9.707525,0.8925253748893738,6.082035e-05,-9.707525,0.013598112,-4.284133
3138,0,1,0.63025534,0.5333123,1.0,0.9995459,7.696783,0.63025534,0.53331244
3139,1,0,6.364279e-05,-9.662161,1.0,6.364279e-05,-9.662161,0.96220654,3.2370944
3140,1,0,0.00016936843,-8.683265,0.7520303130149841,0.9999865,11.212717,0.00016936843,-8.683265
3141,1,0,0.004583642,-5.380667,1.0,0.004583642,-5.380667,0.816075,1.4899783
3142,1,0,0.0023230906,-6.062531,1.0,0.0023230906,-6.062531,0.7754747,1.2394872
3143,1,0,0.00025994368,-8.254786,0.7801302671432495,0.99999344,11.9383135,0.00025994368,-8.254786
3144,0,1,0.96643084,3.360002,1.0,0.9999411,9.739388,0.96643084,3.3600023
3145,1,0,0.0002091338,-8.472327,0.7218279838562012,0.99997485,10.589309,0.0002091338,-8.472327
3146,1,0,3.101889e-05,-10.380883,1.0,3.101889e-05,-10.380883,0.6042827,0.42334196
3147,1,0,0.00022922285,-8.380587,0.5375087261199951,0.9999776,10.708229,0.00022922285,-8.380587
3148,0,0,7.1795e-06,-11.844274,0.7262215614318848,7.1795e-06,-11.844274,0.22634876,-1.2290442
3149,0,0,7.7054365e-06,-11.773577,0.7891104221343994,7.7054365e-06,-11.773577,0.025268814,-3.6525908
3150,0,1,0.99972767,8.20821,0.683966875076294,0.9997341,8.232113,0.99972767,8.20815
3151,0,1,0.9465959,2.874985,1.0,0.99712497,5.8488083,0.9465959,2.8749843
3152,0,0,5.5917386e-05,-9.791579,0.666951596736908,5.5917386e-05,-9.791579,0.4728766,-0.10859999
3153,1,0,0.00017046562,-8.676806,0.7466684579849243,0.99785537,6.1426387,0.00017046562,-8.676806
3154,1,0,0.00020058526,-8.5140705,0.6231294870376587,0.99977976,8.42062,0.00020058526,-8.5140705
3155,0,1,0.9996847,8.061644,0.7426888346672058,0.999992,11.734705,0.9996847,8.061609
3156,1,0,2.11318e-05,-10.76471,1.0,2.11318e-05,-10.76471,0.94531864,2.8499994
3157,0,1,0.99978536,8.446351,0.7454810738563538,0.99993324,9.614678,0.99978536,8.446499
3158,1,0,0.19264536,-1.4329121,1.0,0.9998467,8.783187,0.19264536,-1.432912
3159,1,0,0.001137256,-6.777999,1.0,0.001137256,-6.777999,0.8469784,1.7110959
3160,1,0,0.000152211,-8.790091,0.8359568119049072,0.9999888,11.394718,0.000152211,-8.790091
3161,0,0,6.6240555e-06,-11.924796,0.5578628778457642,6.6240555e-06,-11.924796,0.018744202,-3.9579487
3162,0,0,0.0012304432,-6.6991496,0.8433104753494263,0.0012304432,-6.6991496,0.031935174,-3.411591
3163,0,1,0.52869195,0.114894,1.0,0.99997246,10.499859,0.52869195,0.11489409
3164,1,0,2.086045e-05,-10.777635,1.0,2.086045e-05,-10.777635,0.8407121,1.6635358
3165,1,0,0.00021133374,-8.461861,0.6562099456787109,0.999877,9.002944,0.00021133374,-8.461861
3166,0,1,0.7184981,0.93702394,1.0,0.9999455,9.818044,0.7184981,0.9370241
3167,0,1,0.9997727,8.389133,0.8055492639541626,0.99997663,10.664822,0.9997727,8.389242
3168,1,0,0.00024723995,-8.304904,0.7236754894256592,0.9999726,10.502168,0.00024723995,-8.304904
3169,0,0,0.00011735429,-9.050196,0.7071051001548767,0.00011735429,-9.050196,0.026602626,-3.5997825
3170,1,0,0.00025075607,-8.290779,0.5832016468048096,0.9999813,10.886164,0.00025075607,-8.290779
3171,1,0,0.0002942956,-8.130631,0.7406253218650818,0.99997044,10.429769,0.0002942956,-8.130631
3172,0,0,7.1830823e-06,-11.843775,0.8193849325180054,7.1830823e-06,-11.843775,0.6246669,0.50940484
3173,0,0,0.00019926709,-8.520665,0.7731065154075623,0.00019926709,-8.520665,0.01371096,-4.275754
3174,1,0,0.0001784405,-8.631077,0.6413956880569458,0.9999447,9.802334,0.0001784405,-8.631077
3175,1,0,0.00016218447,-8.726614,0.6199349164962769,0.99997616,10.645735,0.00016218447,-8.726614
3176,0,0,9.052728e-05,-9.309769,0.6055405735969543,9.052728e-05,-9.309769,0.013993971,-4.255036
3177,1,0,0.00023145901,-8.370876,0.6506601572036743,0.9998946,9.158047,0.00023145901,-8.370876
3178,1,0,0.00018028068,-8.620815,0.7293320894241333,0.99982893,8.673275,0.00018028068,-8.620815
3179,0,0,1.575686e-05,-11.058219,0.6742767095565796,1.575686e-05,-11.058219,0.21050242,-1.3218997
3180,0,1,0.9627137,3.2511306,1.0,0.99998367,11.022698,0.9627137,3.2511325
3181,0,0,3.679322e-05,-10.21016,0.6558145880699158,3.679322e-05,-10.21016,0.051225442,-2.9189348
3182,0,0,7.514383e-06,-11.798684,0.8101208806037903,7.514383e-06,-11.798684,0.011570419,-4.4476657
3183,0,0,8.989357e-06,-11.61946,0.7086501121520996,8.989357e-06,-11.61946,0.0069459327,-4.962629
3184,0,0,8.456354e-06,-11.680584,0.7148185968399048,8.456354e-06,-11.680584,0.646628,0.6042498
3185,0,0,8.189197e-06,-11.712687,0.5585981011390686,8.189197e-06,-11.712687,0.039633576,-3.1876383
3186,1,0,0.00015112433,-8.797256,0.6331349015235901,0.9999747,10.587915,0.00015112433,-8.797256
3187,1,0,0.0013424142,-6.6119423,1.0,0.0013424142,-6.6119423,0.98876476,4.4774017
3188,1,0,0.00038135934,-7.871387,0.8089709877967834,0.99994075,9.733875,0.00038135934,-7.871387
3189,1,0,0.00023101585,-8.372793,0.6127886176109314,0.99979526,8.493275,0.00023101585,-8.372793
3190,1,0,0.00020880483,-8.473902,0.6795077919960022,0.9999856,11.150635,0.00020880483,-8.473902
3191,1,0,0.00017787858,-8.634232,0.6030223369598389,0.99373686,5.066786,0.00017787858,-8.634232
3192,1,0,0.0001937524,-8.548736,0.5516040325164795,0.9999856,11.149261,0.0001937524,-8.548736
3193,1,0,0.0002025058,-8.5045395,0.5777855515480042,0.9999821,10.931367,0.0002025058,-8.5045395
3194,1,0,0.00028731636,-8.154639,0.598143458366394,0.999979,10.7709255,0.00028731636,-8.154639
3195,1,0,0.00018288675,-8.606461,0.6400414705276489,0.99994576,9.820995,0.00018288675,-8.606461
3196,1,0,0.00022820492,-8.385038,0.6931548714637756,0.99995077,9.917825,0.00022820492,-8.385038
3197,0,0,3.5932673e-05,-10.233828,0.5618950128555298,3.5932673e-05,-10.233828,0.44668278,-0.21408263
3198,1,0,0.00021592347,-8.440371,0.5826903581619263,0.999982,10.92639,0.00021592347,-8.440371
3199,1,0,0.00021551191,-8.442279,0.7790399193763733,0.9999782,10.730343,0.00021551191,-8.442279
3200,1,0,5.4183132e-05,-9.823087,1.0,5.4183132e-05,-9.823087,0.99263954,4.9042473
3201,0,1,0.8875697,2.0661538,1.0,0.99985373,8.830041,0.8875697,2.0661535
3202,1,0,0.00024420416,-8.317262,0.8052708506584167,0.99991786,9.406801,0.00024420416,-8.317262
3203,1,0,0.00028807257,-8.15201,0.5223369598388672,0.9997502,8.294369,0.00028807257,-8.15201
3204,0,0,5.531173e-05,-9.80247,0.6321744322776794,5.531173e-05,-9.80247,0.13435332,-1.8630037
3205,0,0,8.623386e-06,-11.661024,0.7119378447532654,8.623386e-06,-11.661024,0.017848955,-4.0078
3206,0,0,1.8930312e-05,-10.874727,0.5671841502189636,1.8930312e-05,-10.874727,0.025854612,-3.6290715
3207,1,0,0.00018557346,-8.591874,0.6438244581222534,0.99994576,9.822887,0.00018557346,-8.591874
3208,0,0,8.203751e-06,-11.710911,0.5275933146476746,8.203751e-06,-11.710911,0.29741204,-0.85965204
3209,1,0,0.17097762,-1.5787145,1.0,0.9999424,9.76247,0.17097762,-1.5787145
3210,0,0,3.7077112e-05,-10.202474,0.7859079241752625,3.7077112e-05,-10.202474,0.45797396,-0.16850173
3211,1,0,9.996234e-05,-9.210617,0.5042762756347656,0.9998753,8.989579,9.996234e-05,-9.210617
3212,0,1,0.9534983,3.020649,1.0,0.9999722,10.490952,0.9534983,3.020647
3213,0,0,0.00014277792,-8.854077,0.5698206424713135,0.00014277792,-8.854077,0.023503147,-3.7268372
3214,0,0,8.436491e-06,-11.682936,0.630254864692688,8.436491e-06,-11.682936,0.16878538,-1.59426
3215,1,0,0.00030254273,-8.102985,0.41326144337654114,0.99998426,11.057707,0.00030254273,-8.102985
3216,0,0,1.0988402e-05,-11.418659,0.6779256463050842,1.0988402e-05,-11.418659,0.1810838,-1.5090219
3217,1,0,0.00019376665,-8.548662,0.8249484896659851,0.9999349,9.640516,0.00019376665,-8.548662
3218,1,0,0.0002706151,-8.214542,0.8372923731803894,0.99997854,10.750202,0.0002706151,-8.214542
3219,0,1,0.85942346,1.8105097,0.7389174103736877,0.85942346,1.8105099,0.9764251,3.7237196
3220,0,1,0.9769753,3.7478948,1.0,0.9999757,10.624914,0.9769753,3.7478964
3221,1,0,0.00025568323,-8.271316,0.6690235733985901,0.99996126,10.160021,0.00025568323,-8.271316
3222,1,0,9.097993e-06,-11.607448,1.0,9.097993e-06,-11.607448,0.7527039,1.1130856
3223,1,0,0.00029509637,-8.127913,1.0,0.00029509637,-8.127913,0.97503316,3.6649218
3224,0,1,0.6428156,0.5876057,1.0,0.9894902,4.5448823,0.6428156,0.5876057
3225,1,0,0.00018329525,-8.604229,0.5746749043464661,0.99998677,11.229826,0.00018329525,-8.604229
3226,1,0,0.30262032,-0.8348511,1.0,0.9999925,11.806593,0.30262032,-0.834851
3227,0,0,0.008627175,-4.7441735,0.8893173933029175,0.008627175,-4.7441735,0.026731275,-3.594826
3228,0,0,7.63014e-06,-11.783397,0.8063849210739136,7.63014e-06,-11.783397,0.010703534,-4.52642
3229,1,0,0.00022630984,-8.393379,0.6936147212982178,0.99998486,11.095902,0.00022630984,-8.393379
3230,1,0,0.000346905,-7.9661126,0.7887327671051025,0.9996062,7.839156,0.000346905,-7.9661126
3231,1,0,0.00033662803,-7.9961953,0.8526164889335632,0.7311552,1.0004914,0.00033662803,-7.9961953
3232,0,1,0.6616901,0.6708351,1.0,0.9506159,2.9574807,0.6616901,0.670835
3233,0,0,7.787987e-06,-11.76292,0.7420889735221863,7.787987e-06,-11.76292,0.06143602,-2.7263546
3234,1,0,0.00020059904,-8.514002,0.6221655607223511,0.9999844,11.06822,0.00020059904,-8.514002
3235,0,1,0.65314204,0.63287926,1.0,0.9999422,9.758272,0.65314204,0.63287926
3236,1,0,0.010720199,-4.5248475,1.0,0.99997103,10.44919,0.010720199,-4.5248475
3237,0,0,1.7174856e-05,-10.972047,0.8380541205406189,1.7174856e-05,-10.972047,0.042368155,-3.1180663
3238,0,0,0.00023192733,-8.3688545,0.7255805134773254,0.00023192733,-8.3688545,0.033087566,-3.3749504
3239,0,1,0.99903715,6.944646,0.6033777594566345,0.99903715,6.9446583,0.99931335,7.283008
3240,1,0,0.3813402,-0.48386362,1.0,0.99998605,11.178263,0.3813402,-0.48386368
3241,0,0,6.531686e-06,-11.938839,0.7331555485725403,6.531686e-06,-11.938839,0.8974029,2.1686954
3242,0,0,5.8829487e-06,-12.043447,0.5713258385658264,5.8829487e-06,-12.043447,0.005338701,-5.22742
3243,0,0,1.3270323e-05,-11.229967,0.8009015917778015,1.3270323e-05,-11.229967,0.019994156,-3.8921185
3244,1,0,0.00022245856,-8.410547,0.6454557776451111,0.9999323,9.600932,0.00022245856,-8.410547
3245,0,0,4.741323e-06,-12.25919,0.7823143005371094,4.741323e-06,-12.25919,0.36343104,-0.56050324
3246,1,1,0.70392793,0.86607313,1.0,0.974879,3.6586118,0.70392793,0.8660731
3247,0,1,0.9998418,8.751551,0.6542825102806091,0.999984,11.041721,0.9998418,8.751398
3248,0,0,1.3800775e-05,-11.190772,0.6847857236862183,1.3800775e-05,-11.190772,0.056108933,-2.8227158
3249,1,0,0.0002704054,-8.215318,0.7066368460655212,0.99990773,9.290205,0.0002704054,-8.215318
3250,1,0,0.2102034,-1.3236998,1.0,0.9999684,10.363765,0.2102034,-1.3236998
3251,1,0,0.00043264223,-7.745167,0.7463781833648682,0.99995196,9.944565,0.00043264223,-7.745167
3252,0,1,0.99973816,8.247503,0.6734080910682678,0.99973816,8.24748,0.999848,8.791887
3253,0,1,0.93232065,2.6228957,1.0,0.9764696,3.725648,0.93232065,2.6228948
3254,0,0,6.95231e-05,-9.573782,0.7981581091880798,6.95231e-05,-9.573782,0.050939284,-2.9248383
3255,0,1,0.99987423,8.980964,0.677041232585907,0.999969,10.381598,0.99987423,8.981182
3256,1,0,0.00019845157,-8.524767,0.6838346719741821,0.9985971,6.5678325,0.00019845157,-8.524767
3257,1,0,0.00025703167,-8.266054,0.6240639090538025,0.9999552,10.012295,0.00025703167,-8.266054
3258,1,0,0.00019940242,-8.519986,0.5312565565109253,0.99953854,7.6806164,0.00019940242,-8.519986
3259,0,1,0.9432145,2.8100123,1.0,0.9652885,3.3253555,0.9432145,2.8100123
3260,1,0,0.4362511,-0.2563909,1.0,0.99998593,11.172976,0.4362511,-0.2563908
3261,1,0,0.00026117612,-8.250054,0.7399569749832153,0.99997616,10.644493,0.00026117612,-8.250054
3262,1,0,0.10890566,-2.1019683,1.0,0.9999516,9.935362,0.10890566,-2.1019683
3263,0,1,0.91451573,2.3700624,1.0,0.9999274,9.530666,0.91451573,2.3700628
3264,0,1,0.57470804,0.30108622,1.0,0.99952936,7.660898,0.57470804,0.30108625
3265,0,0,0.00028914763,-8.148284,0.7571519017219543,0.00028914763,-8.148284,0.06160487,-2.7234302
3266,1,0,0.16301899,-1.6359347,1.0,0.16301899,-1.6359347,0.72349316,0.9618555
3267,0,1,0.9999063,9.275334,0.6973632574081421,0.99999094,11.608527,0.9999063,9.27533
3268,0,0,0.2686856,-1.0013015,0.5702222585678101,0.2686856,-1.0013015,0.39903936,-0.40946937
3269,1,0,0.30135927,-0.8408335,1.0,0.9999721,10.485186,0.30135927,-0.8408335
3270,1,0,0.00027677682,-8.192022,0.6164499521255493,0.99925107,7.1961756,0.00027677682,-8.192022
3271,1,0,0.00021340436,-8.452108,0.7902749180793762,0.9499024,2.9423852,0.00021340436,-8.452108
3272,1,0,0.00021684465,-8.436112,0.7412788271903992,0.99982697,8.661654,0.00021684465,-8.436112
3273,0,0,0.00015203287,-8.791262,0.7022740244865417,0.00015203287,-8.791262,0.35684633,-0.5890784
3274,0,0,0.0003267378,-8.026026,0.8744556307792664,0.0003267378,-8.026026,0.30458865,-0.8255414
3275,0,1,0.54617465,0.18522638,1.0,0.9999169,9.394936,0.54617465,0.18522638
3276,1,0,0.0003242528,-8.033663,0.8264266848564148,0.99994683,9.842779,0.0003242528,-8.033663
3277,1,0,0.00024334418,-8.32079,0.6959903836250305,0.99989235,9.136986,0.00024334418,-8.32079
3278,0,1,0.61521894,0.46930373,1.0,0.9985567,6.5393677,0.61521894,0.46930373
3279,0,0,0.12595536,-1.937204,0.7695833444595337,0.12595536,-1.9372039,0.89835256,2.179053
3280,1,0,0.0019845038,-6.2204,1.0,0.0019845038,-6.2204,0.9492305,2.9283557
3281,0,0,1.2433034e-05,-11.295141,0.538439929485321,1.2433034e-05,-11.295141,0.017792394,-4.0110316
3282,0,0,8.527719e-05,-9.369518,0.7883184552192688,8.527719e-05,-9.369518,0.28670296,-0.9114513
3283,1,0,0.00035334914,-7.9477005,0.8338675498962402,0.9992975,7.2602434,0.00035334914,-7.9477005
3284,1,0,0.00027013483,-8.216319,0.6244950294494629,0.99997604,10.637596,0.00027013483,-8.216319
3285,0,1,0.9998752,8.988576,0.5278114080429077,0.9999765,10.656989,0.9998752,8.988989
3286,0,0,0.31268132,-0.7876135,0.7871606349945068,0.7244274,0.9665306,0.31268132,-0.7876136
3287,1,0,0.0001468771,-8.8257675,0.6970304250717163,0.9999901,11.523406,0.0001468771,-8.8257675
3288,1,0,0.19335103,-1.4283812,1.0,0.95928943,3.1597037,0.19335103,-1.4283812
3289,0,0,0.23172274,-1.1986091,0.41873010993003845,0.23172274,-1.198609,0.75839955,1.1439251
3290,1,0,0.00025517106,-8.273321,0.5620825290679932,0.9968502,5.757243,0.00025517106,-8.273321
3291,0,1,0.997926,6.1761985,0.649080216884613,0.997926,6.176206,0.99892944,6.838474
3292,0,0,0.030970847,-3.4432483,0.7225272059440613,0.030970847,-3.4432483,0.1370536,-1.8399805
3293,0,0,1.1513116e-05,-11.372012,0.6188788414001465,1.1513116e-05,-11.372012,0.27034473,-0.99287426
3294,1,0,0.00032976895,-8.0167885,0.8857294917106628,0.9993438,7.3284407,0.00032976895,-8.0167885
3295,0,1,0.8170695,1.4966177,1.0,0.968386,3.4220316,0.8170695,1.4966178
3296,0,0,5.9285663e-05,-9.733084,0.7055937051773071,5.9285663e-05,-9.733084,0.025455648,-3.6450324
3297,0,0,3.8259237e-05,-10.171087,0.8812941908836365,3.8259237e-05,-10.171087,0.69323325,0.81527865
3298,1,0,0.00038756244,-7.855246,0.7525521516799927,0.998955,6.8627677,0.00038756244,-7.855246
3299,0,0,1.870695e-05,-10.886597,0.8710227608680725,1.870695e-05,-10.886597,0.016027816,-4.117272
3300,1,0,0.0003125398,-8.070466,0.7485724091529846,0.9999759,10.636168,0.0003125398,-8.070466
3301,1,0,0.00015422022,-8.776975,0.5617688298225403,0.9999862,11.192484,0.00015422022,-8.776975
3302,0,0,4.7093192e-05,-9.963335,0.7354637384414673,4.7093192e-05,-9.963335,0.02974334,-3.4849553
3303,1,0,0.00021304045,-8.453815,0.649296224117279,0.99997425,10.56625,0.00021304045,-8.453815
3304,0,1,0.8824889,2.0162134,1.0,0.99991643,9.390448,0.8824889,2.016214
3305,1,0,0.00031629665,-8.058514,0.7976521253585815,0.9999895,11.459614,0.00031629665,-8.058514
3306,1,0,0.00049397635,-7.612529,0.8771592378616333,0.99994874,9.878738,0.00049397635,-7.612529
3307,1,0,0.00029235205,-8.1372595,0.6657803654670715,0.99998295,10.981233,0.00029235205,-8.1372595
3308,0,0,1.2138148e-05,-11.319145,0.6866547465324402,1.2138148e-05,-11.319145,0.06262738,-2.7058783
3309,1,0,0.00020810025,-8.477283,0.8304256796836853,0.962544,3.2464151,0.00020810025,-8.477283
3310,1,0,4.103917e-05,-10.100943,1.0,4.103917e-05,-10.100943,0.12624377,-1.9345866
3311,0,1,0.90256673,2.226075,1.0,0.99991214,9.339163,0.90256673,2.2260747
3312,0,0,4.873668e-06,-12.231659,0.7745169997215271,4.873668e-06,-12.231659,0.07884218,-2.4581833
3313,0,0,1.7818507e-05,-10.935255,0.5469895601272583,1.7818507e-05,-10.935255,0.124829896,-1.9474663
3314,0,1,0.8647643,1.8554375,1.0,0.9999808,10.858425,0.8647643,1.8554378
3315,0,0,0.012687718,-4.354352,0.8027655482292175,0.012687718,-4.354352,0.12185948,-1.974938
3316,1,0,0.00019211904,-8.557203,0.6437495350837708,0.99998164,10.903998,0.00019211904,-8.557203
3317,0,0,8.298364e-06,-11.699444,0.6649074554443359,8.298364e-06,-11.699444,0.4554257,-0.17877176
3318,1,0,0.00028846148,-8.1506605,0.6158236861228943,0.9999913,11.658613,0.00028846148,-8.1506605
3319,0,0,9.661787e-06,-11.547322,0.671013355255127,9.661787e-06,-11.547322,0.010539643,-4.542016
3320,1,0,0.0002527054,-8.283033,0.8124944567680359,0.9999852,11.121017,0.0002527054,-8.283033
3321,1,0,0.0003043642,-8.096981,0.7485440969467163,0.99898225,6.8891196,0.0003043642,-8.096981
3322,1,0,0.0002854793,-8.161056,0.744227409362793,0.9999924,11.787739,0.0002854793,-8.161056
3323,1,0,0.00017595718,-8.645094,0.6296195387840271,0.9999529,9.96475,0.00017595718,-8.645094
3324,1,0,0.00021468847,-8.446108,0.7440950274467468,0.9995838,7.783757,0.00021468847,-8.446108
3325,0,0,3.4691937e-05,-10.268969,0.8275356292724609,3.4691937e-05,-10.268969,0.063238256,-2.6955194
3326,0,0,9.086721e-06,-11.608687,0.562204122543335,9.086721e-06,-11.608687,0.012098146,-4.402531
3327,1,0,0.0076141558,-4.870103,1.0,0.0076141558,-4.870103,0.8714523,1.9138608
3328,1,0,0.002357041,-6.0479884,1.0,0.002357041,-6.0479884,0.9531964,3.0138612
3329,0,0,7.845569e-05,-9.452898,0.8513253927230835,7.845569e-05,-9.452898,0.007321725,-4.9095607
3330,0,0,1.46277025e-05,-11.132579,0.6040030121803284,1.46277025e-05,-11.132579,0.014773722,-4.2000213
3331,1,0,0.39014843,-0.4466884,1.0,0.39014843,-0.44668826,0.905619,2.26128
3332,0,1,0.99756205,6.0141573,0.7573225498199463,0.99820256,6.319627,0.99756205,6.0141635
3333,0,0,0.006582097,-5.016798,0.8005008101463318,0.006582097,-5.016798,0.7548189,1.1244807
3334,1,0,0.00028032722,-8.179273,0.8414400815963745,0.99997497,10.5951805,0.00028032722,-8.179273
3335,1,0,0.00019232467,-8.556133,0.6303615570068359,0.9914555,4.753893,0.00019232467,-8.556133
3336,0,1,0.99975616,8.318744,0.7473892569541931,0.9999844,11.06512,0.99975616,8.318544
3337,1,0,0.00021552385,-8.442224,0.6591267585754395,0.9999846,11.08472,0.00021552385,-8.442224
3338,1,0,0.00017299561,-8.662071,0.5250850319862366,0.99998903,11.421434,0.00017299561,-8.662071
3339,1,0,0.00027577483,-8.19565,1.0,0.00027577483,-8.19565,0.018787509,-3.955597
3340,0,0,1.0014475e-05,-11.511469,0.8031606078147888,1.0014475e-05,-11.511469,0.013181405,-4.315679
3341,0,1,0.9998597,8.871521,0.6897429823875427,0.99988186,9.043346,0.9998597,8.871301
3342,1,0,0.0013826058,-6.5824018,1.0,0.0013826058,-6.5824018,0.9211414,2.4579568
3343,0,1,0.9987255,6.6639056,0.6832241415977478,0.9987255,6.663874,0.9995432,7.6906614
3344,1,0,0.00022942683,-8.379697,0.7695634961128235,0.9999603,10.134972,0.00022942683,-8.379697
3345,0,1,0.9414525,2.7775855,1.0,0.99991035,9.32015,0.9414525,2.7775855
3346,0,0,8.031977e-06,-11.732072,0.6104123592376709,8.031977e-06,-11.732072,0.017384054,-4.034665
3347,1,0,1.1557107e-05,-11.368198,1.0,1.1557107e-05,-11.368198,0.9302941,2.5912163
3348,0,1,0.9281096,2.558007,1.0,0.9999778,10.71727,0.9281096,2.5580075
3349,0,1,0.970841,3.5053988,0.6226121783256531,0.970841,3.5054,0.9915804,4.7687407
3350,0,1,0.9995415,7.6871376,0.6181625723838806,0.9995435,7.6914415,0.9995415,7.6870613
3351,0,1,0.999806,8.547391,0.6927208304405212,0.9998565,8.848852,0.999806,8.547264
3352,0,0,3.0261173e-05,-10.405615,0.7181511521339417,3.0261173e-05,-10.405615,0.57219785,0.29082388
3353,0,1,0.91972405,2.4386036,1.0,0.99995005,9.904992,0.91972405,2.4386034
3354,1,0,0.004513541,-5.3961496,1.0,0.004513541,-5.3961496,0.9827192,4.04073
3355,1,0,0.17674565,-1.5385535,1.0,0.9999865,11.213448,0.17674565,-1.5385535
3356,0,0,0.023918292,-3.7089028,1.0,0.023918292,-3.7089028,0.68192846,0.76264834
3357,0,1,0.8721519,1.920121,1.0,0.99961334,7.8575826,0.8721519,1.9201207
3358,1,0,0.00017878726,-8.629135,0.596415102481842,0.9998957,9.168018,0.00017878726,-8.629135
3359,1,0,0.00028997555,-8.145424,0.8739287257194519,0.999987,11.251305,0.00028997555,-8.145424
3360,1,0,0.0001787825,-8.629162,0.5869889855384827,0.9999939,12.013823,0.0001787825,-8.629162
3361,1,0,0.00018627317,-8.58811,0.6432937383651733,0.9999895,11.469368,0.00018627317,-8.58811
3362,0,0,4.3178075e-06,-12.352758,0.5354402661323547,4.3178075e-06,-12.352758,0.33137476,-0.7019736
3363,1,0,0.1189537,-2.0023758,1.0,0.99997675,10.6674,0.1189537,-2.0023758
3364,0,0,4.83462e-06,-12.239703,0.7833089828491211,4.83462e-06,-12.239703,0.175935,-1.5441349
3365,0,0,0.011512831,-4.4527135,0.7571396827697754,0.011512831,-4.4527135,0.15197325,-1.7192078
3366,1,0,0.00018506403,-8.594624,0.643470048904419,0.99802774,6.226633,0.00018506403,-8.594624
3367,0,1,0.55028087,0.20180555,1.0,0.9999862,11.190046,0.55028087,0.20180549
3368,1,0,0.00019242684,-8.555602,0.5353468060493469,0.9999659,10.287323,0.00019242684,-8.555602
3369,0,0,1.7449043e-05,-10.956208,0.7707500457763672,1.7449043e-05,-10.956208,0.058610503,-2.776443
3370,1,0,0.00015318407,-8.783717,0.667962908744812,0.99995327,9.971238,0.00015318407,-8.783717
3371,0,0,0.00020362763,-8.499014,0.8301758170127869,0.00020362763,-8.499014,0.06664951,-2.639333
3372,0,0,4.556522e-06,-12.298946,0.6690664291381836,4.556522e-06,-12.298946,0.008917678,-4.710762
3373,0,0,1.1690518e-05,-11.356721,0.6370669007301331,1.1690518e-05,-11.356721,0.42556536,-0.29996789
3374,1,0,0.00013339927,-8.92203,1.0,0.00013339927,-8.92203,0.72294307,0.95910776
3375,1,0,0.21368527,-1.3028529,1.0,0.999959,10.100708,0.21368527,-1.3028529
3376,0,1,0.9417405,2.7828228,1.0,0.999979,10.771781,0.9417405,2.7828228
3377,1,0,0.00015764793,-8.754989,0.6570038199424744,0.99999297,11.861147,0.00015764793,-8.754989
3378,1,0,0.00017756796,-8.63598,0.5816031098365784,0.99998343,11.004388,0.00017756796,-8.63598
3379,1,0,0.00020852292,-8.475253,0.7226134538650513,0.9995096,7.6196795,0.00020852292,-8.475253
3380,0,0,0.003167322,-5.7516966,0.6468297243118286,0.003167322,-5.7516966,0.0344012,-3.334657
3381,0,1,0.999762,8.342997,0.827608048915863,0.999762,8.343008,0.9997906,8.471224
3382,1,0,0.00021651557,-8.437632,0.7293281555175781,0.9999509,9.921602,0.00021651557,-8.437632
3383,1,0,0.00021305874,-8.45373,0.6198031902313232,0.99998546,11.139679,0.00021305874,-8.45373
3384,0,1,0.9997695,8.375068,0.862885057926178,0.9999217,9.4554615,0.9997695,8.374858
3385,1,0,0.00021971608,-8.422955,0.6795626282691956,0.9999851,11.11736,0.00021971608,-8.422955
3386,1,0,0.0028226895,-5.8672385,1.0,0.0028226895,-5.8672385,0.989465,4.5424643
3387,0,0,6.1981773e-06,-11.991249,0.7171918749809265,6.1981773e-06,-11.991249,0.010089296,-4.5861397
3388,1,0,0.00022366573,-8.405134,0.7708665728569031,0.9999758,10.628582,0.00022366573,-8.405134
3389,1,0,0.0002380185,-8.342924,0.6988328695297241,0.9149735,2.375932,0.0002380185,-8.342924
3390,0,0,1.3441621e-05,-11.217141,0.773970901966095,1.3441621e-05,-11.217141,0.1561861,-1.6868837
3391,0,0,0.00011669824,-9.055802,0.7246258854866028,0.00011669824,-9.055802,0.38111216,-0.48483035
3392,0,0,2.1514144e-05,-10.7467785,0.8271915912628174,2.1514144e-05,-10.7467785,0.3660885,-0.5490341
3393,0,0,0.000108176566,-9.131638,0.7901615500450134,0.000108176566,-9.131638,0.06237297,-2.71022
3394,1,0,0.00017317932,-8.66101,0.7920448780059814,0.99998546,11.139,0.00017317932,-8.66101
3395,1,0,0.26718852,-1.008934,1.0,0.99998665,11.22685,0.26718852,-1.008934
3396,1,0,0.32979137,-0.7091288,1.0,0.999974,10.558353,0.32979137,-0.709129
3397,1,0,0.00021476772,-8.445739,0.7657335996627808,0.99992657,9.518687,0.00021476772,-8.445739
3398,0,0,1.50742935e-05,-11.102505,0.7997980117797852,1.50742935e-05,-11.102505,0.26013175,-1.045284
3399,1,0,0.24905424,-1.1036627,1.0,0.9998704,8.950897,0.24905424,-1.1036627
3400,0,0,1.2552014e-05,-11.285617,0.781873881816864,1.2552014e-05,-11.285617,0.5706189,0.2843767
3401,0,1,0.7939817,1.3490952,1.0,0.99991393,9.359792,0.7939817,1.3490953
3402,1,0,0.00015773438,-8.75444,0.5614452362060547,0.99982953,8.67671,0.00015773438,-8.75444
3403,1,0,0.16661203,-1.6098313,0.7274781465530396,0.16661203,-1.6098313,0.9174696,2.4084527
3404,1,0,0.00016254271,-8.724407,0.46584442257881165,0.999967,10.318255,0.00016254271,-8.724407
3405,0,0,1.7748263e-05,-10.939205,0.7143760919570923,1.7748263e-05,-10.939205,0.050213397,-2.9399555
3406,1,0,0.00016119806,-8.732716,0.7590487003326416,0.9998566,8.850086,0.00016119806,-8.732716
3407,1,0,0.00021235863,-8.457022,0.5379491448402405,0.9996197,7.87438,0.00021235863,-8.457022
3408,0,0,5.5674495e-06,-12.098568,0.7873129844665527,5.5674495e-06,-12.098568,0.01697081,-4.059144
3409,1,0,0.00019464176,-8.544155,0.6597263813018799,0.9999746,10.581749,0.00019464176,-8.544155
3410,0,0,7.641434e-06,-11.781918,0.7043971419334412,7.641434e-06,-11.781918,0.0067550917,-4.9906807
3411,0,0,2.8587538e-05,-10.462511,0.7338101267814636,2.8587538e-05,-10.462511,0.025758771,-3.6328838
3412,1,0,0.00017710835,-8.638572,0.5666341781616211,0.99998987,11.497198,0.00017710835,-8.638572
3413,1,1,0.82050264,1.5197567,0.7198866605758667,0.82050264,1.5197566,0.83038473,1.5883563
3414,0,1,0.99966586,8.003606,0.788673460483551,0.99994826,9.870011,0.99966586,8.003431
3415,0,1,0.9998499,8.804162,0.5664583444595337,0.9999511,9.926592,0.9998499,8.804623
3416,0,1,0.81936723,1.5120664,0.6969859600067139,0.81936723,1.5120662,0.91478074,2.3734565
3417,1,0,0.00021973159,-8.422884,0.4317605495452881,0.99997187,10.478922,0.00021973159,-8.422884
3418,0,0,4.722298e-06,-12.26321,0.6579092741012573,4.722298e-06,-12.26321,0.035481174,-3.302627
3419,0,0,0.00025663403,-8.267603,0.7236024141311646,0.00025663403,-8.267603,0.1663661,-1.6116035
3420,1,0,0.00021881003,-8.427088,0.6794934868812561,0.9999846,11.081778,0.00021881003,-8.427088
3421,1,0,0.00019966572,-8.518666,0.8884344696998596,0.9999616,10.168083,0.00019966572,-8.518666
3422,1,0,0.00021233148,-8.4571495,0.7829136252403259,0.9999099,9.314241,0.00021233148,-8.4571495
3423,1,0,0.00019836608,-8.525198,0.6880791187286377,0.9900843,4.6036754,0.00019836608,-8.525198
3424,1,0,0.0002240371,-8.403475,0.6206256747245789,0.9890872,4.5068436,0.0002240371,-8.403475
3425,0,1,0.9998654,8.913163,0.7704944014549255,0.9999672,10.325739,0.9998654,8.913565
3426,1,0,0.00020357173,-8.499289,0.5956630110740662,0.9999862,11.185438,0.00020357173,-8.499289
3427,0,1,0.9966163,5.685397,0.5579091906547546,0.9966163,5.685402,0.9966497,5.6953487
3428,0,1,0.75689507,1.1357315,1.0,0.999884,9.062161,0.75689507,1.1357315
3429,1,0,0.0004137594,-7.789812,0.7989569902420044,0.9999865,11.211164,0.0004137594,-7.789812
3430,0,0,0.00015464358,-8.774233,0.6985693573951721,0.00015464358,-8.774233,0.33250162,-0.69689226
3431,1,0,0.00024557966,-8.311644,0.6887187957763672,0.99998426,11.05735,0.00024557966,-8.311644
3432,0,0,4.5998557e-05,-9.986855,0.6862213611602783,4.5998557e-05,-9.986855,0.39735496,-0.41649845
3433,0,1,0.9030096,2.231121,1.0,0.9999784,10.74176,0.9030096,2.2311215
3434,0,0,1.4389582e-05,-11.148992,0.5403804779052734,1.4389582e-05,-11.148992,0.024898596,-3.66773
3435,0,1,0.9993851,7.393466,0.6875938177108765,0.99991655,9.391169,0.9993851,7.3935723
3436,0,1,0.97600913,3.7057986,1.0,0.99216413,4.8411856,0.97600913,3.7057996
3437,0,1,0.88592756,2.0498016,1.0,0.9981566,6.294313,0.88592756,2.0498018
3438,0,0,0.44560155,-0.21845843,0.6131840348243713,0.44560155,-0.2184586,0.84358287,1.6851313
3439,0,0,1.7280647e-05,-10.965906,0.8619537353515625,1.7280647e-05,-10.965906,0.078787096,-2.458942
3440,1,0,1.2370551e-05,-11.3001795,1.0,1.2370551e-05,-11.3001795,0.95239043,2.9959397
3441,0,1,0.99978775,8.457523,0.6216323375701904,0.99978775,8.45746,0.99982065,8.626073
3442,0,0,2.5215317e-05,-10.588034,0.7648558616638184,2.5215317e-05,-10.588034,0.009706167,-4.6252403
3443,1,0,0.00022794504,-8.386178,0.6777439117431641,0.9999907,11.586847,0.00022794504,-8.386178
3444,1,0,0.42693332,-0.29437435,1.0,0.99981004,8.568409,0.42693332,-0.29437423
3445,1,0,0.44464034,-0.22235022,1.0,0.9999572,10.060214,0.44464034,-0.22235033
3446,1,0,0.0002575105,-8.264193,0.49928683042526245,0.9999361,9.658398,0.0002575105,-8.264193
3447,0,1,0.9431059,2.8079865,1.0,0.9994025,7.422272,0.9431059,2.8079863
3448,1,0,0.48026434,-0.07898377,1.0,0.9997682,8.369162,0.48026434,-0.078983694
3449,1,0,0.00027616,-8.194254,0.8556555509567261,0.996944,5.787613,0.00027616,-8.194254
3450,1,0,0.00019173181,-8.559221,0.6534475088119507,0.99997663,10.662589,0.00019173181,-8.559221
3451,1,0,0.00036342046,-7.9195867,0.7203590273857117,0.9999794,10.790148,0.00036342046,-7.9195867
3452,0,0,1.3149423e-05,-11.23912,0.6205360889434814,1.3149423e-05,-11.23912,0.1898941,-1.4506985
3453,1,0,0.00030478905,-8.095586,0.7999773621559143,0.9999819,10.920726,0.00030478905,-8.095586
3454,1,0,0.0002478236,-8.302546,0.7050039768218994,0.9999794,10.787525,0.0002478236,-8.302546
3455,1,0,0.00027166877,-8.210655,0.5094786882400513,0.99783224,6.1319046,0.00027166877,-8.210655
3456,1,0,0.0002583907,-8.260779,0.649377703666687,0.9999912,11.632872,0.0002583907,-8.260779
3457,0,1,0.99972373,8.193865,0.6854367852210999,0.99988174,9.042749,0.99972373,8.193729
3458,1,0,0.0013624193,-6.59713,1.0,0.0013624193,-6.59713,0.9491859,2.9274316
3459,1,0,0.00019553893,-8.539556,0.7327665686607361,0.9999906,11.572359,0.00019553893,-8.539556
3460,0,0,5.3775507e-06,-12.133272,0.589396595954895,5.3775507e-06,-12.133272,0.5031765,0.012706265
3461,0,1,0.999723,8.191278,0.32877689599990845,0.99976677,8.363084,0.999723,8.191247
3462,0,0,0.42847276,-0.288085,0.6915628910064697,0.44938838,-0.2031421,0.42847276,-0.28808498
3463,0,1,0.9998541,8.83236,0.8647894859313965,0.99998367,11.02594,0.9998541,8.832735
3464,1,0,0.00012879226,-8.957181,0.4564296007156372,0.9999713,10.4562,0.00012879226,-8.957181
3465,0,0,1.1831151e-05,-11.344763,0.6969757676124573,1.1831151e-05,-11.344763,0.3119688,-0.7909309
3466,1,0,0.48033682,-0.07869335,1.0,0.9983177,6.3858714,0.48033682,-0.07869339
3467,0,1,0.87881243,1.9812319,1.0,0.9999505,9.91434,0.87881243,1.9812316
3468,1,0,0.00020107703,-8.511621,0.5878577828407288,0.9998343,8.705314,0.00020107703,-8.511621
3469,1,0,0.0002794823,-8.182292,0.7431597113609314,0.9999541,9.988673,0.0002794823,-8.182292
3470,0,1,0.99983335,8.699421,0.7295598387718201,0.9999602,10.130432,0.99983335,8.699397
3471,0,1,0.8221195,1.5307736,1.0,0.99409723,5.1264086,0.8221195,1.5307739
3472,1,0,0.0002250652,-8.398895,0.6984809041023254,0.99997747,10.702569,0.0002250652,-8.398895
3473,0,0,0.021511257,-3.8174329,0.7153959274291992,0.021511257,-3.8174329,0.740851,1.0503963
3474,0,0,8.709721e-06,-11.651062,0.7620658874511719,8.709721e-06,-11.651062,0.054535188,-2.8528304
3475,1,0,0.00030765563,-8.086222,0.5788167119026184,0.99995613,10.035009,0.00030765563,-8.086222
3476,1,0,0.0003253471,-8.0302925,0.7585108876228333,0.9999573,10.061992,0.0003253471,-8.0302925
3477,0,0,0.00012388267,-8.996052,0.6082949638366699,0.00012388267,-8.996052,0.031613592,-3.422044
3478,1,0,0.00029979605,-8.112108,0.7467206120491028,0.9999821,10.933498,0.00029979605,-8.112108
3479,0,1,0.99984884,8.797038,0.8199461698532104,0.9999019,9.228878,0.99984884,8.797365
3480,1,0,0.00016378719,-8.716779,0.6515701413154602,0.99972993,8.216754,0.00016378719,-8.716779
3481,0,1,0.93044424,2.5935335,1.0,0.99998367,11.0204525,0.93044424,2.593533
3482,1,0,0.033959333,-3.3480422,1.0,0.033959333,-3.3480422,0.9488915,2.921343
3483,0,0,5.1241863e-05,-9.878902,0.6981788277626038,5.1241863e-05,-9.878902,0.031942736,-3.4113464
3484,0,1,0.8695976,1.8974056,0.7405259013175964,0.89211214,2.1124995,0.8695976,1.8974056
3485,1,0,0.00026998267,-8.216883,0.6371902823448181,0.9999573,10.061442,0.00026998267,-8.216883
3486,1,0,0.00013096872,-8.940421,1.0,0.00013096872,-8.940421,0.98304313,4.05998
3487,0,1,0.8444878,1.692006,1.0,0.99998236,10.948189,0.8444878,1.6920059
3488,0,0,1.6519445e-05,-11.010956,0.7099854946136475,1.6519445e-05,-11.010956,0.31478626,-0.77783704
3489,1,0,0.00012555235,-8.982662,0.597732663154602,0.99979717,8.502842,0.00012555235,-8.982662
3490,0,1,0.8595998,1.8119702,1.0,0.9995142,7.6292076,0.8595998,1.8119707
3491,1,0,0.00036489172,-7.915545,0.9059894680976868,0.9989924,6.899168,0.00036489172,-7.915545
3492,1,0,0.00041394343,-7.789367,0.8705426454544067,0.999866,8.917699,0.00041394343,-7.789367
3493,0,0,9.68957e-06,-11.544451,0.8574138283729553,9.68957e-06,-11.544451,0.026441464,-3.6060245
3494,0,1,0.99983966,8.738075,0.5320881605148315,0.9999757,10.62606,0.99983966,8.738089
3495,0,0,0.09420441,-2.2633467,0.6717823147773743,0.101568826,-2.1799135,0.09420441,-2.2633467
3496,0,1,0.83758575,1.6403735,0.6631210446357727,0.9371209,2.7015982,0.83758575,1.6403732
3497,0,1,0.8000008,1.3862993,1.0,0.9898224,4.577331,0.8000008,1.3862993
3498,0,1,0.60791516,0.43855712,1.0,0.9478285,2.899636,0.60791516,0.4385572
3499,0,1,0.9997751,8.399682,0.6681042909622192,0.9998789,9.01898,0.9997751,8.3997345
3500,0,0,2.9350585e-05,-10.436169,0.5212879776954651,2.9350585e-05,-10.436169,0.15928935,-1.6635252
3501,1,0,0.00023182938,-8.369277,0.6356596946716309,0.99998844,11.364274,0.00023182938,-8.369277
3502,1,0,0.0001699662,-8.679741,0.6093432307243347,0.99998605,11.179813,0.0001699662,-8.679741
3503,0,0,2.1822592e-05,-10.732543,0.7315679788589478,2.1822592e-05,-10.732543,0.05841142,-2.780057
3504,0,1,0.916294,2.3930264,1.0,0.9995968,7.8154783,0.916294,2.3930259
3505,1,0,0.00020836649,-8.476004,0.6248876452445984,0.9999753,10.608443,0.00020836649,-8.476004
3506,0,1,0.9997999,8.516529,0.7015843391418457,0.9999529,9.963685,0.9997999,8.516537
3507,0,1,0.58085084,0.32626718,1.0,0.99997365,10.546104,0.58085084,0.32626712
3508,1,0,0.00020613689,-8.486764,0.6735537052154541,0.9999881,11.335848,0.00020613689,-8.486764
3509,0,0,7.3959425e-05,-9.51192,0.565319836139679,7.3959425e-05,-9.51192,0.025257614,-3.6530457
3510,1,0,0.0002563831,-8.268581,0.8193206787109375,0.9999677,10.338923,0.0002563831,-8.268581
3511,0,1,0.99146724,4.755273,0.7298031449317932,0.9944323,5.1851892,0.99146724,4.7552776
3512,1,0,0.00021720288,-8.434462,0.6299759745597839,0.9999827,10.9634,0.00021720288,-8.434462
3513,1,0,0.00022341871,-8.4062395,0.5116255283355713,0.99998283,10.970655,0.00022341871,-8.4062395
3514,1,0,0.00022286661,-8.408714,0.6482292413711548,0.9982346,6.3376694,0.00022286661,-8.408714
3515,1,0,0.00021723041,-8.434335,0.7593239545822144,0.60693085,0.43442935,0.00021723041,-8.434335
3516,0,1,0.9998852,9.072217,0.8036834597587585,0.9998852,9.071938,0.99988985,9.114134
3517,0,0,0.000105483974,-9.156846,0.6066648960113525,0.000105483974,-9.156846,0.06482069,-2.6691134
3518,0,1,0.99966204,7.99225,0.7085204124450684,0.99980956,8.565902,0.99966204,7.9923296
3519,0,1,0.98115206,3.9523237,1.0,0.99939656,7.4121933,0.98115206,3.952328
3520,0,0,5.96246e-05,-9.727383,0.8654951453208923,5.96246e-05,-9.727383,0.43839547,-0.24767654
3521,1,0,0.009999957,-4.5951242,1.0,0.009999957,-4.5951242,0.9892077,4.518076
3522,0,1,0.73346245,1.0122613,0.6780005693435669,0.73346245,1.0122614,0.8859895,2.0504148
3523,0,0,1.5904765e-05,-11.048876,0.6344943046569824,1.5904765e-05,-11.048876,0.047516547,-2.9979947
3524,1,0,0.000214033,-8.449166,0.6713170409202576,0.9999664,10.301788,0.000214033,-8.449166
3525,0,0,9.164549e-06,-11.600159,0.6365033388137817,9.164549e-06,-11.600159,0.07969121,-2.44655
3526,1,0,0.0001907675,-8.564264,0.5788509249687195,0.9999747,10.587196,0.0001907675,-8.564264
3527,1,0,0.00019657567,-8.534266,0.6053732633590698,0.9632545,3.2663026,0.00019657567,-8.534266
3528,0,1,0.99966717,8.007539,0.6191366314888,0.99994254,9.764965,0.99966717,8.007689
3529,0,1,0.99586415,5.4839187,0.7408322691917419,0.9961928,5.567044,0.99586415,5.483926
3530,1,0,0.0002582471,-8.261335,0.7958515882492065,0.9804859,3.9169097,0.0002582471,-8.261335
3531,1,0,0.00026032142,-8.253333,0.6557387709617615,0.9999833,11.001825,0.00026032142,-8.253333
3532,1,0,0.00026083743,-8.251352,0.7131683230400085,0.99998033,10.83928,0.00026083743,-8.251352
3533,0,1,0.99972326,8.19214,0.6035233736038208,0.9998752,8.988489,0.99972326,8.192173
3534,1,0,0.00023732326,-8.34585,0.7261658310890198,0.42447796,-0.3044176,0.00023732326,-8.34585
3535,0,0,0.00021252937,-8.456218,0.7918065786361694,0.00021252937,-8.456218,0.7822936,1.2790828
3536,1,0,0.00019975769,-8.518206,0.6678378582000732,0.99994624,9.830939,0.00019975769,-8.518206
3537,0,0,0.0019063578,-6.2606525,0.6461338996887207,0.0019063578,-6.2606525,0.010632042,-4.533194
3538,1,0,0.0002170211,-8.435299,0.6074295043945312,0.9999871,11.259346,0.0002170211,-8.435299
3539,0,0,1.4386935e-05,-11.149176,0.8496965765953064,1.4386935e-05,-11.149176,0.77218616,1.2206969
3540,0,1,0.7430145,1.061696,1.0,0.75379753,1.1189697,0.7430145,1.061696
3541,1,0,0.00024414388,-8.317509,0.5761734843254089,0.9985241,6.517042,0.00024414388,-8.317509
3542,0,0,0.001956691,-6.234542,0.5988384485244751,0.001956691,-6.234542,0.282107,-0.93403417
3543,0,0,1.5083207e-05,-11.101913,0.6979919075965881,1.5083207e-05,-11.101913,0.03055211,-3.457293
3544,1,0,1.7743252e-05,-10.939487,1.0,1.7743252e-05,-10.939487,0.9679463,3.4077644
3545,1,0,0.00016633447,-8.701344,0.5594984292984009,0.99997556,10.621205,0.00016633447,-8.701344
3546,0,0,9.732022e-06,-11.540079,0.7025156617164612,9.732022e-06,-11.540079,0.007370276,-4.9029026
3547,0,0,4.1929972e-05,-10.079468,0.8112611770629883,4.1929972e-05,-10.079468,0.040535428,-3.164199
3548,0,0,0.0014462947,-6.537303,0.6735851764678955,0.0014462947,-6.537303,0.08697789,-2.3511062
3549,1,0,0.26034486,-1.0441768,1.0,0.26034486,-1.0441769,0.9752778,3.6750212
3550,1,0,0.00026667689,-8.229206,0.7012104392051697,0.9999883,11.357675,0.00026667689,-8.229206
3551,1,0,0.00017388586,-8.656938,0.6867329478263855,0.99990034,9.213996,0.00017388586,-8.656938
3552,1,0,0.00018526494,-8.593538,0.6190334558486938,0.9999908,11.594294,0.00018526494,-8.593538
3553,1,0,0.014074799,-4.2491946,1.0,0.014074799,-4.2491946,0.9759419,3.702931
3554,0,0,6.0507423e-06,-12.015324,0.8808622360229492,6.0507423e-06,-12.015324,0.007801377,-4.845623
3555,0,0,0.01569438,-4.1386337,0.6528924107551575,0.01569438,-4.1386337,0.8329363,1.6065817
3556,1,0,0.0003446478,-7.972643,0.8167533278465271,0.9998628,8.893726,0.0003446478,-7.972643
3557,1,0,0.00018671756,-8.585727,0.6471863389015198,0.99999046,11.561806,0.00018671756,-8.585727
3558,1,0,0.09176173,-2.2923114,1.0,0.99998367,11.020846,0.09176173,-2.2923114
3559,1,0,0.00012854088,-8.959135,0.5707094669342041,0.97374946,3.6134686,0.00012854088,-8.959135
3560,1,1,0.5701248,0.2823604,1.0,0.5701248,0.28236032,0.72096205,0.9492386
3561,1,0,0.00024657068,-8.307615,0.779056966304779,0.99998605,11.178027,0.00024657068,-8.307615
3562,1,0,0.00023008777,-8.37682,0.7119260430335999,0.9955695,5.414794,0.00023008777,-8.37682
3563,1,0,0.44073844,-0.23816569,1.0,0.9999839,11.034037,0.44073844,-0.23816569
3564,0,1,0.9782799,3.807557,0.7489722371101379,0.9782799,3.8075562,0.9921983,4.845578
3565,1,0,0.00024700197,-8.305867,0.7394364476203918,0.99994016,9.7240095,0.00024700197,-8.305867
3566,0,0,0.02827906,-3.536947,0.725638210773468,0.02827906,-3.536947,0.2835672,-0.9268353
3567,0,0,6.018686e-06,-12.020636,0.4916285276412964,6.018686e-06,-12.020636,0.7562444,1.1321987
3568,0,0,0.00040804,-7.803737,0.5427671670913696,0.00040804,-7.803737,0.7313171,1.0013155
3569,0,1,0.80849344,1.4402505,0.6716665625572205,0.80849344,1.4402504,0.91377443,2.3606167
3570,0,0,2.9812663e-05,-10.4205475,0.7424606084823608,2.9812663e-05,-10.4205475,0.04797221,-2.9879723
3571,1,0,0.00023923822,-8.337811,0.6794933676719666,0.99957055,7.752471,0.00023923822,-8.337811
3572,1,0,0.00046783526,-7.6669264,0.7144230604171753,0.99999356,11.958868,0.00046783526,-7.6669264
3573,0,1,0.9997526,8.30418,0.8576036095619202,0.99983025,8.680891,0.9997526,8.304401
3574,0,0,1.0022942e-05,-11.510624,0.6800501346588135,1.0022942e-05,-11.510624,0.064144306,-2.680326
3575,1,0,0.00037877006,-7.8782024,0.6987180709838867,0.99998736,11.276968,0.00037877006,-7.8782024
3576,0,0,3.1094263e-05,-10.378456,0.5620866417884827,3.1094263e-05,-10.378456,0.46600136,-0.13620481
3577,0,0,0.025618983,-3.6384687,0.5877522230148315,0.025618983,-3.6384687,0.174464,-1.5543145
3578,0,0,0.01676035,-4.071837,0.7289710640907288,0.01676035,-4.071837,0.6740249,0.726446
3579,1,0,0.00022700267,-8.390322,0.6746014952659607,0.9999776,10.704217,0.00022700267,-8.390322
3580,0,1,0.99985385,8.830727,0.757477343082428,0.9999248,9.495345,0.99985385,8.831268
3581,0,1,0.9997298,8.216123,0.6135061383247375,0.99977916,8.417818,0.9997298,8.216088
3582,1,0,0.00018142034,-8.614512,0.7688586115837097,0.855046,1.7747383,0.00018142034,-8.614512
3583,0,0,0.023849215,-3.711866,0.6371463537216187,0.023849215,-3.7118657,0.38311166,-0.47636163
3584,1,0,1.2399334e-05,-11.297855,1.0,1.2399334e-05,-11.297855,0.93910766,2.7358227
3585,1,0,0.0002344168,-8.358175,0.6975491642951965,0.99998367,11.024588,0.0002344168,-8.358175
3586,0,0,1.744788e-05,-10.956275,0.6644397974014282,1.744788e-05,-10.956275,0.008411295,-4.769733
3587,0,0,1.6174356e-05,-11.032067,0.6732495427131653,1.6174356e-05,-11.032067,0.06439403,-2.6761734
3588,0,0,0.000100292615,-9.207318,0.8344421982765198,0.000100292615,-9.207318,0.032354258,-3.3981204
3589,1,0,0.0004544682,-7.695928,0.8399879932403564,0.9763383,3.7199526,0.0004544682,-7.695928
3590,1,0,0.000386994,-7.8567142,0.6130062937736511,0.99997485,10.589063,0.000386994,-7.8567142
3591,0,0,3.224131e-05,-10.34223,0.7292209267616272,3.224131e-05,-10.34223,0.46383992,-0.14489326
3592,1,0,0.00016118638,-8.732788,0.6287937760353088,0.9999664,10.301301,0.00016118638,-8.732788
3593,0,0,6.773778e-06,-11.902445,0.8368475437164307,6.773778e-06,-11.902445,0.011704763,-4.4359856
3594,1,0,0.00023824647,-8.341967,0.6525880098342896,0.999974,10.556019,0.00023824647,-8.341967
3595,0,0,1.7395958e-05,-10.959255,0.5966386795043945,1.7395958e-05,-10.959255,0.20052816,-1.3829966
3596,0,1,0.99954623,7.697466,0.7478232979774475,0.99998295,10.978659,0.99954623,7.6975083
3597,0,0,0.05171098,-2.9089892,0.6907458305358887,0.05171098,-2.9089892,0.49757364,-0.009705566
3598,0,0,1.1119996e-05,-11.4067545,0.7017741799354553,1.1119996e-05,-11.4067545,0.27508911,-0.9689536
3599,1,0,0.0002346165,-8.357324,0.6869730949401855,0.99998367,11.020015,0.0002346165,-8.357324
3600,0,0,3.565591e-05,-10.24156,0.5574065446853638,3.565591e-05,-10.24156,0.24596667,-1.1202404
3601,1,0,0.0002319364,-8.368815,0.7168218493461609,0.9973181,5.918552,0.0002319364,-8.368815
3602,1,0,0.0002622918,-8.2457905,0.6683571934700012,0.99997044,10.427203,0.0002622918,-8.2457905
3603,0,0,0.34185502,-0.65503854,0.5816512107849121,0.34185502,-0.6550385,0.7555799,1.1285968
3604,0,0,1.799793e-05,-10.925236,0.5295016169548035,1.799793e-05,-10.925236,0.06808089,-2.6165495
3605,1,0,0.00024296675,-8.322343,0.6683017611503601,0.6635985,0.67937165,0.00024296675,-8.322343
3606,1,0,0.00030705758,-8.088168,1.0,0.00030705758,-8.088168,0.9890842,4.506571
3607,1,0,0.00021334109,-8.452405,0.7006378173828125,0.99999,11.516902,0.00021334109,-8.452405
3608,0,1,0.5341965,0.13699982,0.7708749175071716,0.56896454,0.27762765,0.5341965,0.13699973
3609,0,0,0.019198824,-3.9335208,0.7639207243919373,0.019198824,-3.9335208,0.66650796,0.6924332
3610,1,0,0.00018726081,-8.582821,0.7876689434051514,0.9999851,11.11351,0.00018726081,-8.582821
3611,1,0,0.00027364338,-8.203411,0.7332934141159058,0.99948114,7.563394,0.00027364338,-8.203411
3612,1,0,0.0002595133,-8.256443,0.8044115900993347,0.9999014,9.224709,0.0002595133,-8.256443
3613,0,0,0.000371429,-7.8977814,0.4946571886539459,0.000371429,-7.8977814,0.012953012,-4.3333893
3614,1,0,0.00032147637,-8.042265,0.711884617805481,0.9999808,10.859018,0.00032147637,-8.042265
3615,1,1,0.87067246,1.9069177,1.0,0.87067246,1.906918,0.9782923,3.8081408
3616,0,0,9.965954e-06,-11.516326,0.8505569100379944,9.965954e-06,-11.516326,0.19031468,-1.4479668
3617,1,0,0.00012613254,-8.978051,0.5671771764755249,0.9973604,5.93447,0.00012613254,-8.978051
3618,0,0,1.7168322e-05,-10.972427,0.6129249930381775,1.7168322e-05,-10.972427,0.018618265,-3.9648185
3619,1,0,0.00029788772,-8.118496,0.6693295240402222,0.9999763,10.6511755,0.00029788772,-8.118496
3620,0,0,6.5543672e-06,-11.935372,0.7773611545562744,6.5543672e-06,-11.935372,0.015521292,-4.1498995
3621,1,0,6.165554e-05,-9.693886,1.0,6.165554e-05,-9.693886,0.6505381,0.6214051
3622,1,0,0.0002647311,-8.236531,0.8052865266799927,0.9999621,10.179049,0.0002647311,-8.236531
3623,1,0,0.0002703585,-8.215491,0.7567042708396912,0.9995957,7.812889,0.0002703585,-8.215491
3624,0,0,0.0013803153,-6.584062,0.7807765007019043,0.0013803153,-6.584062,0.008686976,-4.7372055
3625,0,0,9.7809725e-06,-11.535062,0.7073304057121277,9.7809725e-06,-11.535062,0.0110773,-4.4917183
3626,1,0,0.0001761593,-8.643946,0.6380026340484619,0.99997044,10.427839,0.0001761593,-8.643946
3627,1,0,0.00020963787,-8.469919,0.7755782008171082,0.9999131,9.350332,0.00020963787,-8.469919
3628,1,0,0.001436144,-6.5443563,1.0,0.001436144,-6.5443563,0.9690549,3.444107
3629,1,0,0.29508263,-0.8708252,1.0,0.99994886,9.88014,0.29508263,-0.8708251
3630,1,0,0.00035100634,-7.9543552,0.8878093957901001,0.99995327,9.97118,0.00035100634,-7.9543552
3631,1,0,0.00020284456,-8.502868,0.7450075745582581,0.9999914,11.663549,0.00020284456,-8.502868
3632,0,1,0.99983895,8.7336235,0.6751468777656555,0.9999242,9.486948,0.99983895,8.733838
3633,0,1,0.99986625,8.919383,0.7532579302787781,0.9999702,10.422777,0.99986625,8.919511
3634,0,0,0.0063784188,-5.048436,0.6212083101272583,0.0063784188,-5.048436,0.024411889,-3.6879702
3635,1,0,0.00035554473,-7.941504,0.6268574595451355,0.9999925,11.792151,0.00035554473,-7.941504
3636,1,0,0.3772548,-0.50121653,1.0,0.9999876,11.295577,0.3772548,-0.50121653
3637,0,0,1.4383011e-05,-11.149448,0.7546462416648865,1.4383011e-05,-11.149448,0.017161982,-4.0477476
3638,1,0,0.0001584329,-8.750021,0.6648610830307007,0.99996126,10.159346,0.0001584329,-8.750021
3639,0,1,0.9990495,6.9575553,0.7704313397407532,0.9990495,6.9576206,0.9996586,7.982192
3640,0,0,0.00019697868,-8.532218,0.5720325708389282,0.00019697868,-8.532218,0.4246883,-0.30355662
3641,1,0,0.00044861934,-7.708887,0.6597074866294861,0.99995565,10.023285,0.00044861934,-7.708887
3642,1,0,2.8214537e-05,-10.475645,1.0,2.8214537e-05,-10.475645,0.9446739,2.8375962
3643,1,0,0.00018265148,-8.607748,0.6408445835113525,0.9999925,11.804792,0.00018265148,-8.607748
3644,1,0,0.00017802483,-8.6334095,0.7511328458786011,0.9999833,11.001652,0.00017802483,-8.6334095
3645,1,0,0.0001804203,-8.620041,0.7078226208686829,0.9999881,11.340202,0.0001804203,-8.620041
3646,1,0,0.00018394059,-8.600714,0.6396276950836182,0.9999807,10.853746,0.00018394059,-8.600714
3647,1,0,0.000234772,-8.356661,0.7647418975830078,0.9989079,6.818635,0.000234772,-8.356661
3648,0,1,0.66560113,0.6883561,1.0,0.99997795,10.724244,0.66560113,0.68835616
3649,1,0,0.00017804043,-8.633322,0.6862022280693054,0.99997807,10.7273245,0.00017804043,-8.633322
3650,0,0,1.1897318e-05,-11.339186,0.8498267531394958,1.1897318e-05,-11.339186,0.066598944,-2.6401463
3651,1,0,0.00027369062,-8.2032385,0.6951543092727661,0.9983089,6.3806734,0.00027369062,-8.2032385
3652,1,0,0.29680136,-0.86257637,1.0,0.99997675,10.6699505,0.29680136,-0.8625763
3653,1,0,0.3307858,-0.70463306,1.0,0.3307858,-0.70463306,0.90220827,2.222005
3654,0,0,2.6506008e-05,-10.538113,0.6649619340896606,2.6506008e-05,-10.538113,0.183047,-1.4958386
3655,0,0,2.8430719e-05,-10.468012,0.8428241014480591,2.8430719e-05,-10.468012,0.13211238,-1.8824092
3656,1,0,0.00029585048,-8.1253605,0.8535277247428894,0.9999361,9.658853,0.00029585048,-8.1253605
3657,0,0,3.6906054e-05,-10.207098,0.8409736156463623,3.6906054e-05,-10.207098,0.014387298,-4.2269177
3658,0,0,0.012296419,-4.3860745,0.6484974026679993,0.012296419,-4.3860745,0.016891649,-4.0639
3659,1,0,0.000118333155,-9.041888,1.0,0.000118333155,-9.041888,0.9112059,2.328449
3660,1,0,0.00033028936,-8.015211,0.7602914571762085,0.9999827,10.964135,0.00033028936,-8.015211
3661,1,0,0.0003332956,-8.006147,0.8152510523796082,0.9999596,10.117113,0.0003332956,-8.006147
3662,1,0,0.00023264624,-8.365759,0.8377474546432495,0.99998355,11.014128,0.00023264624,-8.365759
3663,0,0,0.031038871,-3.440984,0.6563120484352112,0.031038871,-3.4409842,0.43266726,-0.27097696
3664,1,0,0.005685653,-5.1641073,1.0,0.005685653,-5.1641073,0.62988776,0.53173524
3665,1,0,0.0003337166,-8.004885,0.7044048309326172,0.99966276,7.9943614,0.0003337166,-8.004885
3666,1,0,0.00015919916,-8.745195,0.6429139375686646,0.99998033,10.835411,0.00015919916,-8.745195
3667,1,0,0.28703156,-0.909845,1.0,0.9998191,8.617012,0.28703156,-0.909845
3668,1,0,0.00018079934,-8.617942,0.6159738302230835,0.99988306,9.054205,0.00018079934,-8.617942
3669,0,0,2.120708e-05,-10.761154,0.5827677845954895,2.120708e-05,-10.761154,0.9277778,2.5530455
3670,0,1,0.910272,2.3169606,1.0,0.9997749,8.398802,0.910272,2.3169603
3671,0,0,1.3698798e-05,-11.198189,0.5849190354347229,1.3698798e-05,-11.198189,0.0514635,-2.9140475
3672,1,0,0.00023667293,-8.348595,0.6785967946052551,0.9998399,8.739615,0.00023667293,-8.348595
3673,1,1,0.7328597,1.0091802,1.0,0.7328597,1.0091801,0.98843145,4.447831
3674,1,0,0.000246534,-8.307764,0.7705619931221008,0.99998903,11.416492,0.000246534,-8.307764
3675,1,0,0.0002458835,-8.310407,0.6369681358337402,0.99947673,7.5549345,0.0002458835,-8.310407
3676,0,0,2.0958996e-05,-10.772922,0.740330696105957,2.0958996e-05,-10.772922,0.030994205,-3.4424703
3677,1,0,0.00013020253,-8.946289,0.587769091129303,0.999984,11.045401,0.00013020253,-8.946289
3678,1,0,0.0001956428,-8.539024,0.6237878203392029,0.9999914,11.671255,0.0001956428,-8.539024
3679,0,0,0.00011473669,-9.072756,0.6610762476921082,0.00011473669,-9.072756,0.11354325,-2.0550485
3680,1,0,0.00026463871,-8.23688,0.721126139163971,0.9999906,11.577026,0.00026463871,-8.23688
3681,0,0,1.9510993e-05,-10.844513,0.6512258648872375,1.9510993e-05,-10.844513,0.006021926,-5.106308
3682,0,0,6.516635e-05,-9.638502,0.5277354121208191,6.516635e-05,-9.638502,0.57050776,0.28392303
3683,1,0,0.2900051,-0.89535934,1.0,0.9999554,10.016958,0.2900051,-0.8953593
3684,0,0,0.0044763475,-5.4044614,0.7369365096092224,0.0044763475,-5.4044614,0.06450123,-2.6743956
3685,0,0,1.3246249e-05,-11.231783,0.8930299282073975,1.3246249e-05,-11.231783,0.007771375,-4.8495064
3686,0,1,0.71340185,0.9119638,1.0,0.99640524,5.624655,0.71340185,0.911964
3687,1,0,0.0001922992,-8.556266,0.5879412293434143,0.9999751,10.600649,0.0001922992,-8.556266
3688,1,0,0.00020567374,-8.489014,0.7844085693359375,0.99381024,5.0786514,0.00020567374,-8.489014
3689,1,0,0.00024009332,-8.334243,1.0,0.00024009332,-8.334243,0.9859899,4.253871
3690,0,1,0.79688007,1.3669076,0.7838507890701294,0.79688007,1.3669074,0.8528824,1.757389
3691,1,0,0.00025958705,-8.256159,0.5412341356277466,0.99963653,7.9195046,0.00025958705,-8.256159
3692,0,1,0.9863685,4.281645,0.5577314496040344,0.9863685,4.281644,0.99553645,5.4073343
3693,0,1,0.92742854,2.547844,0.6371111869812012,0.92742854,2.5478444,0.9815647,3.9748793
3694,0,0,0.0001405794,-8.869597,0.6631245017051697,0.0001405794,-8.869597,0.47524428,-0.099103995
3695,0,1,0.99358094,5.042043,0.75624018907547,0.99358094,5.042038,0.9970022,5.8068647
3696,0,1,0.938167,2.7194903,1.0,0.99953306,7.6687074,0.938167,2.7194905
3697,0,0,6.225285e-06,-11.986885,0.7878178358078003,6.225285e-06,-11.986885,0.88783425,2.068808
3698,1,0,0.00029381062,-8.132281,0.7524374723434448,0.9999857,11.151012,0.00029381062,-8.132281
3699,1,0,0.00016193814,-8.728134,0.5308477878570557,0.9999858,11.160559,0.00016193814,-8.728134
3700,0,0,1.2430639e-05,-11.295334,0.8116970062255859,1.2430639e-05,-11.295334,0.7131613,0.91078746
3701,1,0,2.655256e-05,-10.536358,1.0,2.655256e-05,-10.536358,0.50978434,0.039142326
3702,0,0,0.00015500498,-8.771898,0.7270568013191223,0.00015500498,-8.771898,0.67293906,0.72150815
3703,1,0,0.00018782249,-8.579825,0.6041277050971985,0.9999465,9.8345375,0.00018782249,-8.579825
3704,0,0,0.00011792393,-9.045353,0.8158531188964844,0.00011792393,-9.045353,0.045019817,-3.0545878
3705,1,0,0.00020817625,-8.476917,0.7509872317314148,0.99998844,11.36697,0.00020817625,-8.476917
3706,1,0,0.00030206807,-8.104556,0.8034988045692444,0.999987,11.251172,0.00030206807,-8.104556
3707,1,0,0.0001612211,-8.732573,0.578253984451294,0.99997985,10.811326,0.0001612211,-8.732573
3708,1,0,0.00015916424,-8.745415,0.608383297920227,0.99987876,9.017569,0.00015916424,-8.745415
3709,0,0,1.372948e-05,-11.195951,0.7059786319732666,1.372948e-05,-11.195951,0.007483474,-4.8875465
3710,0,0,1.2406431e-05,-11.297283,0.620132327079773,1.2406431e-05,-11.297283,0.14547966,-1.7705039
3711,0,1,0.99986136,8.883489,0.6781690716743469,0.9999608,10.145171,0.99986136,8.883303
3712,0,0,6.375703e-06,-11.96301,0.8679344654083252,6.375703e-06,-11.96301,0.03276644,-3.3850353
3713,0,0,0.00010689704,-9.1435375,0.7010325789451599,0.00010689704,-9.1435375,0.014130402,-4.2451954
3714,1,0,2.4064093e-05,-10.634766,1.0,2.4064093e-05,-10.634766,0.92751807,2.5491748
3715,1,0,0.44922242,-0.20381293,1.0,0.999961,10.152147,0.44922242,-0.20381282
3716,1,0,0.00023057706,-8.374695,0.7757077217102051,0.9990381,6.9455986,0.00023057706,-8.374695
3717,1,0,0.00031440466,-8.064515,0.8075500726699829,0.9999877,11.311739,0.00031440466,-8.064515
3718,0,0,7.4545635e-05,-9.5040245,0.7217791080474854,7.4545635e-05,-9.5040245,0.021677155,-3.8095808
3719,0,0,2.2704462e-05,-10.692926,0.7780067920684814,2.2704462e-05,-10.692926,0.024471207,-3.6854825
3720,1,0,0.00015752457,-8.755772,0.6286863088607788,0.893121,2.1230252,0.00015752457,-8.755772
3721,1,0,0.00027187009,-8.209914,0.7000399827957153,0.99998677,11.236263,0.00027187009,-8.209914
3722,1,0,8.468545e-05,-9.376482,1.0,8.468545e-05,-9.376482,0.9759538,3.7034392
3723,1,0,0.00021850377,-8.428489,0.6291824579238892,0.99997973,10.808418,0.00021850377,-8.428489
3724,1,0,0.00016723969,-8.695915,0.6153698563575745,0.9999875,11.285053,0.00016723969,-8.695915
3725,1,0,0.0056012305,-5.179152,1.0,0.0056012305,-5.179152,0.8694898,1.8964554
3726,1,0,0.00025996772,-8.254693,0.8102169036865234,0.9998449,8.771313,0.00025996772,-8.254693
3727,1,0,0.39443934,-0.42868936,1.0,0.99999,11.506606,0.39443934,-0.4286893
3728,0,0,0.00021309814,-8.453545,0.5079700946807861,0.00021309814,-8.453545,0.027983826,-3.5477457
3729,0,0,1.7221535e-05,-10.969333,0.6856788992881775,1.7221535e-05,-10.969333,0.31856176,-0.7603892
3730,1,0,0.00020258228,-8.504162,0.7280437350273132,0.99998355,11.016008,0.00020258228,-8.504162
3731,1,0,0.00027604788,-8.19466,0.7129319310188293,0.99914,7.0577173,0.00027604788,-8.19466
3732,1,0,0.00031941087,-8.048713,0.7084435820579529,0.9999907,11.580389,0.00031941087,-8.048713
3733,1,0,0.00032093556,-8.043949,0.8568805456161499,0.9742201,3.632041,0.00032093556,-8.043949
3734,0,0,2.2734966e-05,-10.691584,0.7548791766166687,2.2734966e-05,-10.691584,0.5122234,0.048903413
3735,1,0,0.25198138,-1.0880727,1.0,0.9999862,11.192356,0.25198138,-1.0880728
3736,0,1,0.99905914,6.967776,0.523163378238678,0.99925417,7.2003446,0.99905914,6.967715
3737,1,0,0.000206739,-8.483847,0.6103659272193909,0.999877,9.003209,0.000206739,-8.483847
3738,0,0,2.2538567e-05,-10.70026,0.6515988111495972,2.2538567e-05,-10.70026,0.76328886,1.1707962
3739,0,1,0.69944733,0.84466755,0.6013053059577942,0.9288422,2.5690384,0.69944733,0.8446674
3740,1,0,0.0002133954,-8.45215,0.6388256549835205,0.9997085,8.14035,0.0002133954,-8.45215
3741,0,0,5.264786e-06,-12.154465,0.782323956489563,5.264786e-06,-12.154465,0.36501798,-0.55365
3742,1,0,0.00030301095,-8.1014385,0.7447205185890198,0.9998498,8.8033495,0.00030301095,-8.1014385
3743,0,0,0.2077804,-1.3383567,0.699489176273346,0.49942964,-0.0022812486,0.2077804,-1.3383569
3744,0,1,0.80428886,1.4133188,0.6077376008033752,0.80428886,1.4133188,0.9696838,3.4652882
3745,0,1,0.96806777,3.4116862,0.7095149159431458,0.98109376,3.9491773,0.96806777,3.411684
3746,0,1,0.82864225,1.576035,1.0,0.99989235,9.136576,0.82864225,1.5760349
3747,0,0,8.590069e-06,-11.664895,0.6353573799133301,8.590069e-06,-11.664895,0.034585238,-3.329131
3748,0,0,1.8029472e-05,-10.923485,0.7204570770263672,1.8029472e-05,-10.923485,0.035561655,-3.300278
3749,0,0,6.2225954e-05,-9.684676,0.6976001858711243,6.2225954e-05,-9.684676,0.92066723,2.4514472
3750,1,0,0.34968206,-0.62043697,1.0,0.9999821,10.931801,0.34968206,-0.6204371
3751,1,0,0.00089056994,-7.022758,1.0,0.00089056994,-7.022758,0.97452986,3.6444483
3752,0,0,6.443913e-05,-9.649725,0.788409411907196,6.443913e-05,-9.649725,0.016719764,-4.0743027
3753,1,0,0.12397795,-1.9552876,1.0,0.12397795,-1.9552875,0.96740043,3.3903127
3754,1,0,0.0001290006,-8.9555645,0.570795476436615,0.9999863,11.195593,0.0001290006,-8.9555645
3755,0,0,7.212984e-06,-11.839621,0.9337456822395325,7.212984e-06,-11.839621,0.06084132,-2.7367153
3756,0,0,2.378792e-05,-10.646309,0.7248094081878662,2.378792e-05,-10.646309,0.34500864,-0.6410526
3757,1,0,0.0003175009,-8.054712,0.4956483244895935,0.9999876,11.301824,0.0003175009,-8.054712
3758,1,0,0.00021054612,-8.465595,0.5484035015106201,0.9996107,7.8506765,0.00021054612,-8.465595
3759,0,1,0.5994181,0.40304112,1.0,0.9994838,7.5685787,0.5994181,0.40304095
3760,1,0,1.5840887e-05,-11.0529,1.0,1.5840887e-05,-11.0529,0.98722714,4.347575
3761,0,1,0.83269024,1.6048148,0.8049680590629578,0.9452744,2.8491435,0.83269024,1.6048145
3762,0,0,0.0011728834,-6.7471166,0.6370071768760681,0.0011728834,-6.7471166,0.044726506,-3.0614314
3763,1,0,0.00019361853,-8.549427,0.8597100377082825,0.99998784,11.320091,0.00019361853,-8.549427
3764,1,0,4.926745e-06,-12.220827,1.0,4.926745e-06,-12.220827,0.9787805,3.8313873
3765,1,1,0.5960136,0.38888225,1.0,0.5960136,0.3888824,0.9025042,2.2253642
3766,1,0,0.00018021539,-8.621178,0.6256313323974609,0.9998216,8.63094,0.00018021539,-8.621178
3767,1,0,0.09434064,-2.2617512,1.0,0.9999801,10.82489,0.09434064,-2.2617512
3768,0,0,0.0010117457,-6.895066,0.5618776082992554,0.0010117457,-6.895066,0.016529534,-4.085939
3769,0,1,0.9998938,9.149935,0.6726697683334351,0.9999367,9.667974,0.9998938,9.149612
3770,0,0,0.15096465,-1.7270552,0.686680793762207,0.18449044,-1.4862155,0.15096465,-1.7270551
3771,1,0,0.00040925643,-7.8007593,0.8489188551902771,0.99998057,10.845598,0.00040925643,-7.8007593
3772,0,0,5.247458e-05,-9.855129,0.4763694107532501,5.247458e-05,-9.855129,0.58885026,0.3592145
3773,0,1,0.9996031,7.831411,0.7892394661903381,0.99990666,9.279345,0.9996031,7.8312807
3774,1,0,0.00034843214,-7.9617186,0.6724812984466553,0.9999429,9.770313,0.00034843214,-7.9617186
3775,1,0,0.000275728,-8.19582,0.7059230804443359,0.9998423,8.754808,0.000275728,-8.19582
3776,0,0,2.7159103e-05,-10.513771,0.6072383522987366,2.7159103e-05,-10.513771,0.010650943,-4.531399
3777,1,0,0.29272643,-0.8821791,1.0,0.9991812,7.1069336,0.29272643,-0.8821791
3778,1,0,0.00027178795,-8.2102165,0.6996282339096069,0.99992406,9.485153,0.00027178795,-8.2102165
3779,0,0,3.2309606e-05,-10.340114,0.46058738231658936,3.2309606e-05,-10.340114,0.018216161,-3.987062
3780,0,0,3.219547e-05,-10.343653,0.9037670493125916,3.219547e-05,-10.343653,0.08673741,-2.3541381
3781,0,0,0.004005173,-5.5161552,0.8174713253974915,0.004005173,-5.5161552,0.013672799,-4.2785797
3782,1,0,0.0001131189,-9.086958,0.4787119925022125,0.99960726,7.841963,0.0001131189,-9.086958
3783,1,1,0.91669726,2.3982959,1.0,0.91669726,2.3982964,0.9861507,4.2655764
3784,0,0,7.067688e-06,-11.85997,0.687610924243927,7.067688e-06,-11.85997,0.017941829,-4.002516
3785,1,0,0.31295502,-0.7863403,1.0,0.31295502,-0.7863403,0.95833117,3.13544
3786,0,0,3.0633877e-05,-10.3933735,0.7491592168807983,3.0633877e-05,-10.3933735,0.0074708518,-4.8892474
3787,0,1,0.9996655,8.002536,0.6210762858390808,0.9999188,9.419369,0.9996655,8.002497
3788,1,0,0.00020334398,-8.500408,0.5944530367851257,0.9937913,5.0755634,0.00020334398,-8.500408
3789,0,1,0.999686,8.065812,0.6922849416732788,0.99998283,10.975473,0.999686,8.065748
3790,0,0,0.13327734,-1.8722868,0.5712802410125732,0.13327734,-1.8722867,0.8211678,1.5242801
3791,0,1,0.99770015,6.072611,0.7615728378295898,0.99770015,6.0725994,0.9985586,6.540645
3792,1,0,0.00020539528,-8.490369,0.6213907599449158,0.9967032,5.7115135,0.00020539528,-8.490369
3793,1,0,0.002243345,-6.0975413,1.0,0.002243345,-6.0975413,0.9857737,4.2383385
3794,1,0,0.041543968,-3.1385715,1.0,0.041543968,-3.1385713,0.9490925,2.925496
3795,0,0,0.0037114047,-5.5926266,0.6233276128768921,0.0037114047,-5.5926266,0.06586861,-2.6519551
3796,1,0,0.00016918556,-8.684345,0.6900352239608765,0.99996746,10.333546,0.00016918556,-8.684345
3797,0,0,4.314872e-05,-10.050815,0.5934770703315735,4.314872e-05,-10.050815,0.84875244,1.7248491
3798,0,1,0.9994048,7.4259977,0.6153083443641663,0.9995003,7.6008625,0.9994048,7.426013
3799,0,1,0.9562216,3.0838487,1.0,0.99910116,7.013442,0.9562216,3.0838504
3800,1,0,0.42726463,-0.2930202,1.0,0.9999794,10.786726,0.42726463,-0.29302013
3801,1,0,0.05319324,-2.8791637,1.0,0.05319324,-2.8791637,0.89139885,2.1051097
3802,0,0,0.00014137832,-8.86393,0.6804342269897461,0.00014137832,-8.86393,0.21160662,-1.3152682
3803,1,0,0.00015487526,-8.772736,0.7671591639518738,0.9999778,10.716734,0.00015487526,-8.772736
3804,0,0,4.1006156e-06,-12.404369,0.6268677115440369,4.1006156e-06,-12.404369,0.08612115,-2.361943
3805,1,0,0.00030461067,-8.096171,0.7827889323234558,0.99998665,11.226082,0.00030461067,-8.096171
3806,0,0,4.7057183e-06,-12.266727,0.7096534967422485,4.7057183e-06,-12.266727,0.019681953,-3.908175
3807,1,0,0.0005182928,-7.5644517,0.9260585904121399,0.999987,11.252802,0.0005182928,-7.5644517
3808,1,0,0.00021371711,-8.450644,0.6364867687225342,0.99998164,10.904087,0.00021371711,-8.450644
3809,1,0,0.0004176855,-7.780364,0.7496896982192993,0.9998988,9.19853,0.0004176855,-7.780364
3810,0,0,0.000103832324,-9.172629,0.660666286945343,0.000103832324,-9.172629,0.006335901,-5.055167
3811,1,0,0.0002262408,-8.393684,0.33223336935043335,0.9999213,9.449768,0.0002262408,-8.393684
3812,1,0,0.00020136443,-8.510193,0.7472784519195557,0.9999633,10.21209,0.00020136443,-8.510193
3813,1,0,0.0002503323,-8.292471,0.7087042927742004,0.99993205,9.596547,0.0002503323,-8.292471
3814,1,0,0.00021451288,-8.446926,0.6206704378128052,0.97281736,3.577617,0.00021451288,-8.446926
3815,1,0,0.00028166402,-8.174514,1.0,0.00028166402,-8.174514,0.9405391,2.7611346
3816,0,0,6.5105664e-06,-11.942078,0.7994855046272278,6.5105664e-06,-11.942078,0.38392395,-0.47292593
3817,0,0,1.8377088e-05,-10.904387,0.7819367051124573,1.8377088e-05,-10.904387,0.096438944,-2.2374337
3818,1,0,0.0001476908,-8.820242,0.6146642565727234,0.99868685,6.634026,0.0001476908,-8.820242
3819,1,0,0.00027062386,-8.21451,0.7212200164794922,0.99996185,10.174507,0.00027062386,-8.21451
3820,1,0,0.45533293,-0.17914581,1.0,0.45533293,-0.17914586,0.47151515,-0.1140629
3821,1,0,0.00020556239,-8.489555,0.7367700338363647,0.99998415,11.052429,0.00020556239,-8.489555
3822,0,0,0.00046851672,-7.66547,0.7840598821640015,0.00046851672,-7.66547,0.20864843,-1.3330917
3823,0,0,0.00014441594,-8.842669,0.502662718296051,0.00014441594,-8.842669,0.19713663,-1.4042876
3824,1,0,0.06335316,-2.6935816,1.0,0.9999846,11.081594,0.06335316,-2.6935816
3825,1,0,2.1087832e-05,-10.766793,1.0,2.1087832e-05,-10.766793,0.91512346,2.3778613
3826,1,0,0.00018777432,-8.580082,0.803170919418335,0.9999058,9.269963,0.00018777432,-8.580082
3827,0,1,0.7301947,0.9956106,1.0,0.99994254,9.765242,0.7301947,0.9956104
3828,0,0,9.486468e-06,-11.565635,0.8554529547691345,9.486468e-06,-11.565635,0.32174972,-0.7457423
3829,0,1,0.8363063,1.6309978,1.0,0.99996984,10.409006,0.8363063,1.6309979
3830,1,0,0.00019294623,-8.552906,0.7456426620483398,0.9999875,11.28958,0.00019294623,-8.552906
3831,0,0,0.0003067106,-8.089299,0.8856111764907837,0.0003067106,-8.089299,0.35997906,-0.5754549
3832,0,0,0.027758794,-3.5560513,0.6712227463722229,0.027758794,-3.5560513,0.13935037,-1.8206961
3833,1,0,0.00046505258,-7.672895,1.0,0.00046505258,-7.672895,0.61707944,0.47717017
3834,1,0,0.00015605526,-8.765144,0.6512112021446228,0.99993694,9.67159,0.00015605526,-8.765144
3835,0,1,0.98934865,4.53136,1.0,0.99997544,10.612368,0.98934865,4.5313625
3836,1,0,0.00036069044,-7.9271297,0.7862234115600586,0.99998236,10.942789,0.00036069044,-7.9271297
3837,0,1,0.9998098,8.567252,0.6579312086105347,0.99989843,9.194919,0.9998098,8.567117
3838,1,0,0.0002845798,-8.164212,0.7245346307754517,0.9999814,10.891643,0.0002845798,-8.164212
3839,0,0,1.1207125e-05,-11.39895,0.7227968573570251,1.1207125e-05,-11.39895,0.021790043,-3.8042712
3840,1,0,0.00026035096,-8.25322,0.6614084839820862,0.9999012,9.222551,0.00026035096,-8.25322
3841,0,0,1.2255604e-05,-11.309515,0.6770308017730713,1.2255604e-05,-11.309515,0.080350466,-2.4375947
3842,0,1,0.94862777,2.9159186,1.0,0.99915934,7.0805206,0.94862777,2.9159193
3843,1,0,0.00029647758,-8.123242,0.7642025947570801,0.9996704,8.017108,0.00029647758,-8.123242
3844,1,0,0.00024091628,-8.33082,0.6441555619239807,0.99998176,10.911366,0.00024091628,-8.33082
3845,1,0,0.24571043,-1.1216226,1.0,0.24571043,-1.1216226,0.95554674,3.0678446
3846,1,0,0.00025306418,-8.281614,0.6593795418739319,0.99994135,9.744183,0.00025306418,-8.281614
3847,1,0,9.553027e-05,-9.255972,1.0,9.553027e-05,-9.255972,0.9455866,2.855196
3848,1,0,0.0003293275,-8.018128,0.8215488791465759,0.75885284,1.1464002,0.0003293275,-8.018128
3849,0,0,4.5102884e-06,-12.309145,0.8642954230308533,4.5102884e-06,-12.309145,0.25235167,-1.0861092
3850,1,0,0.00016116716,-8.732907,1.0,0.00016116716,-8.732907,0.5220959,0.08844122
3851,0,0,3.841674e-05,-10.166979,0.6315180659294128,3.841674e-05,-10.166979,0.7691863,1.2037221
3852,1,0,0.00036380414,-7.918531,0.871782124042511,0.99993,9.566904,0.00036380414,-7.918531
3853,1,0,0.00024512608,-8.313493,0.7397821545600891,0.99997556,10.617562,0.00024512608,-8.313493
3854,1,0,0.00021967922,-8.423122,0.7044022083282471,0.99999166,11.688549,0.00021967922,-8.423122
3855,0,0,2.2397044e-05,-10.706559,0.6786210536956787,2.2397044e-05,-10.706559,0.517211,0.06887133
3856,1,0,0.00021196213,-8.458891,0.6344099640846252,0.999879,9.019979,0.00021196213,-8.458891
3857,1,0,0.00049747305,-7.6054716,1.0,0.00049747305,-7.6054716,0.8413923,1.6686244
3858,1,0,0.14870602,-1.7447863,1.0,0.14870602,-1.7447861,0.9546612,3.0471926
3859,1,0,0.00017651186,-8.641946,0.6117311716079712,0.9999895,11.467277,0.00017651186,-8.641946
3860,1,0,0.00017277803,-8.66333,0.6756921410560608,0.99997866,10.753464,0.00017277803,-8.66333
3861,0,0,0.00029867887,-8.115843,0.8766313195228577,0.00029867887,-8.115843,0.020283155,-3.8774729
3862,1,0,0.0001799125,-8.62286,0.6694772243499756,0.99997795,10.721893,0.0001799125,-8.62286
3863,0,0,1.5012775e-05,-11.106594,0.6108098030090332,1.5012775e-05,-11.106594,0.08800433,-2.3382492
3864,1,0,0.00017024387,-8.678108,0.5056077241897583,0.9999515,9.932566,0.00017024387,-8.678108
3865,0,1,0.99982566,8.654308,0.8726471066474915,0.99995935,10.109234,0.99982566,8.654192
3866,1,0,0.00018060723,-8.619005,0.5958551168441772,0.99997663,10.662069,0.00018060723,-8.619005
3867,1,0,1.2621624e-05,-11.2800865,1.0,1.2621624e-05,-11.2800865,0.85722077,1.7923956
3868,1,0,0.00031104672,-8.075256,0.8133379220962524,0.9999435,9.782185,0.00031104672,-8.075256
3869,0,0,2.8964037e-05,-10.449427,0.6322631239891052,2.8964037e-05,-10.449427,0.042924855,-3.104431
3870,0,0,1.3497087e-05,-11.213023,0.49430185556411743,1.3497087e-05,-11.213023,0.026579864,-3.6006618
3871,1,0,0.00032475707,-8.032108,0.8810113072395325,0.9996649,8.000753,0.00032475707,-8.032108
3872,0,0,1.0480922e-05,-11.465943,0.7031512260437012,1.0480922e-05,-11.465943,0.01703511,-4.055297
3873,1,0,0.0001168762,-9.054278,0.4953082203865051,0.9999801,10.826105,0.0001168762,-9.054278
3874,0,0,2.0840627e-05,-10.778585,0.7789378762245178,2.0840627e-05,-10.778585,0.05801981,-2.7871997
3875,0,1,0.8675622,1.879574,0.7161649465560913,0.8675622,1.8795744,0.9780101,3.794936
3876,0,0,0.028860359,-3.5160015,0.7113939523696899,0.14937681,-1.7394972,0.028860359,-3.5160012
3877,1,1,0.88436025,2.0343847,0.6472182869911194,0.88436025,2.0343843,0.8957908,2.151307
3878,1,0,0.00020412373,-8.49658,0.7579348087310791,0.99997747,10.699758,0.00020412373,-8.49658
3879,0,0,0.0013077846,-6.638112,0.7828793525695801,0.0013077846,-6.638112,0.008339996,-4.7783175
3880,1,0,0.0001991852,-8.521076,0.6873649954795837,0.99992454,9.49206,0.0001991852,-8.521076
3881,1,1,0.7915543,1.3343197,1.0,0.7915543,1.3343198,0.8765347,1.9600158
3882,0,1,0.8070973,1.4312584,0.48007097840309143,0.8070973,1.4312587,0.97831935,3.8094175
3883,0,0,1.1010505e-05,-11.41665,0.7523747086524963,1.1010505e-05,-11.41665,0.43459103,-0.26314387
3884,1,0,0.00017221239,-8.66661,0.5248335599899292,0.9999827,10.967373,0.00017221239,-8.66661
3885,0,0,1.7509235e-05,-10.9527645,0.7756838798522949,1.7509235e-05,-10.9527645,0.6317555,0.539755
3886,0,0,8.552395e-06,-11.669291,0.5994300246238708,8.552395e-06,-11.669291,0.21156427,-1.315522
3887,0,0,1.2344401e-05,-11.302296,0.7120833396911621,1.2344401e-05,-11.302296,0.48736,-0.050570898
3888,0,0,6.5022327e-06,-11.943358,0.7442794442176819,6.5022327e-06,-11.943358,0.015810851,-4.1311216
3889,1,0,0.00016143569,-8.731242,0.5829086303710938,0.9999293,9.557438,0.00016143569,-8.731242
3890,0,1,0.8785385,1.9786623,1.0,0.9869243,4.323842,0.8785385,1.9786626
3891,1,0,0.00043753753,-7.7339106,0.7156955003738403,0.9999895,11.466203,0.00043753753,-7.7339106
3892,1,0,0.42677554,-0.29501906,1.0,0.99992824,9.541363,0.42677554,-0.2950191
3893,0,1,0.5861428,0.3480424,1.0,0.98910636,4.508627,0.5861428,0.34804228
3894,0,1,0.9240671,2.4989343,1.0,0.99998546,11.141856,0.9240671,2.4989338
3895,0,1,0.87332827,1.9307126,1.0,0.87332827,1.9307122,0.97109634,3.5144577
3896,1,0,7.410549e-05,-9.509947,1.0,7.410549e-05,-9.509947,0.9480814,2.9047632
3897,0,0,1.2340127e-05,-11.302642,0.6771843433380127,1.2340127e-05,-11.302642,0.0048078336,-5.3326893
3898,1,0,0.00020814528,-8.477066,0.6953482031822205,0.99997187,10.480337,0.00020814528,-8.477066
3899,0,1,0.9721019,3.550903,0.5542457103729248,0.9721019,3.5509021,0.98256934,4.0319405
3900,0,0,9.112025e-06,-11.6059065,0.6958865523338318,9.112025e-06,-11.6059065,0.3923577,-0.43741235
3901,1,0,0.00021933578,-8.424687,0.589591383934021,0.9998035,8.534429,0.00021933578,-8.424687
3902,0,1,0.9529937,3.0093265,0.5880916118621826,0.9529937,3.0093272,0.97288436,3.580155
3903,0,0,9.295623e-06,-11.585958,0.7621904611587524,9.295623e-06,-11.585958,0.19890173,-1.3931727
3904,1,0,0.17156842,-1.5745522,1.0,0.17156842,-1.574552,0.3339511,-0.69036865
3905,0,0,1.3254917e-05,-11.231129,0.7008102536201477,1.3254917e-05,-11.231129,0.304532,-0.8258089
3906,1,0,0.000181671,-8.6131315,0.5581355690956116,0.9999809,10.865,0.000181671,-8.6131315
3907,0,0,4.978121e-06,-12.210453,0.697165846824646,4.978121e-06,-12.210453,0.014358812,-4.2289286
3908,1,0,0.00014273163,-8.854402,0.5746734142303467,0.99994636,9.832109,0.00014273163,-8.854402
3909,0,0,0.43725228,-0.25232106,0.7590508460998535,0.43725228,-0.2523212,0.78061694,1.2692654
3910,1,0,0.004021254,-5.512132,1.0,0.004021254,-5.512132,0.9814154,3.9666626
3911,0,1,0.99974114,8.258953,0.43833595514297485,0.9999752,10.604073,0.99974114,8.259205
3912,1,1,0.500917,0.003668129,1.0,0.75240624,1.1114872,0.500917,0.0036681443
3913,1,0,0.00021185099,-8.459415,0.6942334175109863,0.9999813,10.888017,0.00021185099,-8.459415
3914,0,0,0.0013874763,-6.5788803,0.7420418858528137,0.0013874763,-6.5788803,0.045123663,-3.052175
3915,0,0,3.647151e-05,-10.218943,0.8026820421218872,3.647151e-05,-10.218943,0.94141674,2.7769365
3916,0,1,0.9142883,2.3671565,1.0,0.9999856,11.147664,0.9142883,2.3671563
3917,1,0,6.4459746e-06,-11.952048,1.0,6.4459746e-06,-11.952048,0.8545499,1.7707422
3918,0,1,0.99954623,7.697466,0.8131025433540344,0.99954623,7.697619,0.9996855,8.064272
3919,1,0,0.00020264777,-8.503839,0.6757088303565979,0.9999831,10.987395,0.00020264777,-8.503839
3920,0,1,0.61903673,0.48546165,1.0,0.9993333,7.312564,0.61903673,0.48546177
3921,1,0,0.4914551,-0.034182973,1.0,0.9999887,11.38395,0.4914551,-0.034182936
3922,0,1,0.9999043,9.253935,0.5579615831375122,0.9999292,9.554807,0.9999043,9.254204
3923,0,1,0.99969983,8.110865,0.6196150779724121,0.999951,9.923834,0.99969983,8.110696
3924,1,0,0.00023593532,-8.351717,0.7674914598464966,0.9825859,4.0329056,0.00023593532,-8.351717
3925,1,0,0.3060244,-0.81877196,1.0,0.9923265,4.86227,0.3060244,-0.81877196
3926,0,0,7.3553933e-06,-11.820069,0.6105233430862427,7.3553933e-06,-11.820069,0.017339423,-4.037281
3927,1,0,0.00020429488,-8.495742,0.8693877458572388,0.99995637,10.040202,0.00020429488,-8.495742
3928,0,1,0.57894367,0.31843856,1.0,0.99356717,5.0398903,0.57894367,0.3184386
3929,1,0,0.00034686681,-7.966223,0.7823938131332397,0.9996737,8.0273485,0.00034686681,-7.966223
3930,0,1,0.90859056,2.2965457,1.0,0.9998215,8.630445,0.90859056,2.2965467
3931,0,0,1.0125316e-05,-11.500462,0.6557028293609619,1.0125316e-05,-11.500462,0.045516122,-3.0431042
3932,0,0,8.6884675e-06,-11.653505,0.6672486662864685,8.6884675e-06,-11.653505,0.023093974,-3.7448187
3933,0,0,0.0010926531,-6.8180532,0.5130953788757324,0.0010926531,-6.8180532,0.012072015,-4.40472
3934,1,0,0.00019494804,-8.5425825,0.6675905585289001,0.9999274,9.530586,0.00019494804,-8.5425825
3935,0,0,1.5245814e-05,-11.09119,0.7830128073692322,1.5245814e-05,-11.09119,0.02691921,-3.587627
3936,1,0,0.304995,-0.82362366,1.0,0.304995,-0.82362366,0.9249326,2.5113344
3937,0,0,9.573972e-06,-11.556453,0.883569598197937,9.573972e-06,-11.556453,0.21930033,-1.2697483
3938,0,0,0.014116313,-4.246207,0.5284236073493958,0.014116313,-4.246207,0.08129274,-2.4249108
3939,1,0,0.00024356935,-8.319865,0.6144775748252869,0.99999213,11.750668,0.00024356935,-8.319865
3940,1,0,0.0001394575,-8.877611,0.7177640795707703,0.9999664,10.29976,0.0001394575,-8.877611
3941,0,0,3.4917834e-05,-10.262478,0.5165590047836304,3.4917834e-05,-10.262478,0.2589241,-1.051568
3942,1,0,0.00011391407,-9.079952,0.589065670967102,0.99997807,10.726102,0.00011391407,-9.079952
3943,1,0,0.00028461643,-8.1640835,0.811333954334259,0.99995935,10.111834,0.00028461643,-8.1640835
3944,0,1,0.99927086,7.2229104,0.7111061215400696,0.99927086,7.22285,0.99927694,7.2313356
3945,0,0,0.10565929,-2.135867,0.6964424252510071,0.10565929,-2.135867,0.25335926,-1.0807756
3946,0,0,0.00015828961,-8.750926,0.6844771504402161,0.00015828961,-8.750926,0.0069140582,-4.9672604
3947,1,0,0.0002110518,-8.463196,0.5419068336486816,0.9999292,9.555703,0.0002110518,-8.463196
3948,1,0,0.3877774,-0.4566645,1.0,0.99993026,9.571512,0.3877774,-0.45666444
3949,0,0,2.228636e-05,-10.7115135,0.7186660766601562,2.228636e-05,-10.7115135,0.24261282,-1.1384077
3950,1,0,0.0002548759,-8.274479,1.0,0.0002548759,-8.274479,0.4922803,-0.030881368
3951,0,1,0.5296585,0.118773416,1.0,0.99816185,6.2971373,0.5296585,0.11877349
3952,0,0,6.564946e-06,-11.93376,0.7925055027008057,6.564946e-06,-11.93376,0.47031036,-0.11889827
3953,0,0,7.32642e-05,-9.521365,0.7226081490516663,7.32642e-05,-9.521365,0.0039784005,-5.522889
3954,0,0,4.3681644e-05,-10.038539,0.6584783792495728,4.3681644e-05,-10.038539,0.092708714,-2.281001
3955,1,0,0.47932252,-0.08275704,1.0,0.9999652,10.266569,0.47932252,-0.08275707
3956,0,0,0.0048154374,-5.3311014,0.6611371636390686,0.0048154374,-5.3311014,0.034673102,-3.3265026
3957,0,0,1.5715246e-05,-11.0608635,0.8260630965232849,1.5715246e-05,-11.0608635,0.028810792,-3.5177712
3958,0,1,0.9993112,7.2798834,0.6568379402160645,0.9993112,7.2797985,0.9993617,7.356049
3959,1,0,0.00014892081,-8.811947,0.6431589722633362,0.9999689,10.378877,0.00014892081,-8.811947
3960,1,0,0.00023379653,-8.360826,0.6601308584213257,0.99798286,6.204096,0.00023379653,-8.360826
3961,1,0,0.0002450896,-8.313642,0.8081016540527344,0.99995637,10.04007,0.0002450896,-8.313642
3962,1,0,0.00023002084,-8.3771105,0.7589931488037109,0.99999154,11.679026,0.00023002084,-8.3771105
3963,1,0,0.00021762906,-8.432501,0.7200456261634827,0.99997413,10.563572,0.00021762906,-8.432501
3964,1,0,0.0003737705,-7.8914948,0.45598897337913513,0.9279992,2.556354,0.0003737705,-7.8914948
3965,1,0,0.00011946772,-9.032345,0.5543145537376404,0.9999498,9.899574,0.00011946772,-9.032345
3966,0,0,3.1589392e-05,-10.362658,0.621749758720398,3.1589392e-05,-10.362658,0.017264323,-4.041698
3967,1,0,0.0001925478,-8.554974,0.6996172070503235,0.99979,8.467986,0.0001925478,-8.554974
3968,1,0,0.43126962,-0.27667296,1.0,0.43126962,-0.2766731,0.9783005,3.8085282
3969,0,0,0.10409883,-2.1524894,0.7178427577018738,0.10409883,-2.1524894,0.286573,-0.9120869
3970,1,0,0.00021668573,-8.436846,0.6115137934684753,0.9999833,11.0008335,0.00021668573,-8.436846
3971,0,0,6.086253e-06,-12.009472,0.6225273609161377,6.086253e-06,-12.009472,0.17103176,-1.5783327
3972,1,0,0.00018753385,-8.581364,0.6759612560272217,0.5793409,0.32006818,0.00018753385,-8.581364
3973,0,0,1.6837466e-05,-10.991887,0.7918518781661987,1.6837466e-05,-10.991887,0.87583023,1.953522
3974,0,0,0.011450635,-4.4581933,0.6833292245864868,0.011450635,-4.4581933,0.013753155,-4.2726383
3975,1,0,0.00020238382,-8.505142,0.6681723594665527,0.9999913,11.646011,0.00020238382,-8.505142
3976,0,0,0.014637311,-4.209436,0.6826367974281311,0.014637311,-4.209436,0.9613473,3.2137208
3977,0,0,8.032083e-06,-11.732059,0.7355950474739075,8.032083e-06,-11.732059,0.011270829,-4.4742026
3978,1,0,0.36395633,-0.5582334,1.0,0.99997985,10.814344,0.36395633,-0.55823344
3979,0,0,0.00036229083,-7.922701,0.6889315843582153,0.00036229083,-7.922701,0.526477,0.106007084
3980,1,0,0.4991801,-0.003279634,0.7544217705726624,0.4991801,-0.0032797307,0.9066949,2.273931
3981,0,1,0.9998104,8.570392,0.8142593502998352,0.99989545,9.165761,0.9998104,8.57046
3982,0,0,1.3335035e-05,-11.225102,0.6216344833374023,1.3335035e-05,-11.225102,0.021856869,-3.8011408
3983,1,0,0.00020872122,-8.474302,0.674525260925293,0.9999325,9.603971,0.00020872122,-8.474302
3984,0,0,3.1712665e-05,-10.358763,0.7253748774528503,3.1712665e-05,-10.358763,0.022237986,-3.7834644
3985,0,0,0.022222273,-3.7841873,0.7233244180679321,0.022222273,-3.7841873,0.4955114,-0.017954826
3986,1,0,0.00021847463,-8.428622,0.8278535604476929,0.999987,11.254559,0.00021847463,-8.428622
3987,0,1,0.99985194,8.817759,0.7221489548683167,0.99987864,9.0167265,0.99985194,8.818113
3988,0,1,0.99983144,8.688039,0.5510677695274353,0.99983597,8.715485,0.99983144,8.688152
3989,1,0,0.00031566856,-8.060502,0.9180868864059448,0.9999342,9.628468,0.00031566856,-8.060502
3990,1,0,0.00025589613,-8.270483,0.7996311783790588,0.25105417,-1.092998,0.00025589613,-8.270483
3991,1,0,0.00013087796,-8.941114,0.4805956780910492,0.9997898,8.466842,0.00013087796,-8.941114
3992,0,0,1.595184e-05,-11.04592,0.6052889823913574,1.595184e-05,-11.04592,0.012884405,-4.3387694
3993,0,0,1.291779e-05,-11.256892,0.7495942115783691,1.291779e-05,-11.256892,0.068962485,-2.602737
3994,1,0,0.36864498,-0.53803426,1.0,0.99277425,4.92285,0.36864498,-0.5380342
3995,0,1,0.98600405,4.254893,0.8119238018989563,0.98600405,4.254897,0.9893574,4.5321856
3996,0,1,0.99981314,8.584961,0.7157115936279297,0.99998736,11.277675,0.99981314,8.584811
3997,0,0,4.507261e-05,-10.007191,0.8785170912742615,4.507261e-05,-10.007191,0.2261972,-1.22991
3998,1,0,0.00019361834,-8.549428,0.664568305015564,0.9986594,6.6133204,0.00019361834,-8.549428
3999,1,0,0.00026697275,-8.228097,0.6882704496383667,0.99997306,10.520307,0.00026697275,-8.228097
4000,0,0,0.00047372427,-7.6544113,0.7659648060798645,0.00047372427,-7.6544113,0.032497708,-3.3935483
4001,0,0,1.6106445e-05,-11.036275,0.7222930192947388,1.6106445e-05,-11.036275,0.048648626,-2.97326
